[2026-01-02T17:24:47.865+0000] {manager.py:470} INFO - Processing files using up to 2 processes at a time 
[2026-01-02T17:24:47.867+0000] {manager.py:471} INFO - Process each file at most once every 30 seconds
[2026-01-02T17:24:47.868+0000] {manager.py:472} INFO - Checking for new files in /opt/airflow/dags every 300 seconds
[2026-01-02T17:24:47.870+0000] {manager.py:737} INFO - Searching for files in /opt/airflow/dags
[2026-01-02T17:24:47.990+0000] {manager.py:740} INFO - There are 1 files in /opt/airflow/dags
[2026-01-02T17:24:48.198+0000] {manager.py:878} INFO - 
================================================================================
DAG File Processing Stats

File Path                                PID  Runtime      # DAGs    # Errors  Last Runtime    Last Run
-------------------------------------  -----  ---------  --------  ----------  --------------  ----------
/opt/airflow/dags/pakakumi_scraper.py    164  0.08s             0           0
================================================================================
[2026-01-02T17:25:18.350+0000] {manager.py:878} INFO - 
================================================================================
DAG File Processing Stats

File Path                              PID    Runtime      # DAGs    # Errors  Last Runtime    Last Run
-------------------------------------  -----  ---------  --------  ----------  --------------  -------------------
/opt/airflow/dags/pakakumi_scraper.py                           1           0  0.83s           2026-01-02T17:24:48
================================================================================
[2026-01-02T17:25:48.575+0000] {manager.py:878} INFO - 
================================================================================
DAG File Processing Stats

File Path                              PID    Runtime      # DAGs    # Errors  Last Runtime    Last Run
-------------------------------------  -----  ---------  --------  ----------  --------------  -------------------
/opt/airflow/dags/pakakumi_scraper.py                           1           0  0.35s           2026-01-02T17:25:19
================================================================================
[2026-01-02T17:26:18.874+0000] {manager.py:878} INFO - 
================================================================================
DAG File Processing Stats

File Path                              PID    Runtime      # DAGs    # Errors  Last Runtime    Last Run
-------------------------------------  -----  ---------  --------  ----------  --------------  -------------------
/opt/airflow/dags/pakakumi_scraper.py                           1           0  0.21s           2026-01-02T17:25:49
================================================================================
[2026-01-02T17:26:49.211+0000] {manager.py:878} INFO - 
================================================================================
DAG File Processing Stats

File Path                              PID    Runtime      # DAGs    # Errors  Last Runtime    Last Run
-------------------------------------  -----  ---------  --------  ----------  --------------  -------------------
/opt/airflow/dags/pakakumi_scraper.py                           1           0  0.21s           2026-01-02T17:26:20
================================================================================
[2026-01-02T17:27:19.511+0000] {manager.py:878} INFO - 
================================================================================
DAG File Processing Stats

File Path                              PID    Runtime      # DAGs    # Errors  Last Runtime    Last Run
-------------------------------------  -----  ---------  --------  ----------  --------------  -------------------
/opt/airflow/dags/pakakumi_scraper.py                           1           0  0.20s           2026-01-02T17:26:50
================================================================================
[2026-01-02T17:27:49.900+0000] {manager.py:878} INFO - 
================================================================================
DAG File Processing Stats

File Path                              PID    Runtime      # DAGs    # Errors  Last Runtime    Last Run
-------------------------------------  -----  ---------  --------  ----------  --------------  -------------------
/opt/airflow/dags/pakakumi_scraper.py                           1           0  0.19s           2026-01-02T17:27:20
================================================================================
[2026-01-02T17:28:20.164+0000] {manager.py:878} INFO - 
================================================================================
DAG File Processing Stats

File Path                              PID    Runtime      # DAGs    # Errors  Last Runtime    Last Run
-------------------------------------  -----  ---------  --------  ----------  --------------  -------------------
/opt/airflow/dags/pakakumi_scraper.py                           1           0  0.22s           2026-01-02T17:27:51
================================================================================
[2026-01-02T17:28:50.396+0000] {manager.py:878} INFO - 
================================================================================
DAG File Processing Stats

File Path                              PID    Runtime      # DAGs    # Errors  Last Runtime    Last Run
-------------------------------------  -----  ---------  --------  ----------  --------------  -------------------
/opt/airflow/dags/pakakumi_scraper.py                           1           0  0.19s           2026-01-02T17:28:21
================================================================================
[2026-01-02T17:29:20.791+0000] {manager.py:878} INFO - 
================================================================================
DAG File Processing Stats

File Path                              PID    Runtime      # DAGs    # Errors  Last Runtime    Last Run
-------------------------------------  -----  ---------  --------  ----------  --------------  -------------------
/opt/airflow/dags/pakakumi_scraper.py                           1           0  0.21s           2026-01-02T17:28:51
================================================================================
[2026-01-02T17:29:48.020+0000] {manager.py:737} INFO - Searching for files in /opt/airflow/dags
[2026-01-02T17:29:48.045+0000] {manager.py:740} INFO - There are 1 files in /opt/airflow/dags
[2026-01-02T17:29:51.080+0000] {manager.py:878} INFO - 
================================================================================
DAG File Processing Stats

File Path                              PID    Runtime      # DAGs    # Errors  Last Runtime    Last Run
-------------------------------------  -----  ---------  --------  ----------  --------------  -------------------
/opt/airflow/dags/pakakumi_scraper.py                           1           0  0.19s           2026-01-02T17:29:21
================================================================================
[2026-01-02T17:30:21.333+0000] {manager.py:878} INFO - 
================================================================================
DAG File Processing Stats

File Path                              PID    Runtime      # DAGs    # Errors  Last Runtime    Last Run
-------------------------------------  -----  ---------  --------  ----------  --------------  -------------------
/opt/airflow/dags/pakakumi_scraper.py                           1           0  0.21s           2026-01-02T17:29:52
================================================================================
[2026-01-02T17:30:51.749+0000] {manager.py:878} INFO - 
================================================================================
DAG File Processing Stats

File Path                              PID    Runtime      # DAGs    # Errors  Last Runtime    Last Run
-------------------------------------  -----  ---------  --------  ----------  --------------  -------------------
/opt/airflow/dags/pakakumi_scraper.py                           1           0  0.21s           2026-01-02T17:30:22
================================================================================
[2026-01-02T17:31:21.981+0000] {manager.py:878} INFO - 
================================================================================
DAG File Processing Stats

File Path                              PID    Runtime      # DAGs    # Errors  Last Runtime    Last Run
-------------------------------------  -----  ---------  --------  ----------  --------------  -------------------
/opt/airflow/dags/pakakumi_scraper.py                           1           0  0.19s           2026-01-02T17:30:52
================================================================================
[2026-01-02T17:31:52.368+0000] {manager.py:878} INFO - 
================================================================================
DAG File Processing Stats

File Path                              PID    Runtime      # DAGs    # Errors  Last Runtime    Last Run
-------------------------------------  -----  ---------  --------  ----------  --------------  -------------------
/opt/airflow/dags/pakakumi_scraper.py                           1           0  0.20s           2026-01-02T17:31:23
================================================================================
[2026-01-02T17:32:22.644+0000] {manager.py:878} INFO - 
================================================================================
DAG File Processing Stats

File Path                              PID    Runtime      # DAGs    # Errors  Last Runtime    Last Run
-------------------------------------  -----  ---------  --------  ----------  --------------  -------------------
/opt/airflow/dags/pakakumi_scraper.py                           1           0  0.19s           2026-01-02T17:31:53
================================================================================
[2026-01-02T17:32:53.003+0000] {manager.py:878} INFO - 
================================================================================
DAG File Processing Stats

File Path                              PID    Runtime      # DAGs    # Errors  Last Runtime    Last Run
-------------------------------------  -----  ---------  --------  ----------  --------------  -------------------
/opt/airflow/dags/pakakumi_scraper.py                           1           0  0.17s           2026-01-02T17:32:23
================================================================================
[2026-01-02T17:33:23.217+0000] {manager.py:878} INFO - 
================================================================================
DAG File Processing Stats

File Path                              PID    Runtime      # DAGs    # Errors  Last Runtime    Last Run
-------------------------------------  -----  ---------  --------  ----------  --------------  -------------------
/opt/airflow/dags/pakakumi_scraper.py                           1           0  0.20s           2026-01-02T17:32:54
================================================================================
[2026-01-02T17:33:53.637+0000] {manager.py:878} INFO - 
================================================================================
DAG File Processing Stats

File Path                              PID    Runtime      # DAGs    # Errors  Last Runtime    Last Run
-------------------------------------  -----  ---------  --------  ----------  --------------  -------------------
/opt/airflow/dags/pakakumi_scraper.py                           1           0  0.21s           2026-01-02T17:33:24
================================================================================
[2026-01-02T17:34:23.917+0000] {manager.py:878} INFO - 
================================================================================
DAG File Processing Stats

File Path                              PID    Runtime      # DAGs    # Errors  Last Runtime    Last Run
-------------------------------------  -----  ---------  --------  ----------  --------------  -------------------
/opt/airflow/dags/pakakumi_scraper.py                           1           0  0.19s           2026-01-02T17:33:54
================================================================================
[2026-01-02T17:34:48.248+0000] {manager.py:737} INFO - Searching for files in /opt/airflow/dags
[2026-01-02T17:34:48.285+0000] {manager.py:740} INFO - There are 1 files in /opt/airflow/dags
[2026-01-02T17:34:54.359+0000] {manager.py:878} INFO - 
================================================================================
DAG File Processing Stats

File Path                              PID    Runtime      # DAGs    # Errors  Last Runtime    Last Run
-------------------------------------  -----  ---------  --------  ----------  --------------  -------------------
/opt/airflow/dags/pakakumi_scraper.py                           1           0  0.21s           2026-01-02T17:34:25
================================================================================
[2026-01-02T17:35:24.664+0000] {manager.py:878} INFO - 
================================================================================
DAG File Processing Stats

File Path                              PID    Runtime      # DAGs    # Errors  Last Runtime    Last Run
-------------------------------------  -----  ---------  --------  ----------  --------------  -------------------
/opt/airflow/dags/pakakumi_scraper.py                           1           0  0.20s           2026-01-02T17:34:55
================================================================================
[2026-01-02T17:35:55.004+0000] {manager.py:878} INFO - 
================================================================================
DAG File Processing Stats

File Path                              PID    Runtime      # DAGs    # Errors  Last Runtime    Last Run
-------------------------------------  -----  ---------  --------  ----------  --------------  -------------------
/opt/airflow/dags/pakakumi_scraper.py                           1           0  0.20s           2026-01-02T17:35:25
================================================================================
[2026-01-02T17:36:25.311+0000] {manager.py:878} INFO - 
================================================================================
DAG File Processing Stats

File Path                              PID    Runtime      # DAGs    # Errors  Last Runtime    Last Run
-------------------------------------  -----  ---------  --------  ----------  --------------  -------------------
/opt/airflow/dags/pakakumi_scraper.py                           1           0  0.23s           2026-01-02T17:35:56
================================================================================
[2026-01-02T17:36:55.716+0000] {manager.py:878} INFO - 
================================================================================
DAG File Processing Stats

File Path                              PID    Runtime      # DAGs    # Errors  Last Runtime    Last Run
-------------------------------------  -----  ---------  --------  ----------  --------------  -------------------
/opt/airflow/dags/pakakumi_scraper.py                           1           0  0.24s           2026-01-02T17:36:26
================================================================================
[2026-01-02T17:37:25.993+0000] {manager.py:878} INFO - 
================================================================================
DAG File Processing Stats

File Path                              PID    Runtime      # DAGs    # Errors  Last Runtime    Last Run
-------------------------------------  -----  ---------  --------  ----------  --------------  -------------------
/opt/airflow/dags/pakakumi_scraper.py                           1           0  0.18s           2026-01-02T17:36:56
================================================================================
[2026-01-02T17:37:56.377+0000] {manager.py:878} INFO - 
================================================================================
DAG File Processing Stats

File Path                              PID    Runtime      # DAGs    # Errors  Last Runtime    Last Run
-------------------------------------  -----  ---------  --------  ----------  --------------  -------------------
/opt/airflow/dags/pakakumi_scraper.py                           1           0  0.34s           2026-01-02T17:37:27
================================================================================
[2026-01-02T17:38:26.781+0000] {manager.py:878} INFO - 
================================================================================
DAG File Processing Stats

File Path                              PID    Runtime      # DAGs    # Errors  Last Runtime    Last Run
-------------------------------------  -----  ---------  --------  ----------  --------------  -------------------
/opt/airflow/dags/pakakumi_scraper.py                           1           0  0.20s           2026-01-02T17:37:57
================================================================================
[2026-01-02T17:38:57.073+0000] {manager.py:878} INFO - 
================================================================================
DAG File Processing Stats

File Path                              PID    Runtime      # DAGs    # Errors  Last Runtime    Last Run
-------------------------------------  -----  ---------  --------  ----------  --------------  -------------------
/opt/airflow/dags/pakakumi_scraper.py                           1           0  0.18s           2026-01-02T17:38:27
================================================================================
[2026-01-02T17:39:27.428+0000] {manager.py:878} INFO - 
================================================================================
DAG File Processing Stats

File Path                              PID    Runtime      # DAGs    # Errors  Last Runtime    Last Run
-------------------------------------  -----  ---------  --------  ----------  --------------  -------------------
/opt/airflow/dags/pakakumi_scraper.py                           1           0  0.21s           2026-01-02T17:38:58
================================================================================
[2026-01-02T17:39:48.653+0000] {manager.py:737} INFO - Searching for files in /opt/airflow/dags
[2026-01-02T17:39:48.673+0000] {manager.py:740} INFO - There are 1 files in /opt/airflow/dags
[2026-01-02T17:39:57.747+0000] {manager.py:878} INFO - 
================================================================================
DAG File Processing Stats

File Path                              PID    Runtime      # DAGs    # Errors  Last Runtime    Last Run
-------------------------------------  -----  ---------  --------  ----------  --------------  -------------------
/opt/airflow/dags/pakakumi_scraper.py                           1           0  0.21s           2026-01-02T17:39:28
================================================================================
[2026-01-02T17:40:28.038+0000] {manager.py:878} INFO - 
================================================================================
DAG File Processing Stats

File Path                              PID    Runtime      # DAGs    # Errors  Last Runtime    Last Run
-------------------------------------  -----  ---------  --------  ----------  --------------  -------------------
/opt/airflow/dags/pakakumi_scraper.py                           1           0  0.18s           2026-01-02T17:39:58
================================================================================
[2026-01-02T17:40:58.366+0000] {manager.py:878} INFO - 
================================================================================
DAG File Processing Stats

File Path                              PID    Runtime      # DAGs    # Errors  Last Runtime    Last Run
-------------------------------------  -----  ---------  --------  ----------  --------------  -------------------
/opt/airflow/dags/pakakumi_scraper.py                           1           0  0.19s           2026-01-02T17:40:29
================================================================================
[2026-01-02T17:41:28.665+0000] {manager.py:878} INFO - 
================================================================================
DAG File Processing Stats

File Path                              PID    Runtime      # DAGs    # Errors  Last Runtime    Last Run
-------------------------------------  -----  ---------  --------  ----------  --------------  -------------------
/opt/airflow/dags/pakakumi_scraper.py                           1           0  0.21s           2026-01-02T17:40:59
================================================================================
[2026-01-02T17:41:59.037+0000] {manager.py:878} INFO - 
================================================================================
DAG File Processing Stats

File Path                              PID    Runtime      # DAGs    # Errors  Last Runtime    Last Run
-------------------------------------  -----  ---------  --------  ----------  --------------  -------------------
/opt/airflow/dags/pakakumi_scraper.py                           1           0  0.21s           2026-01-02T17:41:29
================================================================================
[2026-01-02T17:42:29.311+0000] {manager.py:878} INFO - 
================================================================================
DAG File Processing Stats

File Path                              PID    Runtime      # DAGs    # Errors  Last Runtime    Last Run
-------------------------------------  -----  ---------  --------  ----------  --------------  -------------------
/opt/airflow/dags/pakakumi_scraper.py                           1           0  0.18s           2026-01-02T17:42:00
================================================================================
[2026-01-02T17:42:59.706+0000] {manager.py:878} INFO - 
================================================================================
DAG File Processing Stats

File Path                              PID    Runtime      # DAGs    # Errors  Last Runtime    Last Run
-------------------------------------  -----  ---------  --------  ----------  --------------  -------------------
/opt/airflow/dags/pakakumi_scraper.py                           1           0  0.19s           2026-01-02T17:42:30
================================================================================
[2026-01-02T17:43:29.999+0000] {manager.py:878} INFO - 
================================================================================
DAG File Processing Stats

File Path                              PID    Runtime      # DAGs    # Errors  Last Runtime    Last Run
-------------------------------------  -----  ---------  --------  ----------  --------------  -------------------
/opt/airflow/dags/pakakumi_scraper.py                           1           0  0.21s           2026-01-02T17:43:00
================================================================================
[2026-01-02T17:44:00.378+0000] {manager.py:878} INFO - 
================================================================================
DAG File Processing Stats

File Path                              PID    Runtime      # DAGs    # Errors  Last Runtime    Last Run
-------------------------------------  -----  ---------  --------  ----------  --------------  -------------------
/opt/airflow/dags/pakakumi_scraper.py                           1           0  0.20s           2026-01-02T17:43:31
================================================================================
[2026-01-02T17:44:30.632+0000] {manager.py:878} INFO - 
================================================================================
DAG File Processing Stats

File Path                              PID    Runtime      # DAGs    # Errors  Last Runtime    Last Run
-------------------------------------  -----  ---------  --------  ----------  --------------  -------------------
/opt/airflow/dags/pakakumi_scraper.py                           1           0  0.18s           2026-01-02T17:44:01
================================================================================
[2026-01-02T17:44:48.890+0000] {manager.py:737} INFO - Searching for files in /opt/airflow/dags
[2026-01-02T17:44:48.946+0000] {manager.py:740} INFO - There are 1 files in /opt/airflow/dags
[2026-01-02T17:45:01.067+0000] {manager.py:878} INFO - 
================================================================================
DAG File Processing Stats

File Path                              PID    Runtime      # DAGs    # Errors  Last Runtime    Last Run
-------------------------------------  -----  ---------  --------  ----------  --------------  -------------------
/opt/airflow/dags/pakakumi_scraper.py                           1           0  0.21s           2026-01-02T17:44:31
================================================================================
[2026-01-02T17:45:31.327+0000] {manager.py:878} INFO - 
================================================================================
DAG File Processing Stats

File Path                              PID    Runtime      # DAGs    # Errors  Last Runtime    Last Run
-------------------------------------  -----  ---------  --------  ----------  --------------  -------------------
/opt/airflow/dags/pakakumi_scraper.py                           1           0  0.18s           2026-01-02T17:45:02
================================================================================
[2026-01-02T17:46:01.727+0000] {manager.py:878} INFO - 
================================================================================
DAG File Processing Stats

File Path                              PID    Runtime      # DAGs    # Errors  Last Runtime    Last Run
-------------------------------------  -----  ---------  --------  ----------  --------------  -------------------
/opt/airflow/dags/pakakumi_scraper.py                           1           0  0.19s           2026-01-02T17:45:32
================================================================================
[2026-01-02T17:46:32.014+0000] {manager.py:878} INFO - 
================================================================================
DAG File Processing Stats

File Path                              PID    Runtime      # DAGs    # Errors  Last Runtime    Last Run
-------------------------------------  -----  ---------  --------  ----------  --------------  -------------------
/opt/airflow/dags/pakakumi_scraper.py                           1           0  0.20s           2026-01-02T17:46:02
================================================================================
[2026-01-02T17:47:02.359+0000] {manager.py:878} INFO - 
================================================================================
DAG File Processing Stats

File Path                              PID    Runtime      # DAGs    # Errors  Last Runtime    Last Run
-------------------------------------  -----  ---------  --------  ----------  --------------  -------------------
/opt/airflow/dags/pakakumi_scraper.py                           1           0  0.18s           2026-01-02T17:46:33
================================================================================
[2026-01-02T17:47:32.589+0000] {manager.py:878} INFO - 
================================================================================
DAG File Processing Stats

File Path                              PID    Runtime      # DAGs    # Errors  Last Runtime    Last Run
-------------------------------------  -----  ---------  --------  ----------  --------------  -------------------
/opt/airflow/dags/pakakumi_scraper.py                           1           0  0.19s           2026-01-02T17:47:03
================================================================================
[2026-01-02T17:48:02.978+0000] {manager.py:878} INFO - 
================================================================================
DAG File Processing Stats

File Path                              PID    Runtime      # DAGs    # Errors  Last Runtime    Last Run
-------------------------------------  -----  ---------  --------  ----------  --------------  -------------------
/opt/airflow/dags/pakakumi_scraper.py                           1           0  0.21s           2026-01-02T17:47:33
================================================================================
[2026-01-02T17:48:33.235+0000] {manager.py:878} INFO - 
================================================================================
DAG File Processing Stats

File Path                              PID    Runtime      # DAGs    # Errors  Last Runtime    Last Run
-------------------------------------  -----  ---------  --------  ----------  --------------  -------------------
/opt/airflow/dags/pakakumi_scraper.py                           1           0  0.20s           2026-01-02T17:48:04
================================================================================
[2026-01-02T17:49:03.661+0000] {manager.py:878} INFO - 
================================================================================
DAG File Processing Stats

File Path                              PID    Runtime      # DAGs    # Errors  Last Runtime    Last Run
-------------------------------------  -----  ---------  --------  ----------  --------------  -------------------
/opt/airflow/dags/pakakumi_scraper.py                           1           0  0.21s           2026-01-02T17:48:34
================================================================================
[2026-01-02T17:49:33.914+0000] {manager.py:878} INFO - 
================================================================================
DAG File Processing Stats

File Path                              PID    Runtime      # DAGs    # Errors  Last Runtime    Last Run
-------------------------------------  -----  ---------  --------  ----------  --------------  -------------------
/opt/airflow/dags/pakakumi_scraper.py                           1           0  0.21s           2026-01-02T17:49:04
================================================================================
[2026-01-02T17:49:49.182+0000] {manager.py:737} INFO - Searching for files in /opt/airflow/dags
[2026-01-02T17:49:49.210+0000] {manager.py:740} INFO - There are 1 files in /opt/airflow/dags
[2026-01-02T17:50:04.330+0000] {manager.py:878} INFO - 
================================================================================
DAG File Processing Stats

File Path                              PID    Runtime      # DAGs    # Errors  Last Runtime    Last Run
-------------------------------------  -----  ---------  --------  ----------  --------------  -------------------
/opt/airflow/dags/pakakumi_scraper.py                           1           0  0.23s           2026-01-02T17:49:35
================================================================================
[2026-01-02T17:50:34.594+0000] {manager.py:878} INFO - 
================================================================================
DAG File Processing Stats

File Path                              PID    Runtime      # DAGs    # Errors  Last Runtime    Last Run
-------------------------------------  -----  ---------  --------  ----------  --------------  -------------------
/opt/airflow/dags/pakakumi_scraper.py                           1           0  0.22s           2026-01-02T17:50:05
================================================================================
[2026-01-02T17:51:05.017+0000] {manager.py:878} INFO - 
================================================================================
DAG File Processing Stats

File Path                              PID    Runtime      # DAGs    # Errors  Last Runtime    Last Run
-------------------------------------  -----  ---------  --------  ----------  --------------  -------------------
/opt/airflow/dags/pakakumi_scraper.py                           1           0  0.20s           2026-01-02T17:50:35
================================================================================
[2026-01-02T17:51:35.267+0000] {manager.py:878} INFO - 
================================================================================
DAG File Processing Stats

File Path                              PID    Runtime      # DAGs    # Errors  Last Runtime    Last Run
-------------------------------------  -----  ---------  --------  ----------  --------------  -------------------
/opt/airflow/dags/pakakumi_scraper.py                           1           0  0.20s           2026-01-02T17:51:06
================================================================================
[2026-01-02T17:52:05.635+0000] {manager.py:878} INFO - 
================================================================================
DAG File Processing Stats

File Path                              PID    Runtime      # DAGs    # Errors  Last Runtime    Last Run
-------------------------------------  -----  ---------  --------  ----------  --------------  -------------------
/opt/airflow/dags/pakakumi_scraper.py                           1           0  0.21s           2026-01-02T17:51:36
================================================================================
[2026-01-02T17:52:35.905+0000] {manager.py:878} INFO - 
================================================================================
DAG File Processing Stats

File Path                              PID    Runtime      # DAGs    # Errors  Last Runtime    Last Run
-------------------------------------  -----  ---------  --------  ----------  --------------  -------------------
/opt/airflow/dags/pakakumi_scraper.py                           1           0  0.19s           2026-01-02T17:52:06
================================================================================
[2026-01-02T17:53:06.269+0000] {manager.py:878} INFO - 
================================================================================
DAG File Processing Stats

File Path                              PID    Runtime      # DAGs    # Errors  Last Runtime    Last Run
-------------------------------------  -----  ---------  --------  ----------  --------------  -------------------
/opt/airflow/dags/pakakumi_scraper.py                           1           0  0.20s           2026-01-02T17:52:37
================================================================================
[2026-01-02T17:53:36.527+0000] {manager.py:878} INFO - 
================================================================================
DAG File Processing Stats

File Path                              PID    Runtime      # DAGs    # Errors  Last Runtime    Last Run
-------------------------------------  -----  ---------  --------  ----------  --------------  -------------------
/opt/airflow/dags/pakakumi_scraper.py                           1           0  0.20s           2026-01-02T17:53:07
================================================================================
[2026-01-02T17:54:06.902+0000] {manager.py:878} INFO - 
================================================================================
DAG File Processing Stats

File Path                              PID    Runtime      # DAGs    # Errors  Last Runtime    Last Run
-------------------------------------  -----  ---------  --------  ----------  --------------  -------------------
/opt/airflow/dags/pakakumi_scraper.py                           1           0  0.19s           2026-01-02T17:53:37
================================================================================
[2026-01-02T17:54:37.159+0000] {manager.py:878} INFO - 
================================================================================
DAG File Processing Stats

File Path                              PID    Runtime      # DAGs    # Errors  Last Runtime    Last Run
-------------------------------------  -----  ---------  --------  ----------  --------------  -------------------
/opt/airflow/dags/pakakumi_scraper.py                           1           0  0.19s           2026-01-02T17:54:08
================================================================================
[2026-01-02T17:54:49.406+0000] {manager.py:737} INFO - Searching for files in /opt/airflow/dags
[2026-01-02T17:54:49.427+0000] {manager.py:740} INFO - There are 1 files in /opt/airflow/dags
[2026-01-02T17:55:07.592+0000] {manager.py:878} INFO - 
================================================================================
DAG File Processing Stats

File Path                              PID    Runtime      # DAGs    # Errors  Last Runtime    Last Run
-------------------------------------  -----  ---------  --------  ----------  --------------  -------------------
/opt/airflow/dags/pakakumi_scraper.py                           1           0  0.18s           2026-01-02T17:54:38
================================================================================
[2026-01-02T17:55:37.812+0000] {manager.py:878} INFO - 
================================================================================
DAG File Processing Stats

File Path                              PID    Runtime      # DAGs    # Errors  Last Runtime    Last Run
-------------------------------------  -----  ---------  --------  ----------  --------------  -------------------
/opt/airflow/dags/pakakumi_scraper.py                           1           0  0.19s           2026-01-02T17:55:08
================================================================================
[2026-01-02T17:56:08.200+0000] {manager.py:878} INFO - 
================================================================================
DAG File Processing Stats

File Path                              PID    Runtime      # DAGs    # Errors  Last Runtime    Last Run
-------------------------------------  -----  ---------  --------  ----------  --------------  -------------------
/opt/airflow/dags/pakakumi_scraper.py                           1           0  0.18s           2026-01-02T17:55:39
================================================================================
[2026-01-02T17:56:38.456+0000] {manager.py:878} INFO - 
================================================================================
DAG File Processing Stats

File Path                              PID    Runtime      # DAGs    # Errors  Last Runtime    Last Run
-------------------------------------  -----  ---------  --------  ----------  --------------  -------------------
/opt/airflow/dags/pakakumi_scraper.py                           1           0  0.21s           2026-01-02T17:56:09
================================================================================
[2026-01-02T17:57:08.823+0000] {manager.py:878} INFO - 
================================================================================
DAG File Processing Stats

File Path                              PID    Runtime      # DAGs    # Errors  Last Runtime    Last Run
-------------------------------------  -----  ---------  --------  ----------  --------------  -------------------
/opt/airflow/dags/pakakumi_scraper.py                           1           0  0.21s           2026-01-02T17:56:39
================================================================================
[2026-01-02T17:57:39.151+0000] {manager.py:878} INFO - 
================================================================================
DAG File Processing Stats

File Path                              PID    Runtime      # DAGs    # Errors  Last Runtime    Last Run
-------------------------------------  -----  ---------  --------  ----------  --------------  -------------------
/opt/airflow/dags/pakakumi_scraper.py                           1           0  0.20s           2026-01-02T17:57:10
================================================================================
[2026-01-02T17:58:09.487+0000] {manager.py:878} INFO - 
================================================================================
DAG File Processing Stats

File Path                              PID    Runtime      # DAGs    # Errors  Last Runtime    Last Run
-------------------------------------  -----  ---------  --------  ----------  --------------  -------------------
/opt/airflow/dags/pakakumi_scraper.py                           1           0  0.21s           2026-01-02T17:57:40
================================================================================
[2026-01-02T17:58:39.790+0000] {manager.py:878} INFO - 
================================================================================
DAG File Processing Stats

File Path                              PID    Runtime      # DAGs    # Errors  Last Runtime    Last Run
-------------------------------------  -----  ---------  --------  ----------  --------------  -------------------
/opt/airflow/dags/pakakumi_scraper.py                           1           0  0.22s           2026-01-02T17:58:10
================================================================================
[2026-01-02T17:59:10.192+0000] {manager.py:878} INFO - 
================================================================================
DAG File Processing Stats

File Path                              PID    Runtime      # DAGs    # Errors  Last Runtime    Last Run
-------------------------------------  -----  ---------  --------  ----------  --------------  -------------------
/opt/airflow/dags/pakakumi_scraper.py                           1           0  0.19s           2026-01-02T17:58:40
================================================================================
[2026-01-02T17:59:40.513+0000] {manager.py:878} INFO - 
================================================================================
DAG File Processing Stats

File Path                              PID    Runtime      # DAGs    # Errors  Last Runtime    Last Run
-------------------------------------  -----  ---------  --------  ----------  --------------  -------------------
/opt/airflow/dags/pakakumi_scraper.py                           1           0  0.23s           2026-01-02T17:59:11
================================================================================
[2026-01-02T17:59:49.707+0000] {manager.py:737} INFO - Searching for files in /opt/airflow/dags
[2026-01-02T17:59:49.727+0000] {manager.py:740} INFO - There are 1 files in /opt/airflow/dags
[2026-01-02T18:00:10.909+0000] {manager.py:878} INFO - 
================================================================================
DAG File Processing Stats

File Path                              PID    Runtime      # DAGs    # Errors  Last Runtime    Last Run
-------------------------------------  -----  ---------  --------  ----------  --------------  -------------------
/opt/airflow/dags/pakakumi_scraper.py                           1           0  0.20s           2026-01-02T17:59:41
================================================================================
[2026-01-02T18:00:41.208+0000] {manager.py:878} INFO - 
================================================================================
DAG File Processing Stats

File Path                              PID    Runtime      # DAGs    # Errors  Last Runtime    Last Run
-------------------------------------  -----  ---------  --------  ----------  --------------  -------------------
/opt/airflow/dags/pakakumi_scraper.py                           1           0  0.21s           2026-01-02T18:00:12
================================================================================
[2026-01-02T18:01:11.593+0000] {manager.py:878} INFO - 
================================================================================
DAG File Processing Stats

File Path                              PID    Runtime      # DAGs    # Errors  Last Runtime    Last Run
-------------------------------------  -----  ---------  --------  ----------  --------------  -------------------
/opt/airflow/dags/pakakumi_scraper.py                           1           0  0.19s           2026-01-02T18:00:42
================================================================================
[2026-01-02T18:01:41.831+0000] {manager.py:878} INFO - 
================================================================================
DAG File Processing Stats

File Path                              PID    Runtime      # DAGs    # Errors  Last Runtime    Last Run
-------------------------------------  -----  ---------  --------  ----------  --------------  -------------------
/opt/airflow/dags/pakakumi_scraper.py                           1           0  0.19s           2026-01-02T18:01:12
================================================================================
[2026-01-02T18:02:12.215+0000] {manager.py:878} INFO - 
================================================================================
DAG File Processing Stats

File Path                              PID    Runtime      # DAGs    # Errors  Last Runtime    Last Run
-------------------------------------  -----  ---------  --------  ----------  --------------  -------------------
/opt/airflow/dags/pakakumi_scraper.py                           1           0  0.19s           2026-01-02T18:01:43
================================================================================
[2026-01-02T18:02:42.504+0000] {manager.py:878} INFO - 
================================================================================
DAG File Processing Stats

File Path                              PID    Runtime      # DAGs    # Errors  Last Runtime    Last Run
-------------------------------------  -----  ---------  --------  ----------  --------------  -------------------
/opt/airflow/dags/pakakumi_scraper.py                           1           0  0.22s           2026-01-02T18:02:13
================================================================================
[2026-01-02T18:03:12.855+0000] {manager.py:878} INFO - 
================================================================================
DAG File Processing Stats

File Path                              PID    Runtime      # DAGs    # Errors  Last Runtime    Last Run
-------------------------------------  -----  ---------  --------  ----------  --------------  -------------------
/opt/airflow/dags/pakakumi_scraper.py                           1           0  0.20s           2026-01-02T18:02:43
================================================================================
[2026-01-02T18:03:43.135+0000] {manager.py:878} INFO - 
================================================================================
DAG File Processing Stats

File Path                              PID    Runtime      # DAGs    # Errors  Last Runtime    Last Run
-------------------------------------  -----  ---------  --------  ----------  --------------  -------------------
/opt/airflow/dags/pakakumi_scraper.py                           1           0  0.19s           2026-01-02T18:03:14
================================================================================
[2026-01-02T18:04:13.473+0000] {manager.py:878} INFO - 
================================================================================
DAG File Processing Stats

File Path                              PID    Runtime      # DAGs    # Errors  Last Runtime    Last Run
-------------------------------------  -----  ---------  --------  ----------  --------------  -------------------
/opt/airflow/dags/pakakumi_scraper.py                           1           0  0.20s           2026-01-02T18:03:44
================================================================================
[2026-01-02T18:04:43.738+0000] {manager.py:878} INFO - 
================================================================================
DAG File Processing Stats

File Path                              PID    Runtime      # DAGs    # Errors  Last Runtime    Last Run
-------------------------------------  -----  ---------  --------  ----------  --------------  -------------------
/opt/airflow/dags/pakakumi_scraper.py                           1           0  0.18s           2026-01-02T18:04:14
================================================================================
[2026-01-02T18:04:49.910+0000] {manager.py:737} INFO - Searching for files in /opt/airflow/dags
[2026-01-02T18:04:49.931+0000] {manager.py:740} INFO - There are 1 files in /opt/airflow/dags
[2026-01-02T18:05:14.125+0000] {manager.py:878} INFO - 
================================================================================
DAG File Processing Stats

File Path                              PID    Runtime      # DAGs    # Errors  Last Runtime    Last Run
-------------------------------------  -----  ---------  --------  ----------  --------------  -------------------
/opt/airflow/dags/pakakumi_scraper.py                           1           0  0.19s           2026-01-02T18:04:44
================================================================================
[2026-01-02T18:05:44.354+0000] {manager.py:878} INFO - 
================================================================================
DAG File Processing Stats

File Path                              PID    Runtime      # DAGs    # Errors  Last Runtime    Last Run
-------------------------------------  -----  ---------  --------  ----------  --------------  -------------------
/opt/airflow/dags/pakakumi_scraper.py                           1           0  0.20s           2026-01-02T18:05:15
================================================================================
[2026-01-02T18:06:14.738+0000] {manager.py:878} INFO - 
================================================================================
DAG File Processing Stats

File Path                              PID    Runtime      # DAGs    # Errors  Last Runtime    Last Run
-------------------------------------  -----  ---------  --------  ----------  --------------  -------------------
/opt/airflow/dags/pakakumi_scraper.py                           1           0  0.23s           2026-01-02T18:05:45
================================================================================
[2026-01-02T18:06:45.016+0000] {manager.py:878} INFO - 
================================================================================
DAG File Processing Stats

File Path                              PID    Runtime      # DAGs    # Errors  Last Runtime    Last Run
-------------------------------------  -----  ---------  --------  ----------  --------------  -------------------
/opt/airflow/dags/pakakumi_scraper.py                           1           0  0.19s           2026-01-02T18:06:15
================================================================================
[2026-01-02T18:07:15.378+0000] {manager.py:878} INFO - 
================================================================================
DAG File Processing Stats

File Path                              PID    Runtime      # DAGs    # Errors  Last Runtime    Last Run
-------------------------------------  -----  ---------  --------  ----------  --------------  -------------------
/opt/airflow/dags/pakakumi_scraper.py                           1           0  0.20s           2026-01-02T18:06:46
================================================================================
[2026-01-02T18:07:45.770+0000] {manager.py:878} INFO - 
================================================================================
DAG File Processing Stats

File Path                              PID    Runtime      # DAGs    # Errors  Last Runtime    Last Run
-------------------------------------  -----  ---------  --------  ----------  --------------  -------------------
/opt/airflow/dags/pakakumi_scraper.py                           1           0  0.33s           2026-01-02T18:07:16
================================================================================
[2026-01-02T18:08:16.178+0000] {manager.py:878} INFO - 
================================================================================
DAG File Processing Stats

File Path                              PID    Runtime      # DAGs    # Errors  Last Runtime    Last Run
-------------------------------------  -----  ---------  --------  ----------  --------------  -------------------
/opt/airflow/dags/pakakumi_scraper.py                           1           0  0.20s           2026-01-02T18:07:46
================================================================================
[2026-01-02T18:08:46.454+0000] {manager.py:878} INFO - 
================================================================================
DAG File Processing Stats

File Path                              PID    Runtime      # DAGs    # Errors  Last Runtime    Last Run
-------------------------------------  -----  ---------  --------  ----------  --------------  -------------------
/opt/airflow/dags/pakakumi_scraper.py                           1           0  0.19s           2026-01-02T18:08:17
================================================================================
[2026-01-02T18:09:16.771+0000] {manager.py:878} INFO - 
================================================================================
DAG File Processing Stats

File Path                              PID    Runtime      # DAGs    # Errors  Last Runtime    Last Run
-------------------------------------  -----  ---------  --------  ----------  --------------  -------------------
/opt/airflow/dags/pakakumi_scraper.py                           1           0  0.23s           2026-01-02T18:08:47
================================================================================
[2026-01-02T18:09:47.091+0000] {manager.py:878} INFO - 
================================================================================
DAG File Processing Stats

File Path                              PID    Runtime      # DAGs    # Errors  Last Runtime    Last Run
-------------------------------------  -----  ---------  --------  ----------  --------------  -------------------
/opt/airflow/dags/pakakumi_scraper.py                           1           0  0.30s           2026-01-02T18:09:18
================================================================================
[2026-01-02T18:09:50.338+0000] {manager.py:737} INFO - Searching for files in /opt/airflow/dags
[2026-01-02T18:09:50.359+0000] {manager.py:740} INFO - There are 1 files in /opt/airflow/dags
[2026-01-02T18:10:17.547+0000] {manager.py:878} INFO - 
================================================================================
DAG File Processing Stats

File Path                              PID    Runtime      # DAGs    # Errors  Last Runtime    Last Run
-------------------------------------  -----  ---------  --------  ----------  --------------  -------------------
/opt/airflow/dags/pakakumi_scraper.py                           1           0  0.23s           2026-01-02T18:09:48
================================================================================
[2026-01-02T18:10:47.814+0000] {manager.py:878} INFO - 
================================================================================
DAG File Processing Stats

File Path                              PID    Runtime      # DAGs    # Errors  Last Runtime    Last Run
-------------------------------------  -----  ---------  --------  ----------  --------------  -------------------
/opt/airflow/dags/pakakumi_scraper.py                           1           0  0.18s           2026-01-02T18:10:18
================================================================================
[2026-01-02T18:11:18.177+0000] {manager.py:878} INFO - 
================================================================================
DAG File Processing Stats

File Path                              PID    Runtime      # DAGs    # Errors  Last Runtime    Last Run
-------------------------------------  -----  ---------  --------  ----------  --------------  -------------------
/opt/airflow/dags/pakakumi_scraper.py                           1           0  0.20s           2026-01-02T18:10:49
================================================================================
[2026-01-02T18:11:48.472+0000] {manager.py:878} INFO - 
================================================================================
DAG File Processing Stats

File Path                              PID    Runtime      # DAGs    # Errors  Last Runtime    Last Run
-------------------------------------  -----  ---------  --------  ----------  --------------  -------------------
/opt/airflow/dags/pakakumi_scraper.py                           1           0  0.20s           2026-01-02T18:11:19
================================================================================
[2026-01-02T18:12:18.865+0000] {manager.py:878} INFO - 
================================================================================
DAG File Processing Stats

File Path                              PID    Runtime      # DAGs    # Errors  Last Runtime    Last Run
-------------------------------------  -----  ---------  --------  ----------  --------------  -------------------
/opt/airflow/dags/pakakumi_scraper.py                           1           0  0.19s           2026-01-02T18:11:49
================================================================================
[2026-01-02T18:12:49.170+0000] {manager.py:878} INFO - 
================================================================================
DAG File Processing Stats

File Path                              PID    Runtime      # DAGs    # Errors  Last Runtime    Last Run
-------------------------------------  -----  ---------  --------  ----------  --------------  -------------------
/opt/airflow/dags/pakakumi_scraper.py                           1           0  0.20s           2026-01-02T18:12:20
================================================================================
[2026-01-02T18:13:19.546+0000] {manager.py:878} INFO - 
================================================================================
DAG File Processing Stats

File Path                              PID    Runtime      # DAGs    # Errors  Last Runtime    Last Run
-------------------------------------  -----  ---------  --------  ----------  --------------  -------------------
/opt/airflow/dags/pakakumi_scraper.py                           1           0  0.22s           2026-01-02T18:12:50
================================================================================
[2026-01-02T18:13:49.858+0000] {manager.py:878} INFO - 
================================================================================
DAG File Processing Stats

File Path                              PID    Runtime      # DAGs    # Errors  Last Runtime    Last Run
-------------------------------------  -----  ---------  --------  ----------  --------------  -------------------
/opt/airflow/dags/pakakumi_scraper.py                           1           0  0.19s           2026-01-02T18:13:20
================================================================================
[2026-01-02T18:14:20.188+0000] {manager.py:878} INFO - 
================================================================================
DAG File Processing Stats

File Path                              PID    Runtime      # DAGs    # Errors  Last Runtime    Last Run
-------------------------------------  -----  ---------  --------  ----------  --------------  -------------------
/opt/airflow/dags/pakakumi_scraper.py                           1           0  0.19s           2026-01-02T18:13:51
================================================================================
[2026-01-02T18:14:50.489+0000] {manager.py:737} INFO - Searching for files in /opt/airflow/dags
[2026-01-02T18:14:50.511+0000] {manager.py:740} INFO - There are 1 files in /opt/airflow/dags
[2026-01-02T18:14:50.524+0000] {manager.py:878} INFO - 
================================================================================
DAG File Processing Stats

File Path                              PID    Runtime      # DAGs    # Errors  Last Runtime    Last Run
-------------------------------------  -----  ---------  --------  ----------  --------------  -------------------
/opt/airflow/dags/pakakumi_scraper.py                           1           0  0.21s           2026-01-02T18:14:21
================================================================================
[2026-01-02T18:15:20.859+0000] {manager.py:878} INFO - 
================================================================================
DAG File Processing Stats

File Path                              PID    Runtime      # DAGs    # Errors  Last Runtime    Last Run
-------------------------------------  -----  ---------  --------  ----------  --------------  -------------------
/opt/airflow/dags/pakakumi_scraper.py                           1           0  0.20s           2026-01-02T18:14:51
================================================================================
[2026-01-02T18:15:51.190+0000] {manager.py:878} INFO - 
================================================================================
DAG File Processing Stats

File Path                              PID    Runtime      # DAGs    # Errors  Last Runtime    Last Run
-------------------------------------  -----  ---------  --------  ----------  --------------  -------------------
/opt/airflow/dags/pakakumi_scraper.py                           1           0  0.19s           2026-01-02T18:15:22
================================================================================
[2026-01-02T18:16:21.532+0000] {manager.py:878} INFO - 
================================================================================
DAG File Processing Stats

File Path                              PID    Runtime      # DAGs    # Errors  Last Runtime    Last Run
-------------------------------------  -----  ---------  --------  ----------  --------------  -------------------
/opt/airflow/dags/pakakumi_scraper.py                           1           0  0.27s           2026-01-02T18:15:52
================================================================================
[2026-01-02T18:16:51.918+0000] {manager.py:878} INFO - 
================================================================================
DAG File Processing Stats

File Path                              PID    Runtime      # DAGs    # Errors  Last Runtime    Last Run
-------------------------------------  -----  ---------  --------  ----------  --------------  -------------------
/opt/airflow/dags/pakakumi_scraper.py                           1           0  0.19s           2026-01-02T18:16:22
================================================================================
[2026-01-02T18:17:22.200+0000] {manager.py:878} INFO - 
================================================================================
DAG File Processing Stats

File Path                              PID    Runtime      # DAGs    # Errors  Last Runtime    Last Run
-------------------------------------  -----  ---------  --------  ----------  --------------  -------------------
/opt/airflow/dags/pakakumi_scraper.py                           1           0  0.40s           2026-01-02T18:16:53
================================================================================
[2026-01-02T18:17:52.800+0000] {manager.py:878} INFO - 
================================================================================
DAG File Processing Stats

File Path                              PID    Runtime      # DAGs    # Errors  Last Runtime    Last Run
-------------------------------------  -----  ---------  --------  ----------  --------------  -------------------
/opt/airflow/dags/pakakumi_scraper.py                           1           0  0.21s           2026-01-02T18:17:23
================================================================================
[2026-01-02T18:18:23.255+0000] {manager.py:878} INFO - 
================================================================================
DAG File Processing Stats

File Path                              PID    Runtime      # DAGs    # Errors  Last Runtime    Last Run
-------------------------------------  -----  ---------  --------  ----------  --------------  -------------------
/opt/airflow/dags/pakakumi_scraper.py                           1           0  0.21s           2026-01-02T18:17:54
================================================================================
[2026-01-02T18:18:53.553+0000] {manager.py:878} INFO - 
================================================================================
DAG File Processing Stats

File Path                              PID    Runtime      # DAGs    # Errors  Last Runtime    Last Run
-------------------------------------  -----  ---------  --------  ----------  --------------  -------------------
/opt/airflow/dags/pakakumi_scraper.py                           1           0  0.19s           2026-01-02T18:18:24
================================================================================
[2026-01-02T18:19:23.923+0000] {manager.py:878} INFO - 
================================================================================
DAG File Processing Stats

File Path                              PID    Runtime      # DAGs    # Errors  Last Runtime    Last Run
-------------------------------------  -----  ---------  --------  ----------  --------------  -------------------
/opt/airflow/dags/pakakumi_scraper.py                           1           0  0.18s           2026-01-02T18:18:54
================================================================================
[2026-01-02T18:19:51.144+0000] {manager.py:737} INFO - Searching for files in /opt/airflow/dags
[2026-01-02T18:19:51.169+0000] {manager.py:740} INFO - There are 1 files in /opt/airflow/dags
[2026-01-02T18:19:54.211+0000] {manager.py:878} INFO - 
================================================================================
DAG File Processing Stats

File Path                              PID    Runtime      # DAGs    # Errors  Last Runtime    Last Run
-------------------------------------  -----  ---------  --------  ----------  --------------  -------------------
/opt/airflow/dags/pakakumi_scraper.py                           1           0  0.20s           2026-01-02T18:19:25
================================================================================
[2026-01-02T18:20:24.594+0000] {manager.py:878} INFO - 
================================================================================
DAG File Processing Stats

File Path                              PID    Runtime      # DAGs    # Errors  Last Runtime    Last Run
-------------------------------------  -----  ---------  --------  ----------  --------------  -------------------
/opt/airflow/dags/pakakumi_scraper.py                           1           0  0.18s           2026-01-02T18:19:55
================================================================================
[2026-01-02T18:20:54.832+0000] {manager.py:878} INFO - 
================================================================================
DAG File Processing Stats

File Path                              PID    Runtime      # DAGs    # Errors  Last Runtime    Last Run
-------------------------------------  -----  ---------  --------  ----------  --------------  -------------------
/opt/airflow/dags/pakakumi_scraper.py                           1           0  0.20s           2026-01-02T18:20:25
================================================================================
[2026-01-02T18:21:25.288+0000] {manager.py:878} INFO - 
================================================================================
DAG File Processing Stats

File Path                              PID    Runtime      # DAGs    # Errors  Last Runtime    Last Run
-------------------------------------  -----  ---------  --------  ----------  --------------  -------------------
/opt/airflow/dags/pakakumi_scraper.py                           1           0  0.20s           2026-01-02T18:20:56
================================================================================
[2026-01-02T18:21:55.566+0000] {manager.py:878} INFO - 
================================================================================
DAG File Processing Stats

File Path                              PID    Runtime      # DAGs    # Errors  Last Runtime    Last Run
-------------------------------------  -----  ---------  --------  ----------  --------------  -------------------
/opt/airflow/dags/pakakumi_scraper.py                           1           0  0.19s           2026-01-02T18:21:26
================================================================================
[2026-01-02T18:22:25.968+0000] {manager.py:878} INFO - 
================================================================================
DAG File Processing Stats

File Path                              PID    Runtime      # DAGs    # Errors  Last Runtime    Last Run
-------------------------------------  -----  ---------  --------  ----------  --------------  -------------------
/opt/airflow/dags/pakakumi_scraper.py                           1           0  0.21s           2026-01-02T18:21:56
================================================================================
[2026-01-02T18:22:56.244+0000] {manager.py:878} INFO - 
================================================================================
DAG File Processing Stats

File Path                              PID    Runtime      # DAGs    # Errors  Last Runtime    Last Run
-------------------------------------  -----  ---------  --------  ----------  --------------  -------------------
/opt/airflow/dags/pakakumi_scraper.py                           1           0  0.20s           2026-01-02T18:22:27
================================================================================
[2026-01-02T18:23:26.620+0000] {manager.py:878} INFO - 
================================================================================
DAG File Processing Stats

File Path                              PID    Runtime      # DAGs    # Errors  Last Runtime    Last Run
-------------------------------------  -----  ---------  --------  ----------  --------------  -------------------
/opt/airflow/dags/pakakumi_scraper.py                           1           0  0.19s           2026-01-02T18:22:57
================================================================================
[2026-01-02T18:23:56.874+0000] {manager.py:878} INFO - 
================================================================================
DAG File Processing Stats

File Path                              PID    Runtime      # DAGs    # Errors  Last Runtime    Last Run
-------------------------------------  -----  ---------  --------  ----------  --------------  -------------------
/opt/airflow/dags/pakakumi_scraper.py                           1           0  0.21s           2026-01-02T18:23:27
================================================================================
[2026-01-02T18:24:27.303+0000] {manager.py:878} INFO - 
================================================================================
DAG File Processing Stats

File Path                              PID    Runtime      # DAGs    # Errors  Last Runtime    Last Run
-------------------------------------  -----  ---------  --------  ----------  --------------  -------------------
/opt/airflow/dags/pakakumi_scraper.py                           1           0  0.22s           2026-01-02T18:23:58
================================================================================
[2026-01-02T18:24:51.551+0000] {manager.py:737} INFO - Searching for files in /opt/airflow/dags
[2026-01-02T18:24:51.570+0000] {manager.py:740} INFO - There are 1 files in /opt/airflow/dags
[2026-01-02T18:24:57.632+0000] {manager.py:878} INFO - 
================================================================================
DAG File Processing Stats

File Path                              PID    Runtime      # DAGs    # Errors  Last Runtime    Last Run
-------------------------------------  -----  ---------  --------  ----------  --------------  -------------------
/opt/airflow/dags/pakakumi_scraper.py                           1           0  0.21s           2026-01-02T18:24:28
================================================================================
[2026-01-02T18:25:27.982+0000] {manager.py:878} INFO - 
================================================================================
DAG File Processing Stats

File Path                              PID    Runtime      # DAGs    # Errors  Last Runtime    Last Run
-------------------------------------  -----  ---------  --------  ----------  --------------  -------------------
/opt/airflow/dags/pakakumi_scraper.py                           1           0  0.23s           2026-01-02T18:24:58
================================================================================
[2026-01-02T18:25:58.342+0000] {manager.py:878} INFO - 
================================================================================
DAG File Processing Stats

File Path                              PID    Runtime      # DAGs    # Errors  Last Runtime    Last Run
-------------------------------------  -----  ---------  --------  ----------  --------------  -------------------
/opt/airflow/dags/pakakumi_scraper.py                           1           0  0.18s           2026-01-02T18:25:29
================================================================================
[2026-01-02T18:26:28.633+0000] {manager.py:878} INFO - 
================================================================================
DAG File Processing Stats

File Path                              PID    Runtime      # DAGs    # Errors  Last Runtime    Last Run
-------------------------------------  -----  ---------  --------  ----------  --------------  -------------------
/opt/airflow/dags/pakakumi_scraper.py                           1           0  0.18s           2026-01-02T18:25:59
================================================================================
[2026-01-02T18:26:58.990+0000] {manager.py:878} INFO - 
================================================================================
DAG File Processing Stats

File Path                              PID    Runtime      # DAGs    # Errors  Last Runtime    Last Run
-------------------------------------  -----  ---------  --------  ----------  --------------  -------------------
/opt/airflow/dags/pakakumi_scraper.py                           1           0  0.18s           2026-01-02T18:26:29
================================================================================
[2026-01-02T18:27:29.270+0000] {manager.py:878} INFO - 
================================================================================
DAG File Processing Stats

File Path                              PID    Runtime      # DAGs    # Errors  Last Runtime    Last Run
-------------------------------------  -----  ---------  --------  ----------  --------------  -------------------
/opt/airflow/dags/pakakumi_scraper.py                           1           0  0.19s           2026-01-02T18:27:00
================================================================================
[2026-01-02T18:27:59.645+0000] {manager.py:878} INFO - 
================================================================================
DAG File Processing Stats

File Path                              PID    Runtime      # DAGs    # Errors  Last Runtime    Last Run
-------------------------------------  -----  ---------  --------  ----------  --------------  -------------------
/opt/airflow/dags/pakakumi_scraper.py                           1           0  0.19s           2026-01-02T18:27:30
================================================================================
[2026-01-02T18:28:29.913+0000] {manager.py:878} INFO - 
================================================================================
DAG File Processing Stats

File Path                              PID    Runtime      # DAGs    # Errors  Last Runtime    Last Run
-------------------------------------  -----  ---------  --------  ----------  --------------  -------------------
/opt/airflow/dags/pakakumi_scraper.py                           1           0  0.18s           2026-01-02T18:28:00
================================================================================
[2026-01-02T18:29:00.302+0000] {manager.py:878} INFO - 
================================================================================
DAG File Processing Stats

File Path                              PID    Runtime      # DAGs    # Errors  Last Runtime    Last Run
-------------------------------------  -----  ---------  --------  ----------  --------------  -------------------
/opt/airflow/dags/pakakumi_scraper.py                           1           0  0.21s           2026-01-02T18:28:31
================================================================================
[2026-01-02T18:29:30.646+0000] {manager.py:878} INFO - 
================================================================================
DAG File Processing Stats

File Path                              PID    Runtime      # DAGs    # Errors  Last Runtime    Last Run
-------------------------------------  -----  ---------  --------  ----------  --------------  -------------------
/opt/airflow/dags/pakakumi_scraper.py                           1           0  0.22s           2026-01-02T18:29:01
================================================================================
[2026-01-02T18:29:51.911+0000] {manager.py:737} INFO - Searching for files in /opt/airflow/dags
[2026-01-02T18:29:51.929+0000] {manager.py:740} INFO - There are 1 files in /opt/airflow/dags
[2026-01-02T18:30:01.009+0000] {manager.py:878} INFO - 
================================================================================
DAG File Processing Stats

File Path                              PID    Runtime      # DAGs    # Errors  Last Runtime    Last Run
-------------------------------------  -----  ---------  --------  ----------  --------------  -------------------
/opt/airflow/dags/pakakumi_scraper.py                           1           0  0.19s           2026-01-02T18:29:31
================================================================================
[2026-01-02T18:30:31.240+0000] {manager.py:878} INFO - 
================================================================================
DAG File Processing Stats

File Path                              PID    Runtime      # DAGs    # Errors  Last Runtime    Last Run
-------------------------------------  -----  ---------  --------  ----------  --------------  -------------------
/opt/airflow/dags/pakakumi_scraper.py                           1           0  0.21s           2026-01-02T18:30:02
================================================================================
[2026-01-02T18:31:01.454+0000] {manager.py:878} INFO - 
================================================================================
DAG File Processing Stats

File Path                              PID    Runtime      # DAGs    # Errors  Last Runtime    Last Run
-------------------------------------  -----  ---------  --------  ----------  --------------  -------------------
/opt/airflow/dags/pakakumi_scraper.py                           1           0  0.20s           2026-01-02T18:30:32
================================================================================
[2026-01-02T18:31:31.679+0000] {manager.py:878} INFO - 
================================================================================
DAG File Processing Stats

File Path                              PID    Runtime      # DAGs    # Errors  Last Runtime    Last Run
-------------------------------------  -----  ---------  --------  ----------  --------------  -------------------
/opt/airflow/dags/pakakumi_scraper.py                           1           0  0.20s           2026-01-02T18:31:02
================================================================================
[2026-01-02T18:32:02.088+0000] {manager.py:878} INFO - 
================================================================================
DAG File Processing Stats

File Path                              PID    Runtime      # DAGs    # Errors  Last Runtime    Last Run
-------------------------------------  -----  ---------  --------  ----------  --------------  -------------------
/opt/airflow/dags/pakakumi_scraper.py                           1           0  0.22s           2026-01-02T18:31:32
================================================================================
[2026-01-02T18:32:32.331+0000] {manager.py:878} INFO - 
================================================================================
DAG File Processing Stats

File Path                              PID    Runtime      # DAGs    # Errors  Last Runtime    Last Run
-------------------------------------  -----  ---------  --------  ----------  --------------  -------------------
/opt/airflow/dags/pakakumi_scraper.py                           1           0  0.22s           2026-01-02T18:32:03
================================================================================
[2026-01-02T18:33:02.733+0000] {manager.py:878} INFO - 
================================================================================
DAG File Processing Stats

File Path                              PID    Runtime      # DAGs    # Errors  Last Runtime    Last Run
-------------------------------------  -----  ---------  --------  ----------  --------------  -------------------
/opt/airflow/dags/pakakumi_scraper.py                           1           0  0.22s           2026-01-02T18:32:33
================================================================================
[2026-01-02T18:33:32.979+0000] {manager.py:878} INFO - 
================================================================================
DAG File Processing Stats

File Path                              PID    Runtime      # DAGs    # Errors  Last Runtime    Last Run
-------------------------------------  -----  ---------  --------  ----------  --------------  -------------------
/opt/airflow/dags/pakakumi_scraper.py                           1           0  0.20s           2026-01-02T18:33:03
================================================================================
[2026-01-02T18:34:03.349+0000] {manager.py:878} INFO - 
================================================================================
DAG File Processing Stats

File Path                              PID    Runtime      # DAGs    # Errors  Last Runtime    Last Run
-------------------------------------  -----  ---------  --------  ----------  --------------  -------------------
/opt/airflow/dags/pakakumi_scraper.py                           1           0  0.20s           2026-01-02T18:33:34
================================================================================
[2026-01-02T18:34:33.603+0000] {manager.py:878} INFO - 
================================================================================
DAG File Processing Stats

File Path                              PID    Runtime      # DAGs    # Errors  Last Runtime    Last Run
-------------------------------------  -----  ---------  --------  ----------  --------------  -------------------
/opt/airflow/dags/pakakumi_scraper.py                           1           0  0.22s           2026-01-02T18:34:04
================================================================================
[2026-01-02T18:34:51.938+0000] {manager.py:737} INFO - Searching for files in /opt/airflow/dags
[2026-01-02T18:34:51.977+0000] {manager.py:740} INFO - There are 1 files in /opt/airflow/dags
[2026-01-02T18:35:03.940+0000] {manager.py:878} INFO - 
================================================================================
DAG File Processing Stats

File Path                              PID    Runtime      # DAGs    # Errors  Last Runtime    Last Run
-------------------------------------  -----  ---------  --------  ----------  --------------  -------------------
/opt/airflow/dags/pakakumi_scraper.py                           1           0  0.21s           2026-01-02T18:34:34
================================================================================
[2026-01-02T18:35:34.268+0000] {manager.py:878} INFO - 
================================================================================
DAG File Processing Stats

File Path                              PID    Runtime      # DAGs    # Errors  Last Runtime    Last Run
-------------------------------------  -----  ---------  --------  ----------  --------------  -------------------
/opt/airflow/dags/pakakumi_scraper.py                           1           0  0.20s           2026-01-02T18:35:05
================================================================================
[2026-01-02T18:36:04.567+0000] {manager.py:878} INFO - 
================================================================================
DAG File Processing Stats

File Path                              PID    Runtime      # DAGs    # Errors  Last Runtime    Last Run
-------------------------------------  -----  ---------  --------  ----------  --------------  -------------------
/opt/airflow/dags/pakakumi_scraper.py                           1           0  0.20s           2026-01-02T18:35:35
================================================================================
[2026-01-02T18:36:34.871+0000] {manager.py:878} INFO - 
================================================================================
DAG File Processing Stats

File Path                              PID    Runtime      # DAGs    # Errors  Last Runtime    Last Run
-------------------------------------  -----  ---------  --------  ----------  --------------  -------------------
/opt/airflow/dags/pakakumi_scraper.py                           1           0  0.20s           2026-01-02T18:36:05
================================================================================
[2026-01-02T18:37:05.093+0000] {manager.py:878} INFO - 
================================================================================
DAG File Processing Stats

File Path                              PID    Runtime      # DAGs    # Errors  Last Runtime    Last Run
-------------------------------------  -----  ---------  --------  ----------  --------------  -------------------
/opt/airflow/dags/pakakumi_scraper.py                           1           0  0.19s           2026-01-02T18:36:36
================================================================================
[2026-01-02T18:37:35.511+0000] {manager.py:878} INFO - 
================================================================================
DAG File Processing Stats

File Path                              PID    Runtime      # DAGs    # Errors  Last Runtime    Last Run
-------------------------------------  -----  ---------  --------  ----------  --------------  -------------------
/opt/airflow/dags/pakakumi_scraper.py                           1           0  0.20s           2026-01-02T18:37:06
================================================================================
[2026-01-02T18:38:05.772+0000] {manager.py:878} INFO - 
================================================================================
DAG File Processing Stats

File Path                              PID    Runtime      # DAGs    # Errors  Last Runtime    Last Run
-------------------------------------  -----  ---------  --------  ----------  --------------  -------------------
/opt/airflow/dags/pakakumi_scraper.py                           1           0  0.19s           2026-01-02T18:37:36
================================================================================
[2026-01-02T18:38:36.162+0000] {manager.py:878} INFO - 
================================================================================
DAG File Processing Stats

File Path                              PID    Runtime      # DAGs    # Errors  Last Runtime    Last Run
-------------------------------------  -----  ---------  --------  ----------  --------------  -------------------
/opt/airflow/dags/pakakumi_scraper.py                           1           0  0.22s           2026-01-02T18:38:07
================================================================================
[2026-01-02T18:39:06.451+0000] {manager.py:878} INFO - 
================================================================================
DAG File Processing Stats

File Path                              PID    Runtime      # DAGs    # Errors  Last Runtime    Last Run
-------------------------------------  -----  ---------  --------  ----------  --------------  -------------------
/opt/airflow/dags/pakakumi_scraper.py                           1           0  0.21s           2026-01-02T18:38:37
================================================================================
[2026-01-02T18:39:36.845+0000] {manager.py:878} INFO - 
================================================================================
DAG File Processing Stats

File Path                              PID    Runtime      # DAGs    # Errors  Last Runtime    Last Run
-------------------------------------  -----  ---------  --------  ----------  --------------  -------------------
/opt/airflow/dags/pakakumi_scraper.py                           1           0  0.18s           2026-01-02T18:39:07
================================================================================
[2026-01-02T18:39:52.003+0000] {manager.py:737} INFO - Searching for files in /opt/airflow/dags
[2026-01-02T18:39:52.038+0000] {manager.py:740} INFO - There are 1 files in /opt/airflow/dags
[2026-01-02T18:40:07.191+0000] {manager.py:878} INFO - 
================================================================================
DAG File Processing Stats

File Path                              PID    Runtime      # DAGs    # Errors  Last Runtime    Last Run
-------------------------------------  -----  ---------  --------  ----------  --------------  -------------------
/opt/airflow/dags/pakakumi_scraper.py                           1           0  0.21s           2026-01-02T18:39:38
================================================================================
[2026-01-02T18:40:37.545+0000] {manager.py:878} INFO - 
================================================================================
DAG File Processing Stats

File Path                              PID    Runtime      # DAGs    # Errors  Last Runtime    Last Run
-------------------------------------  -----  ---------  --------  ----------  --------------  -------------------
/opt/airflow/dags/pakakumi_scraper.py                           1           0  0.20s           2026-01-02T18:40:08
================================================================================
[2026-01-02T18:41:07.842+0000] {manager.py:878} INFO - 
================================================================================
DAG File Processing Stats

File Path                              PID    Runtime      # DAGs    # Errors  Last Runtime    Last Run
-------------------------------------  -----  ---------  --------  ----------  --------------  -------------------
/opt/airflow/dags/pakakumi_scraper.py                           1           0  0.18s           2026-01-02T18:40:38
================================================================================
[2026-01-02T18:41:38.193+0000] {manager.py:878} INFO - 
================================================================================
DAG File Processing Stats

File Path                              PID    Runtime      # DAGs    # Errors  Last Runtime    Last Run
-------------------------------------  -----  ---------  --------  ----------  --------------  -------------------
/opt/airflow/dags/pakakumi_scraper.py                           1           0  0.24s           2026-01-02T18:41:09
================================================================================
[2026-01-02T18:42:08.541+0000] {manager.py:878} INFO - 
================================================================================
DAG File Processing Stats

File Path                              PID    Runtime      # DAGs    # Errors  Last Runtime    Last Run
-------------------------------------  -----  ---------  --------  ----------  --------------  -------------------
/opt/airflow/dags/pakakumi_scraper.py                           1           0  0.20s           2026-01-02T18:41:39
================================================================================
[2026-01-02T18:42:38.873+0000] {manager.py:878} INFO - 
================================================================================
DAG File Processing Stats

File Path                              PID    Runtime      # DAGs    # Errors  Last Runtime    Last Run
-------------------------------------  -----  ---------  --------  ----------  --------------  -------------------
/opt/airflow/dags/pakakumi_scraper.py                           1           0  0.20s           2026-01-02T18:42:09
================================================================================
[2026-01-02T18:43:09.212+0000] {manager.py:878} INFO - 
================================================================================
DAG File Processing Stats

File Path                              PID    Runtime      # DAGs    # Errors  Last Runtime    Last Run
-------------------------------------  -----  ---------  --------  ----------  --------------  -------------------
/opt/airflow/dags/pakakumi_scraper.py                           1           0  0.18s           2026-01-02T18:42:40
================================================================================
[2026-01-02T18:43:39.510+0000] {manager.py:878} INFO - 
================================================================================
DAG File Processing Stats

File Path                              PID    Runtime      # DAGs    # Errors  Last Runtime    Last Run
-------------------------------------  -----  ---------  --------  ----------  --------------  -------------------
/opt/airflow/dags/pakakumi_scraper.py                           1           0  0.19s           2026-01-02T18:43:10
================================================================================
[2026-01-02T18:44:09.839+0000] {manager.py:878} INFO - 
================================================================================
DAG File Processing Stats

File Path                              PID    Runtime      # DAGs    # Errors  Last Runtime    Last Run
-------------------------------------  -----  ---------  --------  ----------  --------------  -------------------
/opt/airflow/dags/pakakumi_scraper.py                           1           0  0.21s           2026-01-02T18:43:40
================================================================================
[2026-01-02T18:44:40.185+0000] {manager.py:878} INFO - 
================================================================================
DAG File Processing Stats

File Path                              PID    Runtime      # DAGs    # Errors  Last Runtime    Last Run
-------------------------------------  -----  ---------  --------  ----------  --------------  -------------------
/opt/airflow/dags/pakakumi_scraper.py                           1           0  0.22s           2026-01-02T18:44:11
================================================================================
[2026-01-02T18:44:52.366+0000] {manager.py:737} INFO - Searching for files in /opt/airflow/dags
[2026-01-02T18:44:52.401+0000] {manager.py:740} INFO - There are 1 files in /opt/airflow/dags
[2026-01-02T18:45:10.552+0000] {manager.py:878} INFO - 
================================================================================
DAG File Processing Stats

File Path                              PID    Runtime      # DAGs    # Errors  Last Runtime    Last Run
-------------------------------------  -----  ---------  --------  ----------  --------------  -------------------
/opt/airflow/dags/pakakumi_scraper.py                           1           0  0.23s           2026-01-02T18:44:41
================================================================================
[2026-01-02T18:45:40.864+0000] {manager.py:878} INFO - 
================================================================================
DAG File Processing Stats

File Path                              PID    Runtime      # DAGs    # Errors  Last Runtime    Last Run
-------------------------------------  -----  ---------  --------  ----------  --------------  -------------------
/opt/airflow/dags/pakakumi_scraper.py                           1           0  0.20s           2026-01-02T18:45:11
================================================================================
[2026-01-02T18:46:11.237+0000] {manager.py:878} INFO - 
================================================================================
DAG File Processing Stats

File Path                              PID    Runtime      # DAGs    # Errors  Last Runtime    Last Run
-------------------------------------  -----  ---------  --------  ----------  --------------  -------------------
/opt/airflow/dags/pakakumi_scraper.py                           1           0  0.20s           2026-01-02T18:45:42
================================================================================
[2026-01-02T18:46:41.520+0000] {manager.py:878} INFO - 
================================================================================
DAG File Processing Stats

File Path                              PID    Runtime      # DAGs    # Errors  Last Runtime    Last Run
-------------------------------------  -----  ---------  --------  ----------  --------------  -------------------
/opt/airflow/dags/pakakumi_scraper.py                           1           0  0.19s           2026-01-02T18:46:12
================================================================================
[2026-01-02T18:47:11.851+0000] {manager.py:878} INFO - 
================================================================================
DAG File Processing Stats

File Path                              PID    Runtime      # DAGs    # Errors  Last Runtime    Last Run
-------------------------------------  -----  ---------  --------  ----------  --------------  -------------------
/opt/airflow/dags/pakakumi_scraper.py                           1           0  0.19s           2026-01-02T18:46:42
================================================================================
[2026-01-02T18:47:42.088+0000] {manager.py:878} INFO - 
================================================================================
DAG File Processing Stats

File Path                              PID    Runtime      # DAGs    # Errors  Last Runtime    Last Run
-------------------------------------  -----  ---------  --------  ----------  --------------  -------------------
/opt/airflow/dags/pakakumi_scraper.py                           1           0  0.20s           2026-01-02T18:47:13
================================================================================
[2026-01-02T18:48:12.414+0000] {manager.py:878} INFO - 
================================================================================
DAG File Processing Stats

File Path                              PID    Runtime      # DAGs    # Errors  Last Runtime    Last Run
-------------------------------------  -----  ---------  --------  ----------  --------------  -------------------
/opt/airflow/dags/pakakumi_scraper.py                           1           0  0.19s           2026-01-02T18:47:43
================================================================================
[2026-01-02T18:48:42.620+0000] {manager.py:878} INFO - 
================================================================================
DAG File Processing Stats

File Path                              PID    Runtime      # DAGs    # Errors  Last Runtime    Last Run
-------------------------------------  -----  ---------  --------  ----------  --------------  -------------------
/opt/airflow/dags/pakakumi_scraper.py                           1           0  0.19s           2026-01-02T18:48:13
================================================================================
[2026-01-02T18:49:12.951+0000] {manager.py:878} INFO - 
================================================================================
DAG File Processing Stats

File Path                              PID    Runtime      # DAGs    # Errors  Last Runtime    Last Run
-------------------------------------  -----  ---------  --------  ----------  --------------  -------------------
/opt/airflow/dags/pakakumi_scraper.py                           1           0  0.21s           2026-01-02T18:48:43
================================================================================
[2026-01-02T18:49:43.169+0000] {manager.py:878} INFO - 
================================================================================
DAG File Processing Stats

File Path                              PID    Runtime      # DAGs    # Errors  Last Runtime    Last Run
-------------------------------------  -----  ---------  --------  ----------  --------------  -------------------
/opt/airflow/dags/pakakumi_scraper.py                           1           0  0.18s           2026-01-02T18:49:14
================================================================================
[2026-01-02T18:49:52.413+0000] {manager.py:737} INFO - Searching for files in /opt/airflow/dags
[2026-01-02T18:49:52.432+0000] {manager.py:740} INFO - There are 1 files in /opt/airflow/dags
[2026-01-02T18:50:13.469+0000] {manager.py:878} INFO - 
================================================================================
DAG File Processing Stats

File Path                              PID    Runtime      # DAGs    # Errors  Last Runtime    Last Run
-------------------------------------  -----  ---------  --------  ----------  --------------  -------------------
/opt/airflow/dags/pakakumi_scraper.py                           1           0  0.19s           2026-01-02T18:49:44
================================================================================
[2026-01-02T18:50:43.725+0000] {manager.py:878} INFO - 
================================================================================
DAG File Processing Stats

File Path                              PID    Runtime      # DAGs    # Errors  Last Runtime    Last Run
-------------------------------------  -----  ---------  --------  ----------  --------------  -------------------
/opt/airflow/dags/pakakumi_scraper.py                           1           0  0.18s           2026-01-02T18:50:14
================================================================================
[2026-01-02T18:51:14.028+0000] {manager.py:878} INFO - 
================================================================================
DAG File Processing Stats

File Path                              PID    Runtime      # DAGs    # Errors  Last Runtime    Last Run
-------------------------------------  -----  ---------  --------  ----------  --------------  -------------------
/opt/airflow/dags/pakakumi_scraper.py                           1           0  0.20s           2026-01-02T18:50:44
================================================================================
[2026-01-02T18:51:44.319+0000] {manager.py:878} INFO - 
================================================================================
DAG File Processing Stats

File Path                              PID    Runtime      # DAGs    # Errors  Last Runtime    Last Run
-------------------------------------  -----  ---------  --------  ----------  --------------  -------------------
/opt/airflow/dags/pakakumi_scraper.py                           1           0  0.21s           2026-01-02T18:51:15
================================================================================
[2026-01-02T18:52:14.581+0000] {manager.py:878} INFO - 
================================================================================
DAG File Processing Stats

File Path                              PID    Runtime      # DAGs    # Errors  Last Runtime    Last Run
-------------------------------------  -----  ---------  --------  ----------  --------------  -------------------
/opt/airflow/dags/pakakumi_scraper.py                           1           0  0.21s           2026-01-02T18:51:45
================================================================================
[2026-01-02T18:52:44.871+0000] {manager.py:878} INFO - 
================================================================================
DAG File Processing Stats

File Path                              PID    Runtime      # DAGs    # Errors  Last Runtime    Last Run
-------------------------------------  -----  ---------  --------  ----------  --------------  -------------------
/opt/airflow/dags/pakakumi_scraper.py                           1           0  0.26s           2026-01-02T18:52:15
================================================================================
[2026-01-02T18:53:15.167+0000] {manager.py:878} INFO - 
================================================================================
DAG File Processing Stats

File Path                              PID    Runtime      # DAGs    # Errors  Last Runtime    Last Run
-------------------------------------  -----  ---------  --------  ----------  --------------  -------------------
/opt/airflow/dags/pakakumi_scraper.py                           1           0  0.20s           2026-01-02T18:52:46
================================================================================
[2026-01-02T18:53:45.402+0000] {manager.py:878} INFO - 
================================================================================
DAG File Processing Stats

File Path                              PID    Runtime      # DAGs    # Errors  Last Runtime    Last Run
-------------------------------------  -----  ---------  --------  ----------  --------------  -------------------
/opt/airflow/dags/pakakumi_scraper.py                           1           0  0.20s           2026-01-02T18:53:16
================================================================================
[2026-01-02T18:54:15.770+0000] {manager.py:878} INFO - 
================================================================================
DAG File Processing Stats

File Path                              PID    Runtime      # DAGs    # Errors  Last Runtime    Last Run
-------------------------------------  -----  ---------  --------  ----------  --------------  -------------------
/opt/airflow/dags/pakakumi_scraper.py                           1           0  0.20s           2026-01-02T18:53:46
================================================================================
[2026-01-02T18:54:45.962+0000] {manager.py:878} INFO - 
================================================================================
DAG File Processing Stats

File Path                              PID    Runtime      # DAGs    # Errors  Last Runtime    Last Run
-------------------------------------  -----  ---------  --------  ----------  --------------  -------------------
/opt/airflow/dags/pakakumi_scraper.py                           1           0  0.21s           2026-01-02T18:54:16
================================================================================
[2026-01-02T18:54:52.419+0000] {manager.py:737} INFO - Searching for files in /opt/airflow/dags
[2026-01-02T18:54:52.447+0000] {manager.py:740} INFO - There are 1 files in /opt/airflow/dags
[2026-01-02T18:55:16.443+0000] {manager.py:878} INFO - 
================================================================================
DAG File Processing Stats

File Path                              PID    Runtime      # DAGs    # Errors  Last Runtime    Last Run
-------------------------------------  -----  ---------  --------  ----------  --------------  -------------------
/opt/airflow/dags/pakakumi_scraper.py                           1           0  0.21s           2026-01-02T18:54:47
================================================================================
[2026-01-02T18:55:46.780+0000] {manager.py:878} INFO - 
================================================================================
DAG File Processing Stats

File Path                              PID    Runtime      # DAGs    # Errors  Last Runtime    Last Run
-------------------------------------  -----  ---------  --------  ----------  --------------  -------------------
/opt/airflow/dags/pakakumi_scraper.py                           1           0  0.21s           2026-01-02T18:55:17
================================================================================
[2026-01-02T18:56:16.985+0000] {manager.py:878} INFO - 
================================================================================
DAG File Processing Stats

File Path                              PID    Runtime      # DAGs    # Errors  Last Runtime    Last Run
-------------------------------------  -----  ---------  --------  ----------  --------------  -------------------
/opt/airflow/dags/pakakumi_scraper.py                           1           0  0.20s           2026-01-02T18:55:47
================================================================================
[2026-01-02T18:56:47.341+0000] {manager.py:878} INFO - 
================================================================================
DAG File Processing Stats

File Path                              PID    Runtime      # DAGs    # Errors  Last Runtime    Last Run
-------------------------------------  -----  ---------  --------  ----------  --------------  -------------------
/opt/airflow/dags/pakakumi_scraper.py                           1           0  0.19s           2026-01-02T18:56:18
================================================================================
[2026-01-02T18:57:17.711+0000] {manager.py:878} INFO - 
================================================================================
DAG File Processing Stats

File Path                              PID    Runtime      # DAGs    # Errors  Last Runtime    Last Run
-------------------------------------  -----  ---------  --------  ----------  --------------  -------------------
/opt/airflow/dags/pakakumi_scraper.py                           1           0  0.21s           2026-01-02T18:56:48
================================================================================
[2026-01-02T18:57:48.103+0000] {manager.py:878} INFO - 
================================================================================
DAG File Processing Stats

File Path                              PID    Runtime      # DAGs    # Errors  Last Runtime    Last Run
-------------------------------------  -----  ---------  --------  ----------  --------------  -------------------
/opt/airflow/dags/pakakumi_scraper.py                           1           0  0.20s           2026-01-02T18:57:19
================================================================================
[2026-01-02T18:58:18.506+0000] {manager.py:878} INFO - 
================================================================================
DAG File Processing Stats

File Path                              PID    Runtime      # DAGs    # Errors  Last Runtime    Last Run
-------------------------------------  -----  ---------  --------  ----------  --------------  -------------------
/opt/airflow/dags/pakakumi_scraper.py                           1           0  0.20s           2026-01-02T18:57:49
================================================================================
[2026-01-02T18:58:48.875+0000] {manager.py:878} INFO - 
================================================================================
DAG File Processing Stats

File Path                              PID    Runtime      # DAGs    # Errors  Last Runtime    Last Run
-------------------------------------  -----  ---------  --------  ----------  --------------  -------------------
/opt/airflow/dags/pakakumi_scraper.py                           1           0  0.19s           2026-01-02T18:58:19
================================================================================
[2026-01-02T18:59:19.075+0000] {manager.py:878} INFO - 
================================================================================
DAG File Processing Stats

File Path                              PID    Runtime      # DAGs    # Errors  Last Runtime    Last Run
-------------------------------------  -----  ---------  --------  ----------  --------------  -------------------
/opt/airflow/dags/pakakumi_scraper.py                           1           0  0.20s           2026-01-02T18:58:50
================================================================================
[2026-01-02T18:59:49.446+0000] {manager.py:878} INFO - 
================================================================================
DAG File Processing Stats

File Path                              PID    Runtime      # DAGs    # Errors  Last Runtime    Last Run
-------------------------------------  -----  ---------  --------  ----------  --------------  -------------------
/opt/airflow/dags/pakakumi_scraper.py                           1           0  0.23s           2026-01-02T18:59:20
================================================================================
[2026-01-02T18:59:52.766+0000] {manager.py:737} INFO - Searching for files in /opt/airflow/dags
[2026-01-02T18:59:52.786+0000] {manager.py:740} INFO - There are 1 files in /opt/airflow/dags
[2026-01-02T19:00:19.954+0000] {manager.py:878} INFO - 
================================================================================
DAG File Processing Stats

File Path                              PID    Runtime      # DAGs    # Errors  Last Runtime    Last Run
-------------------------------------  -----  ---------  --------  ----------  --------------  -------------------
/opt/airflow/dags/pakakumi_scraper.py                           1           0  0.24s           2026-01-02T18:59:50
================================================================================
[2026-01-02T19:00:50.339+0000] {manager.py:878} INFO - 
================================================================================
DAG File Processing Stats

File Path                              PID    Runtime      # DAGs    # Errors  Last Runtime    Last Run
-------------------------------------  -----  ---------  --------  ----------  --------------  -------------------
/opt/airflow/dags/pakakumi_scraper.py                           1           0  0.19s           2026-01-02T19:00:21
================================================================================
[2026-01-02T19:01:20.816+0000] {manager.py:878} INFO - 
================================================================================
DAG File Processing Stats

File Path                              PID    Runtime      # DAGs    # Errors  Last Runtime    Last Run
-------------------------------------  -----  ---------  --------  ----------  --------------  -------------------
/opt/airflow/dags/pakakumi_scraper.py                           1           0  0.23s           2026-01-02T19:00:51
================================================================================
[2026-01-02T19:01:51.010+0000] {manager.py:878} INFO - 
================================================================================
DAG File Processing Stats

File Path                              PID    Runtime      # DAGs    # Errors  Last Runtime    Last Run
-------------------------------------  -----  ---------  --------  ----------  --------------  -------------------
/opt/airflow/dags/pakakumi_scraper.py                           1           0  0.20s           2026-01-02T19:01:22
================================================================================
[2026-01-02T19:02:21.404+0000] {manager.py:878} INFO - 
================================================================================
DAG File Processing Stats

File Path                              PID    Runtime      # DAGs    # Errors  Last Runtime    Last Run
-------------------------------------  -----  ---------  --------  ----------  --------------  -------------------
/opt/airflow/dags/pakakumi_scraper.py                           1           0  0.18s           2026-01-02T19:01:52
================================================================================
[2026-01-02T19:02:51.711+0000] {manager.py:878} INFO - 
================================================================================
DAG File Processing Stats

File Path                              PID    Runtime      # DAGs    # Errors  Last Runtime    Last Run
-------------------------------------  -----  ---------  --------  ----------  --------------  -------------------
/opt/airflow/dags/pakakumi_scraper.py                           1           0  0.21s           2026-01-02T19:02:22
================================================================================
[2026-01-02T19:03:21.970+0000] {manager.py:878} INFO - 
================================================================================
DAG File Processing Stats

File Path                              PID    Runtime      # DAGs    # Errors  Last Runtime    Last Run
-------------------------------------  -----  ---------  --------  ----------  --------------  -------------------
/opt/airflow/dags/pakakumi_scraper.py                           1           0  0.19s           2026-01-02T19:02:52
================================================================================
[2026-01-02T19:03:52.248+0000] {manager.py:878} INFO - 
================================================================================
DAG File Processing Stats

File Path                              PID    Runtime      # DAGs    # Errors  Last Runtime    Last Run
-------------------------------------  -----  ---------  --------  ----------  --------------  -------------------
/opt/airflow/dags/pakakumi_scraper.py                           1           0  0.21s           2026-01-02T19:03:23
================================================================================
[2026-01-02T19:04:22.503+0000] {manager.py:878} INFO - 
================================================================================
DAG File Processing Stats

File Path                              PID    Runtime      # DAGs    # Errors  Last Runtime    Last Run
-------------------------------------  -----  ---------  --------  ----------  --------------  -------------------
/opt/airflow/dags/pakakumi_scraper.py                           1           0  0.19s           2026-01-02T19:03:53
================================================================================
[2026-01-02T19:04:52.788+0000] {manager.py:737} INFO - Searching for files in /opt/airflow/dags
[2026-01-02T19:04:52.808+0000] {manager.py:740} INFO - There are 1 files in /opt/airflow/dags
[2026-01-02T19:04:52.820+0000] {manager.py:878} INFO - 
================================================================================
DAG File Processing Stats

File Path                              PID    Runtime      # DAGs    # Errors  Last Runtime    Last Run
-------------------------------------  -----  ---------  --------  ----------  --------------  -------------------
/opt/airflow/dags/pakakumi_scraper.py                           1           0  0.18s           2026-01-02T19:04:23
================================================================================
[2026-01-02T19:05:23.024+0000] {manager.py:878} INFO - 
================================================================================
DAG File Processing Stats

File Path                              PID    Runtime      # DAGs    # Errors  Last Runtime    Last Run
-------------------------------------  -----  ---------  --------  ----------  --------------  -------------------
/opt/airflow/dags/pakakumi_scraper.py                           1           0  0.35s           2026-01-02T19:04:54
================================================================================
[2026-01-02T19:05:53.524+0000] {manager.py:878} INFO - 
================================================================================
DAG File Processing Stats

File Path                              PID    Runtime      # DAGs    # Errors  Last Runtime    Last Run
-------------------------------------  -----  ---------  --------  ----------  --------------  -------------------
/opt/airflow/dags/pakakumi_scraper.py                           1           0  0.22s           2026-01-02T19:05:24
================================================================================
[2026-01-02T19:06:23.912+0000] {manager.py:878} INFO - 
================================================================================
DAG File Processing Stats

File Path                              PID    Runtime      # DAGs    # Errors  Last Runtime    Last Run
-------------------------------------  -----  ---------  --------  ----------  --------------  -------------------
/opt/airflow/dags/pakakumi_scraper.py                           1           0  0.20s           2026-01-02T19:05:54
================================================================================
[2026-01-02T19:06:54.287+0000] {manager.py:878} INFO - 
================================================================================
DAG File Processing Stats

File Path                              PID    Runtime      # DAGs    # Errors  Last Runtime    Last Run
-------------------------------------  -----  ---------  --------  ----------  --------------  -------------------
/opt/airflow/dags/pakakumi_scraper.py                           1           0  0.18s           2026-01-02T19:06:25
================================================================================
[2026-01-02T19:07:24.618+0000] {manager.py:878} INFO - 
================================================================================
DAG File Processing Stats

File Path                              PID    Runtime      # DAGs    # Errors  Last Runtime    Last Run
-------------------------------------  -----  ---------  --------  ----------  --------------  -------------------
/opt/airflow/dags/pakakumi_scraper.py                           1           0  0.20s           2026-01-02T19:06:55
================================================================================
[2026-01-02T19:07:54.834+0000] {manager.py:878} INFO - 
================================================================================
DAG File Processing Stats

File Path                              PID    Runtime      # DAGs    # Errors  Last Runtime    Last Run
-------------------------------------  -----  ---------  --------  ----------  --------------  -------------------
/opt/airflow/dags/pakakumi_scraper.py                           1           0  0.21s           2026-01-02T19:07:25
================================================================================
[2026-01-02T19:08:25.175+0000] {manager.py:878} INFO - 
================================================================================
DAG File Processing Stats

File Path                              PID    Runtime      # DAGs    # Errors  Last Runtime    Last Run
-------------------------------------  -----  ---------  --------  ----------  --------------  -------------------
/opt/airflow/dags/pakakumi_scraper.py                           1           0  0.23s           2026-01-02T19:07:56
================================================================================
[2026-01-02T19:08:55.576+0000] {manager.py:878} INFO - 
================================================================================
DAG File Processing Stats

File Path                              PID    Runtime      # DAGs    # Errors  Last Runtime    Last Run
-------------------------------------  -----  ---------  --------  ----------  --------------  -------------------
/opt/airflow/dags/pakakumi_scraper.py                           1           0  0.21s           2026-01-02T19:08:26
================================================================================
[2026-01-02T19:09:25.947+0000] {manager.py:878} INFO - 
================================================================================
DAG File Processing Stats

File Path                              PID    Runtime      # DAGs    # Errors  Last Runtime    Last Run
-------------------------------------  -----  ---------  --------  ----------  --------------  -------------------
/opt/airflow/dags/pakakumi_scraper.py                           1           0  0.20s           2026-01-02T19:08:56
================================================================================
[2026-01-02T19:09:53.297+0000] {manager.py:737} INFO - Searching for files in /opt/airflow/dags
[2026-01-02T19:09:53.320+0000] {manager.py:740} INFO - There are 1 files in /opt/airflow/dags
[2026-01-02T19:09:56.352+0000] {manager.py:878} INFO - 
================================================================================
DAG File Processing Stats

File Path                              PID    Runtime      # DAGs    # Errors  Last Runtime    Last Run
-------------------------------------  -----  ---------  --------  ----------  --------------  -------------------
/opt/airflow/dags/pakakumi_scraper.py                           1           0  0.33s           2026-01-02T19:09:27
================================================================================
[2026-01-02T19:10:26.838+0000] {manager.py:878} INFO - 
================================================================================
DAG File Processing Stats

File Path                              PID    Runtime      # DAGs    # Errors  Last Runtime    Last Run
-------------------------------------  -----  ---------  --------  ----------  --------------  -------------------
/opt/airflow/dags/pakakumi_scraper.py                           1           0  0.23s           2026-01-02T19:09:57
================================================================================
[2026-01-02T19:10:57.289+0000] {manager.py:878} INFO - 
================================================================================
DAG File Processing Stats

File Path                              PID    Runtime      # DAGs    # Errors  Last Runtime    Last Run
-------------------------------------  -----  ---------  --------  ----------  --------------  -------------------
/opt/airflow/dags/pakakumi_scraper.py                           1           0  0.19s           2026-01-02T19:10:28
================================================================================
[2026-01-02T19:11:27.675+0000] {manager.py:878} INFO - 
================================================================================
DAG File Processing Stats

File Path                              PID    Runtime      # DAGs    # Errors  Last Runtime    Last Run
-------------------------------------  -----  ---------  --------  ----------  --------------  -------------------
/opt/airflow/dags/pakakumi_scraper.py                           1           0  0.19s           2026-01-02T19:10:58
================================================================================
[2026-01-02T19:11:58.036+0000] {manager.py:878} INFO - 
================================================================================
DAG File Processing Stats

File Path                              PID    Runtime      # DAGs    # Errors  Last Runtime    Last Run
-------------------------------------  -----  ---------  --------  ----------  --------------  -------------------
/opt/airflow/dags/pakakumi_scraper.py                           1           0  0.20s           2026-01-02T19:11:29
================================================================================
[2026-01-02T19:12:28.388+0000] {manager.py:878} INFO - 
================================================================================
DAG File Processing Stats

File Path                              PID    Runtime      # DAGs    # Errors  Last Runtime    Last Run
-------------------------------------  -----  ---------  --------  ----------  --------------  -------------------
/opt/airflow/dags/pakakumi_scraper.py                           1           0  0.25s           2026-01-02T19:11:59
================================================================================
[2026-01-02T19:12:58.799+0000] {manager.py:878} INFO - 
================================================================================
DAG File Processing Stats

File Path                              PID    Runtime      # DAGs    # Errors  Last Runtime    Last Run
-------------------------------------  -----  ---------  --------  ----------  --------------  -------------------
/opt/airflow/dags/pakakumi_scraper.py                           1           0  0.21s           2026-01-02T19:12:29
================================================================================
[2026-01-02T19:13:29.179+0000] {manager.py:878} INFO - 
================================================================================
DAG File Processing Stats

File Path                              PID    Runtime      # DAGs    # Errors  Last Runtime    Last Run
-------------------------------------  -----  ---------  --------  ----------  --------------  -------------------
/opt/airflow/dags/pakakumi_scraper.py                           1           0  0.20s           2026-01-02T19:13:00
================================================================================
[2026-01-02T19:13:59.535+0000] {manager.py:878} INFO - 
================================================================================
DAG File Processing Stats

File Path                              PID    Runtime      # DAGs    # Errors  Last Runtime    Last Run
-------------------------------------  -----  ---------  --------  ----------  --------------  -------------------
/opt/airflow/dags/pakakumi_scraper.py                           1           0  0.20s           2026-01-02T19:13:30
================================================================================
[2026-01-02T19:14:29.896+0000] {manager.py:878} INFO - 
================================================================================
DAG File Processing Stats

File Path                              PID    Runtime      # DAGs    # Errors  Last Runtime    Last Run
-------------------------------------  -----  ---------  --------  ----------  --------------  -------------------
/opt/airflow/dags/pakakumi_scraper.py                           1           0  0.21s           2026-01-02T19:14:00
================================================================================
[2026-01-02T19:14:53.401+0000] {manager.py:737} INFO - Searching for files in /opt/airflow/dags
[2026-01-02T19:14:53.422+0000] {manager.py:740} INFO - There are 1 files in /opt/airflow/dags
[2026-01-02T19:15:00.286+0000] {manager.py:878} INFO - 
================================================================================
DAG File Processing Stats

File Path                              PID    Runtime      # DAGs    # Errors  Last Runtime    Last Run
-------------------------------------  -----  ---------  --------  ----------  --------------  -------------------
/opt/airflow/dags/pakakumi_scraper.py                           1           0  0.18s           2026-01-02T19:14:31
================================================================================
[2026-01-02T19:15:30.669+0000] {manager.py:878} INFO - 
================================================================================
DAG File Processing Stats

File Path                              PID    Runtime      # DAGs    # Errors  Last Runtime    Last Run
-------------------------------------  -----  ---------  --------  ----------  --------------  -------------------
/opt/airflow/dags/pakakumi_scraper.py                           1           0  0.23s           2026-01-02T19:15:01
================================================================================
[2026-01-02T19:16:00.869+0000] {manager.py:878} INFO - 
================================================================================
DAG File Processing Stats

File Path                              PID    Runtime      # DAGs    # Errors  Last Runtime    Last Run
-------------------------------------  -----  ---------  --------  ----------  --------------  -------------------
/opt/airflow/dags/pakakumi_scraper.py                           1           0  0.18s           2026-01-02T19:15:31
================================================================================
[2026-01-02T19:16:31.188+0000] {manager.py:878} INFO - 
================================================================================
DAG File Processing Stats

File Path                              PID    Runtime      # DAGs    # Errors  Last Runtime    Last Run
-------------------------------------  -----  ---------  --------  ----------  --------------  -------------------
/opt/airflow/dags/pakakumi_scraper.py                           1           0  0.20s           2026-01-02T19:16:02
================================================================================
[2026-01-02T19:17:01.428+0000] {manager.py:878} INFO - 
================================================================================
DAG File Processing Stats

File Path                              PID    Runtime      # DAGs    # Errors  Last Runtime    Last Run
-------------------------------------  -----  ---------  --------  ----------  --------------  -------------------
/opt/airflow/dags/pakakumi_scraper.py                           1           0  0.19s           2026-01-02T19:16:32
================================================================================
[2026-01-02T19:17:31.718+0000] {manager.py:878} INFO - 
================================================================================
DAG File Processing Stats

File Path                              PID    Runtime      # DAGs    # Errors  Last Runtime    Last Run
-------------------------------------  -----  ---------  --------  ----------  --------------  -------------------
/opt/airflow/dags/pakakumi_scraper.py                           1           0  0.58s           2026-01-02T19:17:03
================================================================================
[2026-01-02T19:18:02.364+0000] {manager.py:878} INFO - 
================================================================================
DAG File Processing Stats

File Path                              PID    Runtime      # DAGs    # Errors  Last Runtime    Last Run
-------------------------------------  -----  ---------  --------  ----------  --------------  -------------------
/opt/airflow/dags/pakakumi_scraper.py                           1           0  0.20s           2026-01-02T19:17:33
================================================================================
[2026-01-02T19:18:32.744+0000] {manager.py:878} INFO - 
================================================================================
DAG File Processing Stats

File Path                              PID    Runtime      # DAGs    # Errors  Last Runtime    Last Run
-------------------------------------  -----  ---------  --------  ----------  --------------  -------------------
/opt/airflow/dags/pakakumi_scraper.py                           1           0  0.18s           2026-01-02T19:18:03
================================================================================
[2026-01-02T19:19:03.077+0000] {manager.py:878} INFO - 
================================================================================
DAG File Processing Stats

File Path                              PID    Runtime      # DAGs    # Errors  Last Runtime    Last Run
-------------------------------------  -----  ---------  --------  ----------  --------------  -------------------
/opt/airflow/dags/pakakumi_scraper.py                           1           0  0.20s           2026-01-02T19:18:33
================================================================================
[2026-01-02T19:19:33.298+0000] {manager.py:878} INFO - 
================================================================================
DAG File Processing Stats

File Path                              PID    Runtime      # DAGs    # Errors  Last Runtime    Last Run
-------------------------------------  -----  ---------  --------  ----------  --------------  -------------------
/opt/airflow/dags/pakakumi_scraper.py                           1           0  0.22s           2026-01-02T19:19:04
================================================================================
[2026-01-02T19:19:53.600+0000] {manager.py:737} INFO - Searching for files in /opt/airflow/dags
[2026-01-02T19:19:53.626+0000] {manager.py:740} INFO - There are 1 files in /opt/airflow/dags
[2026-01-02T19:20:03.711+0000] {manager.py:878} INFO - 
================================================================================
DAG File Processing Stats

File Path                              PID    Runtime      # DAGs    # Errors  Last Runtime    Last Run
-------------------------------------  -----  ---------  --------  ----------  --------------  -------------------
/opt/airflow/dags/pakakumi_scraper.py                           1           0  0.18s           2026-01-02T19:19:34
================================================================================
[2026-01-02T19:20:34.022+0000] {manager.py:878} INFO - 
================================================================================
DAG File Processing Stats

File Path                              PID    Runtime      # DAGs    # Errors  Last Runtime    Last Run
-------------------------------------  -----  ---------  --------  ----------  --------------  -------------------
/opt/airflow/dags/pakakumi_scraper.py                           1           0  0.23s           2026-01-02T19:20:04
================================================================================
[2026-01-02T19:21:04.281+0000] {manager.py:878} INFO - 
================================================================================
DAG File Processing Stats

File Path                              PID    Runtime      # DAGs    # Errors  Last Runtime    Last Run
-------------------------------------  -----  ---------  --------  ----------  --------------  -------------------
/opt/airflow/dags/pakakumi_scraper.py                           1           0  0.19s           2026-01-02T19:20:35
================================================================================
[2026-01-02T19:21:34.554+0000] {manager.py:878} INFO - 
================================================================================
DAG File Processing Stats

File Path                              PID    Runtime      # DAGs    # Errors  Last Runtime    Last Run
-------------------------------------  -----  ---------  --------  ----------  --------------  -------------------
/opt/airflow/dags/pakakumi_scraper.py                           1           0  0.21s           2026-01-02T19:21:05
================================================================================
[2026-01-02T19:22:04.839+0000] {manager.py:878} INFO - 
================================================================================
DAG File Processing Stats

File Path                              PID    Runtime      # DAGs    # Errors  Last Runtime    Last Run
-------------------------------------  -----  ---------  --------  ----------  --------------  -------------------
/opt/airflow/dags/pakakumi_scraper.py                           1           0  0.22s           2026-01-02T19:21:35
================================================================================
[2026-01-02T19:22:35.112+0000] {manager.py:878} INFO - 
================================================================================
DAG File Processing Stats

File Path                              PID    Runtime      # DAGs    # Errors  Last Runtime    Last Run
-------------------------------------  -----  ---------  --------  ----------  --------------  -------------------
/opt/airflow/dags/pakakumi_scraper.py                           1           0  0.19s           2026-01-02T19:22:06
================================================================================
[2026-01-02T19:23:05.393+0000] {manager.py:878} INFO - 
================================================================================
DAG File Processing Stats

File Path                              PID    Runtime      # DAGs    # Errors  Last Runtime    Last Run
-------------------------------------  -----  ---------  --------  ----------  --------------  -------------------
/opt/airflow/dags/pakakumi_scraper.py                           1           0  0.25s           2026-01-02T19:22:36
================================================================================
[2026-01-02T19:23:35.720+0000] {manager.py:878} INFO - 
================================================================================
DAG File Processing Stats

File Path                              PID    Runtime      # DAGs    # Errors  Last Runtime    Last Run
-------------------------------------  -----  ---------  --------  ----------  --------------  -------------------
/opt/airflow/dags/pakakumi_scraper.py                           1           0  0.24s           2026-01-02T19:23:06
================================================================================
[2026-01-02T19:24:05.960+0000] {manager.py:878} INFO - 
================================================================================
DAG File Processing Stats

File Path                              PID    Runtime      # DAGs    # Errors  Last Runtime    Last Run
-------------------------------------  -----  ---------  --------  ----------  --------------  -------------------
/opt/airflow/dags/pakakumi_scraper.py                           1           0  0.22s           2026-01-02T19:23:36
================================================================================
[2026-01-02T19:24:36.286+0000] {manager.py:878} INFO - 
================================================================================
DAG File Processing Stats

File Path                              PID    Runtime      # DAGs    # Errors  Last Runtime    Last Run
-------------------------------------  -----  ---------  --------  ----------  --------------  -------------------
/opt/airflow/dags/pakakumi_scraper.py                           1           0  0.20s           2026-01-02T19:24:07
================================================================================
[2026-01-02T19:24:53.661+0000] {manager.py:737} INFO - Searching for files in /opt/airflow/dags
[2026-01-02T19:24:53.681+0000] {manager.py:740} INFO - There are 1 files in /opt/airflow/dags
[2026-01-02T19:25:06.530+0000] {manager.py:878} INFO - 
================================================================================
DAG File Processing Stats

File Path                              PID    Runtime      # DAGs    # Errors  Last Runtime    Last Run
-------------------------------------  -----  ---------  --------  ----------  --------------  -------------------
/opt/airflow/dags/pakakumi_scraper.py                           1           0  0.22s           2026-01-02T19:24:37
================================================================================
[2026-01-02T19:25:36.744+0000] {manager.py:878} INFO - 
================================================================================
DAG File Processing Stats

File Path                              PID    Runtime      # DAGs    # Errors  Last Runtime    Last Run
-------------------------------------  -----  ---------  --------  ----------  --------------  -------------------
/opt/airflow/dags/pakakumi_scraper.py                           1           0  0.23s           2026-01-02T19:25:07
================================================================================
[2026-01-02T19:26:07.194+0000] {manager.py:878} INFO - 
================================================================================
DAG File Processing Stats

File Path                              PID    Runtime      # DAGs    # Errors  Last Runtime    Last Run
-------------------------------------  -----  ---------  --------  ----------  --------------  -------------------
/opt/airflow/dags/pakakumi_scraper.py                           1           0  0.21s           2026-01-02T19:25:38
================================================================================
[2026-01-02T19:26:37.685+0000] {manager.py:878} INFO - 
================================================================================
DAG File Processing Stats

File Path                              PID    Runtime      # DAGs    # Errors  Last Runtime    Last Run
-------------------------------------  -----  ---------  --------  ----------  --------------  -------------------
/opt/airflow/dags/pakakumi_scraper.py                           1           0  0.19s           2026-01-02T19:26:08
================================================================================
[2026-01-02T19:27:07.925+0000] {manager.py:878} INFO - 
================================================================================
DAG File Processing Stats

File Path                              PID    Runtime      # DAGs    # Errors  Last Runtime    Last Run
-------------------------------------  -----  ---------  --------  ----------  --------------  -------------------
/opt/airflow/dags/pakakumi_scraper.py                           1           0  0.23s           2026-01-02T19:26:38
================================================================================
[2026-01-02T19:27:38.311+0000] {manager.py:878} INFO - 
================================================================================
DAG File Processing Stats

File Path                              PID    Runtime      # DAGs    # Errors  Last Runtime    Last Run
-------------------------------------  -----  ---------  --------  ----------  --------------  -------------------
/opt/airflow/dags/pakakumi_scraper.py                           1           0  0.19s           2026-01-02T19:27:09
================================================================================
[2026-01-02T19:28:08.700+0000] {manager.py:878} INFO - 
================================================================================
DAG File Processing Stats

File Path                              PID    Runtime      # DAGs    # Errors  Last Runtime    Last Run
-------------------------------------  -----  ---------  --------  ----------  --------------  -------------------
/opt/airflow/dags/pakakumi_scraper.py                           1           0  0.21s           2026-01-02T19:27:39
================================================================================
[2026-01-02T19:28:39.058+0000] {manager.py:878} INFO - 
================================================================================
DAG File Processing Stats

File Path                              PID    Runtime      # DAGs    # Errors  Last Runtime    Last Run
-------------------------------------  -----  ---------  --------  ----------  --------------  -------------------
/opt/airflow/dags/pakakumi_scraper.py                           1           0  0.23s           2026-01-02T19:28:10
================================================================================
[2026-01-02T19:29:09.444+0000] {manager.py:878} INFO - 
================================================================================
DAG File Processing Stats

File Path                              PID    Runtime      # DAGs    # Errors  Last Runtime    Last Run
-------------------------------------  -----  ---------  --------  ----------  --------------  -------------------
/opt/airflow/dags/pakakumi_scraper.py                           1           0  0.24s           2026-01-02T19:28:40
================================================================================
[2026-01-02T19:29:39.958+0000] {manager.py:878} INFO - 
================================================================================
DAG File Processing Stats

File Path                              PID    Runtime      # DAGs    # Errors  Last Runtime    Last Run
-------------------------------------  -----  ---------  --------  ----------  --------------  -------------------
/opt/airflow/dags/pakakumi_scraper.py                           1           0  0.22s           2026-01-02T19:29:11
================================================================================
[2026-01-02T19:29:54.250+0000] {manager.py:737} INFO - Searching for files in /opt/airflow/dags
[2026-01-02T19:29:54.272+0000] {manager.py:740} INFO - There are 1 files in /opt/airflow/dags
[2026-01-02T19:30:10.482+0000] {manager.py:878} INFO - 
================================================================================
DAG File Processing Stats

File Path                              PID    Runtime      # DAGs    # Errors  Last Runtime    Last Run
-------------------------------------  -----  ---------  --------  ----------  --------------  -------------------
/opt/airflow/dags/pakakumi_scraper.py                           1           0  0.21s           2026-01-02T19:29:41
================================================================================
[2026-01-02T19:30:40.780+0000] {manager.py:878} INFO - 
================================================================================
DAG File Processing Stats

File Path                              PID    Runtime      # DAGs    # Errors  Last Runtime    Last Run
-------------------------------------  -----  ---------  --------  ----------  --------------  -------------------
/opt/airflow/dags/pakakumi_scraper.py                           1           0  0.22s           2026-01-02T19:30:11
================================================================================
[2026-01-02T19:31:11.075+0000] {manager.py:878} INFO - 
================================================================================
DAG File Processing Stats

File Path                              PID    Runtime      # DAGs    # Errors  Last Runtime    Last Run
-------------------------------------  -----  ---------  --------  ----------  --------------  -------------------
/opt/airflow/dags/pakakumi_scraper.py                           1           0  0.23s           2026-01-02T19:30:42
================================================================================
[2026-01-02T19:31:41.372+0000] {manager.py:878} INFO - 
================================================================================
DAG File Processing Stats

File Path                              PID    Runtime      # DAGs    # Errors  Last Runtime    Last Run
-------------------------------------  -----  ---------  --------  ----------  --------------  -------------------
/opt/airflow/dags/pakakumi_scraper.py                           1           0  0.26s           2026-01-02T19:31:12
================================================================================
[2026-01-02T19:32:11.740+0000] {manager.py:878} INFO - 
================================================================================
DAG File Processing Stats

File Path                              PID    Runtime      # DAGs    # Errors  Last Runtime    Last Run
-------------------------------------  -----  ---------  --------  ----------  --------------  -------------------
/opt/airflow/dags/pakakumi_scraper.py                           1           0  0.21s           2026-01-02T19:31:42
================================================================================
[2026-01-02T19:32:41.960+0000] {manager.py:878} INFO - 
================================================================================
DAG File Processing Stats

File Path                              PID    Runtime      # DAGs    # Errors  Last Runtime    Last Run
-------------------------------------  -----  ---------  --------  ----------  --------------  -------------------
/opt/airflow/dags/pakakumi_scraper.py                           1           0  0.23s           2026-01-02T19:32:12
================================================================================
[2026-01-02T19:33:12.312+0000] {manager.py:878} INFO - 
================================================================================
DAG File Processing Stats

File Path                              PID    Runtime      # DAGs    # Errors  Last Runtime    Last Run
-------------------------------------  -----  ---------  --------  ----------  --------------  -------------------
/opt/airflow/dags/pakakumi_scraper.py                           1           0  0.21s           2026-01-02T19:32:43
================================================================================
[2026-01-02T19:33:42.758+0000] {manager.py:878} INFO - 
================================================================================
DAG File Processing Stats

File Path                              PID    Runtime      # DAGs    # Errors  Last Runtime    Last Run
-------------------------------------  -----  ---------  --------  ----------  --------------  -------------------
/opt/airflow/dags/pakakumi_scraper.py                           1           0  0.25s           2026-01-02T19:33:13
================================================================================
[2026-01-02T19:34:13.169+0000] {manager.py:878} INFO - 
================================================================================
DAG File Processing Stats

File Path                              PID    Runtime      # DAGs    # Errors  Last Runtime    Last Run
-------------------------------------  -----  ---------  --------  ----------  --------------  -------------------
/opt/airflow/dags/pakakumi_scraper.py                           1           0  0.23s           2026-01-02T19:33:44
================================================================================
[2026-01-02T19:34:43.609+0000] {manager.py:878} INFO - 
================================================================================
DAG File Processing Stats

File Path                              PID    Runtime      # DAGs    # Errors  Last Runtime    Last Run
-------------------------------------  -----  ---------  --------  ----------  --------------  -------------------
/opt/airflow/dags/pakakumi_scraper.py                           1           0  0.25s           2026-01-02T19:34:14
================================================================================
[2026-01-02T19:34:54.877+0000] {manager.py:737} INFO - Searching for files in /opt/airflow/dags
[2026-01-02T19:34:54.898+0000] {manager.py:740} INFO - There are 1 files in /opt/airflow/dags
[2026-01-02T19:35:14.051+0000] {manager.py:878} INFO - 
================================================================================
DAG File Processing Stats

File Path                              PID    Runtime      # DAGs    # Errors  Last Runtime    Last Run
-------------------------------------  -----  ---------  --------  ----------  --------------  -------------------
/opt/airflow/dags/pakakumi_scraper.py                           1           0  0.23s           2026-01-02T19:34:45
================================================================================
[2026-01-02T19:35:44.380+0000] {manager.py:878} INFO - 
================================================================================
DAG File Processing Stats

File Path                              PID    Runtime      # DAGs    # Errors  Last Runtime    Last Run
-------------------------------------  -----  ---------  --------  ----------  --------------  -------------------
/opt/airflow/dags/pakakumi_scraper.py                           1           0  0.22s           2026-01-02T19:35:15
================================================================================
[2026-01-02T19:36:14.639+0000] {manager.py:878} INFO - 
================================================================================
DAG File Processing Stats

File Path                              PID    Runtime      # DAGs    # Errors  Last Runtime    Last Run
-------------------------------------  -----  ---------  --------  ----------  --------------  -------------------
/opt/airflow/dags/pakakumi_scraper.py                           1           0  0.20s           2026-01-02T19:35:45
================================================================================
[2026-01-02T19:36:44.946+0000] {manager.py:878} INFO - 
================================================================================
DAG File Processing Stats

File Path                              PID    Runtime      # DAGs    # Errors  Last Runtime    Last Run
-------------------------------------  -----  ---------  --------  ----------  --------------  -------------------
/opt/airflow/dags/pakakumi_scraper.py                           1           0  0.23s           2026-01-02T19:36:15
================================================================================
[2026-01-02T19:37:15.227+0000] {manager.py:878} INFO - 
================================================================================
DAG File Processing Stats

File Path                              PID    Runtime      # DAGs    # Errors  Last Runtime    Last Run
-------------------------------------  -----  ---------  --------  ----------  --------------  -------------------
/opt/airflow/dags/pakakumi_scraper.py                           1           0  0.22s           2026-01-02T19:36:46
================================================================================
[2026-01-02T19:37:45.540+0000] {manager.py:878} INFO - 
================================================================================
DAG File Processing Stats

File Path                              PID    Runtime      # DAGs    # Errors  Last Runtime    Last Run
-------------------------------------  -----  ---------  --------  ----------  --------------  -------------------
/opt/airflow/dags/pakakumi_scraper.py                           1           0  0.24s           2026-01-02T19:37:16
================================================================================
[2026-01-02T19:38:15.857+0000] {manager.py:878} INFO - 
================================================================================
DAG File Processing Stats

File Path                              PID    Runtime      # DAGs    # Errors  Last Runtime    Last Run
-------------------------------------  -----  ---------  --------  ----------  --------------  -------------------
/opt/airflow/dags/pakakumi_scraper.py                           1           0  0.26s           2026-01-02T19:37:46
================================================================================
[2026-01-02T19:38:46.144+0000] {manager.py:878} INFO - 
================================================================================
DAG File Processing Stats

File Path                              PID    Runtime      # DAGs    # Errors  Last Runtime    Last Run
-------------------------------------  -----  ---------  --------  ----------  --------------  -------------------
/opt/airflow/dags/pakakumi_scraper.py                           1           0  0.21s           2026-01-02T19:38:17
================================================================================
[2026-01-02T19:39:16.445+0000] {manager.py:878} INFO - 
================================================================================
DAG File Processing Stats

File Path                              PID    Runtime      # DAGs    # Errors  Last Runtime    Last Run
-------------------------------------  -----  ---------  --------  ----------  --------------  -------------------
/opt/airflow/dags/pakakumi_scraper.py                           1           0  0.20s           2026-01-02T19:38:47
================================================================================
[2026-01-02T19:39:46.713+0000] {manager.py:878} INFO - 
================================================================================
DAG File Processing Stats

File Path                              PID    Runtime      # DAGs    # Errors  Last Runtime    Last Run
-------------------------------------  -----  ---------  --------  ----------  --------------  -------------------
/opt/airflow/dags/pakakumi_scraper.py                           1           0  0.19s           2026-01-02T19:39:17
================================================================================
[2026-01-02T19:39:55.018+0000] {manager.py:737} INFO - Searching for files in /opt/airflow/dags
[2026-01-02T19:39:55.054+0000] {manager.py:740} INFO - There are 1 files in /opt/airflow/dags
[2026-01-02T19:40:16.979+0000] {manager.py:878} INFO - 
================================================================================
DAG File Processing Stats

File Path                              PID    Runtime      # DAGs    # Errors  Last Runtime    Last Run
-------------------------------------  -----  ---------  --------  ----------  --------------  -------------------
/opt/airflow/dags/pakakumi_scraper.py                           1           0  0.25s           2026-01-02T19:39:47
================================================================================
[2026-01-02T19:40:47.221+0000] {manager.py:878} INFO - 
================================================================================
DAG File Processing Stats

File Path                              PID    Runtime      # DAGs    # Errors  Last Runtime    Last Run
-------------------------------------  -----  ---------  --------  ----------  --------------  -------------------
/opt/airflow/dags/pakakumi_scraper.py                           1           0  0.19s           2026-01-02T19:40:18
================================================================================
[2026-01-02T19:41:17.533+0000] {manager.py:878} INFO - 
================================================================================
DAG File Processing Stats

File Path                              PID    Runtime      # DAGs    # Errors  Last Runtime    Last Run
-------------------------------------  -----  ---------  --------  ----------  --------------  -------------------
/opt/airflow/dags/pakakumi_scraper.py                           1           0  0.20s           2026-01-02T19:40:48
================================================================================
[2026-01-02T19:41:47.767+0000] {manager.py:878} INFO - 
================================================================================
DAG File Processing Stats

File Path                              PID    Runtime      # DAGs    # Errors  Last Runtime    Last Run
-------------------------------------  -----  ---------  --------  ----------  --------------  -------------------
/opt/airflow/dags/pakakumi_scraper.py                           1           0  0.24s           2026-01-02T19:41:18
================================================================================
[2026-01-02T19:42:18.181+0000] {manager.py:878} INFO - 
================================================================================
DAG File Processing Stats

File Path                              PID    Runtime      # DAGs    # Errors  Last Runtime    Last Run
-------------------------------------  -----  ---------  --------  ----------  --------------  -------------------
/opt/airflow/dags/pakakumi_scraper.py                           1           0  0.22s           2026-01-02T19:41:49
================================================================================
[2026-01-02T19:42:48.583+0000] {manager.py:878} INFO - 
================================================================================
DAG File Processing Stats

File Path                              PID    Runtime      # DAGs    # Errors  Last Runtime    Last Run
-------------------------------------  -----  ---------  --------  ----------  --------------  -------------------
/opt/airflow/dags/pakakumi_scraper.py                           1           0  0.20s           2026-01-02T19:42:19
================================================================================
[2026-01-02T19:43:18.796+0000] {manager.py:878} INFO - 
================================================================================
DAG File Processing Stats

File Path                              PID    Runtime      # DAGs    # Errors  Last Runtime    Last Run
-------------------------------------  -----  ---------  --------  ----------  --------------  -------------------
/opt/airflow/dags/pakakumi_scraper.py                           1           0  0.23s           2026-01-02T19:42:49
================================================================================
[2026-01-02T19:43:49.161+0000] {manager.py:878} INFO - 
================================================================================
DAG File Processing Stats

File Path                              PID    Runtime      # DAGs    # Errors  Last Runtime    Last Run
-------------------------------------  -----  ---------  --------  ----------  --------------  -------------------
/opt/airflow/dags/pakakumi_scraper.py                           1           0  0.20s           2026-01-02T19:43:20
================================================================================
[2026-01-02T19:44:19.528+0000] {manager.py:878} INFO - 
================================================================================
DAG File Processing Stats

File Path                              PID    Runtime      # DAGs    # Errors  Last Runtime    Last Run
-------------------------------------  -----  ---------  --------  ----------  --------------  -------------------
/opt/airflow/dags/pakakumi_scraper.py                           1           0  0.20s           2026-01-02T19:43:50
================================================================================
[2026-01-02T19:44:49.880+0000] {manager.py:878} INFO - 
================================================================================
DAG File Processing Stats

File Path                              PID    Runtime      # DAGs    # Errors  Last Runtime    Last Run
-------------------------------------  -----  ---------  --------  ----------  --------------  -------------------
/opt/airflow/dags/pakakumi_scraper.py                           1           0  0.20s           2026-01-02T19:44:20
================================================================================
[2026-01-02T19:44:55.102+0000] {manager.py:737} INFO - Searching for files in /opt/airflow/dags
[2026-01-02T19:44:55.122+0000] {manager.py:740} INFO - There are 1 files in /opt/airflow/dags
[2026-01-02T19:45:20.278+0000] {manager.py:878} INFO - 
================================================================================
DAG File Processing Stats

File Path                              PID    Runtime      # DAGs    # Errors  Last Runtime    Last Run
-------------------------------------  -----  ---------  --------  ----------  --------------  -------------------
/opt/airflow/dags/pakakumi_scraper.py                           1           0  0.19s           2026-01-02T19:44:51
================================================================================
[2026-01-02T19:45:50.584+0000] {manager.py:878} INFO - 
================================================================================
DAG File Processing Stats

File Path                              PID    Runtime      # DAGs    # Errors  Last Runtime    Last Run
-------------------------------------  -----  ---------  --------  ----------  --------------  -------------------
/opt/airflow/dags/pakakumi_scraper.py                           1           0  0.19s           2026-01-02T19:45:21
================================================================================
[2026-01-02T19:46:20.791+0000] {manager.py:878} INFO - 
================================================================================
DAG File Processing Stats

File Path                              PID    Runtime      # DAGs    # Errors  Last Runtime    Last Run
-------------------------------------  -----  ---------  --------  ----------  --------------  -------------------
/opt/airflow/dags/pakakumi_scraper.py                           1           0  0.19s           2026-01-02T19:45:51
================================================================================
[2026-01-02T19:46:51.102+0000] {manager.py:878} INFO - 
================================================================================
DAG File Processing Stats

File Path                              PID    Runtime      # DAGs    # Errors  Last Runtime    Last Run
-------------------------------------  -----  ---------  --------  ----------  --------------  -------------------
/opt/airflow/dags/pakakumi_scraper.py                           1           0  0.19s           2026-01-02T19:46:21
================================================================================
[2026-01-02T19:47:21.335+0000] {manager.py:878} INFO - 
================================================================================
DAG File Processing Stats

File Path                              PID    Runtime      # DAGs    # Errors  Last Runtime    Last Run
-------------------------------------  -----  ---------  --------  ----------  --------------  -------------------
/opt/airflow/dags/pakakumi_scraper.py                           1           0  0.18s           2026-01-02T19:46:52
================================================================================
[2026-01-02T19:47:51.613+0000] {manager.py:878} INFO - 
================================================================================
DAG File Processing Stats

File Path                              PID    Runtime      # DAGs    # Errors  Last Runtime    Last Run
-------------------------------------  -----  ---------  --------  ----------  --------------  -------------------
/opt/airflow/dags/pakakumi_scraper.py                           1           0  0.26s           2026-01-02T19:47:22
================================================================================
[2026-01-02T19:48:21.935+0000] {manager.py:878} INFO - 
================================================================================
DAG File Processing Stats

File Path                              PID    Runtime      # DAGs    # Errors  Last Runtime    Last Run
-------------------------------------  -----  ---------  --------  ----------  --------------  -------------------
/opt/airflow/dags/pakakumi_scraper.py                           1           0  0.21s           2026-01-02T19:47:52
================================================================================
[2026-01-02T19:48:52.157+0000] {manager.py:878} INFO - 
================================================================================
DAG File Processing Stats

File Path                              PID    Runtime      # DAGs    # Errors  Last Runtime    Last Run
-------------------------------------  -----  ---------  --------  ----------  --------------  -------------------
/opt/airflow/dags/pakakumi_scraper.py                           1           0  0.19s           2026-01-02T19:48:23
================================================================================
[2026-01-02T19:49:22.465+0000] {manager.py:878} INFO - 
================================================================================
DAG File Processing Stats

File Path                              PID    Runtime      # DAGs    # Errors  Last Runtime    Last Run
-------------------------------------  -----  ---------  --------  ----------  --------------  -------------------
/opt/airflow/dags/pakakumi_scraper.py                           1           0  0.18s           2026-01-02T19:48:53
================================================================================
[2026-01-02T19:49:52.678+0000] {manager.py:878} INFO - 
================================================================================
DAG File Processing Stats

File Path                              PID    Runtime      # DAGs    # Errors  Last Runtime    Last Run
-------------------------------------  -----  ---------  --------  ----------  --------------  -------------------
/opt/airflow/dags/pakakumi_scraper.py                           1           0  0.20s           2026-01-02T19:49:23
================================================================================
[2026-01-02T19:49:55.845+0000] {manager.py:737} INFO - Searching for files in /opt/airflow/dags
[2026-01-02T19:49:55.891+0000] {manager.py:740} INFO - There are 1 files in /opt/airflow/dags
[2026-01-02T19:50:23.068+0000] {manager.py:878} INFO - 
================================================================================
DAG File Processing Stats

File Path                              PID    Runtime      # DAGs    # Errors  Last Runtime    Last Run
-------------------------------------  -----  ---------  --------  ----------  --------------  -------------------
/opt/airflow/dags/pakakumi_scraper.py                           1           0  0.19s           2026-01-02T19:49:53
================================================================================
[2026-01-02T19:50:53.258+0000] {manager.py:878} INFO - 
================================================================================
DAG File Processing Stats

File Path                              PID    Runtime      # DAGs    # Errors  Last Runtime    Last Run
-------------------------------------  -----  ---------  --------  ----------  --------------  -------------------
/opt/airflow/dags/pakakumi_scraper.py                           1           0  0.19s           2026-01-02T19:50:24
================================================================================
[2026-01-02T19:51:23.595+0000] {manager.py:878} INFO - 
================================================================================
DAG File Processing Stats

File Path                              PID    Runtime      # DAGs    # Errors  Last Runtime    Last Run
-------------------------------------  -----  ---------  --------  ----------  --------------  -------------------
/opt/airflow/dags/pakakumi_scraper.py                           1           0  0.19s           2026-01-02T19:50:54
================================================================================
[2026-01-02T19:51:53.951+0000] {manager.py:878} INFO - 
================================================================================
DAG File Processing Stats

File Path                              PID    Runtime      # DAGs    # Errors  Last Runtime    Last Run
-------------------------------------  -----  ---------  --------  ----------  --------------  -------------------
/opt/airflow/dags/pakakumi_scraper.py                           1           0  0.19s           2026-01-02T19:51:24
================================================================================
[2026-01-02T19:52:24.309+0000] {manager.py:878} INFO - 
================================================================================
DAG File Processing Stats

File Path                              PID    Runtime      # DAGs    # Errors  Last Runtime    Last Run
-------------------------------------  -----  ---------  --------  ----------  --------------  -------------------
/opt/airflow/dags/pakakumi_scraper.py                           1           0  0.18s           2026-01-02T19:51:55
================================================================================
[2026-01-02T19:52:54.650+0000] {manager.py:878} INFO - 
================================================================================
DAG File Processing Stats

File Path                              PID    Runtime      # DAGs    # Errors  Last Runtime    Last Run
-------------------------------------  -----  ---------  --------  ----------  --------------  -------------------
/opt/airflow/dags/pakakumi_scraper.py                           1           0  0.19s           2026-01-02T19:52:25
================================================================================
[2026-01-02T19:53:24.851+0000] {manager.py:878} INFO - 
================================================================================
DAG File Processing Stats

File Path                              PID    Runtime      # DAGs    # Errors  Last Runtime    Last Run
-------------------------------------  -----  ---------  --------  ----------  --------------  -------------------
/opt/airflow/dags/pakakumi_scraper.py                           1           0  0.18s           2026-01-02T19:52:55
================================================================================
[2026-01-02T19:53:55.162+0000] {manager.py:878} INFO - 
================================================================================
DAG File Processing Stats

File Path                              PID    Runtime      # DAGs    # Errors  Last Runtime    Last Run
-------------------------------------  -----  ---------  --------  ----------  --------------  -------------------
/opt/airflow/dags/pakakumi_scraper.py                           1           0  0.19s           2026-01-02T19:53:26
================================================================================
[2026-01-02T19:54:25.372+0000] {manager.py:878} INFO - 
================================================================================
DAG File Processing Stats

File Path                              PID    Runtime      # DAGs    # Errors  Last Runtime    Last Run
-------------------------------------  -----  ---------  --------  ----------  --------------  -------------------
/opt/airflow/dags/pakakumi_scraper.py                           1           0  0.18s           2026-01-02T19:53:56
================================================================================
[2026-01-02T19:54:55.691+0000] {manager.py:878} INFO - 
================================================================================
DAG File Processing Stats

File Path                              PID    Runtime      # DAGs    # Errors  Last Runtime    Last Run
-------------------------------------  -----  ---------  --------  ----------  --------------  -------------------
/opt/airflow/dags/pakakumi_scraper.py                           1           0  0.20s           2026-01-02T19:54:26
================================================================================
[2026-01-02T19:54:56.698+0000] {manager.py:737} INFO - Searching for files in /opt/airflow/dags
[2026-01-02T19:54:56.721+0000] {manager.py:740} INFO - There are 1 files in /opt/airflow/dags
[2026-01-02T19:55:25.936+0000] {manager.py:878} INFO - 
================================================================================
DAG File Processing Stats

File Path                              PID    Runtime      # DAGs    # Errors  Last Runtime    Last Run
-------------------------------------  -----  ---------  --------  ----------  --------------  -------------------
/opt/airflow/dags/pakakumi_scraper.py                           1           0  0.19s           2026-01-02T19:54:56
================================================================================
[2026-01-02T19:55:56.272+0000] {manager.py:878} INFO - 
================================================================================
DAG File Processing Stats

File Path                              PID    Runtime      # DAGs    # Errors  Last Runtime    Last Run
-------------------------------------  -----  ---------  --------  ----------  --------------  -------------------
/opt/airflow/dags/pakakumi_scraper.py                           1           0  0.19s           2026-01-02T19:55:27
================================================================================
[2026-01-02T19:56:26.469+0000] {manager.py:878} INFO - 
================================================================================
DAG File Processing Stats

File Path                              PID    Runtime      # DAGs    # Errors  Last Runtime    Last Run
-------------------------------------  -----  ---------  --------  ----------  --------------  -------------------
/opt/airflow/dags/pakakumi_scraper.py                           1           0  0.18s           2026-01-02T19:55:57
================================================================================
[2026-01-02T19:56:56.794+0000] {manager.py:878} INFO - 
================================================================================
DAG File Processing Stats

File Path                              PID    Runtime      # DAGs    # Errors  Last Runtime    Last Run
-------------------------------------  -----  ---------  --------  ----------  --------------  -------------------
/opt/airflow/dags/pakakumi_scraper.py                           1           0  0.18s           2026-01-02T19:56:27
================================================================================
[2026-01-02T19:57:26.999+0000] {manager.py:878} INFO - 
================================================================================
DAG File Processing Stats

File Path                              PID    Runtime      # DAGs    # Errors  Last Runtime    Last Run
-------------------------------------  -----  ---------  --------  ----------  --------------  -------------------
/opt/airflow/dags/pakakumi_scraper.py                           1           0  0.18s           2026-01-02T19:56:57
================================================================================
[2026-01-02T19:57:57.316+0000] {manager.py:878} INFO - 
================================================================================
DAG File Processing Stats

File Path                              PID    Runtime      # DAGs    # Errors  Last Runtime    Last Run
-------------------------------------  -----  ---------  --------  ----------  --------------  -------------------
/opt/airflow/dags/pakakumi_scraper.py                           1           0  0.18s           2026-01-02T19:57:28
================================================================================
[2026-01-02T19:58:27.515+0000] {manager.py:878} INFO - 
================================================================================
DAG File Processing Stats

File Path                              PID    Runtime      # DAGs    # Errors  Last Runtime    Last Run
-------------------------------------  -----  ---------  --------  ----------  --------------  -------------------
/opt/airflow/dags/pakakumi_scraper.py                           1           0  0.18s           2026-01-02T19:57:58
================================================================================
[2026-01-02T19:58:57.838+0000] {manager.py:878} INFO - 
================================================================================
DAG File Processing Stats

File Path                              PID    Runtime      # DAGs    # Errors  Last Runtime    Last Run
-------------------------------------  -----  ---------  --------  ----------  --------------  -------------------
/opt/airflow/dags/pakakumi_scraper.py                           1           0  0.19s           2026-01-02T19:58:28
================================================================================
[2026-01-02T19:59:28.042+0000] {manager.py:878} INFO - 
================================================================================
DAG File Processing Stats

File Path                              PID    Runtime      # DAGs    # Errors  Last Runtime    Last Run
-------------------------------------  -----  ---------  --------  ----------  --------------  -------------------
/opt/airflow/dags/pakakumi_scraper.py                           1           0  0.19s           2026-01-02T19:58:59
================================================================================
[2026-01-02T19:59:57.365+0000] {manager.py:737} INFO - Searching for files in /opt/airflow/dags
[2026-01-02T19:59:57.385+0000] {manager.py:740} INFO - There are 1 files in /opt/airflow/dags
[2026-01-02T19:59:58.407+0000] {manager.py:878} INFO - 
================================================================================
DAG File Processing Stats

File Path                              PID    Runtime      # DAGs    # Errors  Last Runtime    Last Run
-------------------------------------  -----  ---------  --------  ----------  --------------  -------------------
/opt/airflow/dags/pakakumi_scraper.py                           1           0  0.19s           2026-01-02T19:59:29
================================================================================
[2026-01-02T20:00:28.618+0000] {manager.py:878} INFO - 
================================================================================
DAG File Processing Stats

File Path                              PID    Runtime      # DAGs    # Errors  Last Runtime    Last Run
-------------------------------------  -----  ---------  --------  ----------  --------------  -------------------
/opt/airflow/dags/pakakumi_scraper.py                           1           0  0.20s           2026-01-02T19:59:59
================================================================================
[2026-01-02T20:00:58.949+0000] {manager.py:878} INFO - 
================================================================================
DAG File Processing Stats

File Path                              PID    Runtime      # DAGs    # Errors  Last Runtime    Last Run
-------------------------------------  -----  ---------  --------  ----------  --------------  -------------------
/opt/airflow/dags/pakakumi_scraper.py                           1           0  0.18s           2026-01-02T20:00:29
================================================================================
[2026-01-02T20:01:29.174+0000] {manager.py:878} INFO - 
================================================================================
DAG File Processing Stats

File Path                              PID    Runtime      # DAGs    # Errors  Last Runtime    Last Run
-------------------------------------  -----  ---------  --------  ----------  --------------  -------------------
/opt/airflow/dags/pakakumi_scraper.py                           1           0  0.19s           2026-01-02T20:01:00
================================================================================
[2026-01-02T20:01:59.472+0000] {manager.py:878} INFO - 
================================================================================
DAG File Processing Stats

File Path                              PID    Runtime      # DAGs    # Errors  Last Runtime    Last Run
-------------------------------------  -----  ---------  --------  ----------  --------------  -------------------
/opt/airflow/dags/pakakumi_scraper.py                           1           0  0.26s           2026-01-02T20:01:30
================================================================================
[2026-01-02T20:02:29.775+0000] {manager.py:878} INFO - 
================================================================================
DAG File Processing Stats

File Path                              PID    Runtime      # DAGs    # Errors  Last Runtime    Last Run
-------------------------------------  -----  ---------  --------  ----------  --------------  -------------------
/opt/airflow/dags/pakakumi_scraper.py                           1           0  0.22s           2026-01-02T20:02:00
================================================================================
[2026-01-02T20:03:00.028+0000] {manager.py:878} INFO - 
================================================================================
DAG File Processing Stats

File Path                              PID    Runtime      # DAGs    # Errors  Last Runtime    Last Run
-------------------------------------  -----  ---------  --------  ----------  --------------  -------------------
/opt/airflow/dags/pakakumi_scraper.py                           1           0  0.20s           2026-01-02T20:02:30
================================================================================
[2026-01-03T14:13:22.403+0000] {manager.py:470} INFO - Processing files using up to 2 processes at a time 
[2026-01-03T14:13:22.427+0000] {manager.py:471} INFO - Process each file at most once every 30 seconds
[2026-01-03T14:13:22.428+0000] {manager.py:472} INFO - Checking for new files in /opt/airflow/dags every 300 seconds
[2026-01-03T14:13:22.467+0000] {manager.py:737} INFO - Searching for files in /opt/airflow/dags
[2026-01-03T14:13:22.517+0000] {manager.py:740} INFO - There are 1 files in /opt/airflow/dags
[2026-01-03T14:13:22.758+0000] {manager.py:878} INFO - 
================================================================================
DAG File Processing Stats

File Path                                PID  Runtime      # DAGs    # Errors  Last Runtime    Last Run
-------------------------------------  -----  ---------  --------  ----------  --------------  ----------
/opt/airflow/dags/pakakumi_scraper.py    164  0.11s             0           0
================================================================================
[2026-01-03T14:13:53.060+0000] {manager.py:878} INFO - 
================================================================================
DAG File Processing Stats

File Path                              PID    Runtime      # DAGs    # Errors  Last Runtime    Last Run
-------------------------------------  -----  ---------  --------  ----------  --------------  -------------------
/opt/airflow/dags/pakakumi_scraper.py                           1           0  0.56s           2026-01-03T14:13:23
================================================================================
[2026-01-03T14:14:23.293+0000] {manager.py:878} INFO - 
================================================================================
DAG File Processing Stats

File Path                              PID    Runtime      # DAGs    # Errors  Last Runtime    Last Run
-------------------------------------  -----  ---------  --------  ----------  --------------  -------------------
/opt/airflow/dags/pakakumi_scraper.py                           1           0  0.59s           2026-01-03T14:13:54
================================================================================
[2026-01-03T14:14:53.580+0000] {manager.py:878} INFO - 
================================================================================
DAG File Processing Stats

File Path                              PID    Runtime      # DAGs    # Errors  Last Runtime    Last Run
-------------------------------------  -----  ---------  --------  ----------  --------------  -------------------
/opt/airflow/dags/pakakumi_scraper.py                           1           0  0.30s           2026-01-03T14:14:24
================================================================================
[2026-01-03T14:15:23.998+0000] {manager.py:878} INFO - 
================================================================================
DAG File Processing Stats

File Path                              PID    Runtime      # DAGs    # Errors  Last Runtime    Last Run
-------------------------------------  -----  ---------  --------  ----------  --------------  -------------------
/opt/airflow/dags/pakakumi_scraper.py                           1           0  0.37s           2026-01-03T14:14:55
================================================================================
[2026-01-03T14:15:54.616+0000] {manager.py:878} INFO - 
================================================================================
DAG File Processing Stats

File Path                              PID    Runtime      # DAGs    # Errors  Last Runtime    Last Run
-------------------------------------  -----  ---------  --------  ----------  --------------  -------------------
/opt/airflow/dags/pakakumi_scraper.py                           1           0  0.21s           2026-01-03T14:15:25
================================================================================
[2026-01-03T14:16:25.079+0000] {manager.py:878} INFO - 
================================================================================
DAG File Processing Stats

File Path                              PID    Runtime      # DAGs    # Errors  Last Runtime    Last Run
-------------------------------------  -----  ---------  --------  ----------  --------------  -------------------
/opt/airflow/dags/pakakumi_scraper.py                           1           0  0.48s           2026-01-03T14:15:56
================================================================================
[2026-01-03T14:16:55.824+0000] {manager.py:878} INFO - 
================================================================================
DAG File Processing Stats

File Path                              PID    Runtime      # DAGs    # Errors  Last Runtime    Last Run
-------------------------------------  -----  ---------  --------  ----------  --------------  -------------------
/opt/airflow/dags/pakakumi_scraper.py                           1           0  0.24s           2026-01-03T14:16:26
================================================================================
[2026-01-03T14:17:26.226+0000] {manager.py:878} INFO - 
================================================================================
DAG File Processing Stats

File Path                              PID    Runtime      # DAGs    # Errors  Last Runtime    Last Run
-------------------------------------  -----  ---------  --------  ----------  --------------  -------------------
/opt/airflow/dags/pakakumi_scraper.py                           1           0  0.22s           2026-01-03T14:16:57
================================================================================
[2026-01-03T14:17:56.481+0000] {manager.py:878} INFO - 
================================================================================
DAG File Processing Stats

File Path                              PID    Runtime      # DAGs    # Errors  Last Runtime    Last Run
-------------------------------------  -----  ---------  --------  ----------  --------------  -------------------
/opt/airflow/dags/pakakumi_scraper.py                           1           0  0.22s           2026-01-03T14:17:27
================================================================================
[2026-01-03T14:18:22.785+0000] {manager.py:737} INFO - Searching for files in /opt/airflow/dags
[2026-01-03T14:18:22.816+0000] {manager.py:740} INFO - There are 1 files in /opt/airflow/dags
[2026-01-03T14:18:26.863+0000] {manager.py:878} INFO - 
================================================================================
DAG File Processing Stats

File Path                              PID    Runtime      # DAGs    # Errors  Last Runtime    Last Run
-------------------------------------  -----  ---------  --------  ----------  --------------  -------------------
/opt/airflow/dags/pakakumi_scraper.py                           1           0  0.19s           2026-01-03T14:17:57
================================================================================
[2026-01-03T14:18:57.109+0000] {manager.py:878} INFO - 
================================================================================
DAG File Processing Stats

File Path                              PID    Runtime      # DAGs    # Errors  Last Runtime    Last Run
-------------------------------------  -----  ---------  --------  ----------  --------------  -------------------
/opt/airflow/dags/pakakumi_scraper.py                           1           0  0.19s           2026-01-03T14:18:28
================================================================================
[2026-01-03T14:19:27.488+0000] {manager.py:878} INFO - 
================================================================================
DAG File Processing Stats

File Path                              PID    Runtime      # DAGs    # Errors  Last Runtime    Last Run
-------------------------------------  -----  ---------  --------  ----------  --------------  -------------------
/opt/airflow/dags/pakakumi_scraper.py                           1           0  0.17s           2026-01-03T14:18:58
================================================================================
[2026-01-03T14:19:57.740+0000] {manager.py:878} INFO - 
================================================================================
DAG File Processing Stats

File Path                              PID    Runtime      # DAGs    # Errors  Last Runtime    Last Run
-------------------------------------  -----  ---------  --------  ----------  --------------  -------------------
/opt/airflow/dags/pakakumi_scraper.py                           1           0  0.22s           2026-01-03T14:19:28
================================================================================
[2026-01-03T14:20:27.938+0000] {manager.py:878} INFO - 
================================================================================
DAG File Processing Stats

File Path                              PID    Runtime      # DAGs    # Errors  Last Runtime    Last Run
-------------------------------------  -----  ---------  --------  ----------  --------------  -------------------
/opt/airflow/dags/pakakumi_scraper.py                           1           0  0.18s           2026-01-03T14:19:58
================================================================================
[2026-01-03T14:20:58.322+0000] {manager.py:878} INFO - 
================================================================================
DAG File Processing Stats

File Path                              PID    Runtime      # DAGs    # Errors  Last Runtime    Last Run
-------------------------------------  -----  ---------  --------  ----------  --------------  -------------------
/opt/airflow/dags/pakakumi_scraper.py                           1           0  0.20s           2026-01-03T14:20:29
================================================================================
[2026-01-03T14:21:28.570+0000] {manager.py:878} INFO - 
================================================================================
DAG File Processing Stats

File Path                              PID    Runtime      # DAGs    # Errors  Last Runtime    Last Run
-------------------------------------  -----  ---------  --------  ----------  --------------  -------------------
/opt/airflow/dags/pakakumi_scraper.py                           1           0  0.24s           2026-01-03T14:20:59
================================================================================
[2026-01-03T14:21:58.995+0000] {manager.py:878} INFO - 
================================================================================
DAG File Processing Stats

File Path                              PID    Runtime      # DAGs    # Errors  Last Runtime    Last Run
-------------------------------------  -----  ---------  --------  ----------  --------------  -------------------
/opt/airflow/dags/pakakumi_scraper.py                           1           0  0.21s           2026-01-03T14:21:29
================================================================================
[2026-01-03T14:22:29.382+0000] {manager.py:878} INFO - 
================================================================================
DAG File Processing Stats

File Path                              PID    Runtime      # DAGs    # Errors  Last Runtime    Last Run
-------------------------------------  -----  ---------  --------  ----------  --------------  -------------------
/opt/airflow/dags/pakakumi_scraper.py                           1           0  0.21s           2026-01-03T14:22:00
================================================================================
[2026-01-03T14:22:59.611+0000] {manager.py:878} INFO - 
================================================================================
DAG File Processing Stats

File Path                              PID    Runtime      # DAGs    # Errors  Last Runtime    Last Run
-------------------------------------  -----  ---------  --------  ----------  --------------  -------------------
/opt/airflow/dags/pakakumi_scraper.py                           1           0  0.19s           2026-01-03T14:22:30
================================================================================
[2026-01-03T14:23:22.893+0000] {manager.py:737} INFO - Searching for files in /opt/airflow/dags
[2026-01-03T14:23:22.921+0000] {manager.py:740} INFO - There are 1 files in /opt/airflow/dags
[2026-01-03T14:23:29.990+0000] {manager.py:878} INFO - 
================================================================================
DAG File Processing Stats

File Path                              PID    Runtime      # DAGs    # Errors  Last Runtime    Last Run
-------------------------------------  -----  ---------  --------  ----------  --------------  -------------------
/opt/airflow/dags/pakakumi_scraper.py                           1           0  0.29s           2026-01-03T14:23:00
================================================================================
[2026-01-03T14:24:00.338+0000] {manager.py:878} INFO - 
================================================================================
DAG File Processing Stats

File Path                              PID    Runtime      # DAGs    # Errors  Last Runtime    Last Run
-------------------------------------  -----  ---------  --------  ----------  --------------  -------------------
/opt/airflow/dags/pakakumi_scraper.py                           1           0  0.26s           2026-01-03T14:23:31
================================================================================
[2026-01-03T14:24:30.662+0000] {manager.py:878} INFO - 
================================================================================
DAG File Processing Stats

File Path                              PID    Runtime      # DAGs    # Errors  Last Runtime    Last Run
-------------------------------------  -----  ---------  --------  ----------  --------------  -------------------
/opt/airflow/dags/pakakumi_scraper.py                           1           0  0.20s           2026-01-03T14:24:01
================================================================================
[2026-01-03T14:25:00.954+0000] {manager.py:878} INFO - 
================================================================================
DAG File Processing Stats

File Path                              PID    Runtime      # DAGs    # Errors  Last Runtime    Last Run
-------------------------------------  -----  ---------  --------  ----------  --------------  -------------------
/opt/airflow/dags/pakakumi_scraper.py                           1           0  0.21s           2026-01-03T14:24:31
================================================================================
[2026-01-03T14:25:31.282+0000] {manager.py:878} INFO - 
================================================================================
DAG File Processing Stats

File Path                              PID    Runtime      # DAGs    # Errors  Last Runtime    Last Run
-------------------------------------  -----  ---------  --------  ----------  --------------  -------------------
/opt/airflow/dags/pakakumi_scraper.py                           1           0  0.24s           2026-01-03T14:25:02
================================================================================
[2026-01-03T14:26:01.667+0000] {manager.py:878} INFO - 
================================================================================
DAG File Processing Stats

File Path                              PID    Runtime      # DAGs    # Errors  Last Runtime    Last Run
-------------------------------------  -----  ---------  --------  ----------  --------------  -------------------
/opt/airflow/dags/pakakumi_scraper.py                           1           0  0.21s           2026-01-03T14:25:32
================================================================================
[2026-01-03T14:26:31.974+0000] {manager.py:878} INFO - 
================================================================================
DAG File Processing Stats

File Path                              PID    Runtime      # DAGs    # Errors  Last Runtime    Last Run
-------------------------------------  -----  ---------  --------  ----------  --------------  -------------------
/opt/airflow/dags/pakakumi_scraper.py                           1           0  0.24s           2026-01-03T14:26:02
================================================================================
[2026-01-03T14:27:02.282+0000] {manager.py:878} INFO - 
================================================================================
DAG File Processing Stats

File Path                              PID    Runtime      # DAGs    # Errors  Last Runtime    Last Run
-------------------------------------  -----  ---------  --------  ----------  --------------  -------------------
/opt/airflow/dags/pakakumi_scraper.py                           1           0  0.21s           2026-01-03T14:26:33
================================================================================
[2026-01-03T14:27:32.635+0000] {manager.py:878} INFO - 
================================================================================
DAG File Processing Stats

File Path                              PID    Runtime      # DAGs    # Errors  Last Runtime    Last Run
-------------------------------------  -----  ---------  --------  ----------  --------------  -------------------
/opt/airflow/dags/pakakumi_scraper.py                           1           0  0.23s           2026-01-03T14:27:03
================================================================================
[2026-01-03T14:28:02.997+0000] {manager.py:878} INFO - 
================================================================================
DAG File Processing Stats

File Path                              PID    Runtime      # DAGs    # Errors  Last Runtime    Last Run
-------------------------------------  -----  ---------  --------  ----------  --------------  -------------------
/opt/airflow/dags/pakakumi_scraper.py                           1           0  0.22s           2026-01-03T14:27:33
================================================================================
[2026-01-03T14:28:23.168+0000] {manager.py:737} INFO - Searching for files in /opt/airflow/dags
[2026-01-03T14:28:23.194+0000] {manager.py:740} INFO - There are 1 files in /opt/airflow/dags
[2026-01-03T14:28:33.286+0000] {manager.py:878} INFO - 
================================================================================
DAG File Processing Stats

File Path                              PID    Runtime      # DAGs    # Errors  Last Runtime    Last Run
-------------------------------------  -----  ---------  --------  ----------  --------------  -------------------
/opt/airflow/dags/pakakumi_scraper.py                           1           0  0.25s           2026-01-03T14:28:04
================================================================================
[2026-01-03T14:29:03.636+0000] {manager.py:878} INFO - 
================================================================================
DAG File Processing Stats

File Path                              PID    Runtime      # DAGs    # Errors  Last Runtime    Last Run
-------------------------------------  -----  ---------  --------  ----------  --------------  -------------------
/opt/airflow/dags/pakakumi_scraper.py                           1           0  0.22s           2026-01-03T14:28:34
================================================================================
[2026-01-03T14:29:33.991+0000] {manager.py:878} INFO - 
================================================================================
DAG File Processing Stats

File Path                              PID    Runtime      # DAGs    # Errors  Last Runtime    Last Run
-------------------------------------  -----  ---------  --------  ----------  --------------  -------------------
/opt/airflow/dags/pakakumi_scraper.py                           1           0  0.36s           2026-01-03T14:29:05
================================================================================
[2026-01-03T14:30:04.470+0000] {manager.py:878} INFO - 
================================================================================
DAG File Processing Stats

File Path                              PID    Runtime      # DAGs    # Errors  Last Runtime    Last Run
-------------------------------------  -----  ---------  --------  ----------  --------------  -------------------
/opt/airflow/dags/pakakumi_scraper.py                           1           0  0.25s           2026-01-03T14:29:35
================================================================================
[2026-01-03T14:30:34.937+0000] {manager.py:878} INFO - 
================================================================================
DAG File Processing Stats

File Path                              PID    Runtime      # DAGs    # Errors  Last Runtime    Last Run
-------------------------------------  -----  ---------  --------  ----------  --------------  -------------------
/opt/airflow/dags/pakakumi_scraper.py                           1           0  0.29s           2026-01-03T14:30:05
================================================================================
[2026-01-03T14:31:05.240+0000] {manager.py:878} INFO - 
================================================================================
DAG File Processing Stats

File Path                              PID    Runtime      # DAGs    # Errors  Last Runtime    Last Run
-------------------------------------  -----  ---------  --------  ----------  --------------  -------------------
/opt/airflow/dags/pakakumi_scraper.py                           1           0  0.25s           2026-01-03T14:30:36
================================================================================
[2026-01-03T14:31:35.634+0000] {manager.py:878} INFO - 
================================================================================
DAG File Processing Stats

File Path                              PID    Runtime      # DAGs    # Errors  Last Runtime    Last Run
-------------------------------------  -----  ---------  --------  ----------  --------------  -------------------
/opt/airflow/dags/pakakumi_scraper.py                           1           0  0.27s           2026-01-03T14:31:06
================================================================================
[2026-01-03T14:32:05.988+0000] {manager.py:878} INFO - 
================================================================================
DAG File Processing Stats

File Path                              PID    Runtime      # DAGs    # Errors  Last Runtime    Last Run
-------------------------------------  -----  ---------  --------  ----------  --------------  -------------------
/opt/airflow/dags/pakakumi_scraper.py                           1           0  0.24s           2026-01-03T14:31:36
================================================================================
[2026-01-03T14:32:36.360+0000] {manager.py:878} INFO - 
================================================================================
DAG File Processing Stats

File Path                              PID    Runtime      # DAGs    # Errors  Last Runtime    Last Run
-------------------------------------  -----  ---------  --------  ----------  --------------  -------------------
/opt/airflow/dags/pakakumi_scraper.py                           1           0  0.24s           2026-01-03T14:32:07
================================================================================
[2026-01-03T14:33:06.699+0000] {manager.py:878} INFO - 
================================================================================
DAG File Processing Stats

File Path                              PID    Runtime      # DAGs    # Errors  Last Runtime    Last Run
-------------------------------------  -----  ---------  --------  ----------  --------------  -------------------
/opt/airflow/dags/pakakumi_scraper.py                           1           0  0.20s           2026-01-03T14:32:37
================================================================================
[2026-01-03T14:33:23.848+0000] {manager.py:737} INFO - Searching for files in /opt/airflow/dags
[2026-01-03T14:33:23.869+0000] {manager.py:740} INFO - There are 1 files in /opt/airflow/dags
[2026-01-03T14:33:36.971+0000] {manager.py:878} INFO - 
================================================================================
DAG File Processing Stats

File Path                              PID    Runtime      # DAGs    # Errors  Last Runtime    Last Run
-------------------------------------  -----  ---------  --------  ----------  --------------  -------------------
/opt/airflow/dags/pakakumi_scraper.py                           1           0  0.25s           2026-01-03T14:33:07
================================================================================
[2026-01-03T14:34:07.358+0000] {manager.py:878} INFO - 
================================================================================
DAG File Processing Stats

File Path                              PID    Runtime      # DAGs    # Errors  Last Runtime    Last Run
-------------------------------------  -----  ---------  --------  ----------  --------------  -------------------
/opt/airflow/dags/pakakumi_scraper.py                           1           0  0.19s           2026-01-03T14:33:38
================================================================================
[2026-01-03T14:34:37.616+0000] {manager.py:878} INFO - 
================================================================================
DAG File Processing Stats

File Path                              PID    Runtime      # DAGs    # Errors  Last Runtime    Last Run
-------------------------------------  -----  ---------  --------  ----------  --------------  -------------------
/opt/airflow/dags/pakakumi_scraper.py                           1           0  0.19s           2026-01-03T14:34:08
================================================================================
[2026-01-03T14:35:07.970+0000] {manager.py:878} INFO - 
================================================================================
DAG File Processing Stats

File Path                              PID    Runtime      # DAGs    # Errors  Last Runtime    Last Run
-------------------------------------  -----  ---------  --------  ----------  --------------  -------------------
/opt/airflow/dags/pakakumi_scraper.py                           1           0  0.18s           2026-01-03T14:34:38
================================================================================
[2026-01-03T14:35:38.222+0000] {manager.py:878} INFO - 
================================================================================
DAG File Processing Stats

File Path                              PID    Runtime      # DAGs    # Errors  Last Runtime    Last Run
-------------------------------------  -----  ---------  --------  ----------  --------------  -------------------
/opt/airflow/dags/pakakumi_scraper.py                           1           0  0.20s           2026-01-03T14:35:09
================================================================================
[2026-01-03T14:36:08.603+0000] {manager.py:878} INFO - 
================================================================================
DAG File Processing Stats

File Path                              PID    Runtime      # DAGs    # Errors  Last Runtime    Last Run
-------------------------------------  -----  ---------  --------  ----------  --------------  -------------------
/opt/airflow/dags/pakakumi_scraper.py                           1           0  0.24s           2026-01-03T14:35:39
================================================================================
[2026-01-03T14:36:38.844+0000] {manager.py:878} INFO - 
================================================================================
DAG File Processing Stats

File Path                              PID    Runtime      # DAGs    # Errors  Last Runtime    Last Run
-------------------------------------  -----  ---------  --------  ----------  --------------  -------------------
/opt/airflow/dags/pakakumi_scraper.py                           1           0  0.18s           2026-01-03T14:36:09
================================================================================
[2026-01-03T14:37:09.238+0000] {manager.py:878} INFO - 
================================================================================
DAG File Processing Stats

File Path                              PID    Runtime      # DAGs    # Errors  Last Runtime    Last Run
-------------------------------------  -----  ---------  --------  ----------  --------------  -------------------
/opt/airflow/dags/pakakumi_scraper.py                           1           0  0.20s           2026-01-03T14:36:40
================================================================================
[2026-01-03T14:37:39.491+0000] {manager.py:878} INFO - 
================================================================================
DAG File Processing Stats

File Path                              PID    Runtime      # DAGs    # Errors  Last Runtime    Last Run
-------------------------------------  -----  ---------  --------  ----------  --------------  -------------------
/opt/airflow/dags/pakakumi_scraper.py                           1           0  0.23s           2026-01-03T14:37:10
================================================================================
[2026-01-03T14:38:09.839+0000] {manager.py:878} INFO - 
================================================================================
DAG File Processing Stats

File Path                              PID    Runtime      # DAGs    # Errors  Last Runtime    Last Run
-------------------------------------  -----  ---------  --------  ----------  --------------  -------------------
/opt/airflow/dags/pakakumi_scraper.py                           1           0  0.18s           2026-01-03T14:37:40
================================================================================
[2026-01-03T14:38:23.941+0000] {manager.py:737} INFO - Searching for files in /opt/airflow/dags
[2026-01-03T14:38:23.993+0000] {manager.py:740} INFO - There are 1 files in /opt/airflow/dags
[2026-01-03T14:38:40.182+0000] {manager.py:878} INFO - 
================================================================================
DAG File Processing Stats

File Path                              PID    Runtime      # DAGs    # Errors  Last Runtime    Last Run
-------------------------------------  -----  ---------  --------  ----------  --------------  -------------------
/opt/airflow/dags/pakakumi_scraper.py                           1           0  0.18s           2026-01-03T14:38:11
================================================================================
[2026-01-03T14:39:10.505+0000] {manager.py:878} INFO - 
================================================================================
DAG File Processing Stats

File Path                              PID    Runtime      # DAGs    # Errors  Last Runtime    Last Run
-------------------------------------  -----  ---------  --------  ----------  --------------  -------------------
/opt/airflow/dags/pakakumi_scraper.py                           1           0  0.20s           2026-01-03T14:38:41
================================================================================
[2026-01-03T14:39:40.862+0000] {manager.py:878} INFO - 
================================================================================
DAG File Processing Stats

File Path                              PID    Runtime      # DAGs    # Errors  Last Runtime    Last Run
-------------------------------------  -----  ---------  --------  ----------  --------------  -------------------
/opt/airflow/dags/pakakumi_scraper.py                           1           0  0.23s           2026-01-03T14:39:11
================================================================================
[2026-01-03T14:40:11.199+0000] {manager.py:878} INFO - 
================================================================================
DAG File Processing Stats

File Path                              PID    Runtime      # DAGs    # Errors  Last Runtime    Last Run
-------------------------------------  -----  ---------  --------  ----------  --------------  -------------------
/opt/airflow/dags/pakakumi_scraper.py                           1           0  0.18s           2026-01-03T14:39:42
================================================================================
[2026-01-03T14:40:41.467+0000] {manager.py:878} INFO - 
================================================================================
DAG File Processing Stats

File Path                              PID    Runtime      # DAGs    # Errors  Last Runtime    Last Run
-------------------------------------  -----  ---------  --------  ----------  --------------  -------------------
/opt/airflow/dags/pakakumi_scraper.py                           1           0  0.17s           2026-01-03T14:40:12
================================================================================
[2026-01-03T14:41:11.858+0000] {manager.py:878} INFO - 
================================================================================
DAG File Processing Stats

File Path                              PID    Runtime      # DAGs    # Errors  Last Runtime    Last Run
-------------------------------------  -----  ---------  --------  ----------  --------------  -------------------
/opt/airflow/dags/pakakumi_scraper.py                           1           0  0.23s           2026-01-03T14:40:42
================================================================================
[2026-01-03T14:41:42.077+0000] {manager.py:878} INFO - 
================================================================================
DAG File Processing Stats

File Path                              PID    Runtime      # DAGs    # Errors  Last Runtime    Last Run
-------------------------------------  -----  ---------  --------  ----------  --------------  -------------------
/opt/airflow/dags/pakakumi_scraper.py                           1           0  0.18s           2026-01-03T14:41:13
================================================================================
[2026-01-03T14:42:12.463+0000] {manager.py:878} INFO - 
================================================================================
DAG File Processing Stats

File Path                              PID    Runtime      # DAGs    # Errors  Last Runtime    Last Run
-------------------------------------  -----  ---------  --------  ----------  --------------  -------------------
/opt/airflow/dags/pakakumi_scraper.py                           1           0  0.20s           2026-01-03T14:41:43
================================================================================
[2026-01-03T14:42:42.721+0000] {manager.py:878} INFO - 
================================================================================
DAG File Processing Stats

File Path                              PID    Runtime      # DAGs    # Errors  Last Runtime    Last Run
-------------------------------------  -----  ---------  --------  ----------  --------------  -------------------
/opt/airflow/dags/pakakumi_scraper.py                           1           0  0.19s           2026-01-03T14:42:13
================================================================================
[2026-01-03T14:43:13.061+0000] {manager.py:878} INFO - 
================================================================================
DAG File Processing Stats

File Path                              PID    Runtime      # DAGs    # Errors  Last Runtime    Last Run
-------------------------------------  -----  ---------  --------  ----------  --------------  -------------------
/opt/airflow/dags/pakakumi_scraper.py                           1           0  0.20s           2026-01-03T14:42:43
================================================================================
[2026-01-03T14:43:24.262+0000] {manager.py:737} INFO - Searching for files in /opt/airflow/dags
[2026-01-03T14:43:24.283+0000] {manager.py:740} INFO - There are 1 files in /opt/airflow/dags
[2026-01-03T14:43:43.450+0000] {manager.py:878} INFO - 
================================================================================
DAG File Processing Stats

File Path                              PID    Runtime      # DAGs    # Errors  Last Runtime    Last Run
-------------------------------------  -----  ---------  --------  ----------  --------------  -------------------
/opt/airflow/dags/pakakumi_scraper.py                           1           0  0.20s           2026-01-03T14:43:14
================================================================================
[2026-01-03T14:44:13.735+0000] {manager.py:878} INFO - 
================================================================================
DAG File Processing Stats

File Path                              PID    Runtime      # DAGs    # Errors  Last Runtime    Last Run
-------------------------------------  -----  ---------  --------  ----------  --------------  -------------------
/opt/airflow/dags/pakakumi_scraper.py                           1           0  0.19s           2026-01-03T14:43:44
================================================================================
[2026-01-03T14:44:44.084+0000] {manager.py:878} INFO - 
================================================================================
DAG File Processing Stats

File Path                              PID    Runtime      # DAGs    # Errors  Last Runtime    Last Run
-------------------------------------  -----  ---------  --------  ----------  --------------  -------------------
/opt/airflow/dags/pakakumi_scraper.py                           1           0  0.20s           2026-01-03T14:44:14
================================================================================
[2026-01-03T14:45:14.412+0000] {manager.py:878} INFO - 
================================================================================
DAG File Processing Stats

File Path                              PID    Runtime      # DAGs    # Errors  Last Runtime    Last Run
-------------------------------------  -----  ---------  --------  ----------  --------------  -------------------
/opt/airflow/dags/pakakumi_scraper.py                           1           0  0.20s           2026-01-03T14:44:45
================================================================================
[2026-01-03T14:45:44.714+0000] {manager.py:878} INFO - 
================================================================================
DAG File Processing Stats

File Path                              PID    Runtime      # DAGs    # Errors  Last Runtime    Last Run
-------------------------------------  -----  ---------  --------  ----------  --------------  -------------------
/opt/airflow/dags/pakakumi_scraper.py                           1           0  0.18s           2026-01-03T14:45:15
================================================================================
[2026-01-03T14:46:14.987+0000] {manager.py:878} INFO - 
================================================================================
DAG File Processing Stats

File Path                              PID    Runtime      # DAGs    # Errors  Last Runtime    Last Run
-------------------------------------  -----  ---------  --------  ----------  --------------  -------------------
/opt/airflow/dags/pakakumi_scraper.py                           1           0  0.20s           2026-01-03T14:45:45
================================================================================
[2026-01-03T14:46:45.391+0000] {manager.py:878} INFO - 
================================================================================
DAG File Processing Stats

File Path                              PID    Runtime      # DAGs    # Errors  Last Runtime    Last Run
-------------------------------------  -----  ---------  --------  ----------  --------------  -------------------
/opt/airflow/dags/pakakumi_scraper.py                           1           0  0.21s           2026-01-03T14:46:16
================================================================================
[2026-01-03T14:47:15.667+0000] {manager.py:878} INFO - 
================================================================================
DAG File Processing Stats

File Path                              PID    Runtime      # DAGs    # Errors  Last Runtime    Last Run
-------------------------------------  -----  ---------  --------  ----------  --------------  -------------------
/opt/airflow/dags/pakakumi_scraper.py                           1           0  0.18s           2026-01-03T14:46:46
================================================================================
[2026-01-03T14:47:46.003+0000] {manager.py:878} INFO - 
================================================================================
DAG File Processing Stats

File Path                              PID    Runtime      # DAGs    # Errors  Last Runtime    Last Run
-------------------------------------  -----  ---------  --------  ----------  --------------  -------------------
/opt/airflow/dags/pakakumi_scraper.py                           1           0  0.21s           2026-01-03T14:47:16
================================================================================
[2026-01-03T14:48:16.305+0000] {manager.py:878} INFO - 
================================================================================
DAG File Processing Stats

File Path                              PID    Runtime      # DAGs    # Errors  Last Runtime    Last Run
-------------------------------------  -----  ---------  --------  ----------  --------------  -------------------
/opt/airflow/dags/pakakumi_scraper.py                           1           0  0.21s           2026-01-03T14:47:47
================================================================================
[2026-01-03T14:48:24.504+0000] {manager.py:737} INFO - Searching for files in /opt/airflow/dags
[2026-01-03T14:48:24.553+0000] {manager.py:740} INFO - There are 1 files in /opt/airflow/dags
[2026-01-03T14:48:46.747+0000] {manager.py:878} INFO - 
================================================================================
DAG File Processing Stats

File Path                              PID    Runtime      # DAGs    # Errors  Last Runtime    Last Run
-------------------------------------  -----  ---------  --------  ----------  --------------  -------------------
/opt/airflow/dags/pakakumi_scraper.py                           1           0  0.21s           2026-01-03T14:48:17
================================================================================
[2026-01-03T14:49:17.019+0000] {manager.py:878} INFO - 
================================================================================
DAG File Processing Stats

File Path                              PID    Runtime      # DAGs    # Errors  Last Runtime    Last Run
-------------------------------------  -----  ---------  --------  ----------  --------------  -------------------
/opt/airflow/dags/pakakumi_scraper.py                           1           0  0.19s           2026-01-03T14:48:47
================================================================================
[2026-01-03T14:49:47.348+0000] {manager.py:878} INFO - 
================================================================================
DAG File Processing Stats

File Path                              PID    Runtime      # DAGs    # Errors  Last Runtime    Last Run
-------------------------------------  -----  ---------  --------  ----------  --------------  -------------------
/opt/airflow/dags/pakakumi_scraper.py                           1           0  0.21s           2026-01-03T14:49:18
================================================================================
[2026-01-03T14:50:17.631+0000] {manager.py:878} INFO - 
================================================================================
DAG File Processing Stats

File Path                              PID    Runtime      # DAGs    # Errors  Last Runtime    Last Run
-------------------------------------  -----  ---------  --------  ----------  --------------  -------------------
/opt/airflow/dags/pakakumi_scraper.py                           1           0  0.19s           2026-01-03T14:49:48
================================================================================
[2026-01-03T14:50:47.952+0000] {manager.py:878} INFO - 
================================================================================
DAG File Processing Stats

File Path                              PID    Runtime      # DAGs    # Errors  Last Runtime    Last Run
-------------------------------------  -----  ---------  --------  ----------  --------------  -------------------
/opt/airflow/dags/pakakumi_scraper.py                           1           0  0.26s           2026-01-03T14:50:18
================================================================================
[2026-01-03T14:51:18.322+0000] {manager.py:878} INFO - 
================================================================================
DAG File Processing Stats

File Path                              PID    Runtime      # DAGs    # Errors  Last Runtime    Last Run
-------------------------------------  -----  ---------  --------  ----------  --------------  -------------------
/opt/airflow/dags/pakakumi_scraper.py                           1           0  0.20s           2026-01-03T14:50:49
================================================================================
[2026-01-03T14:51:48.608+0000] {manager.py:878} INFO - 
================================================================================
DAG File Processing Stats

File Path                              PID    Runtime      # DAGs    # Errors  Last Runtime    Last Run
-------------------------------------  -----  ---------  --------  ----------  --------------  -------------------
/opt/airflow/dags/pakakumi_scraper.py                           1           0  0.21s           2026-01-03T14:51:19
================================================================================
[2026-01-03T14:52:18.928+0000] {manager.py:878} INFO - 
================================================================================
DAG File Processing Stats

File Path                              PID    Runtime      # DAGs    # Errors  Last Runtime    Last Run
-------------------------------------  -----  ---------  --------  ----------  --------------  -------------------
/opt/airflow/dags/pakakumi_scraper.py                           1           0  0.18s           2026-01-03T14:51:49
================================================================================
[2026-01-03T14:52:49.194+0000] {manager.py:878} INFO - 
================================================================================
DAG File Processing Stats

File Path                              PID    Runtime      # DAGs    # Errors  Last Runtime    Last Run
-------------------------------------  -----  ---------  --------  ----------  --------------  -------------------
/opt/airflow/dags/pakakumi_scraper.py                           1           0  0.22s           2026-01-03T14:52:20
================================================================================
[2026-01-03T14:53:19.566+0000] {manager.py:878} INFO - 
================================================================================
DAG File Processing Stats

File Path                              PID    Runtime      # DAGs    # Errors  Last Runtime    Last Run
-------------------------------------  -----  ---------  --------  ----------  --------------  -------------------
/opt/airflow/dags/pakakumi_scraper.py                           1           0  0.19s           2026-01-03T14:52:50
================================================================================
[2026-01-03T14:53:24.648+0000] {manager.py:737} INFO - Searching for files in /opt/airflow/dags
[2026-01-03T14:53:24.717+0000] {manager.py:740} INFO - There are 1 files in /opt/airflow/dags
[2026-01-03T14:53:49.926+0000] {manager.py:878} INFO - 
================================================================================
DAG File Processing Stats

File Path                              PID    Runtime      # DAGs    # Errors  Last Runtime    Last Run
-------------------------------------  -----  ---------  --------  ----------  --------------  -------------------
/opt/airflow/dags/pakakumi_scraper.py                           1           0  0.20s           2026-01-03T14:53:20
================================================================================
[2026-01-03T14:54:20.196+0000] {manager.py:878} INFO - 
================================================================================
DAG File Processing Stats

File Path                              PID    Runtime      # DAGs    # Errors  Last Runtime    Last Run
-------------------------------------  -----  ---------  --------  ----------  --------------  -------------------
/opt/airflow/dags/pakakumi_scraper.py                           1           0  0.18s           2026-01-03T14:53:51
================================================================================
[2026-01-03T14:54:50.507+0000] {manager.py:878} INFO - 
================================================================================
DAG File Processing Stats

File Path                              PID    Runtime      # DAGs    # Errors  Last Runtime    Last Run
-------------------------------------  -----  ---------  --------  ----------  --------------  -------------------
/opt/airflow/dags/pakakumi_scraper.py                           1           0  0.25s           2026-01-03T14:54:21
================================================================================
[2026-01-03T14:55:20.905+0000] {manager.py:878} INFO - 
================================================================================
DAG File Processing Stats

File Path                              PID    Runtime      # DAGs    # Errors  Last Runtime    Last Run
-------------------------------------  -----  ---------  --------  ----------  --------------  -------------------
/opt/airflow/dags/pakakumi_scraper.py                           1           0  0.19s           2026-01-03T14:54:51
================================================================================
[2026-01-03T14:55:51.131+0000] {manager.py:878} INFO - 
================================================================================
DAG File Processing Stats

File Path                              PID    Runtime      # DAGs    # Errors  Last Runtime    Last Run
-------------------------------------  -----  ---------  --------  ----------  --------------  -------------------
/opt/airflow/dags/pakakumi_scraper.py                           1           0  0.18s           2026-01-03T14:55:22
================================================================================
[2026-01-03T14:56:21.453+0000] {manager.py:878} INFO - 
================================================================================
DAG File Processing Stats

File Path                              PID    Runtime      # DAGs    # Errors  Last Runtime    Last Run
-------------------------------------  -----  ---------  --------  ----------  --------------  -------------------
/opt/airflow/dags/pakakumi_scraper.py                           1           0  0.19s           2026-01-03T14:55:52
================================================================================
[2026-01-03T14:56:51.730+0000] {manager.py:878} INFO - 
================================================================================
DAG File Processing Stats

File Path                              PID    Runtime      # DAGs    # Errors  Last Runtime    Last Run
-------------------------------------  -----  ---------  --------  ----------  --------------  -------------------
/opt/airflow/dags/pakakumi_scraper.py                           1           0  0.19s           2026-01-03T14:56:22
================================================================================
[2026-01-03T14:57:22.064+0000] {manager.py:878} INFO - 
================================================================================
DAG File Processing Stats

File Path                              PID    Runtime      # DAGs    # Errors  Last Runtime    Last Run
-------------------------------------  -----  ---------  --------  ----------  --------------  -------------------
/opt/airflow/dags/pakakumi_scraper.py                           1           0  0.20s           2026-01-03T14:56:52
================================================================================
[2026-01-03T14:57:52.386+0000] {manager.py:878} INFO - 
================================================================================
DAG File Processing Stats

File Path                              PID    Runtime      # DAGs    # Errors  Last Runtime    Last Run
-------------------------------------  -----  ---------  --------  ----------  --------------  -------------------
/opt/airflow/dags/pakakumi_scraper.py                           1           0  0.21s           2026-01-03T14:57:23
================================================================================
[2026-01-03T14:58:22.677+0000] {manager.py:878} INFO - 
================================================================================
DAG File Processing Stats

File Path                              PID    Runtime      # DAGs    # Errors  Last Runtime    Last Run
-------------------------------------  -----  ---------  --------  ----------  --------------  -------------------
/opt/airflow/dags/pakakumi_scraper.py                           1           0  0.22s           2026-01-03T14:57:53
================================================================================
[2026-01-03T14:58:24.849+0000] {manager.py:737} INFO - Searching for files in /opt/airflow/dags
[2026-01-03T14:58:24.875+0000] {manager.py:740} INFO - There are 1 files in /opt/airflow/dags
[2026-01-03T14:58:53.104+0000] {manager.py:878} INFO - 
================================================================================
DAG File Processing Stats

File Path                              PID    Runtime      # DAGs    # Errors  Last Runtime    Last Run
-------------------------------------  -----  ---------  --------  ----------  --------------  -------------------
/opt/airflow/dags/pakakumi_scraper.py                           1           0  0.18s           2026-01-03T14:58:23
================================================================================
[2026-01-03T14:59:23.339+0000] {manager.py:878} INFO - 
================================================================================
DAG File Processing Stats

File Path                              PID    Runtime      # DAGs    # Errors  Last Runtime    Last Run
-------------------------------------  -----  ---------  --------  ----------  --------------  -------------------
/opt/airflow/dags/pakakumi_scraper.py                           1           0  0.21s           2026-01-03T14:58:54
================================================================================
[2026-01-03T14:59:53.556+0000] {manager.py:878} INFO - 
================================================================================
DAG File Processing Stats

File Path                              PID    Runtime      # DAGs    # Errors  Last Runtime    Last Run
-------------------------------------  -----  ---------  --------  ----------  --------------  -------------------
/opt/airflow/dags/pakakumi_scraper.py                           1           0  0.18s           2026-01-03T14:59:24
================================================================================
[2026-01-03T15:00:23.924+0000] {manager.py:878} INFO - 
================================================================================
DAG File Processing Stats

File Path                              PID    Runtime      # DAGs    # Errors  Last Runtime    Last Run
-------------------------------------  -----  ---------  --------  ----------  --------------  -------------------
/opt/airflow/dags/pakakumi_scraper.py                           1           0  0.18s           2026-01-03T14:59:54
================================================================================
[2026-01-03T15:00:54.153+0000] {manager.py:878} INFO - 
================================================================================
DAG File Processing Stats

File Path                              PID    Runtime      # DAGs    # Errors  Last Runtime    Last Run
-------------------------------------  -----  ---------  --------  ----------  --------------  -------------------
/opt/airflow/dags/pakakumi_scraper.py                           1           0  0.19s           2026-01-03T15:00:25
================================================================================
[2026-01-03T15:01:24.522+0000] {manager.py:878} INFO - 
================================================================================
DAG File Processing Stats

File Path                              PID    Runtime      # DAGs    # Errors  Last Runtime    Last Run
-------------------------------------  -----  ---------  --------  ----------  --------------  -------------------
/opt/airflow/dags/pakakumi_scraper.py                           1           0  0.20s           2026-01-03T15:00:55
================================================================================
[2026-01-03T15:01:54.833+0000] {manager.py:878} INFO - 
================================================================================
DAG File Processing Stats

File Path                              PID    Runtime      # DAGs    # Errors  Last Runtime    Last Run
-------------------------------------  -----  ---------  --------  ----------  --------------  -------------------
/opt/airflow/dags/pakakumi_scraper.py                           1           0  0.19s           2026-01-03T15:01:25
================================================================================
[2026-01-03T15:02:25.118+0000] {manager.py:878} INFO - 
================================================================================
DAG File Processing Stats

File Path                              PID    Runtime      # DAGs    # Errors  Last Runtime    Last Run
-------------------------------------  -----  ---------  --------  ----------  --------------  -------------------
/opt/airflow/dags/pakakumi_scraper.py                           1           0  0.19s           2026-01-03T15:01:56
================================================================================
[2026-01-03T15:02:55.471+0000] {manager.py:878} INFO - 
================================================================================
DAG File Processing Stats

File Path                              PID    Runtime      # DAGs    # Errors  Last Runtime    Last Run
-------------------------------------  -----  ---------  --------  ----------  --------------  -------------------
/opt/airflow/dags/pakakumi_scraper.py                           1           0  0.19s           2026-01-03T15:02:26
================================================================================
[2026-01-03T15:03:25.729+0000] {manager.py:737} INFO - Searching for files in /opt/airflow/dags
[2026-01-03T15:03:25.782+0000] {manager.py:740} INFO - There are 1 files in /opt/airflow/dags
[2026-01-03T15:03:25.811+0000] {manager.py:878} INFO - 
================================================================================
DAG File Processing Stats

File Path                              PID    Runtime      # DAGs    # Errors  Last Runtime    Last Run
-------------------------------------  -----  ---------  --------  ----------  --------------  -------------------
/opt/airflow/dags/pakakumi_scraper.py                           1           0  0.18s           2026-01-03T15:02:56
================================================================================
[2026-01-03T15:03:56.037+0000] {manager.py:878} INFO - 
================================================================================
DAG File Processing Stats

File Path                              PID    Runtime      # DAGs    # Errors  Last Runtime    Last Run
-------------------------------------  -----  ---------  --------  ----------  --------------  -------------------
/opt/airflow/dags/pakakumi_scraper.py                           1           0  0.26s           2026-01-03T15:03:27
================================================================================
[2026-01-03T15:04:26.490+0000] {manager.py:878} INFO - 
================================================================================
DAG File Processing Stats

File Path                              PID    Runtime      # DAGs    # Errors  Last Runtime    Last Run
-------------------------------------  -----  ---------  --------  ----------  --------------  -------------------
/opt/airflow/dags/pakakumi_scraper.py                           1           0  0.19s           2026-01-03T15:03:57
================================================================================
[2026-01-03T15:04:56.868+0000] {manager.py:878} INFO - 
================================================================================
DAG File Processing Stats

File Path                              PID    Runtime      # DAGs    # Errors  Last Runtime    Last Run
-------------------------------------  -----  ---------  --------  ----------  --------------  -------------------
/opt/airflow/dags/pakakumi_scraper.py                           1           0  0.23s           2026-01-03T15:04:27
================================================================================
[2026-01-03T15:05:27.107+0000] {manager.py:878} INFO - 
================================================================================
DAG File Processing Stats

File Path                              PID    Runtime      # DAGs    # Errors  Last Runtime    Last Run
-------------------------------------  -----  ---------  --------  ----------  --------------  -------------------
/opt/airflow/dags/pakakumi_scraper.py                           1           0  0.19s           2026-01-03T15:04:58
================================================================================
[2026-01-03T15:05:57.318+0000] {manager.py:878} INFO - 
================================================================================
DAG File Processing Stats

File Path                              PID    Runtime      # DAGs    # Errors  Last Runtime    Last Run
-------------------------------------  -----  ---------  --------  ----------  --------------  -------------------
/opt/airflow/dags/pakakumi_scraper.py                           1           0  0.19s           2026-01-03T15:05:28
================================================================================
[2026-01-03T15:06:27.721+0000] {manager.py:878} INFO - 
================================================================================
DAG File Processing Stats

File Path                              PID    Runtime      # DAGs    # Errors  Last Runtime    Last Run
-------------------------------------  -----  ---------  --------  ----------  --------------  -------------------
/opt/airflow/dags/pakakumi_scraper.py                           1           0  0.25s           2026-01-03T15:05:58
================================================================================
[2026-01-03T15:06:58.034+0000] {manager.py:878} INFO - 
================================================================================
DAG File Processing Stats

File Path                              PID    Runtime      # DAGs    # Errors  Last Runtime    Last Run
-------------------------------------  -----  ---------  --------  ----------  --------------  -------------------
/opt/airflow/dags/pakakumi_scraper.py                           1           0  0.22s           2026-01-03T15:06:28
================================================================================
[2026-01-03T15:07:28.419+0000] {manager.py:878} INFO - 
================================================================================
DAG File Processing Stats

File Path                              PID    Runtime      # DAGs    # Errors  Last Runtime    Last Run
-------------------------------------  -----  ---------  --------  ----------  --------------  -------------------
/opt/airflow/dags/pakakumi_scraper.py                           1           0  0.26s           2026-01-03T15:06:59
================================================================================
[2026-01-03T15:07:58.708+0000] {manager.py:878} INFO - 
================================================================================
DAG File Processing Stats

File Path                              PID    Runtime      # DAGs    # Errors  Last Runtime    Last Run
-------------------------------------  -----  ---------  --------  ----------  --------------  -------------------
/opt/airflow/dags/pakakumi_scraper.py                           1           0  0.20s           2026-01-03T15:07:29
================================================================================
[2026-01-03T15:08:26.038+0000] {manager.py:737} INFO - Searching for files in /opt/airflow/dags
[2026-01-03T15:08:26.059+0000] {manager.py:740} INFO - There are 1 files in /opt/airflow/dags
[2026-01-03T15:08:29.097+0000] {manager.py:878} INFO - 
================================================================================
DAG File Processing Stats

File Path                              PID    Runtime      # DAGs    # Errors  Last Runtime    Last Run
-------------------------------------  -----  ---------  --------  ----------  --------------  -------------------
/opt/airflow/dags/pakakumi_scraper.py                           1           0  0.18s           2026-01-03T15:07:59
================================================================================
[2026-01-03T15:08:59.329+0000] {manager.py:878} INFO - 
================================================================================
DAG File Processing Stats

File Path                              PID    Runtime      # DAGs    # Errors  Last Runtime    Last Run
-------------------------------------  -----  ---------  --------  ----------  --------------  -------------------
/opt/airflow/dags/pakakumi_scraper.py                           1           0  0.21s           2026-01-03T15:08:30
================================================================================
[2026-01-03T15:09:29.763+0000] {manager.py:878} INFO - 
================================================================================
DAG File Processing Stats

File Path                              PID    Runtime      # DAGs    # Errors  Last Runtime    Last Run
-------------------------------------  -----  ---------  --------  ----------  --------------  -------------------
/opt/airflow/dags/pakakumi_scraper.py                           1           0  0.19s           2026-01-03T15:09:00
================================================================================
[2026-01-03T15:10:00.004+0000] {manager.py:878} INFO - 
================================================================================
DAG File Processing Stats

File Path                              PID    Runtime      # DAGs    # Errors  Last Runtime    Last Run
-------------------------------------  -----  ---------  --------  ----------  --------------  -------------------
/opt/airflow/dags/pakakumi_scraper.py                           1           0  0.21s           2026-01-03T15:09:30
================================================================================
[2026-01-03T15:10:30.408+0000] {manager.py:878} INFO - 
================================================================================
DAG File Processing Stats

File Path                              PID    Runtime      # DAGs    # Errors  Last Runtime    Last Run
-------------------------------------  -----  ---------  --------  ----------  --------------  -------------------
/opt/airflow/dags/pakakumi_scraper.py                           1           0  0.21s           2026-01-03T15:10:01
================================================================================
[2026-01-03T15:11:00.667+0000] {manager.py:878} INFO - 
================================================================================
DAG File Processing Stats

File Path                              PID    Runtime      # DAGs    # Errors  Last Runtime    Last Run
-------------------------------------  -----  ---------  --------  ----------  --------------  -------------------
/opt/airflow/dags/pakakumi_scraper.py                           1           0  0.23s           2026-01-03T15:10:31
================================================================================
[2026-01-03T15:11:31.071+0000] {manager.py:878} INFO - 
================================================================================
DAG File Processing Stats

File Path                              PID    Runtime      # DAGs    # Errors  Last Runtime    Last Run
-------------------------------------  -----  ---------  --------  ----------  --------------  -------------------
/opt/airflow/dags/pakakumi_scraper.py                           1           0  0.19s           2026-01-03T15:11:01
================================================================================
[2026-01-03T15:12:01.308+0000] {manager.py:878} INFO - 
================================================================================
DAG File Processing Stats

File Path                              PID    Runtime      # DAGs    # Errors  Last Runtime    Last Run
-------------------------------------  -----  ---------  --------  ----------  --------------  -------------------
/opt/airflow/dags/pakakumi_scraper.py                           1           0  0.37s           2026-01-03T15:11:32
================================================================================
[2026-01-03T15:12:31.895+0000] {manager.py:878} INFO - 
================================================================================
DAG File Processing Stats

File Path                              PID    Runtime      # DAGs    # Errors  Last Runtime    Last Run
-------------------------------------  -----  ---------  --------  ----------  --------------  -------------------
/opt/airflow/dags/pakakumi_scraper.py                           1           0  0.23s           2026-01-03T15:12:02
================================================================================
[2026-01-03T15:13:02.323+0000] {manager.py:878} INFO - 
================================================================================
DAG File Processing Stats

File Path                              PID    Runtime      # DAGs    # Errors  Last Runtime    Last Run
-------------------------------------  -----  ---------  --------  ----------  --------------  -------------------
/opt/airflow/dags/pakakumi_scraper.py                           1           0  0.22s           2026-01-03T15:12:33
================================================================================
[2026-01-03T15:13:26.703+0000] {manager.py:737} INFO - Searching for files in /opt/airflow/dags
[2026-01-03T15:13:26.741+0000] {manager.py:740} INFO - There are 1 files in /opt/airflow/dags
[2026-01-03T15:13:32.797+0000] {manager.py:878} INFO - 
================================================================================
DAG File Processing Stats

File Path                              PID    Runtime      # DAGs    # Errors  Last Runtime    Last Run
-------------------------------------  -----  ---------  --------  ----------  --------------  -------------------
/opt/airflow/dags/pakakumi_scraper.py                           1           0  0.22s           2026-01-03T15:13:03
================================================================================
[2026-01-03T15:14:03.065+0000] {manager.py:878} INFO - 
================================================================================
DAG File Processing Stats

File Path                              PID    Runtime      # DAGs    # Errors  Last Runtime    Last Run
-------------------------------------  -----  ---------  --------  ----------  --------------  -------------------
/opt/airflow/dags/pakakumi_scraper.py                           1           0  0.19s           2026-01-03T15:13:34
================================================================================
[2026-01-03T15:14:33.409+0000] {manager.py:878} INFO - 
================================================================================
DAG File Processing Stats

File Path                              PID    Runtime      # DAGs    # Errors  Last Runtime    Last Run
-------------------------------------  -----  ---------  --------  ----------  --------------  -------------------
/opt/airflow/dags/pakakumi_scraper.py                           1           0  0.21s           2026-01-03T15:14:04
================================================================================
[2026-01-03T15:15:03.686+0000] {manager.py:878} INFO - 
================================================================================
DAG File Processing Stats

File Path                              PID    Runtime      # DAGs    # Errors  Last Runtime    Last Run
-------------------------------------  -----  ---------  --------  ----------  --------------  -------------------
/opt/airflow/dags/pakakumi_scraper.py                           1           0  0.21s           2026-01-03T15:14:34
================================================================================
[2026-01-03T15:15:34.067+0000] {manager.py:878} INFO - 
================================================================================
DAG File Processing Stats

File Path                              PID    Runtime      # DAGs    # Errors  Last Runtime    Last Run
-------------------------------------  -----  ---------  --------  ----------  --------------  -------------------
/opt/airflow/dags/pakakumi_scraper.py                           1           0  0.21s           2026-01-03T15:15:04
================================================================================
[2026-01-03T15:16:04.349+0000] {manager.py:878} INFO - 
================================================================================
DAG File Processing Stats

File Path                              PID    Runtime      # DAGs    # Errors  Last Runtime    Last Run
-------------------------------------  -----  ---------  --------  ----------  --------------  -------------------
/opt/airflow/dags/pakakumi_scraper.py                           1           0  0.17s           2026-01-03T15:15:35
================================================================================
[2026-01-03T15:16:34.681+0000] {manager.py:878} INFO - 
================================================================================
DAG File Processing Stats

File Path                              PID    Runtime      # DAGs    # Errors  Last Runtime    Last Run
-------------------------------------  -----  ---------  --------  ----------  --------------  -------------------
/opt/airflow/dags/pakakumi_scraper.py                           1           0  0.22s           2026-01-03T15:16:05
================================================================================
[2026-01-03T15:17:04.970+0000] {manager.py:878} INFO - 
================================================================================
DAG File Processing Stats

File Path                              PID    Runtime      # DAGs    # Errors  Last Runtime    Last Run
-------------------------------------  -----  ---------  --------  ----------  --------------  -------------------
/opt/airflow/dags/pakakumi_scraper.py                           1           0  0.19s           2026-01-03T15:16:35
================================================================================
[2026-01-03T15:17:35.285+0000] {manager.py:878} INFO - 
================================================================================
DAG File Processing Stats

File Path                              PID    Runtime      # DAGs    # Errors  Last Runtime    Last Run
-------------------------------------  -----  ---------  --------  ----------  --------------  -------------------
/opt/airflow/dags/pakakumi_scraper.py                           1           0  0.20s           2026-01-03T15:17:06
================================================================================
[2026-01-03T15:18:05.595+0000] {manager.py:878} INFO - 
================================================================================
DAG File Processing Stats

File Path                              PID    Runtime      # DAGs    # Errors  Last Runtime    Last Run
-------------------------------------  -----  ---------  --------  ----------  --------------  -------------------
/opt/airflow/dags/pakakumi_scraper.py                           1           0  0.19s           2026-01-03T15:17:36
================================================================================
[2026-01-03T15:18:26.803+0000] {manager.py:737} INFO - Searching for files in /opt/airflow/dags
[2026-01-03T15:18:26.828+0000] {manager.py:740} INFO - There are 1 files in /opt/airflow/dags
[2026-01-03T15:18:35.912+0000] {manager.py:878} INFO - 
================================================================================
DAG File Processing Stats

File Path                              PID    Runtime      # DAGs    # Errors  Last Runtime    Last Run
-------------------------------------  -----  ---------  --------  ----------  --------------  -------------------
/opt/airflow/dags/pakakumi_scraper.py                           1           0  0.19s           2026-01-03T15:18:06
================================================================================
[2026-01-03T15:19:06.198+0000] {manager.py:878} INFO - 
================================================================================
DAG File Processing Stats

File Path                              PID    Runtime      # DAGs    # Errors  Last Runtime    Last Run
-------------------------------------  -----  ---------  --------  ----------  --------------  -------------------
/opt/airflow/dags/pakakumi_scraper.py                           1           0  0.18s           2026-01-03T15:18:37
================================================================================
[2026-01-03T15:19:36.513+0000] {manager.py:878} INFO - 
================================================================================
DAG File Processing Stats

File Path                              PID    Runtime      # DAGs    # Errors  Last Runtime    Last Run
-------------------------------------  -----  ---------  --------  ----------  --------------  -------------------
/opt/airflow/dags/pakakumi_scraper.py                           1           0  0.22s           2026-01-03T15:19:07
================================================================================
[2026-01-03T15:20:06.861+0000] {manager.py:878} INFO - 
================================================================================
DAG File Processing Stats

File Path                              PID    Runtime      # DAGs    # Errors  Last Runtime    Last Run
-------------------------------------  -----  ---------  --------  ----------  --------------  -------------------
/opt/airflow/dags/pakakumi_scraper.py                           1           0  0.20s           2026-01-03T15:19:37
================================================================================
[2026-01-03T15:20:37.160+0000] {manager.py:878} INFO - 
================================================================================
DAG File Processing Stats

File Path                              PID    Runtime      # DAGs    # Errors  Last Runtime    Last Run
-------------------------------------  -----  ---------  --------  ----------  --------------  -------------------
/opt/airflow/dags/pakakumi_scraper.py                           1           0  0.19s           2026-01-03T15:20:08
================================================================================
[2026-01-03T15:21:07.452+0000] {manager.py:878} INFO - 
================================================================================
DAG File Processing Stats

File Path                              PID    Runtime      # DAGs    # Errors  Last Runtime    Last Run
-------------------------------------  -----  ---------  --------  ----------  --------------  -------------------
/opt/airflow/dags/pakakumi_scraper.py                           1           0  0.18s           2026-01-03T15:20:38
================================================================================
[2026-01-03T15:21:37.770+0000] {manager.py:878} INFO - 
================================================================================
DAG File Processing Stats

File Path                              PID    Runtime      # DAGs    # Errors  Last Runtime    Last Run
-------------------------------------  -----  ---------  --------  ----------  --------------  -------------------
/opt/airflow/dags/pakakumi_scraper.py                           1           0  0.21s           2026-01-03T15:21:08
================================================================================
[2026-01-03T15:22:08.065+0000] {manager.py:878} INFO - 
================================================================================
DAG File Processing Stats

File Path                              PID    Runtime      # DAGs    # Errors  Last Runtime    Last Run
-------------------------------------  -----  ---------  --------  ----------  --------------  -------------------
/opt/airflow/dags/pakakumi_scraper.py                           1           0  0.24s           2026-01-03T15:21:39
================================================================================
[2026-01-03T15:22:38.430+0000] {manager.py:878} INFO - 
================================================================================
DAG File Processing Stats

File Path                              PID    Runtime      # DAGs    # Errors  Last Runtime    Last Run
-------------------------------------  -----  ---------  --------  ----------  --------------  -------------------
/opt/airflow/dags/pakakumi_scraper.py                           1           0  0.19s           2026-01-03T15:22:09
================================================================================
[2026-01-03T15:23:08.668+0000] {manager.py:878} INFO - 
================================================================================
DAG File Processing Stats

File Path                              PID    Runtime      # DAGs    # Errors  Last Runtime    Last Run
-------------------------------------  -----  ---------  --------  ----------  --------------  -------------------
/opt/airflow/dags/pakakumi_scraper.py                           1           0  0.23s           2026-01-03T15:22:39
================================================================================
[2026-01-03T15:23:27.019+0000] {manager.py:737} INFO - Searching for files in /opt/airflow/dags
[2026-01-03T15:23:27.046+0000] {manager.py:740} INFO - There are 1 files in /opt/airflow/dags
[2026-01-03T15:23:39.142+0000] {manager.py:878} INFO - 
================================================================================
DAG File Processing Stats

File Path                              PID    Runtime      # DAGs    # Errors  Last Runtime    Last Run
-------------------------------------  -----  ---------  --------  ----------  --------------  -------------------
/opt/airflow/dags/pakakumi_scraper.py                           1           0  0.20s           2026-01-03T15:23:10
================================================================================
[2026-01-03T15:24:09.474+0000] {manager.py:878} INFO - 
================================================================================
DAG File Processing Stats

File Path                              PID    Runtime      # DAGs    # Errors  Last Runtime    Last Run
-------------------------------------  -----  ---------  --------  ----------  --------------  -------------------
/opt/airflow/dags/pakakumi_scraper.py                           1           0  0.24s           2026-01-03T15:23:40
================================================================================
[2026-01-03T15:24:39.813+0000] {manager.py:878} INFO - 
================================================================================
DAG File Processing Stats

File Path                              PID    Runtime      # DAGs    # Errors  Last Runtime    Last Run
-------------------------------------  -----  ---------  --------  ----------  --------------  -------------------
/opt/airflow/dags/pakakumi_scraper.py                           1           0  0.19s           2026-01-03T15:24:10
================================================================================
[2026-01-03T15:25:10.080+0000] {manager.py:878} INFO - 
================================================================================
DAG File Processing Stats

File Path                              PID    Runtime      # DAGs    # Errors  Last Runtime    Last Run
-------------------------------------  -----  ---------  --------  ----------  --------------  -------------------
/opt/airflow/dags/pakakumi_scraper.py                           1           0  0.18s           2026-01-03T15:24:41
================================================================================
[2026-01-03T15:25:40.384+0000] {manager.py:878} INFO - 
================================================================================
DAG File Processing Stats

File Path                              PID    Runtime      # DAGs    # Errors  Last Runtime    Last Run
-------------------------------------  -----  ---------  --------  ----------  --------------  -------------------
/opt/airflow/dags/pakakumi_scraper.py                           1           0  0.21s           2026-01-03T15:25:11
================================================================================
[2026-01-03T15:26:10.706+0000] {manager.py:878} INFO - 
================================================================================
DAG File Processing Stats

File Path                              PID    Runtime      # DAGs    # Errors  Last Runtime    Last Run
-------------------------------------  -----  ---------  --------  ----------  --------------  -------------------
/opt/airflow/dags/pakakumi_scraper.py                           1           0  0.19s           2026-01-03T15:25:41
================================================================================
[2026-01-03T15:26:40.975+0000] {manager.py:878} INFO - 
================================================================================
DAG File Processing Stats

File Path                              PID    Runtime      # DAGs    # Errors  Last Runtime    Last Run
-------------------------------------  -----  ---------  --------  ----------  --------------  -------------------
/opt/airflow/dags/pakakumi_scraper.py                           1           0  0.24s           2026-01-03T15:26:11
================================================================================
[2026-01-03T15:27:11.416+0000] {manager.py:878} INFO - 
================================================================================
DAG File Processing Stats

File Path                              PID    Runtime      # DAGs    # Errors  Last Runtime    Last Run
-------------------------------------  -----  ---------  --------  ----------  --------------  -------------------
/opt/airflow/dags/pakakumi_scraper.py                           1           0  0.25s           2026-01-03T15:26:42
================================================================================
[2026-01-03T15:27:41.694+0000] {manager.py:878} INFO - 
================================================================================
DAG File Processing Stats

File Path                              PID    Runtime      # DAGs    # Errors  Last Runtime    Last Run
-------------------------------------  -----  ---------  --------  ----------  --------------  -------------------
/opt/airflow/dags/pakakumi_scraper.py                           1           0  0.25s           2026-01-03T15:27:12
================================================================================
[2026-01-03T15:28:12.146+0000] {manager.py:878} INFO - 
================================================================================
DAG File Processing Stats

File Path                              PID    Runtime      # DAGs    # Errors  Last Runtime    Last Run
-------------------------------------  -----  ---------  --------  ----------  --------------  -------------------
/opt/airflow/dags/pakakumi_scraper.py                           1           0  0.23s           2026-01-03T15:27:43
================================================================================
[2026-01-03T15:29:12.449+0000] {manager.py:470} INFO - Processing files using up to 2 processes at a time 
[2026-01-03T15:29:12.451+0000] {manager.py:471} INFO - Process each file at most once every 30 seconds
[2026-01-03T15:29:12.452+0000] {manager.py:472} INFO - Checking for new files in /opt/airflow/dags every 300 seconds
[2026-01-03T15:29:12.453+0000] {manager.py:737} INFO - Searching for files in /opt/airflow/dags
[2026-01-03T15:29:12.473+0000] {manager.py:740} INFO - There are 1 files in /opt/airflow/dags
[2026-01-03T15:29:12.613+0000] {manager.py:878} INFO - 
================================================================================
DAG File Processing Stats

File Path                                PID  Runtime      # DAGs    # Errors  Last Runtime    Last Run
-------------------------------------  -----  ---------  --------  ----------  --------------  ----------
/opt/airflow/dags/pakakumi_scraper.py    165  0.07s             0           0
================================================================================
[2026-01-03T15:29:42.804+0000] {manager.py:878} INFO - 
================================================================================
DAG File Processing Stats

File Path                              PID    Runtime      # DAGs    # Errors  Last Runtime    Last Run
-------------------------------------  -----  ---------  --------  ----------  --------------  -------------------
/opt/airflow/dags/pakakumi_scraper.py                           1           0  0.28s           2026-01-03T15:29:12
================================================================================
[2026-01-03T15:30:13.235+0000] {manager.py:878} INFO - 
================================================================================
DAG File Processing Stats

File Path                                PID  Runtime      # DAGs    # Errors  Last Runtime    Last Run
-------------------------------------  -----  ---------  --------  ----------  --------------  -------------------
/opt/airflow/dags/pakakumi_scraper.py    175  0.01s             1           0  0.20s           2026-01-03T15:29:43
================================================================================
[2026-01-03T15:30:43.629+0000] {manager.py:878} INFO - 
================================================================================
DAG File Processing Stats

File Path                                PID  Runtime      # DAGs    # Errors  Last Runtime    Last Run
-------------------------------------  -----  ---------  --------  ----------  --------------  -------------------
/opt/airflow/dags/pakakumi_scraper.py    180  0.01s             1           0  0.28s           2026-01-03T15:30:13
================================================================================
[2026-01-03T15:31:13.892+0000] {manager.py:878} INFO - 
================================================================================
DAG File Processing Stats

File Path                                PID  Runtime      # DAGs    # Errors  Last Runtime    Last Run
-------------------------------------  -----  ---------  --------  ----------  --------------  -------------------
/opt/airflow/dags/pakakumi_scraper.py    185  0.01s             1           0  0.21s           2026-01-03T15:30:43
================================================================================
[2026-01-03T15:31:44.264+0000] {manager.py:878} INFO - 
================================================================================
DAG File Processing Stats

File Path                                PID  Runtime      # DAGs    # Errors  Last Runtime    Last Run
-------------------------------------  -----  ---------  --------  ----------  --------------  -------------------
/opt/airflow/dags/pakakumi_scraper.py    190  0.01s             1           0  0.20s           2026-01-03T15:31:14
================================================================================
[2026-01-03T15:32:14.505+0000] {manager.py:878} INFO - 
================================================================================
DAG File Processing Stats

File Path                                PID  Runtime      # DAGs    # Errors  Last Runtime    Last Run
-------------------------------------  -----  ---------  --------  ----------  --------------  -------------------
/opt/airflow/dags/pakakumi_scraper.py    195  0.01s             1           0  0.22s           2026-01-03T15:31:44
================================================================================
[2026-01-03T15:32:44.918+0000] {manager.py:878} INFO - 
================================================================================
DAG File Processing Stats

File Path                                PID  Runtime      # DAGs    # Errors  Last Runtime    Last Run
-------------------------------------  -----  ---------  --------  ----------  --------------  -------------------
/opt/airflow/dags/pakakumi_scraper.py    200  0.01s             1           0  0.22s           2026-01-03T15:32:14
================================================================================
[2026-01-03T15:33:15.169+0000] {manager.py:878} INFO - 
================================================================================
DAG File Processing Stats

File Path                                PID  Runtime      # DAGs    # Errors  Last Runtime    Last Run
-------------------------------------  -----  ---------  --------  ----------  --------------  -------------------
/opt/airflow/dags/pakakumi_scraper.py    205  0.01s             1           0  0.20s           2026-01-03T15:32:45
================================================================================
[2026-01-03T15:33:45.543+0000] {manager.py:878} INFO - 
================================================================================
DAG File Processing Stats

File Path                                PID  Runtime      # DAGs    # Errors  Last Runtime    Last Run
-------------------------------------  -----  ---------  --------  ----------  --------------  -------------------
/opt/airflow/dags/pakakumi_scraper.py    210  0.01s             1           0  0.19s           2026-01-03T15:33:15
================================================================================
[2026-01-03T15:34:12.775+0000] {manager.py:737} INFO - Searching for files in /opt/airflow/dags
[2026-01-03T15:34:12.815+0000] {manager.py:740} INFO - There are 1 files in /opt/airflow/dags
[2026-01-03T15:34:15.868+0000] {manager.py:878} INFO - 
================================================================================
DAG File Processing Stats

File Path                                PID  Runtime      # DAGs    # Errors  Last Runtime    Last Run
-------------------------------------  -----  ---------  --------  ----------  --------------  -------------------
/opt/airflow/dags/pakakumi_scraper.py    215  0.01s             1           0  0.19s           2026-01-03T15:33:45
================================================================================
[2026-01-03T15:34:46.124+0000] {manager.py:878} INFO - 
================================================================================
DAG File Processing Stats

File Path                                PID  Runtime      # DAGs    # Errors  Last Runtime    Last Run
-------------------------------------  -----  ---------  --------  ----------  --------------  -------------------
/opt/airflow/dags/pakakumi_scraper.py    220  0.01s             1           0  0.19s           2026-01-03T15:34:16
================================================================================
[2026-01-03T15:35:16.486+0000] {manager.py:878} INFO - 
================================================================================
DAG File Processing Stats

File Path                                PID  Runtime      # DAGs    # Errors  Last Runtime    Last Run
-------------------------------------  -----  ---------  --------  ----------  --------------  -------------------
/opt/airflow/dags/pakakumi_scraper.py    225  0.01s             1           0  0.18s           2026-01-03T15:34:46
================================================================================
[2026-01-03T15:35:46.702+0000] {manager.py:878} INFO - 
================================================================================
DAG File Processing Stats

File Path                                PID  Runtime      # DAGs    # Errors  Last Runtime    Last Run
-------------------------------------  -----  ---------  --------  ----------  --------------  -------------------
/opt/airflow/dags/pakakumi_scraper.py    230  0.01s             1           0  0.18s           2026-01-03T15:35:16
================================================================================
[2026-01-03T15:36:17.098+0000] {manager.py:878} INFO - 
================================================================================
DAG File Processing Stats

File Path                                PID  Runtime      # DAGs    # Errors  Last Runtime    Last Run
-------------------------------------  -----  ---------  --------  ----------  --------------  -------------------
/opt/airflow/dags/pakakumi_scraper.py    235  0.01s             1           0  0.18s           2026-01-03T15:35:46
================================================================================
[2026-01-03T15:36:47.336+0000] {manager.py:878} INFO - 
================================================================================
DAG File Processing Stats

File Path                                PID  Runtime      # DAGs    # Errors  Last Runtime    Last Run
-------------------------------------  -----  ---------  --------  ----------  --------------  -------------------
/opt/airflow/dags/pakakumi_scraper.py    240  0.01s             1           0  0.19s           2026-01-03T15:36:17
================================================================================
[2026-01-03T15:37:17.688+0000] {manager.py:878} INFO - 
================================================================================
DAG File Processing Stats

File Path                                PID  Runtime      # DAGs    # Errors  Last Runtime    Last Run
-------------------------------------  -----  ---------  --------  ----------  --------------  -------------------
/opt/airflow/dags/pakakumi_scraper.py    245  0.01s             1           0  0.20s           2026-01-03T15:36:47
================================================================================
[2026-01-03T15:37:47.969+0000] {manager.py:878} INFO - 
================================================================================
DAG File Processing Stats

File Path                                PID  Runtime      # DAGs    # Errors  Last Runtime    Last Run
-------------------------------------  -----  ---------  --------  ----------  --------------  -------------------
/opt/airflow/dags/pakakumi_scraper.py    250  0.01s             1           0  0.20s           2026-01-03T15:37:17
================================================================================
[2026-01-03T15:38:18.299+0000] {manager.py:878} INFO - 
================================================================================
DAG File Processing Stats

File Path                                PID  Runtime      # DAGs    # Errors  Last Runtime    Last Run
-------------------------------------  -----  ---------  --------  ----------  --------------  -------------------
/opt/airflow/dags/pakakumi_scraper.py    255  0.01s             1           0  0.20s           2026-01-03T15:37:48
================================================================================
[2026-01-03T15:38:48.557+0000] {manager.py:878} INFO - 
================================================================================
DAG File Processing Stats

File Path                                PID  Runtime      # DAGs    # Errors  Last Runtime    Last Run
-------------------------------------  -----  ---------  --------  ----------  --------------  -------------------
/opt/airflow/dags/pakakumi_scraper.py    260  0.01s             1           0  0.18s           2026-01-03T15:38:18
================================================================================
[2026-01-03T15:39:12.867+0000] {manager.py:737} INFO - Searching for files in /opt/airflow/dags
[2026-01-03T15:39:12.887+0000] {manager.py:740} INFO - There are 1 files in /opt/airflow/dags
[2026-01-03T15:39:18.955+0000] {manager.py:878} INFO - 
================================================================================
DAG File Processing Stats

File Path                                PID  Runtime      # DAGs    # Errors  Last Runtime    Last Run
-------------------------------------  -----  ---------  --------  ----------  --------------  -------------------
/opt/airflow/dags/pakakumi_scraper.py    265  0.01s             1           0  0.18s           2026-01-03T15:38:48
================================================================================
[2026-01-03T15:39:49.195+0000] {manager.py:878} INFO - 
================================================================================
DAG File Processing Stats

File Path                                PID  Runtime      # DAGs    # Errors  Last Runtime    Last Run
-------------------------------------  -----  ---------  --------  ----------  --------------  -------------------
/opt/airflow/dags/pakakumi_scraper.py    270  0.01s             1           0  0.19s           2026-01-03T15:39:19
================================================================================
[2026-01-03T15:40:19.533+0000] {manager.py:878} INFO - 
================================================================================
DAG File Processing Stats

File Path                                PID  Runtime      # DAGs    # Errors  Last Runtime    Last Run
-------------------------------------  -----  ---------  --------  ----------  --------------  -------------------
/opt/airflow/dags/pakakumi_scraper.py    275  0.01s             1           0  0.19s           2026-01-03T15:39:49
================================================================================
[2026-01-03T15:40:49.781+0000] {manager.py:878} INFO - 
================================================================================
DAG File Processing Stats

File Path                                PID  Runtime      # DAGs    # Errors  Last Runtime    Last Run
-------------------------------------  -----  ---------  --------  ----------  --------------  -------------------
/opt/airflow/dags/pakakumi_scraper.py    280  0.01s             1           0  0.19s           2026-01-03T15:40:19
================================================================================
[2026-01-03T15:41:20.132+0000] {manager.py:878} INFO - 
================================================================================
DAG File Processing Stats

File Path                                PID  Runtime      # DAGs    # Errors  Last Runtime    Last Run
-------------------------------------  -----  ---------  --------  ----------  --------------  -------------------
/opt/airflow/dags/pakakumi_scraper.py    285  0.01s             1           0  0.19s           2026-01-03T15:40:49
================================================================================
[2026-01-03T15:41:50.387+0000] {manager.py:878} INFO - 
================================================================================
DAG File Processing Stats

File Path                                PID  Runtime      # DAGs    # Errors  Last Runtime    Last Run
-------------------------------------  -----  ---------  --------  ----------  --------------  -------------------
/opt/airflow/dags/pakakumi_scraper.py    290  0.01s             1           0  0.19s           2026-01-03T15:41:20
================================================================================
[2026-01-03T15:42:20.754+0000] {manager.py:878} INFO - 
================================================================================
DAG File Processing Stats

File Path                                PID  Runtime      # DAGs    # Errors  Last Runtime    Last Run
-------------------------------------  -----  ---------  --------  ----------  --------------  -------------------
/opt/airflow/dags/pakakumi_scraper.py    295  0.01s             1           0  0.19s           2026-01-03T15:41:50
================================================================================
[2026-01-03T15:42:51.013+0000] {manager.py:878} INFO - 
================================================================================
DAG File Processing Stats

File Path                                PID  Runtime      # DAGs    # Errors  Last Runtime    Last Run
-------------------------------------  -----  ---------  --------  ----------  --------------  -------------------
/opt/airflow/dags/pakakumi_scraper.py    300  0.01s             1           0  0.19s           2026-01-03T15:42:20
================================================================================
[2026-01-03T15:43:21.390+0000] {manager.py:878} INFO - 
================================================================================
DAG File Processing Stats

File Path                                PID  Runtime      # DAGs    # Errors  Last Runtime    Last Run
-------------------------------------  -----  ---------  --------  ----------  --------------  -------------------
/opt/airflow/dags/pakakumi_scraper.py    305  0.01s             1           0  0.21s           2026-01-03T15:42:51
================================================================================
[2026-01-03T15:43:51.702+0000] {manager.py:878} INFO - 
================================================================================
DAG File Processing Stats

File Path                                PID  Runtime      # DAGs    # Errors  Last Runtime    Last Run
-------------------------------------  -----  ---------  --------  ----------  --------------  -------------------
/opt/airflow/dags/pakakumi_scraper.py    310  0.01s             1           0  0.23s           2026-01-03T15:43:21
================================================================================
[2026-01-03T15:44:12.960+0000] {manager.py:737} INFO - Searching for files in /opt/airflow/dags
[2026-01-03T15:44:13.016+0000] {manager.py:740} INFO - There are 1 files in /opt/airflow/dags
[2026-01-03T15:44:22.127+0000] {manager.py:878} INFO - 
================================================================================
DAG File Processing Stats

File Path                                PID  Runtime      # DAGs    # Errors  Last Runtime    Last Run
-------------------------------------  -----  ---------  --------  ----------  --------------  -------------------
/opt/airflow/dags/pakakumi_scraper.py    315  0.01s             1           0  0.19s           2026-01-03T15:43:51
================================================================================
[2026-01-03T15:44:52.357+0000] {manager.py:878} INFO - 
================================================================================
DAG File Processing Stats

File Path                                PID  Runtime      # DAGs    # Errors  Last Runtime    Last Run
-------------------------------------  -----  ---------  --------  ----------  --------------  -------------------
/opt/airflow/dags/pakakumi_scraper.py    320  0.01s             1           0  0.18s           2026-01-03T15:44:22
================================================================================
[2026-01-03T15:45:22.726+0000] {manager.py:878} INFO - 
================================================================================
DAG File Processing Stats

File Path                                PID  Runtime      # DAGs    # Errors  Last Runtime    Last Run
-------------------------------------  -----  ---------  --------  ----------  --------------  -------------------
/opt/airflow/dags/pakakumi_scraper.py    325  0.01s             1           0  0.18s           2026-01-03T15:44:52
================================================================================
[2026-01-03T15:45:52.994+0000] {manager.py:878} INFO - 
================================================================================
DAG File Processing Stats

File Path                                PID  Runtime      # DAGs    # Errors  Last Runtime    Last Run
-------------------------------------  -----  ---------  --------  ----------  --------------  -------------------
/opt/airflow/dags/pakakumi_scraper.py    330  0.02s             1           0  0.20s           2026-01-03T15:45:22
================================================================================
[2026-01-03T15:46:23.402+0000] {manager.py:878} INFO - 
================================================================================
DAG File Processing Stats

File Path                                PID  Runtime      # DAGs    # Errors  Last Runtime    Last Run
-------------------------------------  -----  ---------  --------  ----------  --------------  -------------------
/opt/airflow/dags/pakakumi_scraper.py    335  0.01s             1           0  0.21s           2026-01-03T15:45:53
================================================================================
[2026-01-03T15:46:53.621+0000] {manager.py:878} INFO - 
================================================================================
DAG File Processing Stats

File Path                                PID  Runtime      # DAGs    # Errors  Last Runtime    Last Run
-------------------------------------  -----  ---------  --------  ----------  --------------  -------------------
/opt/airflow/dags/pakakumi_scraper.py    340  0.01s             1           0  0.20s           2026-01-03T15:46:23
================================================================================
[2026-01-03T15:47:24.029+0000] {manager.py:878} INFO - 
================================================================================
DAG File Processing Stats

File Path                                PID  Runtime      # DAGs    # Errors  Last Runtime    Last Run
-------------------------------------  -----  ---------  --------  ----------  --------------  -------------------
/opt/airflow/dags/pakakumi_scraper.py    345  0.01s             1           0  0.19s           2026-01-03T15:46:53
================================================================================
[2026-01-03T15:47:54.291+0000] {manager.py:878} INFO - 
================================================================================
DAG File Processing Stats

File Path                                PID  Runtime      # DAGs    # Errors  Last Runtime    Last Run
-------------------------------------  -----  ---------  --------  ----------  --------------  -------------------
/opt/airflow/dags/pakakumi_scraper.py    350  0.01s             1           0  0.19s           2026-01-03T15:47:24
================================================================================
[2026-01-03T15:48:24.677+0000] {manager.py:878} INFO - 
================================================================================
DAG File Processing Stats

File Path                                PID  Runtime      # DAGs    # Errors  Last Runtime    Last Run
-------------------------------------  -----  ---------  --------  ----------  --------------  -------------------
/opt/airflow/dags/pakakumi_scraper.py    355  0.01s             1           0  0.20s           2026-01-03T15:47:54
================================================================================
[2026-01-03T15:48:54.925+0000] {manager.py:878} INFO - 
================================================================================
DAG File Processing Stats

File Path                                PID  Runtime      # DAGs    # Errors  Last Runtime    Last Run
-------------------------------------  -----  ---------  --------  ----------  --------------  -------------------
/opt/airflow/dags/pakakumi_scraper.py    360  0.01s             1           0  0.22s           2026-01-03T15:48:24
================================================================================
[2026-01-03T15:49:13.192+0000] {manager.py:737} INFO - Searching for files in /opt/airflow/dags
[2026-01-03T15:49:13.216+0000] {manager.py:740} INFO - There are 1 files in /opt/airflow/dags
[2026-01-03T15:49:25.335+0000] {manager.py:878} INFO - 
================================================================================
DAG File Processing Stats

File Path                                PID  Runtime      # DAGs    # Errors  Last Runtime    Last Run
-------------------------------------  -----  ---------  --------  ----------  --------------  -------------------
/opt/airflow/dags/pakakumi_scraper.py    365  0.01s             1           0  0.23s           2026-01-03T15:48:55
================================================================================
[2026-01-03T15:49:55.576+0000] {manager.py:878} INFO - 
================================================================================
DAG File Processing Stats

File Path                              PID    Runtime      # DAGs    # Errors  Last Runtime    Last Run
-------------------------------------  -----  ---------  --------  ----------  --------------  -------------------
/opt/airflow/dags/pakakumi_scraper.py                           1           0  0.32s           2026-01-03T15:49:25
================================================================================
[2026-01-03T15:50:26.095+0000] {manager.py:878} INFO - 
================================================================================
DAG File Processing Stats

File Path                                PID  Runtime      # DAGs    # Errors  Last Runtime    Last Run
-------------------------------------  -----  ---------  --------  ----------  --------------  -------------------
/opt/airflow/dags/pakakumi_scraper.py    375  0.01s             1           0  0.20s           2026-01-03T15:49:56
================================================================================
[2026-01-03T15:50:56.530+0000] {manager.py:878} INFO - 
================================================================================
DAG File Processing Stats

File Path                                PID  Runtime      # DAGs    # Errors  Last Runtime    Last Run
-------------------------------------  -----  ---------  --------  ----------  --------------  -------------------
/opt/airflow/dags/pakakumi_scraper.py    380  0.01s             1           0  0.18s           2026-01-03T15:50:26
================================================================================
[2026-01-03T15:51:26.800+0000] {manager.py:878} INFO - 
================================================================================
DAG File Processing Stats

File Path                                PID  Runtime      # DAGs    # Errors  Last Runtime    Last Run
-------------------------------------  -----  ---------  --------  ----------  --------------  -------------------
/opt/airflow/dags/pakakumi_scraper.py    385  0.01s             1           0  0.20s           2026-01-03T15:50:56
================================================================================
[2026-01-03T15:51:57.153+0000] {manager.py:878} INFO - 
================================================================================
DAG File Processing Stats

File Path                                PID  Runtime      # DAGs    # Errors  Last Runtime    Last Run
-------------------------------------  -----  ---------  --------  ----------  --------------  -------------------
/opt/airflow/dags/pakakumi_scraper.py    390  0.01s             1           0  0.21s           2026-01-03T15:51:26
================================================================================
[2026-01-03T15:52:27.419+0000] {manager.py:878} INFO - 
================================================================================
DAG File Processing Stats

File Path                                PID  Runtime      # DAGs    # Errors  Last Runtime    Last Run
-------------------------------------  -----  ---------  --------  ----------  --------------  -------------------
/opt/airflow/dags/pakakumi_scraper.py    395  0.01s             1           0  0.21s           2026-01-03T15:51:57
================================================================================
[2026-01-03T15:52:57.797+0000] {manager.py:878} INFO - 
================================================================================
DAG File Processing Stats

File Path                                PID  Runtime      # DAGs    # Errors  Last Runtime    Last Run
-------------------------------------  -----  ---------  --------  ----------  --------------  -------------------
/opt/airflow/dags/pakakumi_scraper.py    400  0.01s             1           0  0.20s           2026-01-03T15:52:27
================================================================================
[2026-01-03T15:53:28.036+0000] {manager.py:878} INFO - 
================================================================================
DAG File Processing Stats

File Path                                PID  Runtime      # DAGs    # Errors  Last Runtime    Last Run
-------------------------------------  -----  ---------  --------  ----------  --------------  -------------------
/opt/airflow/dags/pakakumi_scraper.py    405  0.01s             1           0  0.19s           2026-01-03T15:52:57
================================================================================
[2026-01-03T15:53:58.383+0000] {manager.py:878} INFO - 
================================================================================
DAG File Processing Stats

File Path                                PID  Runtime      # DAGs    # Errors  Last Runtime    Last Run
-------------------------------------  -----  ---------  --------  ----------  --------------  -------------------
/opt/airflow/dags/pakakumi_scraper.py    410  0.01s             1           0  0.19s           2026-01-03T15:53:28
================================================================================
[2026-01-03T15:54:13.542+0000] {manager.py:737} INFO - Searching for files in /opt/airflow/dags
[2026-01-03T15:54:13.562+0000] {manager.py:740} INFO - There are 1 files in /opt/airflow/dags
[2026-01-03T15:54:28.710+0000] {manager.py:878} INFO - 
================================================================================
DAG File Processing Stats

File Path                                PID  Runtime      # DAGs    # Errors  Last Runtime    Last Run
-------------------------------------  -----  ---------  --------  ----------  --------------  -------------------
/opt/airflow/dags/pakakumi_scraper.py    415  0.01s             1           0  0.21s           2026-01-03T15:53:58
================================================================================
[2026-01-03T15:54:58.976+0000] {manager.py:878} INFO - 
================================================================================
DAG File Processing Stats

File Path                                PID  Runtime      # DAGs    # Errors  Last Runtime    Last Run
-------------------------------------  -----  ---------  --------  ----------  --------------  -------------------
/opt/airflow/dags/pakakumi_scraper.py    420  0.01s             1           0  0.21s           2026-01-03T15:54:28
================================================================================
[2026-01-03T15:55:29.304+0000] {manager.py:878} INFO - 
================================================================================
DAG File Processing Stats

File Path                                PID  Runtime      # DAGs    # Errors  Last Runtime    Last Run
-------------------------------------  -----  ---------  --------  ----------  --------------  -------------------
/opt/airflow/dags/pakakumi_scraper.py    425  0.01s             1           0  0.20s           2026-01-03T15:54:59
================================================================================
[2026-01-03T15:55:59.545+0000] {manager.py:878} INFO - 
================================================================================
DAG File Processing Stats

File Path                                PID  Runtime      # DAGs    # Errors  Last Runtime    Last Run
-------------------------------------  -----  ---------  --------  ----------  --------------  -------------------
/opt/airflow/dags/pakakumi_scraper.py    430  0.01s             1           0  0.20s           2026-01-03T15:55:29
================================================================================
[2026-01-03T15:56:29.921+0000] {manager.py:878} INFO - 
================================================================================
DAG File Processing Stats

File Path                                PID  Runtime      # DAGs    # Errors  Last Runtime    Last Run
-------------------------------------  -----  ---------  --------  ----------  --------------  -------------------
/opt/airflow/dags/pakakumi_scraper.py    435  0.01s             1           0  0.18s           2026-01-03T15:55:59
================================================================================
[2026-01-03T15:57:00.139+0000] {manager.py:878} INFO - 
================================================================================
DAG File Processing Stats

File Path                                PID  Runtime      # DAGs    # Errors  Last Runtime    Last Run
-------------------------------------  -----  ---------  --------  ----------  --------------  -------------------
/opt/airflow/dags/pakakumi_scraper.py    440  0.01s             1           0  0.19s           2026-01-03T15:56:30
================================================================================
[2026-01-03T15:57:30.482+0000] {manager.py:878} INFO - 
================================================================================
DAG File Processing Stats

File Path                                PID  Runtime      # DAGs    # Errors  Last Runtime    Last Run
-------------------------------------  -----  ---------  --------  ----------  --------------  -------------------
/opt/airflow/dags/pakakumi_scraper.py    445  0.01s             1           0  0.21s           2026-01-03T15:57:00
================================================================================
[2026-01-03T15:58:00.732+0000] {manager.py:878} INFO - 
================================================================================
DAG File Processing Stats

File Path                                PID  Runtime      # DAGs    # Errors  Last Runtime    Last Run
-------------------------------------  -----  ---------  --------  ----------  --------------  -------------------
/opt/airflow/dags/pakakumi_scraper.py    450  0.01s             1           0  0.19s           2026-01-03T15:57:30
================================================================================
[2026-01-03T15:58:31.072+0000] {manager.py:878} INFO - 
================================================================================
DAG File Processing Stats

File Path                                PID  Runtime      # DAGs    # Errors  Last Runtime    Last Run
-------------------------------------  -----  ---------  --------  ----------  --------------  -------------------
/opt/airflow/dags/pakakumi_scraper.py    455  0.01s             1           0  0.21s           2026-01-03T15:58:00
================================================================================
[2026-01-03T15:59:01.300+0000] {manager.py:878} INFO - 
================================================================================
DAG File Processing Stats

File Path                              PID    Runtime      # DAGs    # Errors  Last Runtime    Last Run
-------------------------------------  -----  ---------  --------  ----------  --------------  -------------------
/opt/airflow/dags/pakakumi_scraper.py                           1           0  0.24s           2026-01-03T15:58:31
================================================================================
[2026-01-03T15:59:13.567+0000] {manager.py:737} INFO - Searching for files in /opt/airflow/dags
[2026-01-03T15:59:13.589+0000] {manager.py:740} INFO - There are 1 files in /opt/airflow/dags
[2026-01-03T15:59:31.739+0000] {manager.py:878} INFO - 
================================================================================
DAG File Processing Stats

File Path                                PID  Runtime      # DAGs    # Errors  Last Runtime    Last Run
-------------------------------------  -----  ---------  --------  ----------  --------------  -------------------
/opt/airflow/dags/pakakumi_scraper.py    465  0.01s             1           0  0.18s           2026-01-03T15:59:01
================================================================================
[2026-01-03T16:00:02.100+0000] {manager.py:878} INFO - 
================================================================================
DAG File Processing Stats

File Path                                PID  Runtime      # DAGs    # Errors  Last Runtime    Last Run
-------------------------------------  -----  ---------  --------  ----------  --------------  -------------------
/opt/airflow/dags/pakakumi_scraper.py    472  0.01s             1           0  0.21s           2026-01-03T15:59:31
================================================================================
[2026-01-03T16:00:32.314+0000] {manager.py:878} INFO - 
================================================================================
DAG File Processing Stats

File Path                              PID    Runtime      # DAGs    # Errors  Last Runtime    Last Run
-------------------------------------  -----  ---------  --------  ----------  --------------  -------------------
/opt/airflow/dags/pakakumi_scraper.py                           1           0  0.34s           2026-01-03T16:00:02
================================================================================
[2026-01-03T16:01:02.811+0000] {manager.py:878} INFO - 
================================================================================
DAG File Processing Stats

File Path                                PID  Runtime      # DAGs    # Errors  Last Runtime    Last Run
-------------------------------------  -----  ---------  --------  ----------  --------------  -------------------
/opt/airflow/dags/pakakumi_scraper.py    483  0.01s             1           0  0.18s           2026-01-03T16:00:32
================================================================================
[2026-01-03T16:01:33.164+0000] {manager.py:878} INFO - 
================================================================================
DAG File Processing Stats

File Path                                PID  Runtime      # DAGs    # Errors  Last Runtime    Last Run
-------------------------------------  -----  ---------  --------  ----------  --------------  -------------------
/opt/airflow/dags/pakakumi_scraper.py    488  0.01s             1           0  0.19s           2026-01-03T16:01:02
================================================================================
[2026-01-03T16:02:03.372+0000] {manager.py:878} INFO - 
================================================================================
DAG File Processing Stats

File Path                                PID  Runtime      # DAGs    # Errors  Last Runtime    Last Run
-------------------------------------  -----  ---------  --------  ----------  --------------  -------------------
/opt/airflow/dags/pakakumi_scraper.py    493  0.01s             1           0  0.20s           2026-01-03T16:01:33
================================================================================
[2026-01-03T16:02:33.742+0000] {manager.py:878} INFO - 
================================================================================
DAG File Processing Stats

File Path                                PID  Runtime      # DAGs    # Errors  Last Runtime    Last Run
-------------------------------------  -----  ---------  --------  ----------  --------------  -------------------
/opt/airflow/dags/pakakumi_scraper.py    498  0.01s             1           0  0.19s           2026-01-03T16:02:03
================================================================================
[2026-01-03T16:03:03.995+0000] {manager.py:878} INFO - 
================================================================================
DAG File Processing Stats

File Path                                PID  Runtime      # DAGs    # Errors  Last Runtime    Last Run
-------------------------------------  -----  ---------  --------  ----------  --------------  -------------------
/opt/airflow/dags/pakakumi_scraper.py    503  0.01s             1           0  0.21s           2026-01-03T16:02:33
================================================================================
[2026-01-03T16:03:34.358+0000] {manager.py:878} INFO - 
================================================================================
DAG File Processing Stats

File Path                                PID  Runtime      # DAGs    # Errors  Last Runtime    Last Run
-------------------------------------  -----  ---------  --------  ----------  --------------  -------------------
/opt/airflow/dags/pakakumi_scraper.py    508  0.01s             1           0  0.22s           2026-01-03T16:03:04
================================================================================
[2026-01-03T16:04:04.617+0000] {manager.py:878} INFO - 
================================================================================
DAG File Processing Stats

File Path                                PID  Runtime      # DAGs    # Errors  Last Runtime    Last Run
-------------------------------------  -----  ---------  --------  ----------  --------------  -------------------
/opt/airflow/dags/pakakumi_scraper.py    513  0.01s             1           0  0.19s           2026-01-03T16:03:34
================================================================================
[2026-01-03T16:04:13.799+0000] {manager.py:737} INFO - Searching for files in /opt/airflow/dags
[2026-01-03T16:04:13.820+0000] {manager.py:740} INFO - There are 1 files in /opt/airflow/dags
[2026-01-03T16:04:34.995+0000] {manager.py:878} INFO - 
================================================================================
DAG File Processing Stats

File Path                                PID  Runtime      # DAGs    # Errors  Last Runtime    Last Run
-------------------------------------  -----  ---------  --------  ----------  --------------  -------------------
/opt/airflow/dags/pakakumi_scraper.py    518  0.01s             1           0  0.19s           2026-01-03T16:04:04
================================================================================
[2026-01-03T16:05:05.232+0000] {manager.py:878} INFO - 
================================================================================
DAG File Processing Stats

File Path                                PID  Runtime      # DAGs    # Errors  Last Runtime    Last Run
-------------------------------------  -----  ---------  --------  ----------  --------------  -------------------
/opt/airflow/dags/pakakumi_scraper.py    523  0.01s             1           0  0.18s           2026-01-03T16:04:35
================================================================================
[2026-01-03T16:05:35.615+0000] {manager.py:878} INFO - 
================================================================================
DAG File Processing Stats

File Path                                PID  Runtime      # DAGs    # Errors  Last Runtime    Last Run
-------------------------------------  -----  ---------  --------  ----------  --------------  -------------------
/opt/airflow/dags/pakakumi_scraper.py    528  0.01s             1           0  0.20s           2026-01-03T16:05:05
================================================================================
[2026-01-03T16:06:05.915+0000] {manager.py:878} INFO - 
================================================================================
DAG File Processing Stats

File Path                                PID  Runtime      # DAGs    # Errors  Last Runtime    Last Run
-------------------------------------  -----  ---------  --------  ----------  --------------  -------------------
/opt/airflow/dags/pakakumi_scraper.py    533  0.01s             1           0  0.21s           2026-01-03T16:05:35
================================================================================
[2026-01-03T16:06:36.234+0000] {manager.py:878} INFO - 
================================================================================
DAG File Processing Stats

File Path                                PID  Runtime      # DAGs    # Errors  Last Runtime    Last Run
-------------------------------------  -----  ---------  --------  ----------  --------------  -------------------
/opt/airflow/dags/pakakumi_scraper.py    538  0.01s             1           0  0.20s           2026-01-03T16:06:06
================================================================================
[2026-01-03T16:07:06.533+0000] {manager.py:878} INFO - 
================================================================================
DAG File Processing Stats

File Path                                PID  Runtime      # DAGs    # Errors  Last Runtime    Last Run
-------------------------------------  -----  ---------  --------  ----------  --------------  -------------------
/opt/airflow/dags/pakakumi_scraper.py    543  0.01s             1           0  0.18s           2026-01-03T16:06:36
================================================================================
[2026-01-03T16:07:36.804+0000] {manager.py:878} INFO - 
================================================================================
DAG File Processing Stats

File Path                                PID  Runtime      # DAGs    # Errors  Last Runtime    Last Run
-------------------------------------  -----  ---------  --------  ----------  --------------  -------------------
/opt/airflow/dags/pakakumi_scraper.py    548  0.01s             1           0  0.18s           2026-01-03T16:07:06
================================================================================
[2026-01-03T16:08:07.128+0000] {manager.py:878} INFO - 
================================================================================
DAG File Processing Stats

File Path                                PID  Runtime      # DAGs    # Errors  Last Runtime    Last Run
-------------------------------------  -----  ---------  --------  ----------  --------------  -------------------
/opt/airflow/dags/pakakumi_scraper.py    553  0.01s             1           0  0.23s           2026-01-03T16:07:37
================================================================================
[2026-01-03T16:08:37.453+0000] {manager.py:878} INFO - 
================================================================================
DAG File Processing Stats

File Path                                PID  Runtime      # DAGs    # Errors  Last Runtime    Last Run
-------------------------------------  -----  ---------  --------  ----------  --------------  -------------------
/opt/airflow/dags/pakakumi_scraper.py    558  0.01s             1           0  0.21s           2026-01-03T16:08:07
================================================================================
[2026-01-03T16:09:07.777+0000] {manager.py:878} INFO - 
================================================================================
DAG File Processing Stats

File Path                                PID  Runtime      # DAGs    # Errors  Last Runtime    Last Run
-------------------------------------  -----  ---------  --------  ----------  --------------  -------------------
/opt/airflow/dags/pakakumi_scraper.py    563  0.01s             1           0  0.18s           2026-01-03T16:08:37
================================================================================
[2026-01-03T16:09:13.855+0000] {manager.py:737} INFO - Searching for files in /opt/airflow/dags
[2026-01-03T16:09:13.875+0000] {manager.py:740} INFO - There are 1 files in /opt/airflow/dags
[2026-01-03T16:09:38.063+0000] {manager.py:878} INFO - 
================================================================================
DAG File Processing Stats

File Path                                PID  Runtime      # DAGs    # Errors  Last Runtime    Last Run
-------------------------------------  -----  ---------  --------  ----------  --------------  -------------------
/opt/airflow/dags/pakakumi_scraper.py    568  0.01s             1           0  0.19s           2026-01-03T16:09:07
================================================================================
[2026-01-03T16:10:08.356+0000] {manager.py:878} INFO - 
================================================================================
DAG File Processing Stats

File Path                                PID  Runtime      # DAGs    # Errors  Last Runtime    Last Run
-------------------------------------  -----  ---------  --------  ----------  --------------  -------------------
/opt/airflow/dags/pakakumi_scraper.py    573  0.01s             1           0  0.18s           2026-01-03T16:09:38
================================================================================
[2026-01-03T16:10:38.686+0000] {manager.py:878} INFO - 
================================================================================
DAG File Processing Stats

File Path                                PID  Runtime      # DAGs    # Errors  Last Runtime    Last Run
-------------------------------------  -----  ---------  --------  ----------  --------------  -------------------
/opt/airflow/dags/pakakumi_scraper.py    578  0.01s             1           0  0.19s           2026-01-03T16:10:08
================================================================================
[2026-01-03T16:11:08.973+0000] {manager.py:878} INFO - 
================================================================================
DAG File Processing Stats

File Path                                PID  Runtime      # DAGs    # Errors  Last Runtime    Last Run
-------------------------------------  -----  ---------  --------  ----------  --------------  -------------------
/opt/airflow/dags/pakakumi_scraper.py    583  0.01s             1           0  0.20s           2026-01-03T16:10:38
================================================================================
[2026-01-03T16:11:39.332+0000] {manager.py:878} INFO - 
================================================================================
DAG File Processing Stats

File Path                                PID  Runtime      # DAGs    # Errors  Last Runtime    Last Run
-------------------------------------  -----  ---------  --------  ----------  --------------  -------------------
/opt/airflow/dags/pakakumi_scraper.py    588  0.01s             1           0  0.19s           2026-01-03T16:11:09
================================================================================
[2026-01-03T16:12:09.556+0000] {manager.py:878} INFO - 
================================================================================
DAG File Processing Stats

File Path                              PID    Runtime      # DAGs    # Errors  Last Runtime    Last Run
-------------------------------------  -----  ---------  --------  ----------  --------------  -------------------
/opt/airflow/dags/pakakumi_scraper.py                           1           0  0.37s           2026-01-03T16:11:39
================================================================================
[2026-01-03T16:12:40.222+0000] {manager.py:878} INFO - 
================================================================================
DAG File Processing Stats

File Path                                PID  Runtime      # DAGs    # Errors  Last Runtime    Last Run
-------------------------------------  -----  ---------  --------  ----------  --------------  -------------------
/opt/airflow/dags/pakakumi_scraper.py    598  0.01s             1           0  0.20s           2026-01-03T16:12:10
================================================================================
[2026-01-03T16:13:10.609+0000] {manager.py:878} INFO - 
================================================================================
DAG File Processing Stats

File Path                                PID  Runtime      # DAGs    # Errors  Last Runtime    Last Run
-------------------------------------  -----  ---------  --------  ----------  --------------  -------------------
/opt/airflow/dags/pakakumi_scraper.py    603  0.01s             1           0  0.18s           2026-01-03T16:12:40
================================================================================
[2026-01-03T16:13:40.880+0000] {manager.py:878} INFO - 
================================================================================
DAG File Processing Stats

File Path                                PID  Runtime      # DAGs    # Errors  Last Runtime    Last Run
-------------------------------------  -----  ---------  --------  ----------  --------------  -------------------
/opt/airflow/dags/pakakumi_scraper.py    608  0.01s             1           0  0.19s           2026-01-03T16:13:10
================================================================================
[2026-01-03T16:14:11.221+0000] {manager.py:878} INFO - 
================================================================================
DAG File Processing Stats

File Path                                PID  Runtime      # DAGs    # Errors  Last Runtime    Last Run
-------------------------------------  -----  ---------  --------  ----------  --------------  -------------------
/opt/airflow/dags/pakakumi_scraper.py    613  0.01s             1           0  0.21s           2026-01-03T16:13:41
================================================================================
[2026-01-03T16:14:14.288+0000] {manager.py:737} INFO - Searching for files in /opt/airflow/dags
[2026-01-03T16:14:14.336+0000] {manager.py:740} INFO - There are 1 files in /opt/airflow/dags
[2026-01-03T16:14:41.622+0000] {manager.py:878} INFO - 
================================================================================
DAG File Processing Stats

File Path                                PID  Runtime      # DAGs    # Errors  Last Runtime    Last Run
-------------------------------------  -----  ---------  --------  ----------  --------------  -------------------
/opt/airflow/dags/pakakumi_scraper.py    618  0.01s             1           0  0.21s           2026-01-03T16:14:11
================================================================================
[2026-01-03T16:15:11.893+0000] {manager.py:878} INFO - 
================================================================================
DAG File Processing Stats

File Path                                PID  Runtime      # DAGs    # Errors  Last Runtime    Last Run
-------------------------------------  -----  ---------  --------  ----------  --------------  -------------------
/opt/airflow/dags/pakakumi_scraper.py    623  0.01s             1           0  0.19s           2026-01-03T16:14:41
================================================================================
[2026-01-03T16:15:42.257+0000] {manager.py:878} INFO - 
================================================================================
DAG File Processing Stats

File Path                                PID  Runtime      # DAGs    # Errors  Last Runtime    Last Run
-------------------------------------  -----  ---------  --------  ----------  --------------  -------------------
/opt/airflow/dags/pakakumi_scraper.py    628  0.02s             1           0  0.19s           2026-01-03T16:15:12
================================================================================
[2026-01-03T16:16:12.534+0000] {manager.py:878} INFO - 
================================================================================
DAG File Processing Stats

File Path                                PID  Runtime      # DAGs    # Errors  Last Runtime    Last Run
-------------------------------------  -----  ---------  --------  ----------  --------------  -------------------
/opt/airflow/dags/pakakumi_scraper.py    633  0.01s             1           0  0.19s           2026-01-03T16:15:42
================================================================================
[2026-01-03T16:16:42.888+0000] {manager.py:878} INFO - 
================================================================================
DAG File Processing Stats

File Path                                PID  Runtime      # DAGs    # Errors  Last Runtime    Last Run
-------------------------------------  -----  ---------  --------  ----------  --------------  -------------------
/opt/airflow/dags/pakakumi_scraper.py    638  0.01s             1           0  0.17s           2026-01-03T16:16:12
================================================================================
[2026-01-03T16:17:13.159+0000] {manager.py:878} INFO - 
================================================================================
DAG File Processing Stats

File Path                                PID  Runtime      # DAGs    # Errors  Last Runtime    Last Run
-------------------------------------  -----  ---------  --------  ----------  --------------  -------------------
/opt/airflow/dags/pakakumi_scraper.py    643  0.01s             1           0  0.22s           2026-01-03T16:16:43
================================================================================
[2026-01-03T16:17:43.585+0000] {manager.py:878} INFO - 
================================================================================
DAG File Processing Stats

File Path                                PID  Runtime      # DAGs    # Errors  Last Runtime    Last Run
-------------------------------------  -----  ---------  --------  ----------  --------------  -------------------
/opt/airflow/dags/pakakumi_scraper.py    648  0.01s             1           0  0.17s           2026-01-03T16:17:13
================================================================================
[2026-01-03T16:18:13.826+0000] {manager.py:878} INFO - 
================================================================================
DAG File Processing Stats

File Path                                PID  Runtime      # DAGs    # Errors  Last Runtime    Last Run
-------------------------------------  -----  ---------  --------  ----------  --------------  -------------------
/opt/airflow/dags/pakakumi_scraper.py    653  0.01s             1           0  0.19s           2026-01-03T16:17:43
================================================================================
[2026-01-03T16:18:44.201+0000] {manager.py:878} INFO - 
================================================================================
DAG File Processing Stats

File Path                                PID  Runtime      # DAGs    # Errors  Last Runtime    Last Run
-------------------------------------  -----  ---------  --------  ----------  --------------  -------------------
/opt/airflow/dags/pakakumi_scraper.py    658  0.01s             1           0  0.22s           2026-01-03T16:18:14
================================================================================
[2026-01-03T16:19:14.425+0000] {manager.py:737} INFO - Searching for files in /opt/airflow/dags
[2026-01-03T16:19:14.444+0000] {manager.py:740} INFO - There are 1 files in /opt/airflow/dags
[2026-01-03T16:19:14.471+0000] {manager.py:878} INFO - 
================================================================================
DAG File Processing Stats

File Path                                PID  Runtime      # DAGs    # Errors  Last Runtime    Last Run
-------------------------------------  -----  ---------  --------  ----------  --------------  -------------------
/opt/airflow/dags/pakakumi_scraper.py    663  0.01s             1           0  0.19s           2026-01-03T16:18:44
================================================================================
[2026-01-03T16:19:44.840+0000] {manager.py:878} INFO - 
================================================================================
DAG File Processing Stats

File Path                                PID  Runtime      # DAGs    # Errors  Last Runtime    Last Run
-------------------------------------  -----  ---------  --------  ----------  --------------  -------------------
/opt/airflow/dags/pakakumi_scraper.py    668  0.01s             1           0  0.20s           2026-01-03T16:19:14
================================================================================
[2026-01-03T16:20:15.099+0000] {manager.py:878} INFO - 
================================================================================
DAG File Processing Stats

File Path                                PID  Runtime      # DAGs    # Errors  Last Runtime    Last Run
-------------------------------------  -----  ---------  --------  ----------  --------------  -------------------
/opt/airflow/dags/pakakumi_scraper.py    673  0.00s             1           0  0.19s           2026-01-03T16:19:45
================================================================================
[2026-01-03T16:20:45.420+0000] {manager.py:878} INFO - 
================================================================================
DAG File Processing Stats

File Path                                PID  Runtime      # DAGs    # Errors  Last Runtime    Last Run
-------------------------------------  -----  ---------  --------  ----------  --------------  -------------------
/opt/airflow/dags/pakakumi_scraper.py    678  0.01s             1           0  0.20s           2026-01-03T16:20:15
================================================================================
[2026-01-03T16:21:15.708+0000] {manager.py:878} INFO - 
================================================================================
DAG File Processing Stats

File Path                                PID  Runtime      # DAGs    # Errors  Last Runtime    Last Run
-------------------------------------  -----  ---------  --------  ----------  --------------  -------------------
/opt/airflow/dags/pakakumi_scraper.py    683  0.01s             1           0  0.18s           2026-01-03T16:20:45
================================================================================
[2026-01-03T16:21:46.044+0000] {manager.py:878} INFO - 
================================================================================
DAG File Processing Stats

File Path                                PID  Runtime      # DAGs    # Errors  Last Runtime    Last Run
-------------------------------------  -----  ---------  --------  ----------  --------------  -------------------
/opt/airflow/dags/pakakumi_scraper.py    688  0.01s             1           0  0.18s           2026-01-03T16:21:15
================================================================================
[2026-01-03T16:22:16.323+0000] {manager.py:878} INFO - 
================================================================================
DAG File Processing Stats

File Path                                PID  Runtime      # DAGs    # Errors  Last Runtime    Last Run
-------------------------------------  -----  ---------  --------  ----------  --------------  -------------------
/opt/airflow/dags/pakakumi_scraper.py    693  0.01s             1           0  0.19s           2026-01-03T16:21:46
================================================================================
[2026-01-03T16:22:46.641+0000] {manager.py:878} INFO - 
================================================================================
DAG File Processing Stats

File Path                                PID  Runtime      # DAGs    # Errors  Last Runtime    Last Run
-------------------------------------  -----  ---------  --------  ----------  --------------  -------------------
/opt/airflow/dags/pakakumi_scraper.py    698  0.01s             1           0  0.20s           2026-01-03T16:22:16
================================================================================
[2026-01-03T16:23:16.910+0000] {manager.py:878} INFO - 
================================================================================
DAG File Processing Stats

File Path                                PID  Runtime      # DAGs    # Errors  Last Runtime    Last Run
-------------------------------------  -----  ---------  --------  ----------  --------------  -------------------
/opt/airflow/dags/pakakumi_scraper.py    703  0.01s             1           0  0.18s           2026-01-03T16:22:46
================================================================================
[2026-01-03T16:23:47.216+0000] {manager.py:878} INFO - 
================================================================================
DAG File Processing Stats

File Path                                PID  Runtime      # DAGs    # Errors  Last Runtime    Last Run
-------------------------------------  -----  ---------  --------  ----------  --------------  -------------------
/opt/airflow/dags/pakakumi_scraper.py    708  0.01s             1           0  0.19s           2026-01-03T16:23:17
================================================================================
[2026-01-03T16:24:14.492+0000] {manager.py:737} INFO - Searching for files in /opt/airflow/dags
[2026-01-03T16:24:14.514+0000] {manager.py:740} INFO - There are 1 files in /opt/airflow/dags
[2026-01-03T16:24:17.577+0000] {manager.py:878} INFO - 
================================================================================
DAG File Processing Stats

File Path                                PID  Runtime      # DAGs    # Errors  Last Runtime    Last Run
-------------------------------------  -----  ---------  --------  ----------  --------------  -------------------
/opt/airflow/dags/pakakumi_scraper.py    713  0.01s             1           0  0.17s           2026-01-03T16:23:47
================================================================================
[2026-01-03T16:24:47.810+0000] {manager.py:878} INFO - 
================================================================================
DAG File Processing Stats

File Path                                PID  Runtime      # DAGs    # Errors  Last Runtime    Last Run
-------------------------------------  -----  ---------  --------  ----------  --------------  -------------------
/opt/airflow/dags/pakakumi_scraper.py    718  0.01s             1           0  0.19s           2026-01-03T16:24:17
================================================================================
[2026-01-03T16:25:18.193+0000] {manager.py:878} INFO - 
================================================================================
DAG File Processing Stats

File Path                                PID  Runtime      # DAGs    # Errors  Last Runtime    Last Run
-------------------------------------  -----  ---------  --------  ----------  --------------  -------------------
/opt/airflow/dags/pakakumi_scraper.py    723  0.01s             1           0  0.22s           2026-01-03T16:24:48
================================================================================
[2026-01-03T16:25:48.437+0000] {manager.py:878} INFO - 
================================================================================
DAG File Processing Stats

File Path                                PID  Runtime      # DAGs    # Errors  Last Runtime    Last Run
-------------------------------------  -----  ---------  --------  ----------  --------------  -------------------
/opt/airflow/dags/pakakumi_scraper.py    728  0.01s             1           0  0.20s           2026-01-03T16:25:18
================================================================================
[2026-01-03T16:26:18.818+0000] {manager.py:878} INFO - 
================================================================================
DAG File Processing Stats

File Path                                PID  Runtime      # DAGs    # Errors  Last Runtime    Last Run
-------------------------------------  -----  ---------  --------  ----------  --------------  -------------------
/opt/airflow/dags/pakakumi_scraper.py    733  0.01s             1           0  0.20s           2026-01-03T16:25:48
================================================================================
[2026-01-03T16:26:49.109+0000] {manager.py:878} INFO - 
================================================================================
DAG File Processing Stats

File Path                                PID  Runtime      # DAGs    # Errors  Last Runtime    Last Run
-------------------------------------  -----  ---------  --------  ----------  --------------  -------------------
/opt/airflow/dags/pakakumi_scraper.py    738  0.01s             1           0  0.18s           2026-01-03T16:26:18
================================================================================
[2026-01-03T16:27:19.467+0000] {manager.py:878} INFO - 
================================================================================
DAG File Processing Stats

File Path                                PID  Runtime      # DAGs    # Errors  Last Runtime    Last Run
-------------------------------------  -----  ---------  --------  ----------  --------------  -------------------
/opt/airflow/dags/pakakumi_scraper.py    743  0.01s             1           0  0.18s           2026-01-03T16:26:49
================================================================================
[2026-01-03T16:27:49.719+0000] {manager.py:878} INFO - 
================================================================================
DAG File Processing Stats

File Path                                PID  Runtime      # DAGs    # Errors  Last Runtime    Last Run
-------------------------------------  -----  ---------  --------  ----------  --------------  -------------------
/opt/airflow/dags/pakakumi_scraper.py    748  0.01s             1           0  0.20s           2026-01-03T16:27:19
================================================================================
[2026-01-03T16:28:20.158+0000] {manager.py:878} INFO - 
================================================================================
DAG File Processing Stats

File Path                                PID  Runtime      # DAGs    # Errors  Last Runtime    Last Run
-------------------------------------  -----  ---------  --------  ----------  --------------  -------------------
/opt/airflow/dags/pakakumi_scraper.py    753  0.01s             1           0  0.19s           2026-01-03T16:27:49
================================================================================
[2026-01-03T16:28:50.438+0000] {manager.py:878} INFO - 
================================================================================
DAG File Processing Stats

File Path                                PID  Runtime      # DAGs    # Errors  Last Runtime    Last Run
-------------------------------------  -----  ---------  --------  ----------  --------------  -------------------
/opt/airflow/dags/pakakumi_scraper.py    758  0.01s             1           0  0.20s           2026-01-03T16:28:20
================================================================================
[2026-01-03T16:29:14.770+0000] {manager.py:737} INFO - Searching for files in /opt/airflow/dags
[2026-01-03T16:29:14.821+0000] {manager.py:740} INFO - There are 1 files in /opt/airflow/dags
[2026-01-03T16:29:20.925+0000] {manager.py:878} INFO - 
================================================================================
DAG File Processing Stats

File Path                                PID  Runtime      # DAGs    # Errors  Last Runtime    Last Run
-------------------------------------  -----  ---------  --------  ----------  --------------  -------------------
/opt/airflow/dags/pakakumi_scraper.py    763  0.01s             1           0  0.19s           2026-01-03T16:28:50
================================================================================
[2026-01-03T16:29:51.207+0000] {manager.py:878} INFO - 
================================================================================
DAG File Processing Stats

File Path                                PID  Runtime      # DAGs    # Errors  Last Runtime    Last Run
-------------------------------------  -----  ---------  --------  ----------  --------------  -------------------
/opt/airflow/dags/pakakumi_scraper.py    768  0.01s             1           0  0.19s           2026-01-03T16:29:21
================================================================================
[2026-01-03T16:30:21.570+0000] {manager.py:878} INFO - 
================================================================================
DAG File Processing Stats

File Path                                PID  Runtime      # DAGs    # Errors  Last Runtime    Last Run
-------------------------------------  -----  ---------  --------  ----------  --------------  -------------------
/opt/airflow/dags/pakakumi_scraper.py    773  0.01s             1           0  0.19s           2026-01-03T16:29:51
================================================================================
[2026-01-03T16:30:51.872+0000] {manager.py:878} INFO - 
================================================================================
DAG File Processing Stats

File Path                                PID  Runtime      # DAGs    # Errors  Last Runtime    Last Run
-------------------------------------  -----  ---------  --------  ----------  --------------  -------------------
/opt/airflow/dags/pakakumi_scraper.py    778  0.01s             1           0  0.21s           2026-01-03T16:30:21
================================================================================
[2026-01-03T16:31:22.228+0000] {manager.py:878} INFO - 
================================================================================
DAG File Processing Stats

File Path                                PID  Runtime      # DAGs    # Errors  Last Runtime    Last Run
-------------------------------------  -----  ---------  --------  ----------  --------------  -------------------
/opt/airflow/dags/pakakumi_scraper.py    783  0.01s             1           0  0.21s           2026-01-03T16:30:52
================================================================================
[2026-01-03T16:31:52.458+0000] {manager.py:878} INFO - 
================================================================================
DAG File Processing Stats

File Path                                PID  Runtime      # DAGs    # Errors  Last Runtime    Last Run
-------------------------------------  -----  ---------  --------  ----------  --------------  -------------------
/opt/airflow/dags/pakakumi_scraper.py    788  0.01s             1           0  0.18s           2026-01-03T16:31:22
================================================================================
[2026-01-03T16:32:22.815+0000] {manager.py:878} INFO - 
================================================================================
DAG File Processing Stats

File Path                                PID  Runtime      # DAGs    # Errors  Last Runtime    Last Run
-------------------------------------  -----  ---------  --------  ----------  --------------  -------------------
/opt/airflow/dags/pakakumi_scraper.py    793  0.01s             1           0  0.23s           2026-01-03T16:31:52
================================================================================
[2026-01-03T16:32:53.105+0000] {manager.py:878} INFO - 
================================================================================
DAG File Processing Stats

File Path                                PID  Runtime      # DAGs    # Errors  Last Runtime    Last Run
-------------------------------------  -----  ---------  --------  ----------  --------------  -------------------
/opt/airflow/dags/pakakumi_scraper.py    798  0.01s             1           0  0.25s           2026-01-03T16:32:23
================================================================================
[2026-01-03T16:33:23.486+0000] {manager.py:878} INFO - 
================================================================================
DAG File Processing Stats

File Path                                PID  Runtime      # DAGs    # Errors  Last Runtime    Last Run
-------------------------------------  -----  ---------  --------  ----------  --------------  -------------------
/opt/airflow/dags/pakakumi_scraper.py    803  0.01s             1           0  0.24s           2026-01-03T16:32:53
================================================================================
[2026-01-03T16:33:53.742+0000] {manager.py:878} INFO - 
================================================================================
DAG File Processing Stats

File Path                                PID  Runtime      # DAGs    # Errors  Last Runtime    Last Run
-------------------------------------  -----  ---------  --------  ----------  --------------  -------------------
/opt/airflow/dags/pakakumi_scraper.py    808  0.01s             1           0  0.20s           2026-01-03T16:33:23
================================================================================
[2026-01-03T16:34:15.008+0000] {manager.py:737} INFO - Searching for files in /opt/airflow/dags
[2026-01-03T16:34:15.033+0000] {manager.py:740} INFO - There are 1 files in /opt/airflow/dags
[2026-01-03T16:34:24.125+0000] {manager.py:878} INFO - 
================================================================================
DAG File Processing Stats

File Path                                PID  Runtime      # DAGs    # Errors  Last Runtime    Last Run
-------------------------------------  -----  ---------  --------  ----------  --------------  -------------------
/opt/airflow/dags/pakakumi_scraper.py    813  0.01s             1           0  0.22s           2026-01-03T16:33:53
================================================================================
[2026-01-03T16:34:54.399+0000] {manager.py:878} INFO - 
================================================================================
DAG File Processing Stats

File Path                                PID  Runtime      # DAGs    # Errors  Last Runtime    Last Run
-------------------------------------  -----  ---------  --------  ----------  --------------  -------------------
/opt/airflow/dags/pakakumi_scraper.py    818  0.01s             1           0  0.22s           2026-01-03T16:34:24
================================================================================
[2026-01-03T16:35:24.754+0000] {manager.py:878} INFO - 
================================================================================
DAG File Processing Stats

File Path                                PID  Runtime      # DAGs    # Errors  Last Runtime    Last Run
-------------------------------------  -----  ---------  --------  ----------  --------------  -------------------
/opt/airflow/dags/pakakumi_scraper.py    823  0.01s             1           0  0.18s           2026-01-03T16:34:54
================================================================================
[2026-01-03T16:35:54.996+0000] {manager.py:878} INFO - 
================================================================================
DAG File Processing Stats

File Path                                PID  Runtime      # DAGs    # Errors  Last Runtime    Last Run
-------------------------------------  -----  ---------  --------  ----------  --------------  -------------------
/opt/airflow/dags/pakakumi_scraper.py    828  0.01s             1           0  0.20s           2026-01-03T16:35:24
================================================================================
[2026-01-03T16:36:25.387+0000] {manager.py:878} INFO - 
================================================================================
DAG File Processing Stats

File Path                                PID  Runtime      # DAGs    # Errors  Last Runtime    Last Run
-------------------------------------  -----  ---------  --------  ----------  --------------  -------------------
/opt/airflow/dags/pakakumi_scraper.py    833  0.01s             1           0  0.25s           2026-01-03T16:35:55
================================================================================
[2026-01-03T16:36:55.656+0000] {manager.py:878} INFO - 
================================================================================
DAG File Processing Stats

File Path                                PID  Runtime      # DAGs    # Errors  Last Runtime    Last Run
-------------------------------------  -----  ---------  --------  ----------  --------------  -------------------
/opt/airflow/dags/pakakumi_scraper.py    838  0.01s             1           0  0.20s           2026-01-03T16:36:25
================================================================================
[2026-01-03T16:37:25.967+0000] {manager.py:878} INFO - 
================================================================================
DAG File Processing Stats

File Path                                PID  Runtime      # DAGs    # Errors  Last Runtime    Last Run
-------------------------------------  -----  ---------  --------  ----------  --------------  -------------------
/opt/airflow/dags/pakakumi_scraper.py    843  0.01s             1           0  0.28s           2026-01-03T16:36:55
================================================================================
[2026-01-03T16:37:56.288+0000] {manager.py:878} INFO - 
================================================================================
DAG File Processing Stats

File Path                                PID  Runtime      # DAGs    # Errors  Last Runtime    Last Run
-------------------------------------  -----  ---------  --------  ----------  --------------  -------------------
/opt/airflow/dags/pakakumi_scraper.py    848  0.01s             1           0  0.23s           2026-01-03T16:37:26
================================================================================
[2026-01-03T16:38:26.608+0000] {manager.py:878} INFO - 
================================================================================
DAG File Processing Stats

File Path                                PID  Runtime      # DAGs    # Errors  Last Runtime    Last Run
-------------------------------------  -----  ---------  --------  ----------  --------------  -------------------
/opt/airflow/dags/pakakumi_scraper.py    853  0.01s             1           0  0.18s           2026-01-03T16:37:56
================================================================================
[2026-01-03T16:38:56.911+0000] {manager.py:878} INFO - 
================================================================================
DAG File Processing Stats

File Path                                PID  Runtime      # DAGs    # Errors  Last Runtime    Last Run
-------------------------------------  -----  ---------  --------  ----------  --------------  -------------------
/opt/airflow/dags/pakakumi_scraper.py    858  0.01s             1           0  0.21s           2026-01-03T16:38:26
================================================================================
[2026-01-03T16:39:15.121+0000] {manager.py:737} INFO - Searching for files in /opt/airflow/dags
[2026-01-03T16:39:15.167+0000] {manager.py:740} INFO - There are 1 files in /opt/airflow/dags
[2026-01-03T16:39:27.293+0000] {manager.py:878} INFO - 
================================================================================
DAG File Processing Stats

File Path                                PID  Runtime      # DAGs    # Errors  Last Runtime    Last Run
-------------------------------------  -----  ---------  --------  ----------  --------------  -------------------
/opt/airflow/dags/pakakumi_scraper.py    863  0.01s             1           0  0.20s           2026-01-03T16:38:57
================================================================================
[2026-01-03T16:39:57.568+0000] {manager.py:878} INFO - 
================================================================================
DAG File Processing Stats

File Path                                PID  Runtime      # DAGs    # Errors  Last Runtime    Last Run
-------------------------------------  -----  ---------  --------  ----------  --------------  -------------------
/opt/airflow/dags/pakakumi_scraper.py    868  0.01s             1           0  0.20s           2026-01-03T16:39:27
================================================================================
[2026-01-03T16:40:27.960+0000] {manager.py:878} INFO - 
================================================================================
DAG File Processing Stats

File Path                                PID  Runtime      # DAGs    # Errors  Last Runtime    Last Run
-------------------------------------  -----  ---------  --------  ----------  --------------  -------------------
/opt/airflow/dags/pakakumi_scraper.py    873  0.01s             1           0  0.21s           2026-01-03T16:39:57
================================================================================
[2026-01-03T16:40:58.237+0000] {manager.py:878} INFO - 
================================================================================
DAG File Processing Stats

File Path                                PID  Runtime      # DAGs    # Errors  Last Runtime    Last Run
-------------------------------------  -----  ---------  --------  ----------  --------------  -------------------
/opt/airflow/dags/pakakumi_scraper.py    878  0.01s             1           0  0.24s           2026-01-03T16:40:28
================================================================================
[2026-01-03T16:41:28.601+0000] {manager.py:878} INFO - 
================================================================================
DAG File Processing Stats

File Path                                PID  Runtime      # DAGs    # Errors  Last Runtime    Last Run
-------------------------------------  -----  ---------  --------  ----------  --------------  -------------------
/opt/airflow/dags/pakakumi_scraper.py    883  0.01s             1           0  0.25s           2026-01-03T16:40:58
================================================================================
[2026-01-03T16:41:58.928+0000] {manager.py:878} INFO - 
================================================================================
DAG File Processing Stats

File Path                                PID  Runtime      # DAGs    # Errors  Last Runtime    Last Run
-------------------------------------  -----  ---------  --------  ----------  --------------  -------------------
/opt/airflow/dags/pakakumi_scraper.py    888  0.01s             1           0  0.22s           2026-01-03T16:41:28
================================================================================
[2026-01-03T16:42:29.241+0000] {manager.py:878} INFO - 
================================================================================
DAG File Processing Stats

File Path                                PID  Runtime      # DAGs    # Errors  Last Runtime    Last Run
-------------------------------------  -----  ---------  --------  ----------  --------------  -------------------
/opt/airflow/dags/pakakumi_scraper.py    893  0.01s             1           0  0.21s           2026-01-03T16:41:59
================================================================================
[2026-01-03T16:42:59.509+0000] {manager.py:878} INFO - 
================================================================================
DAG File Processing Stats

File Path                                PID  Runtime      # DAGs    # Errors  Last Runtime    Last Run
-------------------------------------  -----  ---------  --------  ----------  --------------  -------------------
/opt/airflow/dags/pakakumi_scraper.py    898  0.01s             1           0  0.18s           2026-01-03T16:42:29
================================================================================
[2026-01-03T16:43:29.883+0000] {manager.py:878} INFO - 
================================================================================
DAG File Processing Stats

File Path                                PID  Runtime      # DAGs    # Errors  Last Runtime    Last Run
-------------------------------------  -----  ---------  --------  ----------  --------------  -------------------
/opt/airflow/dags/pakakumi_scraper.py    903  0.01s             1           0  0.21s           2026-01-03T16:42:59
================================================================================
[2026-01-03T16:44:00.115+0000] {manager.py:878} INFO - 
================================================================================
DAG File Processing Stats

File Path                                PID  Runtime      # DAGs    # Errors  Last Runtime    Last Run
-------------------------------------  -----  ---------  --------  ----------  --------------  -------------------
/opt/airflow/dags/pakakumi_scraper.py    908  0.01s             1           0  0.21s           2026-01-03T16:43:30
================================================================================
[2026-01-03T16:44:15.350+0000] {manager.py:737} INFO - Searching for files in /opt/airflow/dags
[2026-01-03T16:44:15.372+0000] {manager.py:740} INFO - There are 1 files in /opt/airflow/dags
[2026-01-03T16:44:30.578+0000] {manager.py:878} INFO - 
================================================================================
DAG File Processing Stats

File Path                                PID  Runtime      # DAGs    # Errors  Last Runtime    Last Run
-------------------------------------  -----  ---------  --------  ----------  --------------  -------------------
/opt/airflow/dags/pakakumi_scraper.py    913  0.01s             1           0  0.21s           2026-01-03T16:44:00
================================================================================
[2026-01-03T16:45:00.783+0000] {manager.py:878} INFO - 
================================================================================
DAG File Processing Stats

File Path                              PID    Runtime      # DAGs    # Errors  Last Runtime    Last Run
-------------------------------------  -----  ---------  --------  ----------  --------------  -------------------
/opt/airflow/dags/pakakumi_scraper.py                           1           0  0.26s           2026-01-03T16:44:30
================================================================================
[2026-01-03T16:45:31.260+0000] {manager.py:878} INFO - 
================================================================================
DAG File Processing Stats

File Path                                PID  Runtime      # DAGs    # Errors  Last Runtime    Last Run
-------------------------------------  -----  ---------  --------  ----------  --------------  -------------------
/opt/airflow/dags/pakakumi_scraper.py    923  0.01s             1           0  0.20s           2026-01-03T16:45:01
================================================================================
[2026-01-03T16:46:01.649+0000] {manager.py:878} INFO - 
================================================================================
DAG File Processing Stats

File Path                                PID  Runtime      # DAGs    # Errors  Last Runtime    Last Run
-------------------------------------  -----  ---------  --------  ----------  --------------  -------------------
/opt/airflow/dags/pakakumi_scraper.py    928  0.01s             1           0  0.19s           2026-01-03T16:45:31
================================================================================
[2026-01-03T16:46:31.921+0000] {manager.py:878} INFO - 
================================================================================
DAG File Processing Stats

File Path                                PID  Runtime      # DAGs    # Errors  Last Runtime    Last Run
-------------------------------------  -----  ---------  --------  ----------  --------------  -------------------
/opt/airflow/dags/pakakumi_scraper.py    933  0.02s             1           0  0.20s           2026-01-03T16:46:01
================================================================================
[2026-01-03T16:47:02.291+0000] {manager.py:878} INFO - 
================================================================================
DAG File Processing Stats

File Path                                PID  Runtime      # DAGs    # Errors  Last Runtime    Last Run
-------------------------------------  -----  ---------  --------  ----------  --------------  -------------------
/opt/airflow/dags/pakakumi_scraper.py    938  0.01s             1           0  0.22s           2026-01-03T16:46:32
================================================================================
[2026-01-03T16:47:32.580+0000] {manager.py:878} INFO - 
================================================================================
DAG File Processing Stats

File Path                                PID  Runtime      # DAGs    # Errors  Last Runtime    Last Run
-------------------------------------  -----  ---------  --------  ----------  --------------  -------------------
/opt/airflow/dags/pakakumi_scraper.py    943  0.01s             1           0  0.18s           2026-01-03T16:47:02
================================================================================
[2026-01-03T16:48:02.906+0000] {manager.py:878} INFO - 
================================================================================
DAG File Processing Stats

File Path                                PID  Runtime      # DAGs    # Errors  Last Runtime    Last Run
-------------------------------------  -----  ---------  --------  ----------  --------------  -------------------
/opt/airflow/dags/pakakumi_scraper.py    948  0.01s             1           0  0.24s           2026-01-03T16:47:32
================================================================================
[2026-01-03T16:48:33.221+0000] {manager.py:878} INFO - 
================================================================================
DAG File Processing Stats

File Path                                PID  Runtime      # DAGs    # Errors  Last Runtime    Last Run
-------------------------------------  -----  ---------  --------  ----------  --------------  -------------------
/opt/airflow/dags/pakakumi_scraper.py    953  0.01s             1           0  0.27s           2026-01-03T16:48:03
================================================================================
[2026-01-03T16:49:03.543+0000] {manager.py:878} INFO - 
================================================================================
DAG File Processing Stats

File Path                                PID  Runtime      # DAGs    # Errors  Last Runtime    Last Run
-------------------------------------  -----  ---------  --------  ----------  --------------  -------------------
/opt/airflow/dags/pakakumi_scraper.py    958  0.01s             1           0  0.19s           2026-01-03T16:48:33
================================================================================
[2026-01-03T16:49:15.657+0000] {manager.py:737} INFO - Searching for files in /opt/airflow/dags
[2026-01-03T16:49:15.677+0000] {manager.py:740} INFO - There are 1 files in /opt/airflow/dags
[2026-01-03T16:49:33.816+0000] {manager.py:878} INFO - 
================================================================================
DAG File Processing Stats

File Path                                PID  Runtime      # DAGs    # Errors  Last Runtime    Last Run
-------------------------------------  -----  ---------  --------  ----------  --------------  -------------------
/opt/airflow/dags/pakakumi_scraper.py    963  0.01s             1           0  0.18s           2026-01-03T16:49:03
================================================================================
[2026-01-03T16:50:04.146+0000] {manager.py:878} INFO - 
================================================================================
DAG File Processing Stats

File Path                                PID  Runtime      # DAGs    # Errors  Last Runtime    Last Run
-------------------------------------  -----  ---------  --------  ----------  --------------  -------------------
/opt/airflow/dags/pakakumi_scraper.py    968  0.01s             1           0  0.20s           2026-01-03T16:49:34
================================================================================
[2026-01-03T16:50:34.422+0000] {manager.py:878} INFO - 
================================================================================
DAG File Processing Stats

File Path                                PID  Runtime      # DAGs    # Errors  Last Runtime    Last Run
-------------------------------------  -----  ---------  --------  ----------  --------------  -------------------
/opt/airflow/dags/pakakumi_scraper.py    973  0.01s             1           0  0.21s           2026-01-03T16:50:04
================================================================================
[2026-01-03T16:51:04.775+0000] {manager.py:878} INFO - 
================================================================================
DAG File Processing Stats

File Path                                PID  Runtime      # DAGs    # Errors  Last Runtime    Last Run
-------------------------------------  -----  ---------  --------  ----------  --------------  -------------------
/opt/airflow/dags/pakakumi_scraper.py    978  0.01s             1           0  0.25s           2026-01-03T16:50:34
================================================================================
[2026-01-03T16:51:35.052+0000] {manager.py:878} INFO - 
================================================================================
DAG File Processing Stats

File Path                                PID  Runtime      # DAGs    # Errors  Last Runtime    Last Run
-------------------------------------  -----  ---------  --------  ----------  --------------  -------------------
/opt/airflow/dags/pakakumi_scraper.py    983  0.01s             1           0  0.21s           2026-01-03T16:51:04
================================================================================
[2026-01-03T16:52:05.430+0000] {manager.py:878} INFO - 
================================================================================
DAG File Processing Stats

File Path                                PID  Runtime      # DAGs    # Errors  Last Runtime    Last Run
-------------------------------------  -----  ---------  --------  ----------  --------------  -------------------
/opt/airflow/dags/pakakumi_scraper.py    988  0.01s             1           0  0.19s           2026-01-03T16:51:35
================================================================================
[2026-01-03T16:52:35.671+0000] {manager.py:878} INFO - 
================================================================================
DAG File Processing Stats

File Path                                PID  Runtime      # DAGs    # Errors  Last Runtime    Last Run
-------------------------------------  -----  ---------  --------  ----------  --------------  -------------------
/opt/airflow/dags/pakakumi_scraper.py    993  0.01s             1           0  0.19s           2026-01-03T16:52:05
================================================================================
[2026-01-03T16:53:05.990+0000] {manager.py:878} INFO - 
================================================================================
DAG File Processing Stats

File Path                                PID  Runtime      # DAGs    # Errors  Last Runtime    Last Run
-------------------------------------  -----  ---------  --------  ----------  --------------  -------------------
/opt/airflow/dags/pakakumi_scraper.py    998  0.01s             1           0  0.21s           2026-01-03T16:52:35
================================================================================
[2026-01-03T16:53:36.239+0000] {manager.py:878} INFO - 
================================================================================
DAG File Processing Stats

File Path                                PID  Runtime      # DAGs    # Errors  Last Runtime    Last Run
-------------------------------------  -----  ---------  --------  ----------  --------------  -------------------
/opt/airflow/dags/pakakumi_scraper.py   1003  0.01s             1           0  0.22s           2026-01-03T16:53:06
================================================================================
[2026-01-03T16:54:06.658+0000] {manager.py:878} INFO - 
================================================================================
DAG File Processing Stats

File Path                                PID  Runtime      # DAGs    # Errors  Last Runtime    Last Run
-------------------------------------  -----  ---------  --------  ----------  --------------  -------------------
/opt/airflow/dags/pakakumi_scraper.py   1008  0.02s             1           0  0.21s           2026-01-03T16:53:36
================================================================================
[2026-01-03T16:54:15.746+0000] {manager.py:737} INFO - Searching for files in /opt/airflow/dags
[2026-01-03T16:54:15.794+0000] {manager.py:740} INFO - There are 1 files in /opt/airflow/dags
[2026-01-03T16:54:36.971+0000] {manager.py:878} INFO - 
================================================================================
DAG File Processing Stats

File Path                                PID  Runtime      # DAGs    # Errors  Last Runtime    Last Run
-------------------------------------  -----  ---------  --------  ----------  --------------  -------------------
/opt/airflow/dags/pakakumi_scraper.py   1013  0.01s             1           0  0.24s           2026-01-03T16:54:06
================================================================================
[2026-01-03T16:55:07.288+0000] {manager.py:878} INFO - 
================================================================================
DAG File Processing Stats

File Path                                PID  Runtime      # DAGs    # Errors  Last Runtime    Last Run
-------------------------------------  -----  ---------  --------  ----------  --------------  -------------------
/opt/airflow/dags/pakakumi_scraper.py   1018  0.01s             1           0  0.21s           2026-01-03T16:54:37
================================================================================
[2026-01-03T16:55:37.590+0000] {manager.py:878} INFO - 
================================================================================
DAG File Processing Stats

File Path                                PID  Runtime      # DAGs    # Errors  Last Runtime    Last Run
-------------------------------------  -----  ---------  --------  ----------  --------------  -------------------
/opt/airflow/dags/pakakumi_scraper.py   1023  0.01s             1           0  0.19s           2026-01-03T16:55:07
================================================================================
[2026-01-03T16:56:07.886+0000] {manager.py:878} INFO - 
================================================================================
DAG File Processing Stats

File Path                                PID  Runtime      # DAGs    # Errors  Last Runtime    Last Run
-------------------------------------  -----  ---------  --------  ----------  --------------  -------------------
/opt/airflow/dags/pakakumi_scraper.py   1028  0.01s             1           0  0.20s           2026-01-03T16:55:37
================================================================================
[2026-01-03T16:56:38.210+0000] {manager.py:878} INFO - 
================================================================================
DAG File Processing Stats

File Path                                PID  Runtime      # DAGs    # Errors  Last Runtime    Last Run
-------------------------------------  -----  ---------  --------  ----------  --------------  -------------------
/opt/airflow/dags/pakakumi_scraper.py   1033  0.01s             1           0  0.21s           2026-01-03T16:56:08
================================================================================
[2026-01-03T16:57:08.543+0000] {manager.py:878} INFO - 
================================================================================
DAG File Processing Stats

File Path                                PID  Runtime      # DAGs    # Errors  Last Runtime    Last Run
-------------------------------------  -----  ---------  --------  ----------  --------------  -------------------
/opt/airflow/dags/pakakumi_scraper.py   1038  0.01s             1           0  0.20s           2026-01-03T16:56:38
================================================================================
[2026-01-03T16:57:38.830+0000] {manager.py:878} INFO - 
================================================================================
DAG File Processing Stats

File Path                                PID  Runtime      # DAGs    # Errors  Last Runtime    Last Run
-------------------------------------  -----  ---------  --------  ----------  --------------  -------------------
/opt/airflow/dags/pakakumi_scraper.py   1043  0.01s             1           0  0.22s           2026-01-03T16:57:08
================================================================================
[2026-01-03T16:58:09.192+0000] {manager.py:878} INFO - 
================================================================================
DAG File Processing Stats

File Path                                PID  Runtime      # DAGs    # Errors  Last Runtime    Last Run
-------------------------------------  -----  ---------  --------  ----------  --------------  -------------------
/opt/airflow/dags/pakakumi_scraper.py   1048  0.01s             1           0  0.22s           2026-01-03T16:57:39
================================================================================
[2026-01-03T16:58:39.440+0000] {manager.py:878} INFO - 
================================================================================
DAG File Processing Stats

File Path                                PID  Runtime      # DAGs    # Errors  Last Runtime    Last Run
-------------------------------------  -----  ---------  --------  ----------  --------------  -------------------
/opt/airflow/dags/pakakumi_scraper.py   1053  0.01s             1           0  0.22s           2026-01-03T16:58:09
================================================================================
[2026-01-03T16:59:09.818+0000] {manager.py:878} INFO - 
================================================================================
DAG File Processing Stats

File Path                                PID  Runtime      # DAGs    # Errors  Last Runtime    Last Run
-------------------------------------  -----  ---------  --------  ----------  --------------  -------------------
/opt/airflow/dags/pakakumi_scraper.py   1058  0.01s             1           0  0.19s           2026-01-03T16:58:39
================================================================================
[2026-01-03T16:59:15.879+0000] {manager.py:737} INFO - Searching for files in /opt/airflow/dags
[2026-01-03T16:59:15.906+0000] {manager.py:740} INFO - There are 1 files in /opt/airflow/dags
[2026-01-03T16:59:40.115+0000] {manager.py:878} INFO - 
================================================================================
DAG File Processing Stats

File Path                                PID  Runtime      # DAGs    # Errors  Last Runtime    Last Run
-------------------------------------  -----  ---------  --------  ----------  --------------  -------------------
/opt/airflow/dags/pakakumi_scraper.py   1063  0.01s             1           0  0.18s           2026-01-03T16:59:09
================================================================================
[2026-01-03T17:00:10.413+0000] {manager.py:878} INFO - 
================================================================================
DAG File Processing Stats

File Path                                PID  Runtime      # DAGs    # Errors  Last Runtime    Last Run
-------------------------------------  -----  ---------  --------  ----------  --------------  -------------------
/opt/airflow/dags/pakakumi_scraper.py   1071  0.01s             1           0  0.21s           2026-01-03T16:59:40
================================================================================
[2026-01-03T17:00:40.709+0000] {manager.py:878} INFO - 
================================================================================
DAG File Processing Stats

File Path                                PID  Runtime      # DAGs    # Errors  Last Runtime    Last Run
-------------------------------------  -----  ---------  --------  ----------  --------------  -------------------
/opt/airflow/dags/pakakumi_scraper.py   1076  0.01s             1           0  0.18s           2026-01-03T17:00:10
================================================================================
[2026-01-03T17:01:11.032+0000] {manager.py:878} INFO - 
================================================================================
DAG File Processing Stats

File Path                                PID  Runtime      # DAGs    # Errors  Last Runtime    Last Run
-------------------------------------  -----  ---------  --------  ----------  --------------  -------------------
/opt/airflow/dags/pakakumi_scraper.py   1081  0.01s             1           0  0.20s           2026-01-03T17:00:40
================================================================================
[2026-01-03T17:01:41.444+0000] {manager.py:878} INFO - 
================================================================================
DAG File Processing Stats

File Path                                PID  Runtime      # DAGs    # Errors  Last Runtime    Last Run
-------------------------------------  -----  ---------  --------  ----------  --------------  -------------------
/opt/airflow/dags/pakakumi_scraper.py   1086  0.01s             1           0  0.20s           2026-01-03T17:01:11
================================================================================
[2026-01-03T17:02:11.686+0000] {manager.py:878} INFO - 
================================================================================
DAG File Processing Stats

File Path                                PID  Runtime      # DAGs    # Errors  Last Runtime    Last Run
-------------------------------------  -----  ---------  --------  ----------  --------------  -------------------
/opt/airflow/dags/pakakumi_scraper.py   1091  0.01s             1           0  0.18s           2026-01-03T17:01:41
================================================================================
[2026-01-03T17:02:42.052+0000] {manager.py:878} INFO - 
================================================================================
DAG File Processing Stats

File Path                                PID  Runtime      # DAGs    # Errors  Last Runtime    Last Run
-------------------------------------  -----  ---------  --------  ----------  --------------  -------------------
/opt/airflow/dags/pakakumi_scraper.py   1096  0.01s             1           0  0.19s           2026-01-03T17:02:11
================================================================================
[2026-01-03T17:03:12.306+0000] {manager.py:878} INFO - 
================================================================================
DAG File Processing Stats

File Path                                PID  Runtime      # DAGs    # Errors  Last Runtime    Last Run
-------------------------------------  -----  ---------  --------  ----------  --------------  -------------------
/opt/airflow/dags/pakakumi_scraper.py   1101  0.01s             1           0  0.23s           2026-01-03T17:02:42
================================================================================
[2026-01-03T17:03:42.682+0000] {manager.py:878} INFO - 
================================================================================
DAG File Processing Stats

File Path                                PID  Runtime      # DAGs    # Errors  Last Runtime    Last Run
-------------------------------------  -----  ---------  --------  ----------  --------------  -------------------
/opt/airflow/dags/pakakumi_scraper.py   1106  0.01s             1           0  0.22s           2026-01-03T17:03:12
================================================================================
[2026-01-03T17:04:12.949+0000] {manager.py:878} INFO - 
================================================================================
DAG File Processing Stats

File Path                                PID  Runtime      # DAGs    # Errors  Last Runtime    Last Run
-------------------------------------  -----  ---------  --------  ----------  --------------  -------------------
/opt/airflow/dags/pakakumi_scraper.py   1111  0.01s             1           0  0.21s           2026-01-03T17:03:42
================================================================================
[2026-01-03T17:04:16.081+0000] {manager.py:737} INFO - Searching for files in /opt/airflow/dags
[2026-01-03T17:04:16.131+0000] {manager.py:740} INFO - There are 1 files in /opt/airflow/dags
[2026-01-03T17:04:43.366+0000] {manager.py:878} INFO - 
================================================================================
DAG File Processing Stats

File Path                                PID  Runtime      # DAGs    # Errors  Last Runtime    Last Run
-------------------------------------  -----  ---------  --------  ----------  --------------  -------------------
/opt/airflow/dags/pakakumi_scraper.py   1116  0.01s             1           0  0.21s           2026-01-03T17:04:13
================================================================================
[2026-01-03T17:05:13.583+0000] {manager.py:878} INFO - 
================================================================================
DAG File Processing Stats

File Path                                PID  Runtime      # DAGs    # Errors  Last Runtime    Last Run
-------------------------------------  -----  ---------  --------  ----------  --------------  -------------------
/opt/airflow/dags/pakakumi_scraper.py   1121  0.01s             1           0  0.20s           2026-01-03T17:04:43
================================================================================
[2026-01-03T17:05:43.941+0000] {manager.py:878} INFO - 
================================================================================
DAG File Processing Stats

File Path                                PID  Runtime      # DAGs    # Errors  Last Runtime    Last Run
-------------------------------------  -----  ---------  --------  ----------  --------------  -------------------
/opt/airflow/dags/pakakumi_scraper.py   1126  0.01s             1           0  0.21s           2026-01-03T17:05:13
================================================================================
[2026-01-03T17:06:14.181+0000] {manager.py:878} INFO - 
================================================================================
DAG File Processing Stats

File Path                                PID  Runtime      # DAGs    # Errors  Last Runtime    Last Run
-------------------------------------  -----  ---------  --------  ----------  --------------  -------------------
/opt/airflow/dags/pakakumi_scraper.py   1131  0.01s             1           0  0.20s           2026-01-03T17:05:44
================================================================================
[2026-01-03T17:06:44.549+0000] {manager.py:878} INFO - 
================================================================================
DAG File Processing Stats

File Path                                PID  Runtime      # DAGs    # Errors  Last Runtime    Last Run
-------------------------------------  -----  ---------  --------  ----------  --------------  -------------------
/opt/airflow/dags/pakakumi_scraper.py   1136  0.01s             1           0  0.22s           2026-01-03T17:06:14
================================================================================
[2026-01-03T17:07:14.828+0000] {manager.py:878} INFO - 
================================================================================
DAG File Processing Stats

File Path                                PID  Runtime      # DAGs    # Errors  Last Runtime    Last Run
-------------------------------------  -----  ---------  --------  ----------  --------------  -------------------
/opt/airflow/dags/pakakumi_scraper.py   1141  0.01s             1           0  0.20s           2026-01-03T17:06:44
================================================================================
[2026-01-03T17:07:45.137+0000] {manager.py:878} INFO - 
================================================================================
DAG File Processing Stats

File Path                                PID  Runtime      # DAGs    # Errors  Last Runtime    Last Run
-------------------------------------  -----  ---------  --------  ----------  --------------  -------------------
/opt/airflow/dags/pakakumi_scraper.py   1146  0.01s             1           0  0.20s           2026-01-03T17:07:15
================================================================================
[2026-01-03T17:08:15.434+0000] {manager.py:878} INFO - 
================================================================================
DAG File Processing Stats

File Path                                PID  Runtime      # DAGs    # Errors  Last Runtime    Last Run
-------------------------------------  -----  ---------  --------  ----------  --------------  -------------------
/opt/airflow/dags/pakakumi_scraper.py   1151  0.01s             1           0  0.20s           2026-01-03T17:07:45
================================================================================
[2026-01-03T17:08:45.757+0000] {manager.py:878} INFO - 
================================================================================
DAG File Processing Stats

File Path                                PID  Runtime      # DAGs    # Errors  Last Runtime    Last Run
-------------------------------------  -----  ---------  --------  ----------  --------------  -------------------
/opt/airflow/dags/pakakumi_scraper.py   1156  0.01s             1           0  0.21s           2026-01-03T17:08:15
================================================================================
[2026-01-03T17:09:16.128+0000] {manager.py:878} INFO - 
================================================================================
DAG File Processing Stats

File Path                                PID  Runtime      # DAGs    # Errors  Last Runtime    Last Run
-------------------------------------  -----  ---------  --------  ----------  --------------  -------------------
/opt/airflow/dags/pakakumi_scraper.py   1161  0.02s             1           0  0.18s           2026-01-03T17:08:45
================================================================================
[2026-01-03T17:09:16.191+0000] {manager.py:737} INFO - Searching for files in /opt/airflow/dags
[2026-01-03T17:09:16.215+0000] {manager.py:740} INFO - There are 1 files in /opt/airflow/dags
[2026-01-03T17:09:46.464+0000] {manager.py:878} INFO - 
================================================================================
DAG File Processing Stats

File Path                              PID    Runtime      # DAGs    # Errors  Last Runtime    Last Run
-------------------------------------  -----  ---------  --------  ----------  --------------  -------------------
/opt/airflow/dags/pakakumi_scraper.py                           1           0  0.46s           2026-01-03T17:09:16
================================================================================
[2026-01-03T17:10:16.915+0000] {manager.py:878} INFO - 
================================================================================
DAG File Processing Stats

File Path                              PID    Runtime      # DAGs    # Errors  Last Runtime    Last Run
-------------------------------------  -----  ---------  --------  ----------  --------------  -------------------
/opt/airflow/dags/pakakumi_scraper.py                           1           0  0.21s           2026-01-03T17:09:46
================================================================================
[2026-01-03T17:10:47.323+0000] {manager.py:878} INFO - 
================================================================================
DAG File Processing Stats

File Path                              PID    Runtime      # DAGs    # Errors  Last Runtime    Last Run
-------------------------------------  -----  ---------  --------  ----------  --------------  -------------------
/opt/airflow/dags/pakakumi_scraper.py                           1           0  0.20s           2026-01-03T17:10:17
================================================================================
[2026-01-03T17:11:17.723+0000] {manager.py:878} INFO - 
================================================================================
DAG File Processing Stats

File Path                              PID    Runtime      # DAGs    # Errors  Last Runtime    Last Run
-------------------------------------  -----  ---------  --------  ----------  --------------  -------------------
/opt/airflow/dags/pakakumi_scraper.py                           1           0  0.20s           2026-01-03T17:10:47
================================================================================
[2026-01-03T17:11:48.121+0000] {manager.py:878} INFO - 
================================================================================
DAG File Processing Stats

File Path                              PID    Runtime      # DAGs    # Errors  Last Runtime    Last Run
-------------------------------------  -----  ---------  --------  ----------  --------------  -------------------
/opt/airflow/dags/pakakumi_scraper.py                           1           0  0.21s           2026-01-03T17:11:18
================================================================================
[2026-01-03T17:12:18.583+0000] {manager.py:878} INFO - 
================================================================================
DAG File Processing Stats

File Path                                PID  Runtime      # DAGs    # Errors  Last Runtime    Last Run
-------------------------------------  -----  ---------  --------  ----------  --------------  -------------------
/opt/airflow/dags/pakakumi_scraper.py   1191  0.01s             1           0  0.20s           2026-01-03T17:11:48
================================================================================
[2026-01-03T17:12:48.906+0000] {manager.py:878} INFO - 
================================================================================
DAG File Processing Stats

File Path                              PID    Runtime      # DAGs    # Errors  Last Runtime    Last Run
-------------------------------------  -----  ---------  --------  ----------  --------------  -------------------
/opt/airflow/dags/pakakumi_scraper.py                           1           0  0.33s           2026-01-03T17:12:18
================================================================================
[2026-01-03T17:13:19.306+0000] {manager.py:878} INFO - 
================================================================================
DAG File Processing Stats

File Path                              PID    Runtime      # DAGs    # Errors  Last Runtime    Last Run
-------------------------------------  -----  ---------  --------  ----------  --------------  -------------------
/opt/airflow/dags/pakakumi_scraper.py                           1           0  0.38s           2026-01-03T17:12:49
================================================================================
[2026-01-03T17:13:49.919+0000] {manager.py:878} INFO - 
================================================================================
DAG File Processing Stats

File Path                                PID  Runtime      # DAGs    # Errors  Last Runtime    Last Run
-------------------------------------  -----  ---------  --------  ----------  --------------  -------------------
/opt/airflow/dags/pakakumi_scraper.py   1206  0.01s             1           0  0.19s           2026-01-03T17:13:19
================================================================================
[2026-01-03T17:14:16.253+0000] {manager.py:737} INFO - Searching for files in /opt/airflow/dags
[2026-01-03T17:14:16.280+0000] {manager.py:740} INFO - There are 1 files in /opt/airflow/dags
[2026-01-03T17:14:20.347+0000] {manager.py:878} INFO - 
================================================================================
DAG File Processing Stats

File Path                                PID  Runtime      # DAGs    # Errors  Last Runtime    Last Run
-------------------------------------  -----  ---------  --------  ----------  --------------  -------------------
/opt/airflow/dags/pakakumi_scraper.py   1211  0.01s             1           0  0.21s           2026-01-03T17:13:50
================================================================================
[2026-01-03T17:14:50.602+0000] {manager.py:878} INFO - 
================================================================================
DAG File Processing Stats

File Path                                PID  Runtime      # DAGs    # Errors  Last Runtime    Last Run
-------------------------------------  -----  ---------  --------  ----------  --------------  -------------------
/opt/airflow/dags/pakakumi_scraper.py   1216  0.01s             1           0  0.19s           2026-01-03T17:14:20
================================================================================
[2026-01-03T17:15:20.949+0000] {manager.py:878} INFO - 
================================================================================
DAG File Processing Stats

File Path                                PID  Runtime      # DAGs    # Errors  Last Runtime    Last Run
-------------------------------------  -----  ---------  --------  ----------  --------------  -------------------
/opt/airflow/dags/pakakumi_scraper.py   1221  0.01s             1           0  0.21s           2026-01-03T17:14:50
================================================================================
[2026-01-03T17:15:51.201+0000] {manager.py:878} INFO - 
================================================================================
DAG File Processing Stats

File Path                                PID  Runtime      # DAGs    # Errors  Last Runtime    Last Run
-------------------------------------  -----  ---------  --------  ----------  --------------  -------------------
/opt/airflow/dags/pakakumi_scraper.py   1226  0.00s             1           0  0.19s           2026-01-03T17:15:21
================================================================================
[2026-01-03T17:16:21.561+0000] {manager.py:878} INFO - 
================================================================================
DAG File Processing Stats

File Path                                PID  Runtime      # DAGs    # Errors  Last Runtime    Last Run
-------------------------------------  -----  ---------  --------  ----------  --------------  -------------------
/opt/airflow/dags/pakakumi_scraper.py   1231  0.01s             1           0  0.21s           2026-01-03T17:15:51
================================================================================
[2026-01-03T17:16:51.777+0000] {manager.py:878} INFO - 
================================================================================
DAG File Processing Stats

File Path                                PID  Runtime      # DAGs    # Errors  Last Runtime    Last Run
-------------------------------------  -----  ---------  --------  ----------  --------------  -------------------
/opt/airflow/dags/pakakumi_scraper.py   1236  0.01s             1           0  0.18s           2026-01-03T17:16:21
================================================================================
[2026-01-03T17:17:22.169+0000] {manager.py:878} INFO - 
================================================================================
DAG File Processing Stats

File Path                                PID  Runtime      # DAGs    # Errors  Last Runtime    Last Run
-------------------------------------  -----  ---------  --------  ----------  --------------  -------------------
/opt/airflow/dags/pakakumi_scraper.py   1241  0.01s             1           0  0.23s           2026-01-03T17:16:51
================================================================================
[2026-01-03T17:17:52.383+0000] {manager.py:878} INFO - 
================================================================================
DAG File Processing Stats

File Path                              PID    Runtime      # DAGs    # Errors  Last Runtime    Last Run
-------------------------------------  -----  ---------  --------  ----------  --------------  -------------------
/opt/airflow/dags/pakakumi_scraper.py                           1           0  0.22s           2026-01-03T17:17:22
================================================================================
[2026-01-03T17:18:22.780+0000] {manager.py:878} INFO - 
================================================================================
DAG File Processing Stats

File Path                              PID    Runtime      # DAGs    # Errors  Last Runtime    Last Run
-------------------------------------  -----  ---------  --------  ----------  --------------  -------------------
/opt/airflow/dags/pakakumi_scraper.py                           1           0  0.25s           2026-01-03T17:17:52
================================================================================
[2026-01-03T17:18:53.205+0000] {manager.py:878} INFO - 
================================================================================
DAG File Processing Stats

File Path                              PID    Runtime      # DAGs    # Errors  Last Runtime    Last Run
-------------------------------------  -----  ---------  --------  ----------  --------------  -------------------
/opt/airflow/dags/pakakumi_scraper.py                           1           0  0.20s           2026-01-03T17:18:23
================================================================================
[2026-01-03T17:19:16.575+0000] {manager.py:737} INFO - Searching for files in /opt/airflow/dags
[2026-01-03T17:19:16.615+0000] {manager.py:740} INFO - There are 1 files in /opt/airflow/dags
[2026-01-03T17:19:23.714+0000] {manager.py:878} INFO - 
================================================================================
DAG File Processing Stats

File Path                                PID  Runtime      # DAGs    # Errors  Last Runtime    Last Run
-------------------------------------  -----  ---------  --------  ----------  --------------  -------------------
/opt/airflow/dags/pakakumi_scraper.py   1261  0.01s             1           0  0.20s           2026-01-03T17:18:53
================================================================================
[2026-01-03T17:19:54.014+0000] {manager.py:878} INFO - 
================================================================================
DAG File Processing Stats

File Path                                PID  Runtime      # DAGs    # Errors  Last Runtime    Last Run
-------------------------------------  -----  ---------  --------  ----------  --------------  -------------------
/opt/airflow/dags/pakakumi_scraper.py   1266  0.01s             1           0  0.19s           2026-01-03T17:19:23
================================================================================
[2026-01-03T17:20:24.339+0000] {manager.py:878} INFO - 
================================================================================
DAG File Processing Stats

File Path                                PID  Runtime      # DAGs    # Errors  Last Runtime    Last Run
-------------------------------------  -----  ---------  --------  ----------  --------------  -------------------
/opt/airflow/dags/pakakumi_scraper.py   1271  0.01s             1           0  0.24s           2026-01-03T17:19:54
================================================================================
[2026-01-03T17:20:54.653+0000] {manager.py:878} INFO - 
================================================================================
DAG File Processing Stats

File Path                                PID  Runtime      # DAGs    # Errors  Last Runtime    Last Run
-------------------------------------  -----  ---------  --------  ----------  --------------  -------------------
/opt/airflow/dags/pakakumi_scraper.py   1276  0.01s             1           0  0.20s           2026-01-03T17:20:24
================================================================================
[2026-01-03T17:21:24.935+0000] {manager.py:878} INFO - 
================================================================================
DAG File Processing Stats

File Path                                PID  Runtime      # DAGs    # Errors  Last Runtime    Last Run
-------------------------------------  -----  ---------  --------  ----------  --------------  -------------------
/opt/airflow/dags/pakakumi_scraper.py   1281  0.01s             1           0  0.19s           2026-01-03T17:20:54
================================================================================
[2026-01-03T17:21:55.229+0000] {manager.py:878} INFO - 
================================================================================
DAG File Processing Stats

File Path                                PID  Runtime      # DAGs    # Errors  Last Runtime    Last Run
-------------------------------------  -----  ---------  --------  ----------  --------------  -------------------
/opt/airflow/dags/pakakumi_scraper.py   1286  0.01s             1           0  0.19s           2026-01-03T17:21:25
================================================================================
[2026-01-03T17:22:25.544+0000] {manager.py:878} INFO - 
================================================================================
DAG File Processing Stats

File Path                                PID  Runtime      # DAGs    # Errors  Last Runtime    Last Run
-------------------------------------  -----  ---------  --------  ----------  --------------  -------------------
/opt/airflow/dags/pakakumi_scraper.py   1291  0.01s             1           0  0.19s           2026-01-03T17:21:55
================================================================================
[2026-01-03T17:22:55.825+0000] {manager.py:878} INFO - 
================================================================================
DAG File Processing Stats

File Path                                PID  Runtime      # DAGs    # Errors  Last Runtime    Last Run
-------------------------------------  -----  ---------  --------  ----------  --------------  -------------------
/opt/airflow/dags/pakakumi_scraper.py   1296  0.01s             1           0  0.20s           2026-01-03T17:22:25
================================================================================
[2026-01-03T17:23:26.128+0000] {manager.py:878} INFO - 
================================================================================
DAG File Processing Stats

File Path                                PID  Runtime      # DAGs    # Errors  Last Runtime    Last Run
-------------------------------------  -----  ---------  --------  ----------  --------------  -------------------
/opt/airflow/dags/pakakumi_scraper.py   1301  0.01s             1           0  0.20s           2026-01-03T17:22:56
================================================================================
[2026-01-03T17:23:56.407+0000] {manager.py:878} INFO - 
================================================================================
DAG File Processing Stats

File Path                                PID  Runtime      # DAGs    # Errors  Last Runtime    Last Run
-------------------------------------  -----  ---------  --------  ----------  --------------  -------------------
/opt/airflow/dags/pakakumi_scraper.py   1306  0.01s             1           0  0.26s           2026-01-03T17:23:26
================================================================================
[2026-01-03T17:24:16.698+0000] {manager.py:737} INFO - Searching for files in /opt/airflow/dags
[2026-01-03T17:24:16.739+0000] {manager.py:740} INFO - There are 1 files in /opt/airflow/dags
[2026-01-03T17:24:26.852+0000] {manager.py:878} INFO - 
================================================================================
DAG File Processing Stats

File Path                                PID  Runtime      # DAGs    # Errors  Last Runtime    Last Run
-------------------------------------  -----  ---------  --------  ----------  --------------  -------------------
/opt/airflow/dags/pakakumi_scraper.py   1311  0.01s             1           0  0.24s           2026-01-03T17:23:56
================================================================================
[2026-01-03T17:24:57.072+0000] {manager.py:878} INFO - 
================================================================================
DAG File Processing Stats

File Path                              PID    Runtime      # DAGs    # Errors  Last Runtime    Last Run
-------------------------------------  -----  ---------  --------  ----------  --------------  -------------------
/opt/airflow/dags/pakakumi_scraper.py                           1           0  0.30s           2026-01-03T17:24:27
================================================================================
[2026-01-03T17:25:27.514+0000] {manager.py:878} INFO - 
================================================================================
DAG File Processing Stats

File Path                              PID    Runtime      # DAGs    # Errors  Last Runtime    Last Run
-------------------------------------  -----  ---------  --------  ----------  --------------  -------------------
/opt/airflow/dags/pakakumi_scraper.py                           1           0  0.21s           2026-01-03T17:24:57
================================================================================
[2026-01-03T17:25:57.912+0000] {manager.py:878} INFO - 
================================================================================
DAG File Processing Stats

File Path                              PID    Runtime      # DAGs    # Errors  Last Runtime    Last Run
-------------------------------------  -----  ---------  --------  ----------  --------------  -------------------
/opt/airflow/dags/pakakumi_scraper.py                           1           0  0.22s           2026-01-03T17:25:27
================================================================================
[2026-01-03T17:26:28.381+0000] {manager.py:878} INFO - 
================================================================================
DAG File Processing Stats

File Path                                PID  Runtime      # DAGs    # Errors  Last Runtime    Last Run
-------------------------------------  -----  ---------  --------  ----------  --------------  -------------------
/opt/airflow/dags/pakakumi_scraper.py   1331  0.01s             1           0  0.19s           2026-01-03T17:25:58
================================================================================
[2026-01-03T17:26:58.733+0000] {manager.py:878} INFO - 
================================================================================
DAG File Processing Stats

File Path                                PID  Runtime      # DAGs    # Errors  Last Runtime    Last Run
-------------------------------------  -----  ---------  --------  ----------  --------------  -------------------
/opt/airflow/dags/pakakumi_scraper.py   1336  0.00s             1           0  0.22s           2026-01-03T17:26:28
================================================================================
[2026-01-03T17:27:28.991+0000] {manager.py:878} INFO - 
================================================================================
DAG File Processing Stats

File Path                                PID  Runtime      # DAGs    # Errors  Last Runtime    Last Run
-------------------------------------  -----  ---------  --------  ----------  --------------  -------------------
/opt/airflow/dags/pakakumi_scraper.py   1341  0.01s             1           0  0.18s           2026-01-03T17:26:58
================================================================================
[2026-01-03T17:27:59.322+0000] {manager.py:878} INFO - 
================================================================================
DAG File Processing Stats

File Path                                PID  Runtime      # DAGs    # Errors  Last Runtime    Last Run
-------------------------------------  -----  ---------  --------  ----------  --------------  -------------------
/opt/airflow/dags/pakakumi_scraper.py   1346  0.02s             1           0  0.19s           2026-01-03T17:27:29
================================================================================
[2026-01-03T17:28:29.574+0000] {manager.py:878} INFO - 
================================================================================
DAG File Processing Stats

File Path                                PID  Runtime      # DAGs    # Errors  Last Runtime    Last Run
-------------------------------------  -----  ---------  --------  ----------  --------------  -------------------
/opt/airflow/dags/pakakumi_scraper.py   1351  0.01s             1           0  0.20s           2026-01-03T17:27:59
================================================================================
[2026-01-03T17:28:59.900+0000] {manager.py:878} INFO - 
================================================================================
DAG File Processing Stats

File Path                                PID  Runtime      # DAGs    # Errors  Last Runtime    Last Run
-------------------------------------  -----  ---------  --------  ----------  --------------  -------------------
/opt/airflow/dags/pakakumi_scraper.py   1356  0.01s             1           0  0.21s           2026-01-03T17:28:29
================================================================================
[2026-01-03T17:29:17.074+0000] {manager.py:737} INFO - Searching for files in /opt/airflow/dags
[2026-01-03T17:29:17.105+0000] {manager.py:740} INFO - There are 1 files in /opt/airflow/dags
[2026-01-03T17:29:30.231+0000] {manager.py:878} INFO - 
================================================================================
DAG File Processing Stats

File Path                                PID  Runtime      # DAGs    # Errors  Last Runtime    Last Run
-------------------------------------  -----  ---------  --------  ----------  --------------  -------------------
/opt/airflow/dags/pakakumi_scraper.py   1361  0.01s             1           0  0.22s           2026-01-03T17:29:00
================================================================================
[2026-01-03T17:30:00.495+0000] {manager.py:878} INFO - 
================================================================================
DAG File Processing Stats

File Path                                PID  Runtime      # DAGs    # Errors  Last Runtime    Last Run
-------------------------------------  -----  ---------  --------  ----------  --------------  -------------------
/opt/airflow/dags/pakakumi_scraper.py   1366  0.01s             1           0  0.21s           2026-01-03T17:29:30
================================================================================
[2026-01-03T17:30:30.836+0000] {manager.py:878} INFO - 
================================================================================
DAG File Processing Stats

File Path                                PID  Runtime      # DAGs    # Errors  Last Runtime    Last Run
-------------------------------------  -----  ---------  --------  ----------  --------------  -------------------
/opt/airflow/dags/pakakumi_scraper.py   1371  0.01s             1           0  0.20s           2026-01-03T17:30:00
================================================================================
[2026-01-03T17:31:01.055+0000] {manager.py:878} INFO - 
================================================================================
DAG File Processing Stats

File Path                              PID    Runtime      # DAGs    # Errors  Last Runtime    Last Run
-------------------------------------  -----  ---------  --------  ----------  --------------  -------------------
/opt/airflow/dags/pakakumi_scraper.py                           1           0  0.31s           2026-01-03T17:30:31
================================================================================
[2026-01-03T17:31:31.564+0000] {manager.py:878} INFO - 
================================================================================
DAG File Processing Stats

File Path                                PID  Runtime      # DAGs    # Errors  Last Runtime    Last Run
-------------------------------------  -----  ---------  --------  ----------  --------------  -------------------
/opt/airflow/dags/pakakumi_scraper.py   1381  0.01s             1           0  0.20s           2026-01-03T17:31:01
================================================================================
[2026-01-03T17:32:01.946+0000] {manager.py:878} INFO - 
================================================================================
DAG File Processing Stats

File Path                                PID  Runtime      # DAGs    # Errors  Last Runtime    Last Run
-------------------------------------  -----  ---------  --------  ----------  --------------  -------------------
/opt/airflow/dags/pakakumi_scraper.py   1386  0.00s             1           0  0.19s           2026-01-03T17:31:31
================================================================================
[2026-01-03T17:32:32.153+0000] {manager.py:878} INFO - 
================================================================================
DAG File Processing Stats

File Path                                PID  Runtime      # DAGs    # Errors  Last Runtime    Last Run
-------------------------------------  -----  ---------  --------  ----------  --------------  -------------------
/opt/airflow/dags/pakakumi_scraper.py   1391  0.01s             1           0  0.20s           2026-01-03T17:32:02
================================================================================
[2026-01-03T17:33:02.523+0000] {manager.py:878} INFO - 
================================================================================
DAG File Processing Stats

File Path                                PID  Runtime      # DAGs    # Errors  Last Runtime    Last Run
-------------------------------------  -----  ---------  --------  ----------  --------------  -------------------
/opt/airflow/dags/pakakumi_scraper.py   1396  0.01s             1           0  0.19s           2026-01-03T17:32:32
================================================================================
[2026-01-03T17:33:32.739+0000] {manager.py:878} INFO - 
================================================================================
DAG File Processing Stats

File Path                                PID  Runtime      # DAGs    # Errors  Last Runtime    Last Run
-------------------------------------  -----  ---------  --------  ----------  --------------  -------------------
/opt/airflow/dags/pakakumi_scraper.py   1401  0.01s             1           0  0.20s           2026-01-03T17:33:02
================================================================================
[2026-01-03T17:34:03.109+0000] {manager.py:878} INFO - 
================================================================================
DAG File Processing Stats

File Path                                PID  Runtime      # DAGs    # Errors  Last Runtime    Last Run
-------------------------------------  -----  ---------  --------  ----------  --------------  -------------------
/opt/airflow/dags/pakakumi_scraper.py   1406  0.01s             1           0  0.22s           2026-01-03T17:33:32
================================================================================
[2026-01-03T17:34:17.289+0000] {manager.py:737} INFO - Searching for files in /opt/airflow/dags
[2026-01-03T17:34:17.317+0000] {manager.py:740} INFO - There are 1 files in /opt/airflow/dags
[2026-01-03T17:34:33.464+0000] {manager.py:878} INFO - 
================================================================================
DAG File Processing Stats

File Path                                PID  Runtime      # DAGs    # Errors  Last Runtime    Last Run
-------------------------------------  -----  ---------  --------  ----------  --------------  -------------------
/opt/airflow/dags/pakakumi_scraper.py   1411  0.01s             1           0  0.22s           2026-01-03T17:34:03
================================================================================
[2026-01-03T17:35:03.719+0000] {manager.py:878} INFO - 
================================================================================
DAG File Processing Stats

File Path                                PID  Runtime      # DAGs    # Errors  Last Runtime    Last Run
-------------------------------------  -----  ---------  --------  ----------  --------------  -------------------
/opt/airflow/dags/pakakumi_scraper.py   1416  0.01s             1           0  0.21s           2026-01-03T17:34:33
================================================================================
[2026-01-03T17:35:34.071+0000] {manager.py:878} INFO - 
================================================================================
DAG File Processing Stats

File Path                                PID  Runtime      # DAGs    # Errors  Last Runtime    Last Run
-------------------------------------  -----  ---------  --------  ----------  --------------  -------------------
/opt/airflow/dags/pakakumi_scraper.py   1421  0.01s             1           0  0.23s           2026-01-03T17:35:03
================================================================================
[2026-01-03T17:36:04.324+0000] {manager.py:878} INFO - 
================================================================================
DAG File Processing Stats

File Path                                PID  Runtime      # DAGs    # Errors  Last Runtime    Last Run
-------------------------------------  -----  ---------  --------  ----------  --------------  -------------------
/opt/airflow/dags/pakakumi_scraper.py   1426  0.01s             1           0  0.21s           2026-01-03T17:35:34
================================================================================
[2026-01-03T17:36:34.671+0000] {manager.py:878} INFO - 
================================================================================
DAG File Processing Stats

File Path                                PID  Runtime      # DAGs    # Errors  Last Runtime    Last Run
-------------------------------------  -----  ---------  --------  ----------  --------------  -------------------
/opt/airflow/dags/pakakumi_scraper.py   1431  0.01s             1           0  0.19s           2026-01-03T17:36:04
================================================================================
[2026-01-03T17:37:04.909+0000] {manager.py:878} INFO - 
================================================================================
DAG File Processing Stats

File Path                                PID  Runtime      # DAGs    # Errors  Last Runtime    Last Run
-------------------------------------  -----  ---------  --------  ----------  --------------  -------------------
/opt/airflow/dags/pakakumi_scraper.py   1436  0.01s             1           0  0.19s           2026-01-03T17:36:34
================================================================================
[2026-01-03T17:37:35.270+0000] {manager.py:878} INFO - 
================================================================================
DAG File Processing Stats

File Path                                PID  Runtime      # DAGs    # Errors  Last Runtime    Last Run
-------------------------------------  -----  ---------  --------  ----------  --------------  -------------------
/opt/airflow/dags/pakakumi_scraper.py   1441  0.01s             1           0  0.19s           2026-01-03T17:37:05
================================================================================
[2026-01-03T17:38:05.510+0000] {manager.py:878} INFO - 
================================================================================
DAG File Processing Stats

File Path                                PID  Runtime      # DAGs    # Errors  Last Runtime    Last Run
-------------------------------------  -----  ---------  --------  ----------  --------------  -------------------
/opt/airflow/dags/pakakumi_scraper.py   1446  0.01s             1           0  0.21s           2026-01-03T17:37:35
================================================================================
[2026-01-03T17:38:35.885+0000] {manager.py:878} INFO - 
================================================================================
DAG File Processing Stats

File Path                                PID  Runtime      # DAGs    # Errors  Last Runtime    Last Run
-------------------------------------  -----  ---------  --------  ----------  --------------  -------------------
/opt/airflow/dags/pakakumi_scraper.py   1451  0.01s             1           0  0.19s           2026-01-03T17:38:05
================================================================================
[2026-01-03T17:39:06.115+0000] {manager.py:878} INFO - 
================================================================================
DAG File Processing Stats

File Path                                PID  Runtime      # DAGs    # Errors  Last Runtime    Last Run
-------------------------------------  -----  ---------  --------  ----------  --------------  -------------------
/opt/airflow/dags/pakakumi_scraper.py   1456  0.01s             1           0  0.20s           2026-01-03T17:38:36
================================================================================
[2026-01-03T17:39:17.301+0000] {manager.py:737} INFO - Searching for files in /opt/airflow/dags
[2026-01-03T17:39:17.322+0000] {manager.py:740} INFO - There are 1 files in /opt/airflow/dags
[2026-01-03T17:39:36.487+0000] {manager.py:878} INFO - 
================================================================================
DAG File Processing Stats

File Path                                PID  Runtime      # DAGs    # Errors  Last Runtime    Last Run
-------------------------------------  -----  ---------  --------  ----------  --------------  -------------------
/opt/airflow/dags/pakakumi_scraper.py   1461  0.01s             1           0  0.19s           2026-01-03T17:39:06
================================================================================
[2026-01-03T17:40:06.743+0000] {manager.py:878} INFO - 
================================================================================
DAG File Processing Stats

File Path                                PID  Runtime      # DAGs    # Errors  Last Runtime    Last Run
-------------------------------------  -----  ---------  --------  ----------  --------------  -------------------
/opt/airflow/dags/pakakumi_scraper.py   1466  0.02s             1           0  0.19s           2026-01-03T17:39:36
================================================================================
[2026-01-03T17:40:37.090+0000] {manager.py:878} INFO - 
================================================================================
DAG File Processing Stats

File Path                                PID  Runtime      # DAGs    # Errors  Last Runtime    Last Run
-------------------------------------  -----  ---------  --------  ----------  --------------  -------------------
/opt/airflow/dags/pakakumi_scraper.py   1471  0.01s             1           0  0.25s           2026-01-03T17:40:06
================================================================================
[2026-01-03T17:41:07.347+0000] {manager.py:878} INFO - 
================================================================================
DAG File Processing Stats

File Path                                PID  Runtime      # DAGs    # Errors  Last Runtime    Last Run
-------------------------------------  -----  ---------  --------  ----------  --------------  -------------------
/opt/airflow/dags/pakakumi_scraper.py   1476  0.01s             1           0  0.20s           2026-01-03T17:40:37
================================================================================
[2026-01-03T17:41:37.664+0000] {manager.py:878} INFO - 
================================================================================
DAG File Processing Stats

File Path                                PID  Runtime      # DAGs    # Errors  Last Runtime    Last Run
-------------------------------------  -----  ---------  --------  ----------  --------------  -------------------
/opt/airflow/dags/pakakumi_scraper.py   1481  0.01s             1           0  0.19s           2026-01-03T17:41:07
================================================================================
[2026-01-03T17:42:07.971+0000] {manager.py:878} INFO - 
================================================================================
DAG File Processing Stats

File Path                                PID  Runtime      # DAGs    # Errors  Last Runtime    Last Run
-------------------------------------  -----  ---------  --------  ----------  --------------  -------------------
/opt/airflow/dags/pakakumi_scraper.py   1486  0.02s             1           0  0.19s           2026-01-03T17:41:37
================================================================================
[2026-01-03T17:42:38.286+0000] {manager.py:878} INFO - 
================================================================================
DAG File Processing Stats

File Path                                PID  Runtime      # DAGs    # Errors  Last Runtime    Last Run
-------------------------------------  -----  ---------  --------  ----------  --------------  -------------------
/opt/airflow/dags/pakakumi_scraper.py   1491  0.01s             1           0  0.21s           2026-01-03T17:42:08
================================================================================
[2026-01-03T17:43:08.574+0000] {manager.py:878} INFO - 
================================================================================
DAG File Processing Stats

File Path                                PID  Runtime      # DAGs    # Errors  Last Runtime    Last Run
-------------------------------------  -----  ---------  --------  ----------  --------------  -------------------
/opt/airflow/dags/pakakumi_scraper.py   1496  0.01s             1           0  0.19s           2026-01-03T17:42:38
================================================================================
[2026-01-03T17:43:38.864+0000] {manager.py:878} INFO - 
================================================================================
DAG File Processing Stats

File Path                                PID  Runtime      # DAGs    # Errors  Last Runtime    Last Run
-------------------------------------  -----  ---------  --------  ----------  --------------  -------------------
/opt/airflow/dags/pakakumi_scraper.py   1501  0.01s             1           0  0.20s           2026-01-03T17:43:08
================================================================================
[2026-01-03T17:44:09.166+0000] {manager.py:878} INFO - 
================================================================================
DAG File Processing Stats

File Path                                PID  Runtime      # DAGs    # Errors  Last Runtime    Last Run
-------------------------------------  -----  ---------  --------  ----------  --------------  -------------------
/opt/airflow/dags/pakakumi_scraper.py   1506  0.01s             1           0  0.18s           2026-01-03T17:43:39
================================================================================
[2026-01-03T17:44:17.389+0000] {manager.py:737} INFO - Searching for files in /opt/airflow/dags
[2026-01-03T17:44:17.412+0000] {manager.py:740} INFO - There are 1 files in /opt/airflow/dags
[2026-01-03T17:44:39.436+0000] {manager.py:878} INFO - 
================================================================================
DAG File Processing Stats

File Path                                PID  Runtime      # DAGs    # Errors  Last Runtime    Last Run
-------------------------------------  -----  ---------  --------  ----------  --------------  -------------------
/opt/airflow/dags/pakakumi_scraper.py   1511  0.01s             1           0  0.19s           2026-01-03T17:44:09
================================================================================
[2026-01-03T17:45:09.761+0000] {manager.py:878} INFO - 
================================================================================
DAG File Processing Stats

File Path                                PID  Runtime      # DAGs    # Errors  Last Runtime    Last Run
-------------------------------------  -----  ---------  --------  ----------  --------------  -------------------
/opt/airflow/dags/pakakumi_scraper.py   1516  0.01s             1           0  0.18s           2026-01-03T17:44:39
================================================================================
[2026-01-03T17:45:40.068+0000] {manager.py:878} INFO - 
================================================================================
DAG File Processing Stats

File Path                                PID  Runtime      # DAGs    # Errors  Last Runtime    Last Run
-------------------------------------  -----  ---------  --------  ----------  --------------  -------------------
/opt/airflow/dags/pakakumi_scraper.py   1521  0.01s             1           0  0.20s           2026-01-03T17:45:09
================================================================================
[2026-01-03T17:46:10.379+0000] {manager.py:878} INFO - 
================================================================================
DAG File Processing Stats

File Path                                PID  Runtime      # DAGs    # Errors  Last Runtime    Last Run
-------------------------------------  -----  ---------  --------  ----------  --------------  -------------------
/opt/airflow/dags/pakakumi_scraper.py   1526  0.01s             1           0  0.21s           2026-01-03T17:45:40
================================================================================
[2026-01-03T17:46:40.692+0000] {manager.py:878} INFO - 
================================================================================
DAG File Processing Stats

File Path                                PID  Runtime      # DAGs    # Errors  Last Runtime    Last Run
-------------------------------------  -----  ---------  --------  ----------  --------------  -------------------
/opt/airflow/dags/pakakumi_scraper.py   1531  0.01s             1           0  0.21s           2026-01-03T17:46:10
================================================================================
[2026-01-03T17:47:10.996+0000] {manager.py:878} INFO - 
================================================================================
DAG File Processing Stats

File Path                                PID  Runtime      # DAGs    # Errors  Last Runtime    Last Run
-------------------------------------  -----  ---------  --------  ----------  --------------  -------------------
/opt/airflow/dags/pakakumi_scraper.py   1536  0.01s             1           0  0.18s           2026-01-03T17:46:40
================================================================================
[2026-01-03T17:47:41.263+0000] {manager.py:878} INFO - 
================================================================================
DAG File Processing Stats

File Path                                PID  Runtime      # DAGs    # Errors  Last Runtime    Last Run
-------------------------------------  -----  ---------  --------  ----------  --------------  -------------------
/opt/airflow/dags/pakakumi_scraper.py   1541  0.01s             1           0  0.18s           2026-01-03T17:47:11
================================================================================
[2026-01-03T17:48:11.546+0000] {manager.py:878} INFO - 
================================================================================
DAG File Processing Stats

File Path                                PID  Runtime      # DAGs    # Errors  Last Runtime    Last Run
-------------------------------------  -----  ---------  --------  ----------  --------------  -------------------
/opt/airflow/dags/pakakumi_scraper.py   1546  0.01s             1           0  0.20s           2026-01-03T17:47:41
================================================================================
[2026-01-03T17:48:41.846+0000] {manager.py:878} INFO - 
================================================================================
DAG File Processing Stats

File Path                                PID  Runtime      # DAGs    # Errors  Last Runtime    Last Run
-------------------------------------  -----  ---------  --------  ----------  --------------  -------------------
/opt/airflow/dags/pakakumi_scraper.py   1551  0.01s             1           0  0.19s           2026-01-03T17:48:11
================================================================================
[2026-01-03T17:49:12.120+0000] {manager.py:878} INFO - 
================================================================================
DAG File Processing Stats

File Path                                PID  Runtime      # DAGs    # Errors  Last Runtime    Last Run
-------------------------------------  -----  ---------  --------  ----------  --------------  -------------------
/opt/airflow/dags/pakakumi_scraper.py   1556  0.01s             1           0  0.18s           2026-01-03T17:48:42
================================================================================
[2026-01-03T17:49:18.238+0000] {manager.py:737} INFO - Searching for files in /opt/airflow/dags
[2026-01-03T17:49:18.257+0000] {manager.py:740} INFO - There are 1 files in /opt/airflow/dags
[2026-01-03T17:49:42.445+0000] {manager.py:878} INFO - 
================================================================================
DAG File Processing Stats

File Path                                PID  Runtime      # DAGs    # Errors  Last Runtime    Last Run
-------------------------------------  -----  ---------  --------  ----------  --------------  -------------------
/opt/airflow/dags/pakakumi_scraper.py   1561  0.01s             1           0  0.21s           2026-01-03T17:49:12
================================================================================
[2026-01-03T17:50:12.710+0000] {manager.py:878} INFO - 
================================================================================
DAG File Processing Stats

File Path                                PID  Runtime      # DAGs    # Errors  Last Runtime    Last Run
-------------------------------------  -----  ---------  --------  ----------  --------------  -------------------
/opt/airflow/dags/pakakumi_scraper.py   1566  0.01s             1           0  0.19s           2026-01-03T17:49:42
================================================================================
[2026-01-03T17:50:43.032+0000] {manager.py:878} INFO - 
================================================================================
DAG File Processing Stats

File Path                                PID  Runtime      # DAGs    # Errors  Last Runtime    Last Run
-------------------------------------  -----  ---------  --------  ----------  --------------  -------------------
/opt/airflow/dags/pakakumi_scraper.py   1571  0.01s             1           0  0.20s           2026-01-03T17:50:12
================================================================================
[2026-01-03T17:51:13.298+0000] {manager.py:878} INFO - 
================================================================================
DAG File Processing Stats

File Path                                PID  Runtime      # DAGs    # Errors  Last Runtime    Last Run
-------------------------------------  -----  ---------  --------  ----------  --------------  -------------------
/opt/airflow/dags/pakakumi_scraper.py   1576  0.01s             1           0  0.18s           2026-01-03T17:50:43
================================================================================
[2026-01-03T17:51:43.595+0000] {manager.py:878} INFO - 
================================================================================
DAG File Processing Stats

File Path                                PID  Runtime      # DAGs    # Errors  Last Runtime    Last Run
-------------------------------------  -----  ---------  --------  ----------  --------------  -------------------
/opt/airflow/dags/pakakumi_scraper.py   1581  0.01s             1           0  0.20s           2026-01-03T17:51:13
================================================================================
[2026-01-03T17:52:13.885+0000] {manager.py:878} INFO - 
================================================================================
DAG File Processing Stats

File Path                                PID  Runtime      # DAGs    # Errors  Last Runtime    Last Run
-------------------------------------  -----  ---------  --------  ----------  --------------  -------------------
/opt/airflow/dags/pakakumi_scraper.py   1586  0.01s             1           0  0.18s           2026-01-03T17:51:43
================================================================================
[2026-01-03T17:52:44.168+0000] {manager.py:878} INFO - 
================================================================================
DAG File Processing Stats

File Path                                PID  Runtime      # DAGs    # Errors  Last Runtime    Last Run
-------------------------------------  -----  ---------  --------  ----------  --------------  -------------------
/opt/airflow/dags/pakakumi_scraper.py   1591  0.01s             1           0  0.21s           2026-01-03T17:52:14
================================================================================
[2026-01-03T17:53:14.492+0000] {manager.py:878} INFO - 
================================================================================
DAG File Processing Stats

File Path                                PID  Runtime      # DAGs    # Errors  Last Runtime    Last Run
-------------------------------------  -----  ---------  --------  ----------  --------------  -------------------
/opt/airflow/dags/pakakumi_scraper.py   1596  0.01s             1           0  0.23s           2026-01-03T17:52:44
================================================================================
[2026-01-03T17:53:44.816+0000] {manager.py:878} INFO - 
================================================================================
DAG File Processing Stats

File Path                                PID  Runtime      # DAGs    # Errors  Last Runtime    Last Run
-------------------------------------  -----  ---------  --------  ----------  --------------  -------------------
/opt/airflow/dags/pakakumi_scraper.py   1601  0.01s             1           0  0.18s           2026-01-03T17:53:14
================================================================================
[2026-01-03T17:54:15.091+0000] {manager.py:878} INFO - 
================================================================================
DAG File Processing Stats

File Path                                PID  Runtime      # DAGs    # Errors  Last Runtime    Last Run
-------------------------------------  -----  ---------  --------  ----------  --------------  -------------------
/opt/airflow/dags/pakakumi_scraper.py   1606  0.01s             1           0  0.23s           2026-01-03T17:53:45
================================================================================
[2026-01-03T17:54:18.244+0000] {manager.py:737} INFO - Searching for files in /opt/airflow/dags
[2026-01-03T17:54:18.297+0000] {manager.py:740} INFO - There are 1 files in /opt/airflow/dags
[2026-01-03T17:54:45.556+0000] {manager.py:878} INFO - 
================================================================================
DAG File Processing Stats

File Path                                PID  Runtime      # DAGs    # Errors  Last Runtime    Last Run
-------------------------------------  -----  ---------  --------  ----------  --------------  -------------------
/opt/airflow/dags/pakakumi_scraper.py   1611  0.01s             1           0  0.20s           2026-01-03T17:54:15
================================================================================
[2026-01-03T17:55:15.797+0000] {manager.py:878} INFO - 
================================================================================
DAG File Processing Stats

File Path                                PID  Runtime      # DAGs    # Errors  Last Runtime    Last Run
-------------------------------------  -----  ---------  --------  ----------  --------------  -------------------
/opt/airflow/dags/pakakumi_scraper.py   1616  0.01s             1           0  0.20s           2026-01-03T17:54:45
================================================================================
[2026-01-03T17:55:46.180+0000] {manager.py:878} INFO - 
================================================================================
DAG File Processing Stats

File Path                                PID  Runtime      # DAGs    # Errors  Last Runtime    Last Run
-------------------------------------  -----  ---------  --------  ----------  --------------  -------------------
/opt/airflow/dags/pakakumi_scraper.py   1621  0.01s             1           0  0.19s           2026-01-03T17:55:15
================================================================================
[2026-01-03T17:56:16.442+0000] {manager.py:878} INFO - 
================================================================================
DAG File Processing Stats

File Path                                PID  Runtime      # DAGs    # Errors  Last Runtime    Last Run
-------------------------------------  -----  ---------  --------  ----------  --------------  -------------------
/opt/airflow/dags/pakakumi_scraper.py   1626  0.01s             1           0  0.21s           2026-01-03T17:55:46
================================================================================
[2026-01-03T17:56:46.768+0000] {manager.py:878} INFO - 
================================================================================
DAG File Processing Stats

File Path                                PID  Runtime      # DAGs    # Errors  Last Runtime    Last Run
-------------------------------------  -----  ---------  --------  ----------  --------------  -------------------
/opt/airflow/dags/pakakumi_scraper.py   1631  0.01s             1           0  0.22s           2026-01-03T17:56:16
================================================================================
[2026-01-03T17:57:17.064+0000] {manager.py:878} INFO - 
================================================================================
DAG File Processing Stats

File Path                                PID  Runtime      # DAGs    # Errors  Last Runtime    Last Run
-------------------------------------  -----  ---------  --------  ----------  --------------  -------------------
/opt/airflow/dags/pakakumi_scraper.py   1636  0.01s             1           0  0.19s           2026-01-03T17:56:46
================================================================================
[2026-01-03T17:57:47.396+0000] {manager.py:878} INFO - 
================================================================================
DAG File Processing Stats

File Path                                PID  Runtime      # DAGs    # Errors  Last Runtime    Last Run
-------------------------------------  -----  ---------  --------  ----------  --------------  -------------------
/opt/airflow/dags/pakakumi_scraper.py   1641  0.01s             1           0  0.20s           2026-01-03T17:57:17
================================================================================
[2026-01-03T17:58:17.695+0000] {manager.py:878} INFO - 
================================================================================
DAG File Processing Stats

File Path                                PID  Runtime      # DAGs    # Errors  Last Runtime    Last Run
-------------------------------------  -----  ---------  --------  ----------  --------------  -------------------
/opt/airflow/dags/pakakumi_scraper.py   1646  0.01s             1           0  0.21s           2026-01-03T17:57:47
================================================================================
[2026-01-03T17:58:48.021+0000] {manager.py:878} INFO - 
================================================================================
DAG File Processing Stats

File Path                                PID  Runtime      # DAGs    # Errors  Last Runtime    Last Run
-------------------------------------  -----  ---------  --------  ----------  --------------  -------------------
/opt/airflow/dags/pakakumi_scraper.py   1651  0.01s             1           0  0.25s           2026-01-03T17:58:17
================================================================================
[2026-01-03T17:59:18.325+0000] {manager.py:737} INFO - Searching for files in /opt/airflow/dags
[2026-01-03T17:59:18.351+0000] {manager.py:740} INFO - There are 1 files in /opt/airflow/dags
[2026-01-03T17:59:18.383+0000] {manager.py:878} INFO - 
================================================================================
DAG File Processing Stats

File Path                                PID  Runtime      # DAGs    # Errors  Last Runtime    Last Run
-------------------------------------  -----  ---------  --------  ----------  --------------  -------------------
/opt/airflow/dags/pakakumi_scraper.py   1656  0.01s             1           0  0.19s           2026-01-03T17:58:48
================================================================================
[2026-01-03T17:59:48.627+0000] {manager.py:878} INFO - 
================================================================================
DAG File Processing Stats

File Path                                PID  Runtime      # DAGs    # Errors  Last Runtime    Last Run
-------------------------------------  -----  ---------  --------  ----------  --------------  -------------------
/opt/airflow/dags/pakakumi_scraper.py   1661  0.01s             1           0  0.19s           2026-01-03T17:59:18
================================================================================
[2026-01-03T18:00:18.971+0000] {manager.py:878} INFO - 
================================================================================
DAG File Processing Stats

File Path                                PID  Runtime      # DAGs    # Errors  Last Runtime    Last Run
-------------------------------------  -----  ---------  --------  ----------  --------------  -------------------
/opt/airflow/dags/pakakumi_scraper.py   1669  0.01s             1           0  0.22s           2026-01-03T17:59:48
================================================================================
[2026-01-03T18:00:49.276+0000] {manager.py:878} INFO - 
================================================================================
DAG File Processing Stats

File Path                                PID  Runtime      # DAGs    # Errors  Last Runtime    Last Run
-------------------------------------  -----  ---------  --------  ----------  --------------  -------------------
/opt/airflow/dags/pakakumi_scraper.py   1674  0.01s             1           0  0.20s           2026-01-03T18:00:19
================================================================================
[2026-01-03T18:01:19.562+0000] {manager.py:878} INFO - 
================================================================================
DAG File Processing Stats

File Path                                PID  Runtime      # DAGs    # Errors  Last Runtime    Last Run
-------------------------------------  -----  ---------  --------  ----------  --------------  -------------------
/opt/airflow/dags/pakakumi_scraper.py   1679  0.01s             1           0  0.21s           2026-01-03T18:00:49
================================================================================
[2026-01-03T18:01:49.901+0000] {manager.py:878} INFO - 
================================================================================
DAG File Processing Stats

File Path                                PID  Runtime      # DAGs    # Errors  Last Runtime    Last Run
-------------------------------------  -----  ---------  --------  ----------  --------------  -------------------
/opt/airflow/dags/pakakumi_scraper.py   1684  0.01s             1           0  0.19s           2026-01-03T18:01:19
================================================================================
[2026-01-03T18:02:20.167+0000] {manager.py:878} INFO - 
================================================================================
DAG File Processing Stats

File Path                                PID  Runtime      # DAGs    # Errors  Last Runtime    Last Run
-------------------------------------  -----  ---------  --------  ----------  --------------  -------------------
/opt/airflow/dags/pakakumi_scraper.py   1689  0.01s             1           0  0.20s           2026-01-03T18:01:50
================================================================================
[2026-01-03T18:02:50.499+0000] {manager.py:878} INFO - 
================================================================================
DAG File Processing Stats

File Path                                PID  Runtime      # DAGs    # Errors  Last Runtime    Last Run
-------------------------------------  -----  ---------  --------  ----------  --------------  -------------------
/opt/airflow/dags/pakakumi_scraper.py   1694  0.01s             1           0  0.19s           2026-01-03T18:02:20
================================================================================
[2026-01-03T18:03:20.782+0000] {manager.py:878} INFO - 
================================================================================
DAG File Processing Stats

File Path                                PID  Runtime      # DAGs    # Errors  Last Runtime    Last Run
-------------------------------------  -----  ---------  --------  ----------  --------------  -------------------
/opt/airflow/dags/pakakumi_scraper.py   1699  0.01s             1           0  0.21s           2026-01-03T18:02:50
================================================================================
[2026-01-03T18:03:51.129+0000] {manager.py:878} INFO - 
================================================================================
DAG File Processing Stats

File Path                                PID  Runtime      # DAGs    # Errors  Last Runtime    Last Run
-------------------------------------  -----  ---------  --------  ----------  --------------  -------------------
/opt/airflow/dags/pakakumi_scraper.py   1704  0.01s             1           0  0.19s           2026-01-03T18:03:20
================================================================================
[2026-01-03T18:04:18.467+0000] {manager.py:737} INFO - Searching for files in /opt/airflow/dags
[2026-01-03T18:04:18.491+0000] {manager.py:740} INFO - There are 1 files in /opt/airflow/dags
[2026-01-03T18:04:21.360+0000] {manager.py:878} INFO - 
================================================================================
DAG File Processing Stats

File Path                                PID  Runtime      # DAGs    # Errors  Last Runtime    Last Run
-------------------------------------  -----  ---------  --------  ----------  --------------  -------------------
/opt/airflow/dags/pakakumi_scraper.py   1709  0.01s             1           0  0.19s           2026-01-03T18:03:51
================================================================================
[2026-01-03T18:04:51.767+0000] {manager.py:878} INFO - 
================================================================================
DAG File Processing Stats

File Path                                PID  Runtime      # DAGs    # Errors  Last Runtime    Last Run
-------------------------------------  -----  ---------  --------  ----------  --------------  -------------------
/opt/airflow/dags/pakakumi_scraper.py   1714  0.01s             1           0  0.24s           2026-01-03T18:04:21
================================================================================
[2026-01-03T18:05:22.026+0000] {manager.py:878} INFO - 
================================================================================
DAG File Processing Stats

File Path                                PID  Runtime      # DAGs    # Errors  Last Runtime    Last Run
-------------------------------------  -----  ---------  --------  ----------  --------------  -------------------
/opt/airflow/dags/pakakumi_scraper.py   1719  0.01s             1           0  0.25s           2026-01-03T18:04:51
================================================================================
[2026-01-03T18:05:52.417+0000] {manager.py:878} INFO - 
================================================================================
DAG File Processing Stats

File Path                                PID  Runtime      # DAGs    # Errors  Last Runtime    Last Run
-------------------------------------  -----  ---------  --------  ----------  --------------  -------------------
/opt/airflow/dags/pakakumi_scraper.py   1724  0.01s             1           0  0.22s           2026-01-03T18:05:22
================================================================================
[2026-01-03T18:06:22.665+0000] {manager.py:878} INFO - 
================================================================================
DAG File Processing Stats

File Path                                PID  Runtime      # DAGs    # Errors  Last Runtime    Last Run
-------------------------------------  -----  ---------  --------  ----------  --------------  -------------------
/opt/airflow/dags/pakakumi_scraper.py   1729  0.01s             1           0  0.19s           2026-01-03T18:05:52
================================================================================
[2026-01-03T18:06:53.004+0000] {manager.py:878} INFO - 
================================================================================
DAG File Processing Stats

File Path                                PID  Runtime      # DAGs    # Errors  Last Runtime    Last Run
-------------------------------------  -----  ---------  --------  ----------  --------------  -------------------
/opt/airflow/dags/pakakumi_scraper.py   1734  0.01s             1           0  0.21s           2026-01-03T18:06:22
================================================================================
[2026-01-03T18:07:23.294+0000] {manager.py:878} INFO - 
================================================================================
DAG File Processing Stats

File Path                                PID  Runtime      # DAGs    # Errors  Last Runtime    Last Run
-------------------------------------  -----  ---------  --------  ----------  --------------  -------------------
/opt/airflow/dags/pakakumi_scraper.py   1739  0.01s             1           0  0.25s           2026-01-03T18:06:53
================================================================================
[2026-01-03T18:07:53.679+0000] {manager.py:878} INFO - 
================================================================================
DAG File Processing Stats

File Path                                PID  Runtime      # DAGs    # Errors  Last Runtime    Last Run
-------------------------------------  -----  ---------  --------  ----------  --------------  -------------------
/opt/airflow/dags/pakakumi_scraper.py   1744  0.01s             1           0  0.19s           2026-01-03T18:07:23
================================================================================
[2026-01-03T18:08:23.965+0000] {manager.py:878} INFO - 
================================================================================
DAG File Processing Stats

File Path                                PID  Runtime      # DAGs    # Errors  Last Runtime    Last Run
-------------------------------------  -----  ---------  --------  ----------  --------------  -------------------
/opt/airflow/dags/pakakumi_scraper.py   1749  0.01s             1           0  0.21s           2026-01-03T18:07:53
================================================================================
[2026-01-03T18:08:54.292+0000] {manager.py:878} INFO - 
================================================================================
DAG File Processing Stats

File Path                                PID  Runtime      # DAGs    # Errors  Last Runtime    Last Run
-------------------------------------  -----  ---------  --------  ----------  --------------  -------------------
/opt/airflow/dags/pakakumi_scraper.py   1754  0.01s             1           0  0.22s           2026-01-03T18:08:24
================================================================================
[2026-01-03T18:09:18.488+0000] {manager.py:737} INFO - Searching for files in /opt/airflow/dags
[2026-01-03T18:09:18.508+0000] {manager.py:740} INFO - There are 1 files in /opt/airflow/dags
[2026-01-03T18:09:24.580+0000] {manager.py:878} INFO - 
================================================================================
DAG File Processing Stats

File Path                                PID  Runtime      # DAGs    # Errors  Last Runtime    Last Run
-------------------------------------  -----  ---------  --------  ----------  --------------  -------------------
/opt/airflow/dags/pakakumi_scraper.py   1759  0.01s             1           0  0.20s           2026-01-03T18:08:54
================================================================================
[2026-01-03T18:09:54.890+0000] {manager.py:878} INFO - 
================================================================================
DAG File Processing Stats

File Path                                PID  Runtime      # DAGs    # Errors  Last Runtime    Last Run
-------------------------------------  -----  ---------  --------  ----------  --------------  -------------------
/opt/airflow/dags/pakakumi_scraper.py   1764  0.01s             1           0  0.20s           2026-01-03T18:09:24
================================================================================
[2026-01-03T18:10:25.170+0000] {manager.py:878} INFO - 
================================================================================
DAG File Processing Stats

File Path                                PID  Runtime      # DAGs    # Errors  Last Runtime    Last Run
-------------------------------------  -----  ---------  --------  ----------  --------------  -------------------
/opt/airflow/dags/pakakumi_scraper.py   1769  0.01s             1           0  0.21s           2026-01-03T18:09:55
================================================================================
[2026-01-03T18:10:55.552+0000] {manager.py:878} INFO - 
================================================================================
DAG File Processing Stats

File Path                                PID  Runtime      # DAGs    # Errors  Last Runtime    Last Run
-------------------------------------  -----  ---------  --------  ----------  --------------  -------------------
/opt/airflow/dags/pakakumi_scraper.py   1774  0.01s             1           0  0.24s           2026-01-03T18:10:25
================================================================================
[2026-01-03T18:11:25.787+0000] {manager.py:878} INFO - 
================================================================================
DAG File Processing Stats

File Path                                PID  Runtime      # DAGs    # Errors  Last Runtime    Last Run
-------------------------------------  -----  ---------  --------  ----------  --------------  -------------------
/opt/airflow/dags/pakakumi_scraper.py   1779  0.01s             1           0  0.23s           2026-01-03T18:10:55
================================================================================
[2026-01-03T18:11:56.209+0000] {manager.py:878} INFO - 
================================================================================
DAG File Processing Stats

File Path                                PID  Runtime      # DAGs    # Errors  Last Runtime    Last Run
-------------------------------------  -----  ---------  --------  ----------  --------------  -------------------
/opt/airflow/dags/pakakumi_scraper.py   1784  0.01s             1           0  0.21s           2026-01-03T18:11:25
================================================================================
[2026-01-03T18:12:26.415+0000] {manager.py:878} INFO - 
================================================================================
DAG File Processing Stats

File Path                                PID  Runtime      # DAGs    # Errors  Last Runtime    Last Run
-------------------------------------  -----  ---------  --------  ----------  --------------  -------------------
/opt/airflow/dags/pakakumi_scraper.py   1789  0.01s             1           0  0.21s           2026-01-03T18:11:56
================================================================================
[2026-01-03T18:12:56.796+0000] {manager.py:878} INFO - 
================================================================================
DAG File Processing Stats

File Path                                PID  Runtime      # DAGs    # Errors  Last Runtime    Last Run
-------------------------------------  -----  ---------  --------  ----------  --------------  -------------------
/opt/airflow/dags/pakakumi_scraper.py   1794  0.01s             1           0  0.24s           2026-01-03T18:12:26
================================================================================
[2026-01-03T18:13:27.003+0000] {manager.py:878} INFO - 
================================================================================
DAG File Processing Stats

File Path                              PID    Runtime      # DAGs    # Errors  Last Runtime    Last Run
-------------------------------------  -----  ---------  --------  ----------  --------------  -------------------
/opt/airflow/dags/pakakumi_scraper.py                           1           0  0.33s           2026-01-03T18:12:57
================================================================================
[2026-01-03T18:13:57.509+0000] {manager.py:878} INFO - 
================================================================================
DAG File Processing Stats

File Path                              PID    Runtime      # DAGs    # Errors  Last Runtime    Last Run
-------------------------------------  -----  ---------  --------  ----------  --------------  -------------------
/opt/airflow/dags/pakakumi_scraper.py                           1           0  0.35s           2026-01-03T18:13:27
================================================================================
[2026-01-03T18:14:19.026+0000] {manager.py:737} INFO - Searching for files in /opt/airflow/dags
[2026-01-03T18:14:19.046+0000] {manager.py:740} INFO - There are 1 files in /opt/airflow/dags
[2026-01-03T18:14:28.131+0000] {manager.py:878} INFO - 
================================================================================
DAG File Processing Stats

File Path                                PID  Runtime      # DAGs    # Errors  Last Runtime    Last Run
-------------------------------------  -----  ---------  --------  ----------  --------------  -------------------
/opt/airflow/dags/pakakumi_scraper.py   1809  0.01s             1           0  0.20s           2026-01-03T18:13:58
================================================================================
[2026-01-03T18:14:58.474+0000] {manager.py:878} INFO - 
================================================================================
DAG File Processing Stats

File Path                                PID  Runtime      # DAGs    # Errors  Last Runtime    Last Run
-------------------------------------  -----  ---------  --------  ----------  --------------  -------------------
/opt/airflow/dags/pakakumi_scraper.py   1814  0.01s             1           0  0.20s           2026-01-03T18:14:28
================================================================================
[2026-01-03T18:15:28.752+0000] {manager.py:878} INFO - 
================================================================================
DAG File Processing Stats

File Path                                PID  Runtime      # DAGs    # Errors  Last Runtime    Last Run
-------------------------------------  -----  ---------  --------  ----------  --------------  -------------------
/opt/airflow/dags/pakakumi_scraper.py   1819  0.01s             1           0  0.23s           2026-01-03T18:14:58
================================================================================
[2026-01-03T18:15:59.126+0000] {manager.py:878} INFO - 
================================================================================
DAG File Processing Stats

File Path                                PID  Runtime      # DAGs    # Errors  Last Runtime    Last Run
-------------------------------------  -----  ---------  --------  ----------  --------------  -------------------
/opt/airflow/dags/pakakumi_scraper.py   1824  0.01s             1           0  0.20s           2026-01-03T18:15:28
================================================================================
[2026-01-03T18:16:29.375+0000] {manager.py:878} INFO - 
================================================================================
DAG File Processing Stats

File Path                                PID  Runtime      # DAGs    # Errors  Last Runtime    Last Run
-------------------------------------  -----  ---------  --------  ----------  --------------  -------------------
/opt/airflow/dags/pakakumi_scraper.py   1829  0.01s             1           0  0.20s           2026-01-03T18:15:59
================================================================================
[2026-01-03T18:16:59.758+0000] {manager.py:878} INFO - 
================================================================================
DAG File Processing Stats

File Path                                PID  Runtime      # DAGs    # Errors  Last Runtime    Last Run
-------------------------------------  -----  ---------  --------  ----------  --------------  -------------------
/opt/airflow/dags/pakakumi_scraper.py   1834  0.01s             1           0  0.23s           2026-01-03T18:16:29
================================================================================
[2026-01-03T18:17:30.025+0000] {manager.py:878} INFO - 
================================================================================
DAG File Processing Stats

File Path                                PID  Runtime      # DAGs    # Errors  Last Runtime    Last Run
-------------------------------------  -----  ---------  --------  ----------  --------------  -------------------
/opt/airflow/dags/pakakumi_scraper.py   1839  0.01s             1           0  0.19s           2026-01-03T18:16:59
================================================================================
[2026-01-03T18:18:00.358+0000] {manager.py:878} INFO - 
================================================================================
DAG File Processing Stats

File Path                                PID  Runtime      # DAGs    # Errors  Last Runtime    Last Run
-------------------------------------  -----  ---------  --------  ----------  --------------  -------------------
/opt/airflow/dags/pakakumi_scraper.py   1844  0.01s             1           0  0.22s           2026-01-03T18:17:30
================================================================================
[2026-01-03T18:18:30.642+0000] {manager.py:878} INFO - 
================================================================================
DAG File Processing Stats

File Path                                PID  Runtime      # DAGs    # Errors  Last Runtime    Last Run
-------------------------------------  -----  ---------  --------  ----------  --------------  -------------------
/opt/airflow/dags/pakakumi_scraper.py   1849  0.01s             1           0  0.20s           2026-01-03T18:18:00
================================================================================
[2026-01-03T18:19:00.947+0000] {manager.py:878} INFO - 
================================================================================
DAG File Processing Stats

File Path                                PID  Runtime      # DAGs    # Errors  Last Runtime    Last Run
-------------------------------------  -----  ---------  --------  ----------  --------------  -------------------
/opt/airflow/dags/pakakumi_scraper.py   1854  0.01s             1           0  0.21s           2026-01-03T18:18:30
================================================================================
[2026-01-03T18:19:19.122+0000] {manager.py:737} INFO - Searching for files in /opt/airflow/dags
[2026-01-03T18:19:19.164+0000] {manager.py:740} INFO - There are 1 files in /opt/airflow/dags
[2026-01-03T18:19:31.274+0000] {manager.py:878} INFO - 
================================================================================
DAG File Processing Stats

File Path                                PID  Runtime      # DAGs    # Errors  Last Runtime    Last Run
-------------------------------------  -----  ---------  --------  ----------  --------------  -------------------
/opt/airflow/dags/pakakumi_scraper.py   1859  0.01s             1           0  0.24s           2026-01-03T18:19:01
================================================================================
[2026-01-03T18:20:01.568+0000] {manager.py:878} INFO - 
================================================================================
DAG File Processing Stats

File Path                                PID  Runtime      # DAGs    # Errors  Last Runtime    Last Run
-------------------------------------  -----  ---------  --------  ----------  --------------  -------------------
/opt/airflow/dags/pakakumi_scraper.py   1864  0.01s             1           0  0.18s           2026-01-03T18:19:31
================================================================================
[2026-01-03T18:20:31.867+0000] {manager.py:878} INFO - 
================================================================================
DAG File Processing Stats

File Path                                PID  Runtime      # DAGs    # Errors  Last Runtime    Last Run
-------------------------------------  -----  ---------  --------  ----------  --------------  -------------------
/opt/airflow/dags/pakakumi_scraper.py   1869  0.01s             1           0  0.20s           2026-01-03T18:20:01
================================================================================
[2026-01-03T18:21:02.163+0000] {manager.py:878} INFO - 
================================================================================
DAG File Processing Stats

File Path                                PID  Runtime      # DAGs    # Errors  Last Runtime    Last Run
-------------------------------------  -----  ---------  --------  ----------  --------------  -------------------
/opt/airflow/dags/pakakumi_scraper.py   1874  0.01s             1           0  0.20s           2026-01-03T18:20:32
================================================================================
[2026-01-03T18:21:32.482+0000] {manager.py:878} INFO - 
================================================================================
DAG File Processing Stats

File Path                                PID  Runtime      # DAGs    # Errors  Last Runtime    Last Run
-------------------------------------  -----  ---------  --------  ----------  --------------  -------------------
/opt/airflow/dags/pakakumi_scraper.py   1879  0.01s             1           0  0.19s           2026-01-03T18:21:02
================================================================================
[2026-01-03T18:22:02.800+0000] {manager.py:878} INFO - 
================================================================================
DAG File Processing Stats

File Path                                PID  Runtime      # DAGs    # Errors  Last Runtime    Last Run
-------------------------------------  -----  ---------  --------  ----------  --------------  -------------------
/opt/airflow/dags/pakakumi_scraper.py   1884  0.01s             1           0  0.20s           2026-01-03T18:21:32
================================================================================
[2026-01-03T18:22:33.101+0000] {manager.py:878} INFO - 
================================================================================
DAG File Processing Stats

File Path                                PID  Runtime      # DAGs    # Errors  Last Runtime    Last Run
-------------------------------------  -----  ---------  --------  ----------  --------------  -------------------
/opt/airflow/dags/pakakumi_scraper.py   1889  0.01s             1           0  0.24s           2026-01-03T18:22:03
================================================================================
[2026-01-03T18:23:03.460+0000] {manager.py:878} INFO - 
================================================================================
DAG File Processing Stats

File Path                                PID  Runtime      # DAGs    # Errors  Last Runtime    Last Run
-------------------------------------  -----  ---------  --------  ----------  --------------  -------------------
/opt/airflow/dags/pakakumi_scraper.py   1894  0.01s             1           0  0.19s           2026-01-03T18:22:33
================================================================================
[2026-01-03T18:23:33.687+0000] {manager.py:878} INFO - 
================================================================================
DAG File Processing Stats

File Path                                PID  Runtime      # DAGs    # Errors  Last Runtime    Last Run
-------------------------------------  -----  ---------  --------  ----------  --------------  -------------------
/opt/airflow/dags/pakakumi_scraper.py   1899  0.01s             1           0  0.22s           2026-01-03T18:23:03
================================================================================
[2026-01-03T18:24:04.073+0000] {manager.py:878} INFO - 
================================================================================
DAG File Processing Stats

File Path                                PID  Runtime      # DAGs    # Errors  Last Runtime    Last Run
-------------------------------------  -----  ---------  --------  ----------  --------------  -------------------
/opt/airflow/dags/pakakumi_scraper.py   1904  0.01s             1           0  0.19s           2026-01-03T18:23:33
================================================================================
[2026-01-03T18:24:19.180+0000] {manager.py:737} INFO - Searching for files in /opt/airflow/dags
[2026-01-03T18:24:19.203+0000] {manager.py:740} INFO - There are 1 files in /opt/airflow/dags
[2026-01-03T18:24:34.343+0000] {manager.py:878} INFO - 
================================================================================
DAG File Processing Stats

File Path                                PID  Runtime      # DAGs    # Errors  Last Runtime    Last Run
-------------------------------------  -----  ---------  --------  ----------  --------------  -------------------
/opt/airflow/dags/pakakumi_scraper.py   1909  0.01s             1           0  0.19s           2026-01-03T18:24:04
================================================================================
[2026-01-03T18:25:04.678+0000] {manager.py:878} INFO - 
================================================================================
DAG File Processing Stats

File Path                                PID  Runtime      # DAGs    # Errors  Last Runtime    Last Run
-------------------------------------  -----  ---------  --------  ----------  --------------  -------------------
/opt/airflow/dags/pakakumi_scraper.py   1914  0.01s             1           0  0.18s           2026-01-03T18:24:34
================================================================================
[2026-01-03T18:25:34.941+0000] {manager.py:878} INFO - 
================================================================================
DAG File Processing Stats

File Path                                PID  Runtime      # DAGs    # Errors  Last Runtime    Last Run
-------------------------------------  -----  ---------  --------  ----------  --------------  -------------------
/opt/airflow/dags/pakakumi_scraper.py   1919  0.01s             1           0  0.18s           2026-01-03T18:25:04
================================================================================
[2026-01-03T18:26:05.275+0000] {manager.py:878} INFO - 
================================================================================
DAG File Processing Stats

File Path                                PID  Runtime      # DAGs    # Errors  Last Runtime    Last Run
-------------------------------------  -----  ---------  --------  ----------  --------------  -------------------
/opt/airflow/dags/pakakumi_scraper.py   1924  0.01s             1           0  0.18s           2026-01-03T18:25:35
================================================================================
[2026-01-03T18:26:35.488+0000] {manager.py:878} INFO - 
================================================================================
DAG File Processing Stats

File Path                                PID  Runtime      # DAGs    # Errors  Last Runtime    Last Run
-------------------------------------  -----  ---------  --------  ----------  --------------  -------------------
/opt/airflow/dags/pakakumi_scraper.py   1929  0.01s             1           0  0.18s           2026-01-03T18:26:05
================================================================================
[2026-01-03T18:27:05.846+0000] {manager.py:878} INFO - 
================================================================================
DAG File Processing Stats

File Path                                PID  Runtime      # DAGs    # Errors  Last Runtime    Last Run
-------------------------------------  -----  ---------  --------  ----------  --------------  -------------------
/opt/airflow/dags/pakakumi_scraper.py   1934  0.01s             1           0  0.19s           2026-01-03T18:26:35
================================================================================
[2026-01-03T18:27:36.089+0000] {manager.py:878} INFO - 
================================================================================
DAG File Processing Stats

File Path                                PID  Runtime      # DAGs    # Errors  Last Runtime    Last Run
-------------------------------------  -----  ---------  --------  ----------  --------------  -------------------
/opt/airflow/dags/pakakumi_scraper.py   1939  0.01s             1           0  0.18s           2026-01-03T18:27:06
================================================================================
[2026-01-03T18:28:06.440+0000] {manager.py:878} INFO - 
================================================================================
DAG File Processing Stats

File Path                                PID  Runtime      # DAGs    # Errors  Last Runtime    Last Run
-------------------------------------  -----  ---------  --------  ----------  --------------  -------------------
/opt/airflow/dags/pakakumi_scraper.py   1944  0.01s             1           0  0.20s           2026-01-03T18:27:36
================================================================================
[2026-01-03T18:28:36.702+0000] {manager.py:878} INFO - 
================================================================================
DAG File Processing Stats

File Path                                PID  Runtime      # DAGs    # Errors  Last Runtime    Last Run
-------------------------------------  -----  ---------  --------  ----------  --------------  -------------------
/opt/airflow/dags/pakakumi_scraper.py   1949  0.01s             1           0  0.19s           2026-01-03T18:28:06
================================================================================
[2026-01-03T18:29:07.082+0000] {manager.py:878} INFO - 
================================================================================
DAG File Processing Stats

File Path                                PID  Runtime      # DAGs    # Errors  Last Runtime    Last Run
-------------------------------------  -----  ---------  --------  ----------  --------------  -------------------
/opt/airflow/dags/pakakumi_scraper.py   1954  0.01s             1           0  0.22s           2026-01-03T18:28:36
================================================================================
[2026-01-03T18:29:19.374+0000] {manager.py:737} INFO - Searching for files in /opt/airflow/dags
[2026-01-03T18:29:19.393+0000] {manager.py:740} INFO - There are 1 files in /opt/airflow/dags
[2026-01-03T18:29:37.318+0000] {manager.py:878} INFO - 
================================================================================
DAG File Processing Stats

File Path                                PID  Runtime      # DAGs    # Errors  Last Runtime    Last Run
-------------------------------------  -----  ---------  --------  ----------  --------------  -------------------
/opt/airflow/dags/pakakumi_scraper.py   1959  0.01s             1           0  0.21s           2026-01-03T18:29:07
================================================================================
[2026-01-03T18:30:07.550+0000] {manager.py:878} INFO - 
================================================================================
DAG File Processing Stats

File Path                                PID  Runtime      # DAGs    # Errors  Last Runtime    Last Run
-------------------------------------  -----  ---------  --------  ----------  --------------  -------------------
/opt/airflow/dags/pakakumi_scraper.py   1964  0.01s             1           0  0.20s           2026-01-03T18:29:37
================================================================================
[2026-01-03T18:30:37.920+0000] {manager.py:878} INFO - 
================================================================================
DAG File Processing Stats

File Path                                PID  Runtime      # DAGs    # Errors  Last Runtime    Last Run
-------------------------------------  -----  ---------  --------  ----------  --------------  -------------------
/opt/airflow/dags/pakakumi_scraper.py   1969  0.01s             1           0  0.22s           2026-01-03T18:30:07
================================================================================
[2026-01-03T18:31:08.141+0000] {manager.py:878} INFO - 
================================================================================
DAG File Processing Stats

File Path                                PID  Runtime      # DAGs    # Errors  Last Runtime    Last Run
-------------------------------------  -----  ---------  --------  ----------  --------------  -------------------
/opt/airflow/dags/pakakumi_scraper.py   1974  0.01s             1           0  0.21s           2026-01-03T18:30:38
================================================================================
[2026-01-03T18:31:38.540+0000] {manager.py:878} INFO - 
================================================================================
DAG File Processing Stats

File Path                                PID  Runtime      # DAGs    # Errors  Last Runtime    Last Run
-------------------------------------  -----  ---------  --------  ----------  --------------  -------------------
/opt/airflow/dags/pakakumi_scraper.py   1979  0.01s             1           0  0.20s           2026-01-03T18:31:08
================================================================================
[2026-01-03T18:32:08.778+0000] {manager.py:878} INFO - 
================================================================================
DAG File Processing Stats

File Path                                PID  Runtime      # DAGs    # Errors  Last Runtime    Last Run
-------------------------------------  -----  ---------  --------  ----------  --------------  -------------------
/opt/airflow/dags/pakakumi_scraper.py   1984  0.01s             1           0  0.21s           2026-01-03T18:31:38
================================================================================
[2026-01-03T18:32:39.169+0000] {manager.py:878} INFO - 
================================================================================
DAG File Processing Stats

File Path                                PID  Runtime      # DAGs    # Errors  Last Runtime    Last Run
-------------------------------------  -----  ---------  --------  ----------  --------------  -------------------
/opt/airflow/dags/pakakumi_scraper.py   1989  0.01s             1           0  0.20s           2026-01-03T18:32:08
================================================================================
[2026-01-03T18:33:09.448+0000] {manager.py:878} INFO - 
================================================================================
DAG File Processing Stats

File Path                                PID  Runtime      # DAGs    # Errors  Last Runtime    Last Run
-------------------------------------  -----  ---------  --------  ----------  --------------  -------------------
/opt/airflow/dags/pakakumi_scraper.py   1994  0.01s             1           0  0.24s           2026-01-03T18:32:39
================================================================================
[2026-01-03T18:33:39.831+0000] {manager.py:878} INFO - 
================================================================================
DAG File Processing Stats

File Path                                PID  Runtime      # DAGs    # Errors  Last Runtime    Last Run
-------------------------------------  -----  ---------  --------  ----------  --------------  -------------------
/opt/airflow/dags/pakakumi_scraper.py   1999  0.01s             1           0  0.23s           2026-01-03T18:33:09
================================================================================
[2026-01-03T18:34:10.097+0000] {manager.py:878} INFO - 
================================================================================
DAG File Processing Stats

File Path                                PID  Runtime      # DAGs    # Errors  Last Runtime    Last Run
-------------------------------------  -----  ---------  --------  ----------  --------------  -------------------
/opt/airflow/dags/pakakumi_scraper.py   2004  0.01s             1           0  0.18s           2026-01-03T18:33:40
================================================================================
[2026-01-03T18:34:20.253+0000] {manager.py:737} INFO - Searching for files in /opt/airflow/dags
[2026-01-03T18:34:20.272+0000] {manager.py:740} INFO - There are 1 files in /opt/airflow/dags
[2026-01-03T18:34:40.463+0000] {manager.py:878} INFO - 
================================================================================
DAG File Processing Stats

File Path                                PID  Runtime      # DAGs    # Errors  Last Runtime    Last Run
-------------------------------------  -----  ---------  --------  ----------  --------------  -------------------
/opt/airflow/dags/pakakumi_scraper.py   2009  0.01s             1           0  0.21s           2026-01-03T18:34:10
================================================================================
[2026-01-03T18:35:10.713+0000] {manager.py:878} INFO - 
================================================================================
DAG File Processing Stats

File Path                                PID  Runtime      # DAGs    # Errors  Last Runtime    Last Run
-------------------------------------  -----  ---------  --------  ----------  --------------  -------------------
/opt/airflow/dags/pakakumi_scraper.py   2014  0.01s             1           0  0.21s           2026-01-03T18:34:40
================================================================================
[2026-01-03T18:35:41.091+0000] {manager.py:878} INFO - 
================================================================================
DAG File Processing Stats

File Path                                PID  Runtime      # DAGs    # Errors  Last Runtime    Last Run
-------------------------------------  -----  ---------  --------  ----------  --------------  -------------------
/opt/airflow/dags/pakakumi_scraper.py   2019  0.01s             1           0  0.22s           2026-01-03T18:35:10
================================================================================
[2026-01-03T18:36:11.345+0000] {manager.py:878} INFO - 
================================================================================
DAG File Processing Stats

File Path                                PID  Runtime      # DAGs    # Errors  Last Runtime    Last Run
-------------------------------------  -----  ---------  --------  ----------  --------------  -------------------
/opt/airflow/dags/pakakumi_scraper.py   2024  0.01s             1           0  0.20s           2026-01-03T18:35:41
================================================================================
[2026-01-03T18:36:41.703+0000] {manager.py:878} INFO - 
================================================================================
DAG File Processing Stats

File Path                                PID  Runtime      # DAGs    # Errors  Last Runtime    Last Run
-------------------------------------  -----  ---------  --------  ----------  --------------  -------------------
/opt/airflow/dags/pakakumi_scraper.py   2029  0.01s             1           0  0.18s           2026-01-03T18:36:11
================================================================================
[2026-01-03T18:37:11.928+0000] {manager.py:878} INFO - 
================================================================================
DAG File Processing Stats

File Path                                PID  Runtime      # DAGs    # Errors  Last Runtime    Last Run
-------------------------------------  -----  ---------  --------  ----------  --------------  -------------------
/opt/airflow/dags/pakakumi_scraper.py   2034  0.01s             1           0  0.20s           2026-01-03T18:36:41
================================================================================
[2026-01-03T18:37:42.309+0000] {manager.py:878} INFO - 
================================================================================
DAG File Processing Stats

File Path                                PID  Runtime      # DAGs    # Errors  Last Runtime    Last Run
-------------------------------------  -----  ---------  --------  ----------  --------------  -------------------
/opt/airflow/dags/pakakumi_scraper.py   2039  0.01s             1           0  0.20s           2026-01-03T18:37:12
================================================================================
[2026-01-03T18:38:12.568+0000] {manager.py:878} INFO - 
================================================================================
DAG File Processing Stats

File Path                                PID  Runtime      # DAGs    # Errors  Last Runtime    Last Run
-------------------------------------  -----  ---------  --------  ----------  --------------  -------------------
/opt/airflow/dags/pakakumi_scraper.py   2044  0.01s             1           0  0.19s           2026-01-03T18:37:42
================================================================================
[2026-01-03T18:38:42.916+0000] {manager.py:878} INFO - 
================================================================================
DAG File Processing Stats

File Path                                PID  Runtime      # DAGs    # Errors  Last Runtime    Last Run
-------------------------------------  -----  ---------  --------  ----------  --------------  -------------------
/opt/airflow/dags/pakakumi_scraper.py   2049  0.01s             1           0  0.19s           2026-01-03T18:38:12
================================================================================
[2026-01-03T18:39:13.152+0000] {manager.py:878} INFO - 
================================================================================
DAG File Processing Stats

File Path                                PID  Runtime      # DAGs    # Errors  Last Runtime    Last Run
-------------------------------------  -----  ---------  --------  ----------  --------------  -------------------
/opt/airflow/dags/pakakumi_scraper.py   2054  0.01s             1           0  0.20s           2026-01-03T18:38:43
================================================================================
[2026-01-03T18:39:20.326+0000] {manager.py:737} INFO - Searching for files in /opt/airflow/dags
[2026-01-03T18:39:20.348+0000] {manager.py:740} INFO - There are 1 files in /opt/airflow/dags
[2026-01-03T18:39:43.556+0000] {manager.py:878} INFO - 
================================================================================
DAG File Processing Stats

File Path                                PID  Runtime      # DAGs    # Errors  Last Runtime    Last Run
-------------------------------------  -----  ---------  --------  ----------  --------------  -------------------
/opt/airflow/dags/pakakumi_scraper.py   2059  0.01s             1           0  0.18s           2026-01-03T18:39:13
================================================================================
[2026-01-03T18:40:13.812+0000] {manager.py:878} INFO - 
================================================================================
DAG File Processing Stats

File Path                                PID  Runtime      # DAGs    # Errors  Last Runtime    Last Run
-------------------------------------  -----  ---------  --------  ----------  --------------  -------------------
/opt/airflow/dags/pakakumi_scraper.py   2064  0.01s             1           0  0.20s           2026-01-03T18:39:43
================================================================================
[2026-01-03T18:40:44.138+0000] {manager.py:878} INFO - 
================================================================================
DAG File Processing Stats

File Path                                PID  Runtime      # DAGs    # Errors  Last Runtime    Last Run
-------------------------------------  -----  ---------  --------  ----------  --------------  -------------------
/opt/airflow/dags/pakakumi_scraper.py   2069  0.01s             1           0  0.21s           2026-01-03T18:40:14
================================================================================
[2026-01-03T18:41:14.407+0000] {manager.py:878} INFO - 
================================================================================
DAG File Processing Stats

File Path                                PID  Runtime      # DAGs    # Errors  Last Runtime    Last Run
-------------------------------------  -----  ---------  --------  ----------  --------------  -------------------
/opt/airflow/dags/pakakumi_scraper.py   2074  0.01s             1           0  0.21s           2026-01-03T18:40:44
================================================================================
[2026-01-03T18:41:44.743+0000] {manager.py:878} INFO - 
================================================================================
DAG File Processing Stats

File Path                                PID  Runtime      # DAGs    # Errors  Last Runtime    Last Run
-------------------------------------  -----  ---------  --------  ----------  --------------  -------------------
/opt/airflow/dags/pakakumi_scraper.py   2079  0.01s             1           0  0.19s           2026-01-03T18:41:14
================================================================================
[2026-01-03T18:42:14.979+0000] {manager.py:878} INFO - 
================================================================================
DAG File Processing Stats

File Path                                PID  Runtime      # DAGs    # Errors  Last Runtime    Last Run
-------------------------------------  -----  ---------  --------  ----------  --------------  -------------------
/opt/airflow/dags/pakakumi_scraper.py   2084  0.01s             1           0  0.19s           2026-01-03T18:41:44
================================================================================
[2026-01-03T18:42:45.339+0000] {manager.py:878} INFO - 
================================================================================
DAG File Processing Stats

File Path                                PID  Runtime      # DAGs    # Errors  Last Runtime    Last Run
-------------------------------------  -----  ---------  --------  ----------  --------------  -------------------
/opt/airflow/dags/pakakumi_scraper.py   2089  0.01s             1           0  0.19s           2026-01-03T18:42:15
================================================================================
[2026-01-03T18:43:15.597+0000] {manager.py:878} INFO - 
================================================================================
DAG File Processing Stats

File Path                                PID  Runtime      # DAGs    # Errors  Last Runtime    Last Run
-------------------------------------  -----  ---------  --------  ----------  --------------  -------------------
/opt/airflow/dags/pakakumi_scraper.py   2094  0.01s             1           0  0.22s           2026-01-03T18:42:45
================================================================================
[2026-01-03T18:43:45.967+0000] {manager.py:878} INFO - 
================================================================================
DAG File Processing Stats

File Path                                PID  Runtime      # DAGs    # Errors  Last Runtime    Last Run
-------------------------------------  -----  ---------  --------  ----------  --------------  -------------------
/opt/airflow/dags/pakakumi_scraper.py   2099  0.01s             1           0  0.20s           2026-01-03T18:43:15
================================================================================
[2026-01-03T18:44:16.212+0000] {manager.py:878} INFO - 
================================================================================
DAG File Processing Stats

File Path                                PID  Runtime      # DAGs    # Errors  Last Runtime    Last Run
-------------------------------------  -----  ---------  --------  ----------  --------------  -------------------
/opt/airflow/dags/pakakumi_scraper.py   2104  0.01s             1           0  0.19s           2026-01-03T18:43:46
================================================================================
[2026-01-03T18:44:20.365+0000] {manager.py:737} INFO - Searching for files in /opt/airflow/dags
[2026-01-03T18:44:20.384+0000] {manager.py:740} INFO - There are 1 files in /opt/airflow/dags
[2026-01-03T18:44:46.594+0000] {manager.py:878} INFO - 
================================================================================
DAG File Processing Stats

File Path                                PID  Runtime      # DAGs    # Errors  Last Runtime    Last Run
-------------------------------------  -----  ---------  --------  ----------  --------------  -------------------
/opt/airflow/dags/pakakumi_scraper.py   2109  0.01s             1           0  0.18s           2026-01-03T18:44:16
================================================================================
[2026-01-03T18:45:16.819+0000] {manager.py:878} INFO - 
================================================================================
DAG File Processing Stats

File Path                                PID  Runtime      # DAGs    # Errors  Last Runtime    Last Run
-------------------------------------  -----  ---------  --------  ----------  --------------  -------------------
/opt/airflow/dags/pakakumi_scraper.py   2114  0.01s             1           0  0.19s           2026-01-03T18:44:46
================================================================================
[2026-01-03T18:45:47.198+0000] {manager.py:878} INFO - 
================================================================================
DAG File Processing Stats

File Path                                PID  Runtime      # DAGs    # Errors  Last Runtime    Last Run
-------------------------------------  -----  ---------  --------  ----------  --------------  -------------------
/opt/airflow/dags/pakakumi_scraper.py   2119  0.01s             1           0  0.19s           2026-01-03T18:45:17
================================================================================
[2026-01-03T18:46:17.452+0000] {manager.py:878} INFO - 
================================================================================
DAG File Processing Stats

File Path                                PID  Runtime      # DAGs    # Errors  Last Runtime    Last Run
-------------------------------------  -----  ---------  --------  ----------  --------------  -------------------
/opt/airflow/dags/pakakumi_scraper.py   2124  0.01s             1           0  0.23s           2026-01-03T18:45:47
================================================================================
[2026-01-03T18:46:47.692+0000] {manager.py:878} INFO - 
================================================================================
DAG File Processing Stats

File Path                                PID  Runtime      # DAGs    # Errors  Last Runtime    Last Run
-------------------------------------  -----  ---------  --------  ----------  --------------  -------------------
/opt/airflow/dags/pakakumi_scraper.py   2129  0.02s             1           0  0.18s           2026-01-03T18:46:17
================================================================================
[2026-01-03T18:47:18.035+0000] {manager.py:878} INFO - 
================================================================================
DAG File Processing Stats

File Path                                PID  Runtime      # DAGs    # Errors  Last Runtime    Last Run
-------------------------------------  -----  ---------  --------  ----------  --------------  -------------------
/opt/airflow/dags/pakakumi_scraper.py   2134  0.01s             1           0  0.28s           2026-01-03T18:46:47
================================================================================
[2026-01-03T18:47:48.365+0000] {manager.py:878} INFO - 
================================================================================
DAG File Processing Stats

File Path                                PID  Runtime      # DAGs    # Errors  Last Runtime    Last Run
-------------------------------------  -----  ---------  --------  ----------  --------------  -------------------
/opt/airflow/dags/pakakumi_scraper.py   2139  0.01s             1           0  0.19s           2026-01-03T18:47:18
================================================================================
[2026-01-03T18:48:18.610+0000] {manager.py:878} INFO - 
================================================================================
DAG File Processing Stats

File Path                                PID  Runtime      # DAGs    # Errors  Last Runtime    Last Run
-------------------------------------  -----  ---------  --------  ----------  --------------  -------------------
/opt/airflow/dags/pakakumi_scraper.py   2144  0.01s             1           0  0.19s           2026-01-03T18:47:48
================================================================================
[2026-01-03T18:48:48.958+0000] {manager.py:878} INFO - 
================================================================================
DAG File Processing Stats

File Path                                PID  Runtime      # DAGs    # Errors  Last Runtime    Last Run
-------------------------------------  -----  ---------  --------  ----------  --------------  -------------------
/opt/airflow/dags/pakakumi_scraper.py   2149  0.01s             1           0  0.19s           2026-01-03T18:48:18
================================================================================
[2026-01-03T18:49:19.232+0000] {manager.py:878} INFO - 
================================================================================
DAG File Processing Stats

File Path                                PID  Runtime      # DAGs    # Errors  Last Runtime    Last Run
-------------------------------------  -----  ---------  --------  ----------  --------------  -------------------
/opt/airflow/dags/pakakumi_scraper.py   2154  0.01s             1           0  0.19s           2026-01-03T18:48:49
================================================================================
[2026-01-03T18:49:20.674+0000] {manager.py:737} INFO - Searching for files in /opt/airflow/dags
[2026-01-03T18:49:20.693+0000] {manager.py:740} INFO - There are 1 files in /opt/airflow/dags
[2026-01-03T18:49:49.542+0000] {manager.py:878} INFO - 
================================================================================
DAG File Processing Stats

File Path                              PID    Runtime      # DAGs    # Errors  Last Runtime    Last Run
-------------------------------------  -----  ---------  --------  ----------  --------------  -------------------
/opt/airflow/dags/pakakumi_scraper.py                           1           0  0.45s           2026-01-03T18:49:19
================================================================================
[2026-01-03T18:50:20.115+0000] {manager.py:878} INFO - 
================================================================================
DAG File Processing Stats

File Path                              PID    Runtime      # DAGs    # Errors  Last Runtime    Last Run
-------------------------------------  -----  ---------  --------  ----------  --------------  -------------------
/opt/airflow/dags/pakakumi_scraper.py                           1           0  0.26s           2026-01-03T18:49:50
================================================================================
[2026-01-03T18:50:50.584+0000] {manager.py:878} INFO - 
================================================================================
DAG File Processing Stats

File Path                                PID  Runtime      # DAGs    # Errors  Last Runtime    Last Run
-------------------------------------  -----  ---------  --------  ----------  --------------  -------------------
/opt/airflow/dags/pakakumi_scraper.py   2169  0.01s             1           0  0.19s           2026-01-03T18:50:20
================================================================================
[2026-01-03T18:51:20.964+0000] {manager.py:878} INFO - 
================================================================================
DAG File Processing Stats

File Path                                PID  Runtime      # DAGs    # Errors  Last Runtime    Last Run
-------------------------------------  -----  ---------  --------  ----------  --------------  -------------------
/opt/airflow/dags/pakakumi_scraper.py   2174  0.01s             1           0  0.18s           2026-01-03T18:50:50
================================================================================
[2026-01-03T18:51:51.192+0000] {manager.py:878} INFO - 
================================================================================
DAG File Processing Stats

File Path                                PID  Runtime      # DAGs    # Errors  Last Runtime    Last Run
-------------------------------------  -----  ---------  --------  ----------  --------------  -------------------
/opt/airflow/dags/pakakumi_scraper.py   2179  0.01s             1           0  0.19s           2026-01-03T18:51:21
================================================================================
[2026-01-03T18:52:21.571+0000] {manager.py:878} INFO - 
================================================================================
DAG File Processing Stats

File Path                                PID  Runtime      # DAGs    # Errors  Last Runtime    Last Run
-------------------------------------  -----  ---------  --------  ----------  --------------  -------------------
/opt/airflow/dags/pakakumi_scraper.py   2184  0.01s             1           0  0.26s           2026-01-03T18:51:51
================================================================================
[2026-01-03T18:52:51.862+0000] {manager.py:878} INFO - 
================================================================================
DAG File Processing Stats

File Path                                PID  Runtime      # DAGs    # Errors  Last Runtime    Last Run
-------------------------------------  -----  ---------  --------  ----------  --------------  -------------------
/opt/airflow/dags/pakakumi_scraper.py   2189  0.01s             1           0  0.19s           2026-01-03T18:52:21
================================================================================
[2026-01-03T18:53:22.193+0000] {manager.py:878} INFO - 
================================================================================
DAG File Processing Stats

File Path                                PID  Runtime      # DAGs    # Errors  Last Runtime    Last Run
-------------------------------------  -----  ---------  --------  ----------  --------------  -------------------
/opt/airflow/dags/pakakumi_scraper.py   2194  0.01s             1           0  0.20s           2026-01-03T18:52:52
================================================================================
[2026-01-03T18:53:52.447+0000] {manager.py:878} INFO - 
================================================================================
DAG File Processing Stats

File Path                                PID  Runtime      # DAGs    # Errors  Last Runtime    Last Run
-------------------------------------  -----  ---------  --------  ----------  --------------  -------------------
/opt/airflow/dags/pakakumi_scraper.py   2199  0.01s             1           0  0.20s           2026-01-03T18:53:22
================================================================================
[2026-01-03T18:54:20.743+0000] {manager.py:737} INFO - Searching for files in /opt/airflow/dags
[2026-01-03T18:54:20.768+0000] {manager.py:740} INFO - There are 1 files in /opt/airflow/dags
[2026-01-03T18:54:22.810+0000] {manager.py:878} INFO - 
================================================================================
DAG File Processing Stats

File Path                                PID  Runtime      # DAGs    # Errors  Last Runtime    Last Run
-------------------------------------  -----  ---------  --------  ----------  --------------  -------------------
/opt/airflow/dags/pakakumi_scraper.py   2204  0.01s             1           0  0.27s           2026-01-03T18:53:52
================================================================================
[2026-01-03T18:54:53.108+0000] {manager.py:878} INFO - 
================================================================================
DAG File Processing Stats

File Path                                PID  Runtime      # DAGs    # Errors  Last Runtime    Last Run
-------------------------------------  -----  ---------  --------  ----------  --------------  -------------------
/opt/airflow/dags/pakakumi_scraper.py   2209  0.01s             1           0  0.19s           2026-01-03T18:54:22
================================================================================
[2026-01-03T18:55:23.442+0000] {manager.py:878} INFO - 
================================================================================
DAG File Processing Stats

File Path                                PID  Runtime      # DAGs    # Errors  Last Runtime    Last Run
-------------------------------------  -----  ---------  --------  ----------  --------------  -------------------
/opt/airflow/dags/pakakumi_scraper.py   2214  0.01s             1           0  0.20s           2026-01-03T18:54:53
================================================================================
[2026-01-03T18:55:53.677+0000] {manager.py:878} INFO - 
================================================================================
DAG File Processing Stats

File Path                                PID  Runtime      # DAGs    # Errors  Last Runtime    Last Run
-------------------------------------  -----  ---------  --------  ----------  --------------  -------------------
/opt/airflow/dags/pakakumi_scraper.py   2219  0.01s             1           0  0.22s           2026-01-03T18:55:23
================================================================================
[2026-01-03T18:56:23.898+0000] {manager.py:878} INFO - 
================================================================================
DAG File Processing Stats

File Path                                PID  Runtime      # DAGs    # Errors  Last Runtime    Last Run
-------------------------------------  -----  ---------  --------  ----------  --------------  -------------------
/opt/airflow/dags/pakakumi_scraper.py   2224  0.01s             1           0  0.19s           2026-01-03T18:55:53
================================================================================
[2026-01-03T18:56:54.289+0000] {manager.py:878} INFO - 
================================================================================
DAG File Processing Stats

File Path                                PID  Runtime      # DAGs    # Errors  Last Runtime    Last Run
-------------------------------------  -----  ---------  --------  ----------  --------------  -------------------
/opt/airflow/dags/pakakumi_scraper.py   2229  0.01s             1           0  0.24s           2026-01-03T18:56:24
================================================================================
[2026-01-03T18:57:24.557+0000] {manager.py:878} INFO - 
================================================================================
DAG File Processing Stats

File Path                                PID  Runtime      # DAGs    # Errors  Last Runtime    Last Run
-------------------------------------  -----  ---------  --------  ----------  --------------  -------------------
/opt/airflow/dags/pakakumi_scraper.py   2234  0.01s             1           0  0.25s           2026-01-03T18:56:54
================================================================================
[2026-01-03T18:57:54.774+0000] {manager.py:878} INFO - 
================================================================================
DAG File Processing Stats

File Path                                PID  Runtime      # DAGs    # Errors  Last Runtime    Last Run
-------------------------------------  -----  ---------  --------  ----------  --------------  -------------------
/opt/airflow/dags/pakakumi_scraper.py   2239  0.01s             1           0  0.20s           2026-01-03T18:57:24
================================================================================
[2026-01-03T18:58:25.163+0000] {manager.py:878} INFO - 
================================================================================
DAG File Processing Stats

File Path                                PID  Runtime      # DAGs    # Errors  Last Runtime    Last Run
-------------------------------------  -----  ---------  --------  ----------  --------------  -------------------
/opt/airflow/dags/pakakumi_scraper.py   2244  0.01s             1           0  0.19s           2026-01-03T18:57:54
================================================================================
[2026-01-03T18:58:55.399+0000] {manager.py:878} INFO - 
================================================================================
DAG File Processing Stats

File Path                                PID  Runtime      # DAGs    # Errors  Last Runtime    Last Run
-------------------------------------  -----  ---------  --------  ----------  --------------  -------------------
/opt/airflow/dags/pakakumi_scraper.py   2249  0.01s             1           0  0.20s           2026-01-03T18:58:25
================================================================================
[2026-01-03T18:59:20.761+0000] {manager.py:737} INFO - Searching for files in /opt/airflow/dags
[2026-01-03T18:59:20.795+0000] {manager.py:740} INFO - There are 1 files in /opt/airflow/dags
[2026-01-03T18:59:25.889+0000] {manager.py:878} INFO - 
================================================================================
DAG File Processing Stats

File Path                                PID  Runtime      # DAGs    # Errors  Last Runtime    Last Run
-------------------------------------  -----  ---------  --------  ----------  --------------  -------------------
/opt/airflow/dags/pakakumi_scraper.py   2254  0.01s             1           0  0.26s           2026-01-03T18:58:55
================================================================================
[2026-01-03T18:59:56.147+0000] {manager.py:878} INFO - 
================================================================================
DAG File Processing Stats

File Path                              PID    Runtime      # DAGs    # Errors  Last Runtime    Last Run
-------------------------------------  -----  ---------  --------  ----------  --------------  -------------------
/opt/airflow/dags/pakakumi_scraper.py                           1           0  0.30s           2026-01-03T18:59:26
================================================================================
[2026-01-03T19:00:26.629+0000] {manager.py:878} INFO - 
================================================================================
DAG File Processing Stats

File Path                              PID    Runtime      # DAGs    # Errors  Last Runtime    Last Run
-------------------------------------  -----  ---------  --------  ----------  --------------  -------------------
/opt/airflow/dags/pakakumi_scraper.py                           1           0  0.24s           2026-01-03T18:59:56
================================================================================
[2026-01-03T19:00:57.131+0000] {manager.py:878} INFO - 
================================================================================
DAG File Processing Stats

File Path                                PID  Runtime      # DAGs    # Errors  Last Runtime    Last Run
-------------------------------------  -----  ---------  --------  ----------  --------------  -------------------
/opt/airflow/dags/pakakumi_scraper.py   2272  0.01s             1           0  0.19s           2026-01-03T19:00:27
================================================================================
[2026-01-03T19:01:27.532+0000] {manager.py:878} INFO - 
================================================================================
DAG File Processing Stats

File Path                                PID  Runtime      # DAGs    # Errors  Last Runtime    Last Run
-------------------------------------  -----  ---------  --------  ----------  --------------  -------------------
/opt/airflow/dags/pakakumi_scraper.py   2277  0.01s             1           0  0.19s           2026-01-03T19:00:57
================================================================================
[2026-01-03T19:01:57.796+0000] {manager.py:878} INFO - 
================================================================================
DAG File Processing Stats

File Path                                PID  Runtime      # DAGs    # Errors  Last Runtime    Last Run
-------------------------------------  -----  ---------  --------  ----------  --------------  -------------------
/opt/airflow/dags/pakakumi_scraper.py   2282  0.01s             1           0  0.20s           2026-01-03T19:01:27
================================================================================
[2026-01-03T19:02:28.162+0000] {manager.py:878} INFO - 
================================================================================
DAG File Processing Stats

File Path                                PID  Runtime      # DAGs    # Errors  Last Runtime    Last Run
-------------------------------------  -----  ---------  --------  ----------  --------------  -------------------
/opt/airflow/dags/pakakumi_scraper.py   2287  0.01s             1           0  0.18s           2026-01-03T19:01:57
================================================================================
[2026-01-03T19:02:58.432+0000] {manager.py:878} INFO - 
================================================================================
DAG File Processing Stats

File Path                                PID  Runtime      # DAGs    # Errors  Last Runtime    Last Run
-------------------------------------  -----  ---------  --------  ----------  --------------  -------------------
/opt/airflow/dags/pakakumi_scraper.py   2292  0.01s             1           0  0.17s           2026-01-03T19:02:28
================================================================================
[2026-01-03T19:03:28.787+0000] {manager.py:878} INFO - 
================================================================================
DAG File Processing Stats

File Path                                PID  Runtime      # DAGs    # Errors  Last Runtime    Last Run
-------------------------------------  -----  ---------  --------  ----------  --------------  -------------------
/opt/airflow/dags/pakakumi_scraper.py   2297  0.01s             1           0  0.19s           2026-01-03T19:02:58
================================================================================
[2026-01-03T19:03:59.023+0000] {manager.py:878} INFO - 
================================================================================
DAG File Processing Stats

File Path                                PID  Runtime      # DAGs    # Errors  Last Runtime    Last Run
-------------------------------------  -----  ---------  --------  ----------  --------------  -------------------
/opt/airflow/dags/pakakumi_scraper.py   2302  0.01s             1           0  0.17s           2026-01-03T19:03:28
================================================================================
[2026-01-03T19:04:21.280+0000] {manager.py:737} INFO - Searching for files in /opt/airflow/dags
[2026-01-03T19:04:21.321+0000] {manager.py:740} INFO - There are 1 files in /opt/airflow/dags
[2026-01-03T19:04:29.430+0000] {manager.py:878} INFO - 
================================================================================
DAG File Processing Stats

File Path                                PID  Runtime      # DAGs    # Errors  Last Runtime    Last Run
-------------------------------------  -----  ---------  --------  ----------  --------------  -------------------
/opt/airflow/dags/pakakumi_scraper.py   2307  0.01s             1           0  0.19s           2026-01-03T19:03:59
================================================================================
[2026-01-03T19:04:59.672+0000] {manager.py:878} INFO - 
================================================================================
DAG File Processing Stats

File Path                                PID  Runtime      # DAGs    # Errors  Last Runtime    Last Run
-------------------------------------  -----  ---------  --------  ----------  --------------  -------------------
/opt/airflow/dags/pakakumi_scraper.py   2312  0.01s             1           0  0.18s           2026-01-03T19:04:29
================================================================================
[2026-01-03T19:05:30.044+0000] {manager.py:878} INFO - 
================================================================================
DAG File Processing Stats

File Path                                PID  Runtime      # DAGs    # Errors  Last Runtime    Last Run
-------------------------------------  -----  ---------  --------  ----------  --------------  -------------------
/opt/airflow/dags/pakakumi_scraper.py   2317  0.01s             1           0  0.20s           2026-01-03T19:04:59
================================================================================
[2026-01-03T19:06:00.299+0000] {manager.py:878} INFO - 
================================================================================
DAG File Processing Stats

File Path                                PID  Runtime      # DAGs    # Errors  Last Runtime    Last Run
-------------------------------------  -----  ---------  --------  ----------  --------------  -------------------
/opt/airflow/dags/pakakumi_scraper.py   2322  0.01s             1           0  0.19s           2026-01-03T19:05:30
================================================================================
[2026-01-03T19:06:30.666+0000] {manager.py:878} INFO - 
================================================================================
DAG File Processing Stats

File Path                                PID  Runtime      # DAGs    # Errors  Last Runtime    Last Run
-------------------------------------  -----  ---------  --------  ----------  --------------  -------------------
/opt/airflow/dags/pakakumi_scraper.py   2327  0.01s             1           0  0.19s           2026-01-03T19:06:00
================================================================================
[2026-01-03T19:07:00.951+0000] {manager.py:878} INFO - 
================================================================================
DAG File Processing Stats

File Path                                PID  Runtime      # DAGs    # Errors  Last Runtime    Last Run
-------------------------------------  -----  ---------  --------  ----------  --------------  -------------------
/opt/airflow/dags/pakakumi_scraper.py   2332  0.01s             1           0  0.18s           2026-01-03T19:06:30
================================================================================
[2026-01-03T19:07:31.323+0000] {manager.py:878} INFO - 
================================================================================
DAG File Processing Stats

File Path                              PID    Runtime      # DAGs    # Errors  Last Runtime    Last Run
-------------------------------------  -----  ---------  --------  ----------  --------------  -------------------
/opt/airflow/dags/pakakumi_scraper.py                           1           0  0.40s           2026-01-03T19:07:01
================================================================================
[2026-01-03T19:08:01.764+0000] {manager.py:878} INFO - 
================================================================================
DAG File Processing Stats

File Path                                PID  Runtime      # DAGs    # Errors  Last Runtime    Last Run
-------------------------------------  -----  ---------  --------  ----------  --------------  -------------------
/opt/airflow/dags/pakakumi_scraper.py   2342  0.01s             1           0  0.18s           2026-01-03T19:07:31
================================================================================
[2026-01-03T19:08:32.194+0000] {manager.py:878} INFO - 
================================================================================
DAG File Processing Stats

File Path                                PID  Runtime      # DAGs    # Errors  Last Runtime    Last Run
-------------------------------------  -----  ---------  --------  ----------  --------------  -------------------
/opt/airflow/dags/pakakumi_scraper.py   2347  0.01s             1           0  0.20s           2026-01-03T19:08:01
================================================================================
[2026-01-03T19:09:02.427+0000] {manager.py:878} INFO - 
================================================================================
DAG File Processing Stats

File Path                                PID  Runtime      # DAGs    # Errors  Last Runtime    Last Run
-------------------------------------  -----  ---------  --------  ----------  --------------  -------------------
/opt/airflow/dags/pakakumi_scraper.py   2352  0.01s             1           0  0.17s           2026-01-03T19:08:32
================================================================================
[2026-01-03T19:09:21.714+0000] {manager.py:737} INFO - Searching for files in /opt/airflow/dags
[2026-01-03T19:09:21.754+0000] {manager.py:740} INFO - There are 1 files in /opt/airflow/dags
[2026-01-03T19:09:32.889+0000] {manager.py:878} INFO - 
================================================================================
DAG File Processing Stats

File Path                                PID  Runtime      # DAGs    # Errors  Last Runtime    Last Run
-------------------------------------  -----  ---------  --------  ----------  --------------  -------------------
/opt/airflow/dags/pakakumi_scraper.py   2357  0.01s             1           0  0.21s           2026-01-03T19:09:02
================================================================================
[2026-01-03T19:10:03.143+0000] {manager.py:878} INFO - 
================================================================================
DAG File Processing Stats

File Path                                PID  Runtime      # DAGs    # Errors  Last Runtime    Last Run
-------------------------------------  -----  ---------  --------  ----------  --------------  -------------------
/opt/airflow/dags/pakakumi_scraper.py   2362  0.01s             1           0  0.22s           2026-01-03T19:09:33
================================================================================
[2026-01-03T19:10:33.516+0000] {manager.py:878} INFO - 
================================================================================
DAG File Processing Stats

File Path                                PID  Runtime      # DAGs    # Errors  Last Runtime    Last Run
-------------------------------------  -----  ---------  --------  ----------  --------------  -------------------
/opt/airflow/dags/pakakumi_scraper.py   2367  0.01s             1           0  0.20s           2026-01-03T19:10:03
================================================================================
[2026-01-03T19:11:03.777+0000] {manager.py:878} INFO - 
================================================================================
DAG File Processing Stats

File Path                                PID  Runtime      # DAGs    # Errors  Last Runtime    Last Run
-------------------------------------  -----  ---------  --------  ----------  --------------  -------------------
/opt/airflow/dags/pakakumi_scraper.py   2372  0.01s             1           0  0.20s           2026-01-03T19:10:33
================================================================================
[2026-01-03T19:11:34.183+0000] {manager.py:878} INFO - 
================================================================================
DAG File Processing Stats

File Path                                PID  Runtime      # DAGs    # Errors  Last Runtime    Last Run
-------------------------------------  -----  ---------  --------  ----------  --------------  -------------------
/opt/airflow/dags/pakakumi_scraper.py   2377  0.01s             1           0  0.20s           2026-01-03T19:11:03
================================================================================
[2026-01-03T19:12:04.414+0000] {manager.py:878} INFO - 
================================================================================
DAG File Processing Stats

File Path                                PID  Runtime      # DAGs    # Errors  Last Runtime    Last Run
-------------------------------------  -----  ---------  --------  ----------  --------------  -------------------
/opt/airflow/dags/pakakumi_scraper.py   2382  0.01s             1           0  0.21s           2026-01-03T19:11:34
================================================================================
[2026-01-03T19:12:34.838+0000] {manager.py:878} INFO - 
================================================================================
DAG File Processing Stats

File Path                                PID  Runtime      # DAGs    # Errors  Last Runtime    Last Run
-------------------------------------  -----  ---------  --------  ----------  --------------  -------------------
/opt/airflow/dags/pakakumi_scraper.py   2387  0.01s             1           0  0.18s           2026-01-03T19:12:04
================================================================================
[2026-01-03T19:13:05.082+0000] {manager.py:878} INFO - 
================================================================================
DAG File Processing Stats

File Path                                PID  Runtime      # DAGs    # Errors  Last Runtime    Last Run
-------------------------------------  -----  ---------  --------  ----------  --------------  -------------------
/opt/airflow/dags/pakakumi_scraper.py   2392  0.01s             1           0  0.19s           2026-01-03T19:12:35
================================================================================
[2026-01-03T19:13:35.476+0000] {manager.py:878} INFO - 
================================================================================
DAG File Processing Stats

File Path                                PID  Runtime      # DAGs    # Errors  Last Runtime    Last Run
-------------------------------------  -----  ---------  --------  ----------  --------------  -------------------
/opt/airflow/dags/pakakumi_scraper.py   2397  0.01s             1           0  0.18s           2026-01-03T19:13:05
================================================================================
[2026-01-03T19:14:05.707+0000] {manager.py:878} INFO - 
================================================================================
DAG File Processing Stats

File Path                                PID  Runtime      # DAGs    # Errors  Last Runtime    Last Run
-------------------------------------  -----  ---------  --------  ----------  --------------  -------------------
/opt/airflow/dags/pakakumi_scraper.py   2402  0.01s             1           0  0.17s           2026-01-03T19:13:35
================================================================================
[2026-01-03T19:14:21.956+0000] {manager.py:737} INFO - Searching for files in /opt/airflow/dags
[2026-01-03T19:14:21.983+0000] {manager.py:740} INFO - There are 1 files in /opt/airflow/dags
[2026-01-03T19:14:36.114+0000] {manager.py:878} INFO - 
================================================================================
DAG File Processing Stats

File Path                                PID  Runtime      # DAGs    # Errors  Last Runtime    Last Run
-------------------------------------  -----  ---------  --------  ----------  --------------  -------------------
/opt/airflow/dags/pakakumi_scraper.py   2407  0.01s             1           0  0.38s           2026-01-03T19:14:06
================================================================================
[2026-01-03T19:15:06.375+0000] {manager.py:878} INFO - 
================================================================================
DAG File Processing Stats

File Path                                PID  Runtime      # DAGs    # Errors  Last Runtime    Last Run
-------------------------------------  -----  ---------  --------  ----------  --------------  -------------------
/opt/airflow/dags/pakakumi_scraper.py   2412  0.01s             1           0  0.19s           2026-01-03T19:14:36
================================================================================
[2026-01-03T19:15:36.737+0000] {manager.py:878} INFO - 
================================================================================
DAG File Processing Stats

File Path                                PID  Runtime      # DAGs    # Errors  Last Runtime    Last Run
-------------------------------------  -----  ---------  --------  ----------  --------------  -------------------
/opt/airflow/dags/pakakumi_scraper.py   2417  0.01s             1           0  0.23s           2026-01-03T19:15:06
================================================================================
[2026-01-03T19:16:07.022+0000] {manager.py:878} INFO - 
================================================================================
DAG File Processing Stats

File Path                                PID  Runtime      # DAGs    # Errors  Last Runtime    Last Run
-------------------------------------  -----  ---------  --------  ----------  --------------  -------------------
/opt/airflow/dags/pakakumi_scraper.py   2422  0.01s             1           0  0.19s           2026-01-03T19:15:36
================================================================================
[2026-01-03T19:16:37.350+0000] {manager.py:878} INFO - 
================================================================================
DAG File Processing Stats

File Path                                PID  Runtime      # DAGs    # Errors  Last Runtime    Last Run
-------------------------------------  -----  ---------  --------  ----------  --------------  -------------------
/opt/airflow/dags/pakakumi_scraper.py   2427  0.01s             1           0  0.18s           2026-01-03T19:16:07
================================================================================
[2026-01-03T19:17:07.596+0000] {manager.py:878} INFO - 
================================================================================
DAG File Processing Stats

File Path                                PID  Runtime      # DAGs    # Errors  Last Runtime    Last Run
-------------------------------------  -----  ---------  --------  ----------  --------------  -------------------
/opt/airflow/dags/pakakumi_scraper.py   2432  0.01s             1           0  0.21s           2026-01-03T19:16:37
================================================================================
[2026-01-03T19:17:37.980+0000] {manager.py:878} INFO - 
================================================================================
DAG File Processing Stats

File Path                                PID  Runtime      # DAGs    # Errors  Last Runtime    Last Run
-------------------------------------  -----  ---------  --------  ----------  --------------  -------------------
/opt/airflow/dags/pakakumi_scraper.py   2437  0.01s             1           0  0.20s           2026-01-03T19:17:07
================================================================================
[2026-01-03T19:18:08.244+0000] {manager.py:878} INFO - 
================================================================================
DAG File Processing Stats

File Path                                PID  Runtime      # DAGs    # Errors  Last Runtime    Last Run
-------------------------------------  -----  ---------  --------  ----------  --------------  -------------------
/opt/airflow/dags/pakakumi_scraper.py   2442  0.01s             1           0  0.19s           2026-01-03T19:17:38
================================================================================
[2026-01-03T19:18:38.633+0000] {manager.py:878} INFO - 
================================================================================
DAG File Processing Stats

File Path                                PID  Runtime      # DAGs    # Errors  Last Runtime    Last Run
-------------------------------------  -----  ---------  --------  ----------  --------------  -------------------
/opt/airflow/dags/pakakumi_scraper.py   2447  0.01s             1           0  0.20s           2026-01-03T19:18:08
================================================================================
[2026-01-03T19:19:08.945+0000] {manager.py:878} INFO - 
================================================================================
DAG File Processing Stats

File Path                                PID  Runtime      # DAGs    # Errors  Last Runtime    Last Run
-------------------------------------  -----  ---------  --------  ----------  --------------  -------------------
/opt/airflow/dags/pakakumi_scraper.py   2452  0.01s             1           0  0.25s           2026-01-03T19:18:38
================================================================================
[2026-01-03T19:19:22.173+0000] {manager.py:737} INFO - Searching for files in /opt/airflow/dags
[2026-01-03T19:19:22.191+0000] {manager.py:740} INFO - There are 1 files in /opt/airflow/dags
[2026-01-03T19:19:39.357+0000] {manager.py:878} INFO - 
================================================================================
DAG File Processing Stats

File Path                                PID  Runtime      # DAGs    # Errors  Last Runtime    Last Run
-------------------------------------  -----  ---------  --------  ----------  --------------  -------------------
/opt/airflow/dags/pakakumi_scraper.py   2457  0.01s             1           0  0.24s           2026-01-03T19:19:09
================================================================================
[2026-01-03T19:20:09.630+0000] {manager.py:878} INFO - 
================================================================================
DAG File Processing Stats

File Path                                PID  Runtime      # DAGs    # Errors  Last Runtime    Last Run
-------------------------------------  -----  ---------  --------  ----------  --------------  -------------------
/opt/airflow/dags/pakakumi_scraper.py   2462  0.01s             1           0  0.23s           2026-01-03T19:19:39
================================================================================
[2026-01-03T19:20:40.004+0000] {manager.py:878} INFO - 
================================================================================
DAG File Processing Stats

File Path                                PID  Runtime      # DAGs    # Errors  Last Runtime    Last Run
-------------------------------------  -----  ---------  --------  ----------  --------------  -------------------
/opt/airflow/dags/pakakumi_scraper.py   2467  0.01s             1           0  0.21s           2026-01-03T19:20:09
================================================================================
[2026-01-03T19:21:10.247+0000] {manager.py:878} INFO - 
================================================================================
DAG File Processing Stats

File Path                                PID  Runtime      # DAGs    # Errors  Last Runtime    Last Run
-------------------------------------  -----  ---------  --------  ----------  --------------  -------------------
/opt/airflow/dags/pakakumi_scraper.py   2472  0.01s             1           0  0.20s           2026-01-03T19:20:40
================================================================================
[2026-01-03T19:21:40.634+0000] {manager.py:878} INFO - 
================================================================================
DAG File Processing Stats

File Path                                PID  Runtime      # DAGs    # Errors  Last Runtime    Last Run
-------------------------------------  -----  ---------  --------  ----------  --------------  -------------------
/opt/airflow/dags/pakakumi_scraper.py   2477  0.00s             1           0  0.23s           2026-01-03T19:21:10
================================================================================
[2026-01-03T19:22:10.926+0000] {manager.py:878} INFO - 
================================================================================
DAG File Processing Stats

File Path                                PID  Runtime      # DAGs    # Errors  Last Runtime    Last Run
-------------------------------------  -----  ---------  --------  ----------  --------------  -------------------
/opt/airflow/dags/pakakumi_scraper.py   2482  0.01s             1           0  0.18s           2026-01-03T19:21:40
================================================================================
[2026-01-03T19:22:41.243+0000] {manager.py:878} INFO - 
================================================================================
DAG File Processing Stats

File Path                                PID  Runtime      # DAGs    # Errors  Last Runtime    Last Run
-------------------------------------  -----  ---------  --------  ----------  --------------  -------------------
/opt/airflow/dags/pakakumi_scraper.py   2487  0.01s             1           0  0.23s           2026-01-03T19:22:11
================================================================================
[2026-01-03T19:23:11.573+0000] {manager.py:878} INFO - 
================================================================================
DAG File Processing Stats

File Path                                PID  Runtime      # DAGs    # Errors  Last Runtime    Last Run
-------------------------------------  -----  ---------  --------  ----------  --------------  -------------------
/opt/airflow/dags/pakakumi_scraper.py   2492  0.01s             1           0  0.18s           2026-01-03T19:22:41
================================================================================
[2026-01-03T19:23:41.855+0000] {manager.py:878} INFO - 
================================================================================
DAG File Processing Stats

File Path                                PID  Runtime      # DAGs    # Errors  Last Runtime    Last Run
-------------------------------------  -----  ---------  --------  ----------  --------------  -------------------
/opt/airflow/dags/pakakumi_scraper.py   2497  0.01s             1           0  0.22s           2026-01-03T19:23:11
================================================================================
[2026-01-03T19:24:12.235+0000] {manager.py:878} INFO - 
================================================================================
DAG File Processing Stats

File Path                                PID  Runtime      # DAGs    # Errors  Last Runtime    Last Run
-------------------------------------  -----  ---------  --------  ----------  --------------  -------------------
/opt/airflow/dags/pakakumi_scraper.py   2502  0.01s             1           0  0.19s           2026-01-03T19:23:42
================================================================================
[2026-01-03T19:24:22.322+0000] {manager.py:737} INFO - Searching for files in /opt/airflow/dags
[2026-01-03T19:24:22.350+0000] {manager.py:740} INFO - There are 1 files in /opt/airflow/dags
[2026-01-03T19:24:42.526+0000] {manager.py:878} INFO - 
================================================================================
DAG File Processing Stats

File Path                                PID  Runtime      # DAGs    # Errors  Last Runtime    Last Run
-------------------------------------  -----  ---------  --------  ----------  --------------  -------------------
/opt/airflow/dags/pakakumi_scraper.py   2507  0.01s             1           0  0.17s           2026-01-03T19:24:12
================================================================================
[2026-01-03T19:25:12.869+0000] {manager.py:878} INFO - 
================================================================================
DAG File Processing Stats

File Path                                PID  Runtime      # DAGs    # Errors  Last Runtime    Last Run
-------------------------------------  -----  ---------  --------  ----------  --------------  -------------------
/opt/airflow/dags/pakakumi_scraper.py   2512  0.01s             1           0  0.20s           2026-01-03T19:24:42
================================================================================
[2026-01-03T19:25:43.190+0000] {manager.py:878} INFO - 
================================================================================
DAG File Processing Stats

File Path                                PID  Runtime      # DAGs    # Errors  Last Runtime    Last Run
-------------------------------------  -----  ---------  --------  ----------  --------------  -------------------
/opt/airflow/dags/pakakumi_scraper.py   2517  0.01s             1           0  0.21s           2026-01-03T19:25:13
================================================================================
[2026-01-03T19:26:13.544+0000] {manager.py:878} INFO - 
================================================================================
DAG File Processing Stats

File Path                                PID  Runtime      # DAGs    # Errors  Last Runtime    Last Run
-------------------------------------  -----  ---------  --------  ----------  --------------  -------------------
/opt/airflow/dags/pakakumi_scraper.py   2522  0.01s             1           0  0.19s           2026-01-03T19:25:43
================================================================================
[2026-01-03T19:26:43.859+0000] {manager.py:878} INFO - 
================================================================================
DAG File Processing Stats

File Path                                PID  Runtime      # DAGs    # Errors  Last Runtime    Last Run
-------------------------------------  -----  ---------  --------  ----------  --------------  -------------------
/opt/airflow/dags/pakakumi_scraper.py   2527  0.01s             1           0  0.24s           2026-01-03T19:26:13
================================================================================
[2026-01-03T19:27:14.223+0000] {manager.py:878} INFO - 
================================================================================
DAG File Processing Stats

File Path                                PID  Runtime      # DAGs    # Errors  Last Runtime    Last Run
-------------------------------------  -----  ---------  --------  ----------  --------------  -------------------
/opt/airflow/dags/pakakumi_scraper.py   2532  0.01s             1           0  0.19s           2026-01-03T19:26:44
================================================================================
[2026-01-03T19:27:44.511+0000] {manager.py:878} INFO - 
================================================================================
DAG File Processing Stats

File Path                                PID  Runtime      # DAGs    # Errors  Last Runtime    Last Run
-------------------------------------  -----  ---------  --------  ----------  --------------  -------------------
/opt/airflow/dags/pakakumi_scraper.py   2537  0.01s             1           0  0.21s           2026-01-03T19:27:14
================================================================================
[2026-01-03T19:28:14.899+0000] {manager.py:878} INFO - 
================================================================================
DAG File Processing Stats

File Path                                PID  Runtime      # DAGs    # Errors  Last Runtime    Last Run
-------------------------------------  -----  ---------  --------  ----------  --------------  -------------------
/opt/airflow/dags/pakakumi_scraper.py   2542  0.01s             1           0  0.19s           2026-01-03T19:27:44
================================================================================
[2026-01-03T19:28:45.170+0000] {manager.py:878} INFO - 
================================================================================
DAG File Processing Stats

File Path                                PID  Runtime      # DAGs    # Errors  Last Runtime    Last Run
-------------------------------------  -----  ---------  --------  ----------  --------------  -------------------
/opt/airflow/dags/pakakumi_scraper.py   2547  0.01s             1           0  0.21s           2026-01-03T19:28:15
================================================================================
[2026-01-03T19:29:15.555+0000] {manager.py:878} INFO - 
================================================================================
DAG File Processing Stats

File Path                                PID  Runtime      # DAGs    # Errors  Last Runtime    Last Run
-------------------------------------  -----  ---------  --------  ----------  --------------  -------------------
/opt/airflow/dags/pakakumi_scraper.py   2552  0.01s             1           0  0.19s           2026-01-03T19:28:45
================================================================================
[2026-01-03T19:29:22.608+0000] {manager.py:737} INFO - Searching for files in /opt/airflow/dags
[2026-01-03T19:29:22.629+0000] {manager.py:740} INFO - There are 1 files in /opt/airflow/dags
[2026-01-03T19:29:45.844+0000] {manager.py:878} INFO - 
================================================================================
DAG File Processing Stats

File Path                                PID  Runtime      # DAGs    # Errors  Last Runtime    Last Run
-------------------------------------  -----  ---------  --------  ----------  --------------  -------------------
/opt/airflow/dags/pakakumi_scraper.py   2557  0.01s             1           0  0.18s           2026-01-03T19:29:15
================================================================================
[2026-01-03T19:30:16.168+0000] {manager.py:878} INFO - 
================================================================================
DAG File Processing Stats

File Path                                PID  Runtime      # DAGs    # Errors  Last Runtime    Last Run
-------------------------------------  -----  ---------  --------  ----------  --------------  -------------------
/opt/airflow/dags/pakakumi_scraper.py   2562  0.01s             1           0  0.20s           2026-01-03T19:29:46
================================================================================
[2026-01-03T19:30:46.481+0000] {manager.py:878} INFO - 
================================================================================
DAG File Processing Stats

File Path                                PID  Runtime      # DAGs    # Errors  Last Runtime    Last Run
-------------------------------------  -----  ---------  --------  ----------  --------------  -------------------
/opt/airflow/dags/pakakumi_scraper.py   2567  0.01s             1           0  0.22s           2026-01-03T19:30:16
================================================================================
[2026-01-03T19:31:16.831+0000] {manager.py:878} INFO - 
================================================================================
DAG File Processing Stats

File Path                                PID  Runtime      # DAGs    # Errors  Last Runtime    Last Run
-------------------------------------  -----  ---------  --------  ----------  --------------  -------------------
/opt/airflow/dags/pakakumi_scraper.py   2572  0.01s             1           0  0.19s           2026-01-03T19:30:46
================================================================================
[2026-01-03T19:31:47.125+0000] {manager.py:878} INFO - 
================================================================================
DAG File Processing Stats

File Path                                PID  Runtime      # DAGs    # Errors  Last Runtime    Last Run
-------------------------------------  -----  ---------  --------  ----------  --------------  -------------------
/opt/airflow/dags/pakakumi_scraper.py   2577  0.01s             1           0  0.19s           2026-01-03T19:31:17
================================================================================
[2026-01-03T19:32:17.478+0000] {manager.py:878} INFO - 
================================================================================
DAG File Processing Stats

File Path                                PID  Runtime      # DAGs    # Errors  Last Runtime    Last Run
-------------------------------------  -----  ---------  --------  ----------  --------------  -------------------
/opt/airflow/dags/pakakumi_scraper.py   2582  0.01s             1           0  0.19s           2026-01-03T19:31:47
================================================================================
[2026-01-03T19:32:47.735+0000] {manager.py:878} INFO - 
================================================================================
DAG File Processing Stats

File Path                                PID  Runtime      # DAGs    # Errors  Last Runtime    Last Run
-------------------------------------  -----  ---------  --------  ----------  --------------  -------------------
/opt/airflow/dags/pakakumi_scraper.py   2587  0.01s             1           0  0.20s           2026-01-03T19:32:17
================================================================================
[2026-01-03T19:33:18.115+0000] {manager.py:878} INFO - 
================================================================================
DAG File Processing Stats

File Path                                PID  Runtime      # DAGs    # Errors  Last Runtime    Last Run
-------------------------------------  -----  ---------  --------  ----------  --------------  -------------------
/opt/airflow/dags/pakakumi_scraper.py   2592  0.01s             1           0  0.19s           2026-01-03T19:32:47
================================================================================
[2026-01-03T19:33:48.362+0000] {manager.py:878} INFO - 
================================================================================
DAG File Processing Stats

File Path                                PID  Runtime      # DAGs    # Errors  Last Runtime    Last Run
-------------------------------------  -----  ---------  --------  ----------  --------------  -------------------
/opt/airflow/dags/pakakumi_scraper.py   2597  0.01s             1           0  0.19s           2026-01-03T19:33:18
================================================================================
[2026-01-03T19:34:18.723+0000] {manager.py:878} INFO - 
================================================================================
DAG File Processing Stats

File Path                                PID  Runtime      # DAGs    # Errors  Last Runtime    Last Run
-------------------------------------  -----  ---------  --------  ----------  --------------  -------------------
/opt/airflow/dags/pakakumi_scraper.py   2602  0.01s             1           0  0.31s           2026-01-03T19:33:48
================================================================================
[2026-01-03T19:34:22.899+0000] {manager.py:737} INFO - Searching for files in /opt/airflow/dags
[2026-01-03T19:34:22.947+0000] {manager.py:740} INFO - There are 1 files in /opt/airflow/dags
[2026-01-03T19:34:49.175+0000] {manager.py:878} INFO - 
================================================================================
DAG File Processing Stats

File Path                                PID  Runtime      # DAGs    # Errors  Last Runtime    Last Run
-------------------------------------  -----  ---------  --------  ----------  --------------  -------------------
/opt/airflow/dags/pakakumi_scraper.py   2607  0.01s             1           0  0.18s           2026-01-03T19:34:18
================================================================================
[2026-01-03T19:35:19.411+0000] {manager.py:878} INFO - 
================================================================================
DAG File Processing Stats

File Path                                PID  Runtime      # DAGs    # Errors  Last Runtime    Last Run
-------------------------------------  -----  ---------  --------  ----------  --------------  -------------------
/opt/airflow/dags/pakakumi_scraper.py   2612  0.01s             1           0  0.19s           2026-01-03T19:34:49
================================================================================
[2026-01-03T19:35:49.872+0000] {manager.py:878} INFO - 
================================================================================
DAG File Processing Stats

File Path                                PID  Runtime      # DAGs    # Errors  Last Runtime    Last Run
-------------------------------------  -----  ---------  --------  ----------  --------------  -------------------
/opt/airflow/dags/pakakumi_scraper.py   2617  0.00s             1           0  0.20s           2026-01-03T19:35:19
================================================================================
[2026-01-03T19:36:20.144+0000] {manager.py:878} INFO - 
================================================================================
DAG File Processing Stats

File Path                                PID  Runtime      # DAGs    # Errors  Last Runtime    Last Run
-------------------------------------  -----  ---------  --------  ----------  --------------  -------------------
/opt/airflow/dags/pakakumi_scraper.py   2622  0.01s             1           0  0.18s           2026-01-03T19:35:50
================================================================================
[2026-01-03T19:36:50.575+0000] {manager.py:878} INFO - 
================================================================================
DAG File Processing Stats

File Path                                PID  Runtime      # DAGs    # Errors  Last Runtime    Last Run
-------------------------------------  -----  ---------  --------  ----------  --------------  -------------------
/opt/airflow/dags/pakakumi_scraper.py   2627  0.01s             1           0  0.27s           2026-01-03T19:36:20
================================================================================
[2026-01-03T19:37:20.817+0000] {manager.py:878} INFO - 
================================================================================
DAG File Processing Stats

File Path                                PID  Runtime      # DAGs    # Errors  Last Runtime    Last Run
-------------------------------------  -----  ---------  --------  ----------  --------------  -------------------
/opt/airflow/dags/pakakumi_scraper.py   2632  0.01s             1           0  0.19s           2026-01-03T19:36:50
================================================================================
[2026-01-03T19:37:51.203+0000] {manager.py:878} INFO - 
================================================================================
DAG File Processing Stats

File Path                                PID  Runtime      # DAGs    # Errors  Last Runtime    Last Run
-------------------------------------  -----  ---------  --------  ----------  --------------  -------------------
/opt/airflow/dags/pakakumi_scraper.py   2637  0.01s             1           0  0.18s           2026-01-03T19:37:20
================================================================================
[2026-01-03T19:38:21.473+0000] {manager.py:878} INFO - 
================================================================================
DAG File Processing Stats

File Path                                PID  Runtime      # DAGs    # Errors  Last Runtime    Last Run
-------------------------------------  -----  ---------  --------  ----------  --------------  -------------------
/opt/airflow/dags/pakakumi_scraper.py   2642  0.01s             1           0  0.20s           2026-01-03T19:37:51
================================================================================
[2026-01-03T19:38:51.850+0000] {manager.py:878} INFO - 
================================================================================
DAG File Processing Stats

File Path                                PID  Runtime      # DAGs    # Errors  Last Runtime    Last Run
-------------------------------------  -----  ---------  --------  ----------  --------------  -------------------
/opt/airflow/dags/pakakumi_scraper.py   2647  0.01s             1           0  0.20s           2026-01-03T19:38:21
================================================================================
[2026-01-03T19:39:22.106+0000] {manager.py:878} INFO - 
================================================================================
DAG File Processing Stats

File Path                                PID  Runtime      # DAGs    # Errors  Last Runtime    Last Run
-------------------------------------  -----  ---------  --------  ----------  --------------  -------------------
/opt/airflow/dags/pakakumi_scraper.py   2652  0.01s             1           0  0.18s           2026-01-03T19:38:52
================================================================================
[2026-01-03T19:39:23.213+0000] {manager.py:737} INFO - Searching for files in /opt/airflow/dags
[2026-01-03T19:39:23.234+0000] {manager.py:740} INFO - There are 1 files in /opt/airflow/dags
[2026-01-03T19:39:52.481+0000] {manager.py:878} INFO - 
================================================================================
DAG File Processing Stats

File Path                                PID  Runtime      # DAGs    # Errors  Last Runtime    Last Run
-------------------------------------  -----  ---------  --------  ----------  --------------  -------------------
/opt/airflow/dags/pakakumi_scraper.py   2657  0.01s             1           0  0.21s           2026-01-03T19:39:22
================================================================================
[2026-01-03T19:40:22.721+0000] {manager.py:878} INFO - 
================================================================================
DAG File Processing Stats

File Path                                PID  Runtime      # DAGs    # Errors  Last Runtime    Last Run
-------------------------------------  -----  ---------  --------  ----------  --------------  -------------------
/opt/airflow/dags/pakakumi_scraper.py   2662  0.01s             1           0  0.22s           2026-01-03T19:39:52
================================================================================
[2026-01-03T19:40:53.127+0000] {manager.py:878} INFO - 
================================================================================
DAG File Processing Stats

File Path                                PID  Runtime      # DAGs    # Errors  Last Runtime    Last Run
-------------------------------------  -----  ---------  --------  ----------  --------------  -------------------
/opt/airflow/dags/pakakumi_scraper.py   2667  0.01s             1           0  0.19s           2026-01-03T19:40:22
================================================================================
[2026-01-03T19:41:23.359+0000] {manager.py:878} INFO - 
================================================================================
DAG File Processing Stats

File Path                                PID  Runtime      # DAGs    # Errors  Last Runtime    Last Run
-------------------------------------  -----  ---------  --------  ----------  --------------  -------------------
/opt/airflow/dags/pakakumi_scraper.py   2672  0.01s             1           0  0.19s           2026-01-03T19:40:53
================================================================================
[2026-01-03T19:41:53.754+0000] {manager.py:878} INFO - 
================================================================================
DAG File Processing Stats

File Path                                PID  Runtime      # DAGs    # Errors  Last Runtime    Last Run
-------------------------------------  -----  ---------  --------  ----------  --------------  -------------------
/opt/airflow/dags/pakakumi_scraper.py   2677  0.01s             1           0  0.20s           2026-01-03T19:41:23
================================================================================
[2026-01-03T19:42:24.054+0000] {manager.py:878} INFO - 
================================================================================
DAG File Processing Stats

File Path                                PID  Runtime      # DAGs    # Errors  Last Runtime    Last Run
-------------------------------------  -----  ---------  --------  ----------  --------------  -------------------
/opt/airflow/dags/pakakumi_scraper.py   2682  0.01s             1           0  0.20s           2026-01-03T19:41:53
================================================================================
[2026-01-03T19:42:54.432+0000] {manager.py:878} INFO - 
================================================================================
DAG File Processing Stats

File Path                                PID  Runtime      # DAGs    # Errors  Last Runtime    Last Run
-------------------------------------  -----  ---------  --------  ----------  --------------  -------------------
/opt/airflow/dags/pakakumi_scraper.py   2687  0.01s             1           0  0.21s           2026-01-03T19:42:24
================================================================================
[2026-01-03T19:43:24.692+0000] {manager.py:878} INFO - 
================================================================================
DAG File Processing Stats

File Path                                PID  Runtime      # DAGs    # Errors  Last Runtime    Last Run
-------------------------------------  -----  ---------  --------  ----------  --------------  -------------------
/opt/airflow/dags/pakakumi_scraper.py   2692  0.01s             1           0  0.18s           2026-01-03T19:42:54
================================================================================
[2026-01-03T19:43:55.007+0000] {manager.py:878} INFO - 
================================================================================
DAG File Processing Stats

File Path                                PID  Runtime      # DAGs    # Errors  Last Runtime    Last Run
-------------------------------------  -----  ---------  --------  ----------  --------------  -------------------
/opt/airflow/dags/pakakumi_scraper.py   2697  0.01s             1           0  0.19s           2026-01-03T19:43:24
================================================================================
[2026-01-03T19:44:23.278+0000] {manager.py:737} INFO - Searching for files in /opt/airflow/dags
[2026-01-03T19:44:23.297+0000] {manager.py:740} INFO - There are 1 files in /opt/airflow/dags
[2026-01-03T19:44:25.336+0000] {manager.py:878} INFO - 
================================================================================
DAG File Processing Stats

File Path                                PID  Runtime      # DAGs    # Errors  Last Runtime    Last Run
-------------------------------------  -----  ---------  --------  ----------  --------------  -------------------
/opt/airflow/dags/pakakumi_scraper.py   2702  0.01s             1           0  0.19s           2026-01-03T19:43:55
================================================================================
[2026-01-03T19:44:55.613+0000] {manager.py:878} INFO - 
================================================================================
DAG File Processing Stats

File Path                                PID  Runtime      # DAGs    # Errors  Last Runtime    Last Run
-------------------------------------  -----  ---------  --------  ----------  --------------  -------------------
/opt/airflow/dags/pakakumi_scraper.py   2707  0.01s             1           0  0.21s           2026-01-03T19:44:25
================================================================================
[2026-01-03T19:45:25.967+0000] {manager.py:878} INFO - 
================================================================================
DAG File Processing Stats

File Path                                PID  Runtime      # DAGs    # Errors  Last Runtime    Last Run
-------------------------------------  -----  ---------  --------  ----------  --------------  -------------------
/opt/airflow/dags/pakakumi_scraper.py   2712  0.01s             1           0  0.18s           2026-01-03T19:44:55
================================================================================
[2026-01-03T19:45:56.209+0000] {manager.py:878} INFO - 
================================================================================
DAG File Processing Stats

File Path                                PID  Runtime      # DAGs    # Errors  Last Runtime    Last Run
-------------------------------------  -----  ---------  --------  ----------  --------------  -------------------
/opt/airflow/dags/pakakumi_scraper.py   2717  0.01s             1           0  0.18s           2026-01-03T19:45:26
================================================================================
[2026-01-03T19:46:26.559+0000] {manager.py:878} INFO - 
================================================================================
DAG File Processing Stats

File Path                                PID  Runtime      # DAGs    # Errors  Last Runtime    Last Run
-------------------------------------  -----  ---------  --------  ----------  --------------  -------------------
/opt/airflow/dags/pakakumi_scraper.py   2722  0.01s             1           0  0.21s           2026-01-03T19:45:56
================================================================================
[2026-01-03T19:46:56.894+0000] {manager.py:878} INFO - 
================================================================================
DAG File Processing Stats

File Path                                PID  Runtime      # DAGs    # Errors  Last Runtime    Last Run
-------------------------------------  -----  ---------  --------  ----------  --------------  -------------------
/opt/airflow/dags/pakakumi_scraper.py   2727  0.01s             1           0  0.18s           2026-01-03T19:46:26
================================================================================
[2026-01-03T19:47:27.180+0000] {manager.py:878} INFO - 
================================================================================
DAG File Processing Stats

File Path                                PID  Runtime      # DAGs    # Errors  Last Runtime    Last Run
-------------------------------------  -----  ---------  --------  ----------  --------------  -------------------
/opt/airflow/dags/pakakumi_scraper.py   2732  0.01s             1           0  0.17s           2026-01-03T19:46:57
================================================================================
[2026-01-03T19:47:57.510+0000] {manager.py:878} INFO - 
================================================================================
DAG File Processing Stats

File Path                                PID  Runtime      # DAGs    # Errors  Last Runtime    Last Run
-------------------------------------  -----  ---------  --------  ----------  --------------  -------------------
/opt/airflow/dags/pakakumi_scraper.py   2737  0.01s             1           0  0.19s           2026-01-03T19:47:27
================================================================================
[2026-01-03T19:48:27.850+0000] {manager.py:878} INFO - 
================================================================================
DAG File Processing Stats

File Path                                PID  Runtime      # DAGs    # Errors  Last Runtime    Last Run
-------------------------------------  -----  ---------  --------  ----------  --------------  -------------------
/opt/airflow/dags/pakakumi_scraper.py   2742  0.01s             1           0  0.22s           2026-01-03T19:47:57
================================================================================
[2026-01-03T19:48:58.173+0000] {manager.py:878} INFO - 
================================================================================
DAG File Processing Stats

File Path                                PID  Runtime      # DAGs    # Errors  Last Runtime    Last Run
-------------------------------------  -----  ---------  --------  ----------  --------------  -------------------
/opt/airflow/dags/pakakumi_scraper.py   2747  0.00s             1           0  0.19s           2026-01-03T19:48:28
================================================================================
[2026-01-03T19:49:23.413+0000] {manager.py:737} INFO - Searching for files in /opt/airflow/dags
[2026-01-03T19:49:23.432+0000] {manager.py:740} INFO - There are 1 files in /opt/airflow/dags
[2026-01-03T19:49:28.518+0000] {manager.py:878} INFO - 
================================================================================
DAG File Processing Stats

File Path                                PID  Runtime      # DAGs    # Errors  Last Runtime    Last Run
-------------------------------------  -----  ---------  --------  ----------  --------------  -------------------
/opt/airflow/dags/pakakumi_scraper.py   2752  0.01s             1           0  0.17s           2026-01-03T19:48:58
================================================================================
[2026-01-03T19:49:58.818+0000] {manager.py:878} INFO - 
================================================================================
DAG File Processing Stats

File Path                                PID  Runtime      # DAGs    # Errors  Last Runtime    Last Run
-------------------------------------  -----  ---------  --------  ----------  --------------  -------------------
/opt/airflow/dags/pakakumi_scraper.py   2757  0.01s             1           0  0.19s           2026-01-03T19:49:28
================================================================================
[2026-01-03T19:50:29.152+0000] {manager.py:878} INFO - 
================================================================================
DAG File Processing Stats

File Path                                PID  Runtime      # DAGs    # Errors  Last Runtime    Last Run
-------------------------------------  -----  ---------  --------  ----------  --------------  -------------------
/opt/airflow/dags/pakakumi_scraper.py   2762  0.01s             1           0  0.20s           2026-01-03T19:49:59
================================================================================
[2026-01-03T19:50:59.459+0000] {manager.py:878} INFO - 
================================================================================
DAG File Processing Stats

File Path                                PID  Runtime      # DAGs    # Errors  Last Runtime    Last Run
-------------------------------------  -----  ---------  --------  ----------  --------------  -------------------
/opt/airflow/dags/pakakumi_scraper.py   2767  0.01s             1           0  0.18s           2026-01-03T19:50:29
================================================================================
[2026-01-03T19:51:29.769+0000] {manager.py:878} INFO - 
================================================================================
DAG File Processing Stats

File Path                                PID  Runtime      # DAGs    # Errors  Last Runtime    Last Run
-------------------------------------  -----  ---------  --------  ----------  --------------  -------------------
/opt/airflow/dags/pakakumi_scraper.py   2772  0.01s             1           0  0.19s           2026-01-03T19:50:59
================================================================================
[2026-01-03T19:52:00.091+0000] {manager.py:878} INFO - 
================================================================================
DAG File Processing Stats

File Path                                PID  Runtime      # DAGs    # Errors  Last Runtime    Last Run
-------------------------------------  -----  ---------  --------  ----------  --------------  -------------------
/opt/airflow/dags/pakakumi_scraper.py   2777  0.00s             1           0  0.19s           2026-01-03T19:51:29
================================================================================
[2026-01-03T19:52:30.397+0000] {manager.py:878} INFO - 
================================================================================
DAG File Processing Stats

File Path                                PID  Runtime      # DAGs    # Errors  Last Runtime    Last Run
-------------------------------------  -----  ---------  --------  ----------  --------------  -------------------
/opt/airflow/dags/pakakumi_scraper.py   2782  0.01s             1           0  0.17s           2026-01-03T19:52:00
================================================================================
[2026-01-03T19:53:00.744+0000] {manager.py:878} INFO - 
================================================================================
DAG File Processing Stats

File Path                                PID  Runtime      # DAGs    # Errors  Last Runtime    Last Run
-------------------------------------  -----  ---------  --------  ----------  --------------  -------------------
/opt/airflow/dags/pakakumi_scraper.py   2787  0.01s             1           0  0.19s           2026-01-03T19:52:30
================================================================================
[2026-01-03T19:53:31.033+0000] {manager.py:878} INFO - 
================================================================================
DAG File Processing Stats

File Path                                PID  Runtime      # DAGs    # Errors  Last Runtime    Last Run
-------------------------------------  -----  ---------  --------  ----------  --------------  -------------------
/opt/airflow/dags/pakakumi_scraper.py   2792  0.01s             1           0  0.19s           2026-01-03T19:53:00
================================================================================
[2026-01-03T19:54:01.395+0000] {manager.py:878} INFO - 
================================================================================
DAG File Processing Stats

File Path                                PID  Runtime      # DAGs    # Errors  Last Runtime    Last Run
-------------------------------------  -----  ---------  --------  ----------  --------------  -------------------
/opt/airflow/dags/pakakumi_scraper.py   2797  0.01s             1           0  0.17s           2026-01-03T19:53:31
================================================================================
[2026-01-03T19:54:23.583+0000] {manager.py:737} INFO - Searching for files in /opt/airflow/dags
[2026-01-03T19:54:23.618+0000] {manager.py:740} INFO - There are 1 files in /opt/airflow/dags
[2026-01-03T19:54:31.698+0000] {manager.py:878} INFO - 
================================================================================
DAG File Processing Stats

File Path                                PID  Runtime      # DAGs    # Errors  Last Runtime    Last Run
-------------------------------------  -----  ---------  --------  ----------  --------------  -------------------
/opt/airflow/dags/pakakumi_scraper.py   2802  0.01s             1           0  0.19s           2026-01-03T19:54:01
================================================================================
[2026-01-03T19:55:02.052+0000] {manager.py:878} INFO - 
================================================================================
DAG File Processing Stats

File Path                                PID  Runtime      # DAGs    # Errors  Last Runtime    Last Run
-------------------------------------  -----  ---------  --------  ----------  --------------  -------------------
/opt/airflow/dags/pakakumi_scraper.py   2807  0.01s             1           0  0.18s           2026-01-03T19:54:31
================================================================================
[2026-01-03T19:55:32.332+0000] {manager.py:878} INFO - 
================================================================================
DAG File Processing Stats

File Path                                PID  Runtime      # DAGs    # Errors  Last Runtime    Last Run
-------------------------------------  -----  ---------  --------  ----------  --------------  -------------------
/opt/airflow/dags/pakakumi_scraper.py   2812  0.00s             1           0  0.18s           2026-01-03T19:55:02
================================================================================
[2026-01-03T19:56:02.702+0000] {manager.py:878} INFO - 
================================================================================
DAG File Processing Stats

File Path                                PID  Runtime      # DAGs    # Errors  Last Runtime    Last Run
-------------------------------------  -----  ---------  --------  ----------  --------------  -------------------
/opt/airflow/dags/pakakumi_scraper.py   2817  0.01s             1           0  0.22s           2026-01-03T19:55:32
================================================================================
[2026-01-03T19:56:33.046+0000] {manager.py:878} INFO - 
================================================================================
DAG File Processing Stats

File Path                                PID  Runtime      # DAGs    # Errors  Last Runtime    Last Run
-------------------------------------  -----  ---------  --------  ----------  --------------  -------------------
/opt/airflow/dags/pakakumi_scraper.py   2822  0.01s             1           0  0.24s           2026-01-03T19:56:02
================================================================================
[2026-01-03T19:57:03.445+0000] {manager.py:878} INFO - 
================================================================================
DAG File Processing Stats

File Path                                PID  Runtime      # DAGs    # Errors  Last Runtime    Last Run
-------------------------------------  -----  ---------  --------  ----------  --------------  -------------------
/opt/airflow/dags/pakakumi_scraper.py   2827  0.01s             1           0  0.20s           2026-01-03T19:56:33
================================================================================
[2026-01-03T19:57:33.715+0000] {manager.py:878} INFO - 
================================================================================
DAG File Processing Stats

File Path                                PID  Runtime      # DAGs    # Errors  Last Runtime    Last Run
-------------------------------------  -----  ---------  --------  ----------  --------------  -------------------
/opt/airflow/dags/pakakumi_scraper.py   2832  0.01s             1           0  0.17s           2026-01-03T19:57:03
================================================================================
[2026-01-03T19:58:04.093+0000] {manager.py:878} INFO - 
================================================================================
DAG File Processing Stats

File Path                                PID  Runtime      # DAGs    # Errors  Last Runtime    Last Run
-------------------------------------  -----  ---------  --------  ----------  --------------  -------------------
/opt/airflow/dags/pakakumi_scraper.py   2837  0.01s             1           0  0.22s           2026-01-03T19:57:33
================================================================================
[2026-01-03T19:58:34.400+0000] {manager.py:878} INFO - 
================================================================================
DAG File Processing Stats

File Path                                PID  Runtime      # DAGs    # Errors  Last Runtime    Last Run
-------------------------------------  -----  ---------  --------  ----------  --------------  -------------------
/opt/airflow/dags/pakakumi_scraper.py   2842  0.01s             1           0  0.17s           2026-01-03T19:58:04
================================================================================
[2026-01-03T19:59:04.695+0000] {manager.py:878} INFO - 
================================================================================
DAG File Processing Stats

File Path                                PID  Runtime      # DAGs    # Errors  Last Runtime    Last Run
-------------------------------------  -----  ---------  --------  ----------  --------------  -------------------
/opt/airflow/dags/pakakumi_scraper.py   2847  0.01s             1           0  0.19s           2026-01-03T19:58:34
================================================================================
[2026-01-03T19:59:23.941+0000] {manager.py:737} INFO - Searching for files in /opt/airflow/dags
[2026-01-03T19:59:23.983+0000] {manager.py:740} INFO - There are 1 files in /opt/airflow/dags
[2026-01-03T19:59:35.094+0000] {manager.py:878} INFO - 
================================================================================
DAG File Processing Stats

File Path                                PID  Runtime      # DAGs    # Errors  Last Runtime    Last Run
-------------------------------------  -----  ---------  --------  ----------  --------------  -------------------
/opt/airflow/dags/pakakumi_scraper.py   2852  0.01s             1           0  0.17s           2026-01-03T19:59:04
================================================================================
[2026-01-03T20:00:05.321+0000] {manager.py:878} INFO - 
================================================================================
DAG File Processing Stats

File Path                              PID    Runtime      # DAGs    # Errors  Last Runtime    Last Run
-------------------------------------  -----  ---------  --------  ----------  --------------  -------------------
/opt/airflow/dags/pakakumi_scraper.py                           1           0  0.23s           2026-01-03T19:59:35
================================================================================
[2026-01-03T20:00:35.740+0000] {manager.py:878} INFO - 
================================================================================
DAG File Processing Stats

File Path                              PID    Runtime      # DAGs    # Errors  Last Runtime    Last Run
-------------------------------------  -----  ---------  --------  ----------  --------------  -------------------
/opt/airflow/dags/pakakumi_scraper.py                           1           0  0.24s           2026-01-03T20:00:05
================================================================================
[2026-01-03T20:01:06.217+0000] {manager.py:878} INFO - 
================================================================================
DAG File Processing Stats

File Path                                PID  Runtime      # DAGs    # Errors  Last Runtime    Last Run
-------------------------------------  -----  ---------  --------  ----------  --------------  -------------------
/opt/airflow/dags/pakakumi_scraper.py   2870  0.01s             1           0  0.19s           2026-01-03T20:00:36
================================================================================
[2026-01-03T20:01:36.614+0000] {manager.py:878} INFO - 
================================================================================
DAG File Processing Stats

File Path                                PID  Runtime      # DAGs    # Errors  Last Runtime    Last Run
-------------------------------------  -----  ---------  --------  ----------  --------------  -------------------
/opt/airflow/dags/pakakumi_scraper.py   2875  0.01s             1           0  0.18s           2026-01-03T20:01:06
================================================================================
[2026-01-03T20:02:06.807+0000] {manager.py:878} INFO - 
================================================================================
DAG File Processing Stats

File Path                              PID    Runtime      # DAGs    # Errors  Last Runtime    Last Run
-------------------------------------  -----  ---------  --------  ----------  --------------  -------------------
/opt/airflow/dags/pakakumi_scraper.py                           1           0  0.30s           2026-01-03T20:01:36
================================================================================
[2026-01-03T20:02:37.325+0000] {manager.py:878} INFO - 
================================================================================
DAG File Processing Stats

File Path                                PID  Runtime      # DAGs    # Errors  Last Runtime    Last Run
-------------------------------------  -----  ---------  --------  ----------  --------------  -------------------
/opt/airflow/dags/pakakumi_scraper.py   2885  0.01s             1           0  0.20s           2026-01-03T20:02:07
================================================================================
[2026-01-03T20:03:07.722+0000] {manager.py:878} INFO - 
================================================================================
DAG File Processing Stats

File Path                                PID  Runtime      # DAGs    # Errors  Last Runtime    Last Run
-------------------------------------  -----  ---------  --------  ----------  --------------  -------------------
/opt/airflow/dags/pakakumi_scraper.py   2890  0.01s             1           0  0.19s           2026-01-03T20:02:37
================================================================================
[2026-01-03T20:03:37.963+0000] {manager.py:878} INFO - 
================================================================================
DAG File Processing Stats

File Path                                PID  Runtime      # DAGs    # Errors  Last Runtime    Last Run
-------------------------------------  -----  ---------  --------  ----------  --------------  -------------------
/opt/airflow/dags/pakakumi_scraper.py   2895  0.01s             1           0  0.19s           2026-01-03T20:03:07
================================================================================
[2026-01-03T20:04:08.307+0000] {manager.py:878} INFO - 
================================================================================
DAG File Processing Stats

File Path                                PID  Runtime      # DAGs    # Errors  Last Runtime    Last Run
-------------------------------------  -----  ---------  --------  ----------  --------------  -------------------
/opt/airflow/dags/pakakumi_scraper.py   2900  0.01s             1           0  0.21s           2026-01-03T20:03:38
================================================================================
[2026-01-03T20:04:24.466+0000] {manager.py:737} INFO - Searching for files in /opt/airflow/dags
[2026-01-03T20:04:24.487+0000] {manager.py:740} INFO - There are 1 files in /opt/airflow/dags
[2026-01-03T20:04:38.632+0000] {manager.py:878} INFO - 
================================================================================
DAG File Processing Stats

File Path                                PID  Runtime      # DAGs    # Errors  Last Runtime    Last Run
-------------------------------------  -----  ---------  --------  ----------  --------------  -------------------
/opt/airflow/dags/pakakumi_scraper.py   2905  0.01s             1           0  0.20s           2026-01-03T20:04:08
================================================================================
[2026-01-03T20:05:08.941+0000] {manager.py:878} INFO - 
================================================================================
DAG File Processing Stats

File Path                                PID  Runtime      # DAGs    # Errors  Last Runtime    Last Run
-------------------------------------  -----  ---------  --------  ----------  --------------  -------------------
/opt/airflow/dags/pakakumi_scraper.py   2910  0.01s             1           0  0.21s           2026-01-03T20:04:38
================================================================================
[2026-01-03T20:05:39.237+0000] {manager.py:878} INFO - 
================================================================================
DAG File Processing Stats

File Path                                PID  Runtime      # DAGs    # Errors  Last Runtime    Last Run
-------------------------------------  -----  ---------  --------  ----------  --------------  -------------------
/opt/airflow/dags/pakakumi_scraper.py   2915  0.01s             1           0  0.20s           2026-01-03T20:05:09
================================================================================
[2026-01-03T20:06:09.554+0000] {manager.py:878} INFO - 
================================================================================
DAG File Processing Stats

File Path                                PID  Runtime      # DAGs    # Errors  Last Runtime    Last Run
-------------------------------------  -----  ---------  --------  ----------  --------------  -------------------
/opt/airflow/dags/pakakumi_scraper.py   2920  0.01s             1           0  0.25s           2026-01-03T20:05:39
================================================================================
[2026-01-03T20:06:39.917+0000] {manager.py:878} INFO - 
================================================================================
DAG File Processing Stats

File Path                                PID  Runtime      # DAGs    # Errors  Last Runtime    Last Run
-------------------------------------  -----  ---------  --------  ----------  --------------  -------------------
/opt/airflow/dags/pakakumi_scraper.py   2925  0.01s             1           0  0.18s           2026-01-03T20:06:09
================================================================================
[2026-01-03T20:07:10.203+0000] {manager.py:878} INFO - 
================================================================================
DAG File Processing Stats

File Path                                PID  Runtime      # DAGs    # Errors  Last Runtime    Last Run
-------------------------------------  -----  ---------  --------  ----------  --------------  -------------------
/opt/airflow/dags/pakakumi_scraper.py   2930  0.01s             1           0  0.20s           2026-01-03T20:06:40
================================================================================
[2026-01-03T20:07:40.537+0000] {manager.py:878} INFO - 
================================================================================
DAG File Processing Stats

File Path                                PID  Runtime      # DAGs    # Errors  Last Runtime    Last Run
-------------------------------------  -----  ---------  --------  ----------  --------------  -------------------
/opt/airflow/dags/pakakumi_scraper.py   2935  0.01s             1           0  0.22s           2026-01-03T20:07:10
================================================================================
[2026-01-03T20:08:10.889+0000] {manager.py:878} INFO - 
================================================================================
DAG File Processing Stats

File Path                                PID  Runtime      # DAGs    # Errors  Last Runtime    Last Run
-------------------------------------  -----  ---------  --------  ----------  --------------  -------------------
/opt/airflow/dags/pakakumi_scraper.py   2940  0.01s             1           0  0.19s           2026-01-03T20:07:40
================================================================================
[2026-01-03T20:08:41.194+0000] {manager.py:878} INFO - 
================================================================================
DAG File Processing Stats

File Path                                PID  Runtime      # DAGs    # Errors  Last Runtime    Last Run
-------------------------------------  -----  ---------  --------  ----------  --------------  -------------------
/opt/airflow/dags/pakakumi_scraper.py   2945  0.01s             1           0  0.19s           2026-01-03T20:08:11
================================================================================
[2026-01-03T20:09:11.520+0000] {manager.py:878} INFO - 
================================================================================
DAG File Processing Stats

File Path                                PID  Runtime      # DAGs    # Errors  Last Runtime    Last Run
-------------------------------------  -----  ---------  --------  ----------  --------------  -------------------
/opt/airflow/dags/pakakumi_scraper.py   2950  0.01s             1           0  0.19s           2026-01-03T20:08:41
================================================================================
[2026-01-03T20:09:24.663+0000] {manager.py:737} INFO - Searching for files in /opt/airflow/dags
[2026-01-03T20:09:24.697+0000] {manager.py:740} INFO - There are 1 files in /opt/airflow/dags
[2026-01-03T20:09:41.863+0000] {manager.py:878} INFO - 
================================================================================
DAG File Processing Stats

File Path                                PID  Runtime      # DAGs    # Errors  Last Runtime    Last Run
-------------------------------------  -----  ---------  --------  ----------  --------------  -------------------
/opt/airflow/dags/pakakumi_scraper.py   2955  0.01s             1           0  0.18s           2026-01-03T20:09:11
================================================================================
[2026-01-03T20:10:12.135+0000] {manager.py:878} INFO - 
================================================================================
DAG File Processing Stats

File Path                                PID  Runtime      # DAGs    # Errors  Last Runtime    Last Run
-------------------------------------  -----  ---------  --------  ----------  --------------  -------------------
/opt/airflow/dags/pakakumi_scraper.py   2960  0.01s             1           0  0.20s           2026-01-03T20:09:42
================================================================================
[2026-01-03T20:10:42.520+0000] {manager.py:878} INFO - 
================================================================================
DAG File Processing Stats

File Path                                PID  Runtime      # DAGs    # Errors  Last Runtime    Last Run
-------------------------------------  -----  ---------  --------  ----------  --------------  -------------------
/opt/airflow/dags/pakakumi_scraper.py   2965  0.01s             1           0  0.19s           2026-01-03T20:10:12
================================================================================
[2026-01-03T20:11:12.773+0000] {manager.py:878} INFO - 
================================================================================
DAG File Processing Stats

File Path                                PID  Runtime      # DAGs    # Errors  Last Runtime    Last Run
-------------------------------------  -----  ---------  --------  ----------  --------------  -------------------
/opt/airflow/dags/pakakumi_scraper.py   2970  0.02s             1           0  0.19s           2026-01-03T20:10:42
================================================================================
[2026-01-03T20:11:43.137+0000] {manager.py:878} INFO - 
================================================================================
DAG File Processing Stats

File Path                                PID  Runtime      # DAGs    # Errors  Last Runtime    Last Run
-------------------------------------  -----  ---------  --------  ----------  --------------  -------------------
/opt/airflow/dags/pakakumi_scraper.py   2975  0.01s             1           0  0.20s           2026-01-03T20:11:12
================================================================================
[2026-01-03T20:12:13.365+0000] {manager.py:878} INFO - 
================================================================================
DAG File Processing Stats

File Path                                PID  Runtime      # DAGs    # Errors  Last Runtime    Last Run
-------------------------------------  -----  ---------  --------  ----------  --------------  -------------------
/opt/airflow/dags/pakakumi_scraper.py   2980  0.01s             1           0  0.18s           2026-01-03T20:11:43
================================================================================
[2026-01-03T20:12:43.701+0000] {manager.py:878} INFO - 
================================================================================
DAG File Processing Stats

File Path                                PID  Runtime      # DAGs    # Errors  Last Runtime    Last Run
-------------------------------------  -----  ---------  --------  ----------  --------------  -------------------
/opt/airflow/dags/pakakumi_scraper.py   2985  0.01s             1           0  0.18s           2026-01-03T20:12:13
================================================================================
[2026-01-07T19:56:37.294+0000] {manager.py:470} INFO - Processing files using up to 2 processes at a time 
[2026-01-07T19:56:37.295+0000] {manager.py:471} INFO - Process each file at most once every 30 seconds
[2026-01-07T19:56:37.296+0000] {manager.py:472} INFO - Checking for new files in /opt/airflow/dags every 300 seconds
[2026-01-07T19:56:37.319+0000] {manager.py:737} INFO - Searching for files in /opt/airflow/dags
[2026-01-07T19:56:37.360+0000] {manager.py:740} INFO - There are 1 files in /opt/airflow/dags
[2026-01-07T19:56:37.544+0000] {manager.py:878} INFO - 
================================================================================
DAG File Processing Stats

File Path                                PID  Runtime      # DAGs    # Errors  Last Runtime    Last Run
-------------------------------------  -----  ---------  --------  ----------  --------------  ----------
/opt/airflow/dags/pakakumi_scraper.py    163  0.10s             0           0
================================================================================
[2026-01-07T19:57:07.731+0000] {manager.py:878} INFO - 
================================================================================
DAG File Processing Stats

File Path                              PID    Runtime      # DAGs    # Errors  Last Runtime    Last Run
-------------------------------------  -----  ---------  --------  ----------  --------------  -------------------
/opt/airflow/dags/pakakumi_scraper.py                           1           0  0.71s           2026-01-07T19:56:38
================================================================================
[2026-01-07T19:57:38.578+0000] {manager.py:878} INFO - 
================================================================================
DAG File Processing Stats

File Path                                PID  Runtime      # DAGs    # Errors  Last Runtime    Last Run
-------------------------------------  -----  ---------  --------  ----------  --------------  -------------------
/opt/airflow/dags/pakakumi_scraper.py    180  0.01s             1           0  0.19s           2026-01-07T19:57:08
================================================================================
[2026-01-07T19:58:08.948+0000] {manager.py:878} INFO - 
================================================================================
DAG File Processing Stats

File Path                                PID  Runtime      # DAGs    # Errors  Last Runtime    Last Run
-------------------------------------  -----  ---------  --------  ----------  --------------  -------------------
/opt/airflow/dags/pakakumi_scraper.py    185  0.01s             1           0  0.22s           2026-01-07T19:57:38
================================================================================
[2026-01-07T19:58:39.225+0000] {manager.py:878} INFO - 
================================================================================
DAG File Processing Stats

File Path                                PID  Runtime      # DAGs    # Errors  Last Runtime    Last Run
-------------------------------------  -----  ---------  --------  ----------  --------------  -------------------
/opt/airflow/dags/pakakumi_scraper.py    190  0.01s             1           0  0.19s           2026-01-07T19:58:09
================================================================================
[2026-01-07T19:59:09.572+0000] {manager.py:878} INFO - 
================================================================================
DAG File Processing Stats

File Path                                PID  Runtime      # DAGs    # Errors  Last Runtime    Last Run
-------------------------------------  -----  ---------  --------  ----------  --------------  -------------------
/opt/airflow/dags/pakakumi_scraper.py    195  0.01s             1           0  0.20s           2026-01-07T19:58:39
================================================================================
[2026-01-07T19:59:39.870+0000] {manager.py:878} INFO - 
================================================================================
DAG File Processing Stats

File Path                                PID  Runtime      # DAGs    # Errors  Last Runtime    Last Run
-------------------------------------  -----  ---------  --------  ----------  --------------  -------------------
/opt/airflow/dags/pakakumi_scraper.py    200  0.01s             1           0  0.23s           2026-01-07T19:59:09
================================================================================
[2026-01-07T20:00:10.218+0000] {manager.py:878} INFO - 
================================================================================
DAG File Processing Stats

File Path                                PID  Runtime      # DAGs    # Errors  Last Runtime    Last Run
-------------------------------------  -----  ---------  --------  ----------  --------------  -------------------
/opt/airflow/dags/pakakumi_scraper.py    208  0.01s             1           0  0.21s           2026-01-07T19:59:40
================================================================================
[2026-01-07T20:00:40.571+0000] {manager.py:878} INFO - 
================================================================================
DAG File Processing Stats

File Path                                PID  Runtime      # DAGs    # Errors  Last Runtime    Last Run
-------------------------------------  -----  ---------  --------  ----------  --------------  -------------------
/opt/airflow/dags/pakakumi_scraper.py    213  0.01s             1           0  0.17s           2026-01-07T20:00:10
================================================================================
[2026-01-07T20:01:10.787+0000] {manager.py:878} INFO - 
================================================================================
DAG File Processing Stats

File Path                                PID  Runtime      # DAGs    # Errors  Last Runtime    Last Run
-------------------------------------  -----  ---------  --------  ----------  --------------  -------------------
/opt/airflow/dags/pakakumi_scraper.py    218  0.01s             1           0  0.18s           2026-01-07T20:00:40
================================================================================
[2026-01-07T20:01:38.073+0000] {manager.py:737} INFO - Searching for files in /opt/airflow/dags
[2026-01-07T20:01:38.093+0000] {manager.py:740} INFO - There are 1 files in /opt/airflow/dags
[2026-01-07T20:01:41.142+0000] {manager.py:878} INFO - 
================================================================================
DAG File Processing Stats

File Path                                PID  Runtime      # DAGs    # Errors  Last Runtime    Last Run
-------------------------------------  -----  ---------  --------  ----------  --------------  -------------------
/opt/airflow/dags/pakakumi_scraper.py    223  0.01s             1           0  0.20s           2026-01-07T20:01:10
================================================================================
[2026-01-07T20:02:11.372+0000] {manager.py:878} INFO - 
================================================================================
DAG File Processing Stats

File Path                                PID  Runtime      # DAGs    # Errors  Last Runtime    Last Run
-------------------------------------  -----  ---------  --------  ----------  --------------  -------------------
/opt/airflow/dags/pakakumi_scraper.py    228  0.01s             1           0  0.18s           2026-01-07T20:01:41
================================================================================
[2026-01-07T20:02:41.708+0000] {manager.py:878} INFO - 
================================================================================
DAG File Processing Stats

File Path                                PID  Runtime      # DAGs    # Errors  Last Runtime    Last Run
-------------------------------------  -----  ---------  --------  ----------  --------------  -------------------
/opt/airflow/dags/pakakumi_scraper.py    233  0.01s             1           0  0.20s           2026-01-07T20:02:11
================================================================================
[2026-01-07T20:03:11.972+0000] {manager.py:878} INFO - 
================================================================================
DAG File Processing Stats

File Path                                PID  Runtime      # DAGs    # Errors  Last Runtime    Last Run
-------------------------------------  -----  ---------  --------  ----------  --------------  -------------------
/opt/airflow/dags/pakakumi_scraper.py    238  0.01s             1           0  0.21s           2026-01-07T20:02:41
================================================================================
[2026-01-07T20:03:42.342+0000] {manager.py:878} INFO - 
================================================================================
DAG File Processing Stats

File Path                                PID  Runtime      # DAGs    # Errors  Last Runtime    Last Run
-------------------------------------  -----  ---------  --------  ----------  --------------  -------------------
/opt/airflow/dags/pakakumi_scraper.py    243  0.01s             1           0  0.19s           2026-01-07T20:03:12
================================================================================
[2026-01-07T20:04:12.569+0000] {manager.py:878} INFO - 
================================================================================
DAG File Processing Stats

File Path                                PID  Runtime      # DAGs    # Errors  Last Runtime    Last Run
-------------------------------------  -----  ---------  --------  ----------  --------------  -------------------
/opt/airflow/dags/pakakumi_scraper.py    248  0.01s             1           0  0.18s           2026-01-07T20:03:42
================================================================================
[2026-01-07T20:04:42.951+0000] {manager.py:878} INFO - 
================================================================================
DAG File Processing Stats

File Path                                PID  Runtime      # DAGs    # Errors  Last Runtime    Last Run
-------------------------------------  -----  ---------  --------  ----------  --------------  -------------------
/opt/airflow/dags/pakakumi_scraper.py    253  0.01s             1           0  0.18s           2026-01-07T20:04:12
================================================================================
[2026-01-07T20:05:13.235+0000] {manager.py:878} INFO - 
================================================================================
DAG File Processing Stats

File Path                                PID  Runtime      # DAGs    # Errors  Last Runtime    Last Run
-------------------------------------  -----  ---------  --------  ----------  --------------  -------------------
/opt/airflow/dags/pakakumi_scraper.py    258  0.01s             1           0  0.23s           2026-01-07T20:04:43
================================================================================
[2026-01-07T20:05:43.667+0000] {manager.py:878} INFO - 
================================================================================
DAG File Processing Stats

File Path                                PID  Runtime      # DAGs    # Errors  Last Runtime    Last Run
-------------------------------------  -----  ---------  --------  ----------  --------------  -------------------
/opt/airflow/dags/pakakumi_scraper.py    263  0.01s             1           0  0.19s           2026-01-07T20:05:13
================================================================================
[2026-01-07T20:06:13.881+0000] {manager.py:878} INFO - 
================================================================================
DAG File Processing Stats

File Path                                PID  Runtime      # DAGs    # Errors  Last Runtime    Last Run
-------------------------------------  -----  ---------  --------  ----------  --------------  -------------------
/opt/airflow/dags/pakakumi_scraper.py    268  0.01s             1           0  0.17s           2026-01-07T20:05:43
================================================================================
[2026-01-07T20:06:38.173+0000] {manager.py:737} INFO - Searching for files in /opt/airflow/dags
[2026-01-07T20:06:38.206+0000] {manager.py:740} INFO - There are 1 files in /opt/airflow/dags
[2026-01-07T20:06:44.380+0000] {manager.py:878} INFO - 
================================================================================
DAG File Processing Stats

File Path                                PID  Runtime      # DAGs    # Errors  Last Runtime    Last Run
-------------------------------------  -----  ---------  --------  ----------  --------------  -------------------
/opt/airflow/dags/pakakumi_scraper.py    273  0.01s             1           0  0.18s           2026-01-07T20:06:14
================================================================================
[2026-01-07T20:07:14.615+0000] {manager.py:878} INFO - 
================================================================================
DAG File Processing Stats

File Path                                PID  Runtime      # DAGs    # Errors  Last Runtime    Last Run
-------------------------------------  -----  ---------  --------  ----------  --------------  -------------------
/opt/airflow/dags/pakakumi_scraper.py    278  0.01s             1           0  0.18s           2026-01-07T20:06:44
================================================================================
[2026-01-07T20:07:44.966+0000] {manager.py:878} INFO - 
================================================================================
DAG File Processing Stats

File Path                                PID  Runtime      # DAGs    # Errors  Last Runtime    Last Run
-------------------------------------  -----  ---------  --------  ----------  --------------  -------------------
/opt/airflow/dags/pakakumi_scraper.py    283  0.01s             1           0  0.22s           2026-01-07T20:07:14
================================================================================
[2026-01-07T20:08:15.192+0000] {manager.py:878} INFO - 
================================================================================
DAG File Processing Stats

File Path                                PID  Runtime      # DAGs    # Errors  Last Runtime    Last Run
-------------------------------------  -----  ---------  --------  ----------  --------------  -------------------
/opt/airflow/dags/pakakumi_scraper.py    288  0.01s             1           0  0.21s           2026-01-07T20:07:45
================================================================================
[2026-01-07T20:08:45.587+0000] {manager.py:878} INFO - 
================================================================================
DAG File Processing Stats

File Path                                PID  Runtime      # DAGs    # Errors  Last Runtime    Last Run
-------------------------------------  -----  ---------  --------  ----------  --------------  -------------------
/opt/airflow/dags/pakakumi_scraper.py    293  0.01s             1           0  0.21s           2026-01-07T20:08:15
================================================================================
[2026-01-07T20:09:15.808+0000] {manager.py:878} INFO - 
================================================================================
DAG File Processing Stats

File Path                              PID    Runtime      # DAGs    # Errors  Last Runtime    Last Run
-------------------------------------  -----  ---------  --------  ----------  --------------  -------------------
/opt/airflow/dags/pakakumi_scraper.py                           1           0  0.25s           2026-01-07T20:08:45
================================================================================
[2026-01-07T20:09:46.238+0000] {manager.py:878} INFO - 
================================================================================
DAG File Processing Stats

File Path                                PID  Runtime      # DAGs    # Errors  Last Runtime    Last Run
-------------------------------------  -----  ---------  --------  ----------  --------------  -------------------
/opt/airflow/dags/pakakumi_scraper.py    303  0.01s             1           0  0.20s           2026-01-07T20:09:16
================================================================================
[2026-01-07T20:10:16.611+0000] {manager.py:878} INFO - 
================================================================================
DAG File Processing Stats

File Path                                PID  Runtime      # DAGs    # Errors  Last Runtime    Last Run
-------------------------------------  -----  ---------  --------  ----------  --------------  -------------------
/opt/airflow/dags/pakakumi_scraper.py    308  0.01s             1           0  0.18s           2026-01-07T20:09:46
================================================================================
[2026-01-07T20:10:46.847+0000] {manager.py:878} INFO - 
================================================================================
DAG File Processing Stats

File Path                                PID  Runtime      # DAGs    # Errors  Last Runtime    Last Run
-------------------------------------  -----  ---------  --------  ----------  --------------  -------------------
/opt/airflow/dags/pakakumi_scraper.py    313  0.01s             1           0  0.19s           2026-01-07T20:10:16
================================================================================
[2026-01-07T20:11:17.215+0000] {manager.py:878} INFO - 
================================================================================
DAG File Processing Stats

File Path                                PID  Runtime      # DAGs    # Errors  Last Runtime    Last Run
-------------------------------------  -----  ---------  --------  ----------  --------------  -------------------
/opt/airflow/dags/pakakumi_scraper.py    318  0.01s             1           0  0.18s           2026-01-07T20:10:47
================================================================================
[2026-01-07T20:11:38.362+0000] {manager.py:737} INFO - Searching for files in /opt/airflow/dags
[2026-01-07T20:11:38.397+0000] {manager.py:740} INFO - There are 1 files in /opt/airflow/dags
[2026-01-07T20:11:47.504+0000] {manager.py:878} INFO - 
================================================================================
DAG File Processing Stats

File Path                                PID  Runtime      # DAGs    # Errors  Last Runtime    Last Run
-------------------------------------  -----  ---------  --------  ----------  --------------  -------------------
/opt/airflow/dags/pakakumi_scraper.py    323  0.01s             1           0  0.18s           2026-01-07T20:11:17
================================================================================
[2026-01-07T20:12:17.789+0000] {manager.py:878} INFO - 
================================================================================
DAG File Processing Stats

File Path                                PID  Runtime      # DAGs    # Errors  Last Runtime    Last Run
-------------------------------------  -----  ---------  --------  ----------  --------------  -------------------
/opt/airflow/dags/pakakumi_scraper.py    328  0.01s             1           0  0.21s           2026-01-07T20:11:47
================================================================================
[2026-01-07T20:12:48.108+0000] {manager.py:878} INFO - 
================================================================================
DAG File Processing Stats

File Path                                PID  Runtime      # DAGs    # Errors  Last Runtime    Last Run
-------------------------------------  -----  ---------  --------  ----------  --------------  -------------------
/opt/airflow/dags/pakakumi_scraper.py    333  0.01s             1           0  0.18s           2026-01-07T20:12:17
================================================================================
[2026-01-07T20:13:18.374+0000] {manager.py:878} INFO - 
================================================================================
DAG File Processing Stats

File Path                                PID  Runtime      # DAGs    # Errors  Last Runtime    Last Run
-------------------------------------  -----  ---------  --------  ----------  --------------  -------------------
/opt/airflow/dags/pakakumi_scraper.py    338  0.02s             1           0  0.18s           2026-01-07T20:12:48
================================================================================
[2026-01-07T20:13:48.719+0000] {manager.py:878} INFO - 
================================================================================
DAG File Processing Stats

File Path                                PID  Runtime      # DAGs    # Errors  Last Runtime    Last Run
-------------------------------------  -----  ---------  --------  ----------  --------------  -------------------
/opt/airflow/dags/pakakumi_scraper.py    343  0.01s             1           0  0.23s           2026-01-07T20:13:18
================================================================================
[2026-01-07T20:14:18.999+0000] {manager.py:878} INFO - 
================================================================================
DAG File Processing Stats

File Path                                PID  Runtime      # DAGs    # Errors  Last Runtime    Last Run
-------------------------------------  -----  ---------  --------  ----------  --------------  -------------------
/opt/airflow/dags/pakakumi_scraper.py    348  0.01s             1           0  0.21s           2026-01-07T20:13:48
================================================================================
[2026-01-07T20:14:49.342+0000] {manager.py:878} INFO - 
================================================================================
DAG File Processing Stats

File Path                                PID  Runtime      # DAGs    # Errors  Last Runtime    Last Run
-------------------------------------  -----  ---------  --------  ----------  --------------  -------------------
/opt/airflow/dags/pakakumi_scraper.py    353  0.01s             1           0  0.20s           2026-01-07T20:14:19
================================================================================
[2026-01-07T20:15:19.600+0000] {manager.py:878} INFO - 
================================================================================
DAG File Processing Stats

File Path                                PID  Runtime      # DAGs    # Errors  Last Runtime    Last Run
-------------------------------------  -----  ---------  --------  ----------  --------------  -------------------
/opt/airflow/dags/pakakumi_scraper.py    358  0.01s             1           0  0.20s           2026-01-07T20:14:49
================================================================================
[2026-01-07T20:15:49.953+0000] {manager.py:878} INFO - 
================================================================================
DAG File Processing Stats

File Path                                PID  Runtime      # DAGs    # Errors  Last Runtime    Last Run
-------------------------------------  -----  ---------  --------  ----------  --------------  -------------------
/opt/airflow/dags/pakakumi_scraper.py    363  0.01s             1           0  0.20s           2026-01-07T20:15:19
================================================================================
[2026-01-07T20:16:20.243+0000] {manager.py:878} INFO - 
================================================================================
DAG File Processing Stats

File Path                                PID  Runtime      # DAGs    # Errors  Last Runtime    Last Run
-------------------------------------  -----  ---------  --------  ----------  --------------  -------------------
/opt/airflow/dags/pakakumi_scraper.py    368  0.01s             1           0  0.24s           2026-01-07T20:15:50
================================================================================
[2026-01-07T20:16:38.493+0000] {manager.py:737} INFO - Searching for files in /opt/airflow/dags
[2026-01-07T20:16:38.515+0000] {manager.py:740} INFO - There are 1 files in /opt/airflow/dags
[2026-01-07T20:16:50.652+0000] {manager.py:878} INFO - 
================================================================================
DAG File Processing Stats

File Path                                PID  Runtime      # DAGs    # Errors  Last Runtime    Last Run
-------------------------------------  -----  ---------  --------  ----------  --------------  -------------------
/opt/airflow/dags/pakakumi_scraper.py    373  0.01s             1           0  0.19s           2026-01-07T20:16:20
================================================================================
[2026-01-07T20:17:20.915+0000] {manager.py:878} INFO - 
================================================================================
DAG File Processing Stats

File Path                                PID  Runtime      # DAGs    # Errors  Last Runtime    Last Run
-------------------------------------  -----  ---------  --------  ----------  --------------  -------------------
/opt/airflow/dags/pakakumi_scraper.py    378  0.01s             1           0  0.22s           2026-01-07T20:16:50
================================================================================
[2026-01-07T20:17:51.300+0000] {manager.py:878} INFO - 
================================================================================
DAG File Processing Stats

File Path                                PID  Runtime      # DAGs    # Errors  Last Runtime    Last Run
-------------------------------------  -----  ---------  --------  ----------  --------------  -------------------
/opt/airflow/dags/pakakumi_scraper.py    383  0.01s             1           0  0.20s           2026-01-07T20:17:21
================================================================================
[2026-01-07T20:18:21.583+0000] {manager.py:878} INFO - 
================================================================================
DAG File Processing Stats

File Path                                PID  Runtime      # DAGs    # Errors  Last Runtime    Last Run
-------------------------------------  -----  ---------  --------  ----------  --------------  -------------------
/opt/airflow/dags/pakakumi_scraper.py    388  0.02s             1           0  0.19s           2026-01-07T20:17:51
================================================================================
[2026-01-07T20:18:51.940+0000] {manager.py:878} INFO - 
================================================================================
DAG File Processing Stats

File Path                                PID  Runtime      # DAGs    # Errors  Last Runtime    Last Run
-------------------------------------  -----  ---------  --------  ----------  --------------  -------------------
/opt/airflow/dags/pakakumi_scraper.py    393  0.01s             1           0  0.20s           2026-01-07T20:18:21
================================================================================
[2026-01-07T20:19:22.204+0000] {manager.py:878} INFO - 
================================================================================
DAG File Processing Stats

File Path                                PID  Runtime      # DAGs    # Errors  Last Runtime    Last Run
-------------------------------------  -----  ---------  --------  ----------  --------------  -------------------
/opt/airflow/dags/pakakumi_scraper.py    398  0.01s             1           0  0.20s           2026-01-07T20:18:52
================================================================================
[2026-01-07T20:19:52.553+0000] {manager.py:878} INFO - 
================================================================================
DAG File Processing Stats

File Path                                PID  Runtime      # DAGs    # Errors  Last Runtime    Last Run
-------------------------------------  -----  ---------  --------  ----------  --------------  -------------------
/opt/airflow/dags/pakakumi_scraper.py    403  0.01s             1           0  0.21s           2026-01-07T20:19:22
================================================================================
[2026-01-07T20:20:22.784+0000] {manager.py:878} INFO - 
================================================================================
DAG File Processing Stats

File Path                                PID  Runtime      # DAGs    # Errors  Last Runtime    Last Run
-------------------------------------  -----  ---------  --------  ----------  --------------  -------------------
/opt/airflow/dags/pakakumi_scraper.py    408  0.01s             1           0  0.19s           2026-01-07T20:19:52
================================================================================
[2026-01-07T20:20:53.126+0000] {manager.py:878} INFO - 
================================================================================
DAG File Processing Stats

File Path                                PID  Runtime      # DAGs    # Errors  Last Runtime    Last Run
-------------------------------------  -----  ---------  --------  ----------  --------------  -------------------
/opt/airflow/dags/pakakumi_scraper.py    413  0.01s             1           0  0.23s           2026-01-07T20:20:23
================================================================================
[2026-01-07T20:21:23.378+0000] {manager.py:878} INFO - 
================================================================================
DAG File Processing Stats

File Path                              PID    Runtime      # DAGs    # Errors  Last Runtime    Last Run
-------------------------------------  -----  ---------  --------  ----------  --------------  -------------------
/opt/airflow/dags/pakakumi_scraper.py                           1           0  0.26s           2026-01-07T20:20:53
================================================================================
[2026-01-07T20:21:38.682+0000] {manager.py:737} INFO - Searching for files in /opt/airflow/dags
[2026-01-07T20:21:38.712+0000] {manager.py:740} INFO - There are 1 files in /opt/airflow/dags
[2026-01-07T20:21:53.841+0000] {manager.py:878} INFO - 
================================================================================
DAG File Processing Stats

File Path                                PID  Runtime      # DAGs    # Errors  Last Runtime    Last Run
-------------------------------------  -----  ---------  --------  ----------  --------------  -------------------
/opt/airflow/dags/pakakumi_scraper.py    423  0.01s             1           0  0.21s           2026-01-07T20:21:23
================================================================================
[2026-01-07T20:22:24.182+0000] {manager.py:878} INFO - 
================================================================================
DAG File Processing Stats

File Path                                PID  Runtime      # DAGs    # Errors  Last Runtime    Last Run
-------------------------------------  -----  ---------  --------  ----------  --------------  -------------------
/opt/airflow/dags/pakakumi_scraper.py    428  0.01s             1           0  0.20s           2026-01-07T20:21:54
================================================================================
[2026-01-07T20:22:54.415+0000] {manager.py:878} INFO - 
================================================================================
DAG File Processing Stats

File Path                                PID  Runtime      # DAGs    # Errors  Last Runtime    Last Run
-------------------------------------  -----  ---------  --------  ----------  --------------  -------------------
/opt/airflow/dags/pakakumi_scraper.py    433  0.01s             1           0  0.21s           2026-01-07T20:22:24
================================================================================
[2026-01-07T20:23:24.773+0000] {manager.py:878} INFO - 
================================================================================
DAG File Processing Stats

File Path                                PID  Runtime      # DAGs    # Errors  Last Runtime    Last Run
-------------------------------------  -----  ---------  --------  ----------  --------------  -------------------
/opt/airflow/dags/pakakumi_scraper.py    438  0.01s             1           0  0.25s           2026-01-07T20:22:54
================================================================================
[2026-01-07T20:23:55.032+0000] {manager.py:878} INFO - 
================================================================================
DAG File Processing Stats

File Path                                PID  Runtime      # DAGs    # Errors  Last Runtime    Last Run
-------------------------------------  -----  ---------  --------  ----------  --------------  -------------------
/opt/airflow/dags/pakakumi_scraper.py    443  0.01s             1           0  0.21s           2026-01-07T20:23:24
================================================================================
[2026-01-07T20:24:25.354+0000] {manager.py:878} INFO - 
================================================================================
DAG File Processing Stats

File Path                                PID  Runtime      # DAGs    # Errors  Last Runtime    Last Run
-------------------------------------  -----  ---------  --------  ----------  --------------  -------------------
/opt/airflow/dags/pakakumi_scraper.py    448  0.01s             1           0  0.22s           2026-01-07T20:23:55
================================================================================
[2026-01-07T20:24:55.646+0000] {manager.py:878} INFO - 
================================================================================
DAG File Processing Stats

File Path                                PID  Runtime      # DAGs    # Errors  Last Runtime    Last Run
-------------------------------------  -----  ---------  --------  ----------  --------------  -------------------
/opt/airflow/dags/pakakumi_scraper.py    453  0.01s             1           0  0.22s           2026-01-07T20:24:25
================================================================================
[2026-01-07T20:25:25.958+0000] {manager.py:878} INFO - 
================================================================================
DAG File Processing Stats

File Path                                PID  Runtime      # DAGs    # Errors  Last Runtime    Last Run
-------------------------------------  -----  ---------  --------  ----------  --------------  -------------------
/opt/airflow/dags/pakakumi_scraper.py    458  0.01s             1           0  0.24s           2026-01-07T20:24:55
================================================================================
[2026-01-07T20:25:56.291+0000] {manager.py:878} INFO - 
================================================================================
DAG File Processing Stats

File Path                                PID  Runtime      # DAGs    # Errors  Last Runtime    Last Run
-------------------------------------  -----  ---------  --------  ----------  --------------  -------------------
/opt/airflow/dags/pakakumi_scraper.py    463  0.01s             1           0  0.22s           2026-01-07T20:25:26
================================================================================
[2026-01-07T20:26:26.578+0000] {manager.py:878} INFO - 
================================================================================
DAG File Processing Stats

File Path                                PID  Runtime      # DAGs    # Errors  Last Runtime    Last Run
-------------------------------------  -----  ---------  --------  ----------  --------------  -------------------
/opt/airflow/dags/pakakumi_scraper.py    468  0.01s             1           0  0.24s           2026-01-07T20:25:56
================================================================================
[2026-01-07T20:26:38.803+0000] {manager.py:737} INFO - Searching for files in /opt/airflow/dags
[2026-01-07T20:26:38.823+0000] {manager.py:740} INFO - There are 1 files in /opt/airflow/dags
[2026-01-07T20:26:56.968+0000] {manager.py:878} INFO - 
================================================================================
DAG File Processing Stats

File Path                                PID  Runtime      # DAGs    # Errors  Last Runtime    Last Run
-------------------------------------  -----  ---------  --------  ----------  --------------  -------------------
/opt/airflow/dags/pakakumi_scraper.py    473  0.01s             1           0  0.23s           2026-01-07T20:26:26
================================================================================
[2026-01-07T20:27:27.292+0000] {manager.py:878} INFO - 
================================================================================
DAG File Processing Stats

File Path                                PID  Runtime      # DAGs    # Errors  Last Runtime    Last Run
-------------------------------------  -----  ---------  --------  ----------  --------------  -------------------
/opt/airflow/dags/pakakumi_scraper.py    478  0.01s             1           0  0.21s           2026-01-07T20:26:57
================================================================================
[2026-01-07T20:27:57.718+0000] {manager.py:878} INFO - 
================================================================================
DAG File Processing Stats

File Path                                PID  Runtime      # DAGs    # Errors  Last Runtime    Last Run
-------------------------------------  -----  ---------  --------  ----------  --------------  -------------------
/opt/airflow/dags/pakakumi_scraper.py    483  0.01s             1           0  0.27s           2026-01-07T20:27:27
================================================================================
[2026-01-07T20:28:28.083+0000] {manager.py:878} INFO - 
================================================================================
DAG File Processing Stats

File Path                                PID  Runtime      # DAGs    # Errors  Last Runtime    Last Run
-------------------------------------  -----  ---------  --------  ----------  --------------  -------------------
/opt/airflow/dags/pakakumi_scraper.py    488  0.01s             1           0  0.24s           2026-01-07T20:27:57
================================================================================
[2026-01-07T20:28:58.332+0000] {manager.py:878} INFO - 
================================================================================
DAG File Processing Stats

File Path                              PID    Runtime      # DAGs    # Errors  Last Runtime    Last Run
-------------------------------------  -----  ---------  --------  ----------  --------------  -------------------
/opt/airflow/dags/pakakumi_scraper.py                           1           0  0.25s           2026-01-07T20:28:28
================================================================================
[2026-01-07T20:29:28.743+0000] {manager.py:878} INFO - 
================================================================================
DAG File Processing Stats

File Path                              PID    Runtime      # DAGs    # Errors  Last Runtime    Last Run
-------------------------------------  -----  ---------  --------  ----------  --------------  -------------------
/opt/airflow/dags/pakakumi_scraper.py                           1           0  0.23s           2026-01-07T20:28:58
================================================================================
[2026-01-07T20:29:59.148+0000] {manager.py:878} INFO - 
================================================================================
DAG File Processing Stats

File Path                              PID    Runtime      # DAGs    # Errors  Last Runtime    Last Run
-------------------------------------  -----  ---------  --------  ----------  --------------  -------------------
/opt/airflow/dags/pakakumi_scraper.py                           1           0  0.23s           2026-01-07T20:29:29
================================================================================
[2026-01-07T20:30:29.576+0000] {manager.py:878} INFO - 
================================================================================
DAG File Processing Stats

File Path                              PID    Runtime      # DAGs    # Errors  Last Runtime    Last Run
-------------------------------------  -----  ---------  --------  ----------  --------------  -------------------
/opt/airflow/dags/pakakumi_scraper.py                           1           0  0.22s           2026-01-07T20:29:59
================================================================================
[2026-01-07T20:31:00.007+0000] {manager.py:878} INFO - 
================================================================================
DAG File Processing Stats

File Path                              PID    Runtime      # DAGs    # Errors  Last Runtime    Last Run
-------------------------------------  -----  ---------  --------  ----------  --------------  -------------------
/opt/airflow/dags/pakakumi_scraper.py                           1           0  0.20s           2026-01-07T20:30:30
================================================================================
[2026-01-07T20:31:30.411+0000] {manager.py:878} INFO - 
================================================================================
DAG File Processing Stats

File Path                              PID    Runtime      # DAGs    # Errors  Last Runtime    Last Run
-------------------------------------  -----  ---------  --------  ----------  --------------  -------------------
/opt/airflow/dags/pakakumi_scraper.py                           1           0  0.23s           2026-01-07T20:31:00
================================================================================
[2026-01-07T20:31:38.875+0000] {manager.py:737} INFO - Searching for files in /opt/airflow/dags
[2026-01-07T20:31:38.902+0000] {manager.py:740} INFO - There are 1 files in /opt/airflow/dags
[2026-01-07T20:32:00.817+0000] {manager.py:878} INFO - 
================================================================================
DAG File Processing Stats

File Path                              PID    Runtime      # DAGs    # Errors  Last Runtime    Last Run
-------------------------------------  -----  ---------  --------  ----------  --------------  -------------------
/opt/airflow/dags/pakakumi_scraper.py                           1           0  0.22s           2026-01-07T20:31:30
================================================================================
[2026-01-07T20:32:31.271+0000] {manager.py:878} INFO - 
================================================================================
DAG File Processing Stats

File Path                              PID    Runtime      # DAGs    # Errors  Last Runtime    Last Run
-------------------------------------  -----  ---------  --------  ----------  --------------  -------------------
/opt/airflow/dags/pakakumi_scraper.py                           1           0  0.22s           2026-01-07T20:32:01
================================================================================
[2026-01-07T20:33:01.679+0000] {manager.py:878} INFO - 
================================================================================
DAG File Processing Stats

File Path                              PID    Runtime      # DAGs    # Errors  Last Runtime    Last Run
-------------------------------------  -----  ---------  --------  ----------  --------------  -------------------
/opt/airflow/dags/pakakumi_scraper.py                           1           0  0.27s           2026-01-07T20:32:31
================================================================================
[2026-01-07T20:33:32.128+0000] {manager.py:878} INFO - 
================================================================================
DAG File Processing Stats

File Path                              PID    Runtime      # DAGs    # Errors  Last Runtime    Last Run
-------------------------------------  -----  ---------  --------  ----------  --------------  -------------------
/opt/airflow/dags/pakakumi_scraper.py                           1           0  0.25s           2026-01-07T20:33:02
================================================================================
[2026-01-07T20:34:02.657+0000] {manager.py:878} INFO - 
================================================================================
DAG File Processing Stats

File Path                                PID  Runtime      # DAGs    # Errors  Last Runtime    Last Run
-------------------------------------  -----  ---------  --------  ----------  --------------  -------------------
/opt/airflow/dags/pakakumi_scraper.py    543  0.01s             1           0  0.21s           2026-01-07T20:33:32
================================================================================
[2026-01-07T20:34:33.123+0000] {manager.py:878} INFO - 
================================================================================
DAG File Processing Stats

File Path                                PID  Runtime      # DAGs    # Errors  Last Runtime    Last Run
-------------------------------------  -----  ---------  --------  ----------  --------------  -------------------
/opt/airflow/dags/pakakumi_scraper.py    548  0.01s             1           0  0.21s           2026-01-07T20:34:02
================================================================================
[2026-01-07T20:35:03.371+0000] {manager.py:878} INFO - 
================================================================================
DAG File Processing Stats

File Path                              PID    Runtime      # DAGs    # Errors  Last Runtime    Last Run
-------------------------------------  -----  ---------  --------  ----------  --------------  -------------------
/opt/airflow/dags/pakakumi_scraper.py                           1           0  0.26s           2026-01-07T20:34:33
================================================================================
[2026-01-07T20:35:33.772+0000] {manager.py:878} INFO - 
================================================================================
DAG File Processing Stats

File Path                              PID    Runtime      # DAGs    # Errors  Last Runtime    Last Run
-------------------------------------  -----  ---------  --------  ----------  --------------  -------------------
/opt/airflow/dags/pakakumi_scraper.py                           1           0  0.22s           2026-01-07T20:35:03
================================================================================
[2026-01-07T20:36:04.181+0000] {manager.py:878} INFO - 
================================================================================
DAG File Processing Stats

File Path                              PID    Runtime      # DAGs    # Errors  Last Runtime    Last Run
-------------------------------------  -----  ---------  --------  ----------  --------------  -------------------
/opt/airflow/dags/pakakumi_scraper.py                           1           0  0.22s           2026-01-07T20:35:34
================================================================================
[2026-01-07T20:36:34.768+0000] {manager.py:878} INFO - 
================================================================================
DAG File Processing Stats

File Path                                PID  Runtime      # DAGs    # Errors  Last Runtime    Last Run
-------------------------------------  -----  ---------  --------  ----------  --------------  -------------------
/opt/airflow/dags/pakakumi_scraper.py    568  0.01s             1           0  0.22s           2026-01-07T20:36:04
================================================================================
[2026-01-07T20:36:38.922+0000] {manager.py:737} INFO - Searching for files in /opt/airflow/dags
[2026-01-07T20:36:38.948+0000] {manager.py:740} INFO - There are 1 files in /opt/airflow/dags
[2026-01-07T20:37:05.167+0000] {manager.py:878} INFO - 
================================================================================
DAG File Processing Stats

File Path                                PID  Runtime      # DAGs    # Errors  Last Runtime    Last Run
-------------------------------------  -----  ---------  --------  ----------  --------------  -------------------
/opt/airflow/dags/pakakumi_scraper.py    573  0.01s             1           0  0.23s           2026-01-07T20:36:34
================================================================================
[2026-01-07T20:37:35.369+0000] {manager.py:878} INFO - 
================================================================================
DAG File Processing Stats

File Path                              PID    Runtime      # DAGs    # Errors  Last Runtime    Last Run
-------------------------------------  -----  ---------  --------  ----------  --------------  -------------------
/opt/airflow/dags/pakakumi_scraper.py                           1           0  0.29s           2026-01-07T20:37:05
================================================================================
[2026-01-07T20:38:05.883+0000] {manager.py:878} INFO - 
================================================================================
DAG File Processing Stats

File Path                              PID    Runtime      # DAGs    # Errors  Last Runtime    Last Run
-------------------------------------  -----  ---------  --------  ----------  --------------  -------------------
/opt/airflow/dags/pakakumi_scraper.py                           1           0  0.21s           2026-01-07T20:37:35
================================================================================
[2026-01-07T20:38:36.260+0000] {manager.py:878} INFO - 
================================================================================
DAG File Processing Stats

File Path                              PID    Runtime      # DAGs    # Errors  Last Runtime    Last Run
-------------------------------------  -----  ---------  --------  ----------  --------------  -------------------
/opt/airflow/dags/pakakumi_scraper.py                           1           0  0.22s           2026-01-07T20:38:06
================================================================================
[2026-01-07T20:39:06.727+0000] {manager.py:878} INFO - 
================================================================================
DAG File Processing Stats

File Path                                PID  Runtime      # DAGs    # Errors  Last Runtime    Last Run
-------------------------------------  -----  ---------  --------  ----------  --------------  -------------------
/opt/airflow/dags/pakakumi_scraper.py    593  0.01s             1           0  0.21s           2026-01-07T20:38:36
================================================================================
[2026-01-07T20:39:37.184+0000] {manager.py:878} INFO - 
================================================================================
DAG File Processing Stats

File Path                                PID  Runtime      # DAGs    # Errors  Last Runtime    Last Run
-------------------------------------  -----  ---------  --------  ----------  --------------  -------------------
/opt/airflow/dags/pakakumi_scraper.py    598  0.01s             1           0  0.25s           2026-01-07T20:39:06
================================================================================
[2026-01-07T20:40:07.470+0000] {manager.py:878} INFO - 
================================================================================
DAG File Processing Stats

File Path                                PID  Runtime      # DAGs    # Errors  Last Runtime    Last Run
-------------------------------------  -----  ---------  --------  ----------  --------------  -------------------
/opt/airflow/dags/pakakumi_scraper.py    603  0.01s             1           0  0.25s           2026-01-07T20:39:37
================================================================================
[2026-01-07T20:40:37.829+0000] {manager.py:878} INFO - 
================================================================================
DAG File Processing Stats

File Path                                PID  Runtime      # DAGs    # Errors  Last Runtime    Last Run
-------------------------------------  -----  ---------  --------  ----------  --------------  -------------------
/opt/airflow/dags/pakakumi_scraper.py    608  0.01s             1           0  0.24s           2026-01-07T20:40:07
================================================================================
[2026-01-07T20:41:08.080+0000] {manager.py:878} INFO - 
================================================================================
DAG File Processing Stats

File Path                                PID  Runtime      # DAGs    # Errors  Last Runtime    Last Run
-------------------------------------  -----  ---------  --------  ----------  --------------  -------------------
/opt/airflow/dags/pakakumi_scraper.py    613  0.01s             1           0  0.22s           2026-01-07T20:40:38
================================================================================
[2026-01-07T20:41:38.444+0000] {manager.py:878} INFO - 
================================================================================
DAG File Processing Stats

File Path                                PID  Runtime      # DAGs    # Errors  Last Runtime    Last Run
-------------------------------------  -----  ---------  --------  ----------  --------------  -------------------
/opt/airflow/dags/pakakumi_scraper.py    618  0.02s             1           0  0.20s           2026-01-07T20:41:08
================================================================================
[2026-01-07T20:41:39.475+0000] {manager.py:737} INFO - Searching for files in /opt/airflow/dags
[2026-01-07T20:41:39.514+0000] {manager.py:740} INFO - There are 1 files in /opt/airflow/dags
[2026-01-07T20:42:08.821+0000] {manager.py:878} INFO - 
================================================================================
DAG File Processing Stats

File Path                                PID  Runtime      # DAGs    # Errors  Last Runtime    Last Run
-------------------------------------  -----  ---------  --------  ----------  --------------  -------------------
/opt/airflow/dags/pakakumi_scraper.py    623  0.01s             1           0  0.25s           2026-01-07T20:41:38
================================================================================
[2026-01-07T20:42:39.034+0000] {manager.py:878} INFO - 
================================================================================
DAG File Processing Stats

File Path                              PID    Runtime      # DAGs    # Errors  Last Runtime    Last Run
-------------------------------------  -----  ---------  --------  ----------  --------------  -------------------
/opt/airflow/dags/pakakumi_scraper.py                           1           0  0.23s           2026-01-07T20:42:09
================================================================================
[2026-01-07T20:43:09.439+0000] {manager.py:878} INFO - 
================================================================================
DAG File Processing Stats

File Path                              PID    Runtime      # DAGs    # Errors  Last Runtime    Last Run
-------------------------------------  -----  ---------  --------  ----------  --------------  -------------------
/opt/airflow/dags/pakakumi_scraper.py                           1           0  0.24s           2026-01-07T20:42:39
================================================================================
[2026-01-07T20:43:39.883+0000] {manager.py:878} INFO - 
================================================================================
DAG File Processing Stats

File Path                              PID    Runtime      # DAGs    # Errors  Last Runtime    Last Run
-------------------------------------  -----  ---------  --------  ----------  --------------  -------------------
/opt/airflow/dags/pakakumi_scraper.py                           1           0  0.23s           2026-01-07T20:43:09
================================================================================
[2026-01-07T20:44:10.314+0000] {manager.py:878} INFO - 
================================================================================
DAG File Processing Stats

File Path                              PID    Runtime      # DAGs    # Errors  Last Runtime    Last Run
-------------------------------------  -----  ---------  --------  ----------  --------------  -------------------
/opt/airflow/dags/pakakumi_scraper.py                           1           0  0.22s           2026-01-07T20:43:40
================================================================================
[2026-01-07T20:44:40.785+0000] {manager.py:878} INFO - 
================================================================================
DAG File Processing Stats

File Path                              PID    Runtime      # DAGs    # Errors  Last Runtime    Last Run
-------------------------------------  -----  ---------  --------  ----------  --------------  -------------------
/opt/airflow/dags/pakakumi_scraper.py                           1           0  0.22s           2026-01-07T20:44:10
================================================================================
[2026-01-07T20:45:11.207+0000] {manager.py:878} INFO - 
================================================================================
DAG File Processing Stats

File Path                              PID    Runtime      # DAGs    # Errors  Last Runtime    Last Run
-------------------------------------  -----  ---------  --------  ----------  --------------  -------------------
/opt/airflow/dags/pakakumi_scraper.py                           1           0  0.23s           2026-01-07T20:44:41
================================================================================
[2026-01-07T20:45:41.679+0000] {manager.py:878} INFO - 
================================================================================
DAG File Processing Stats

File Path                              PID    Runtime      # DAGs    # Errors  Last Runtime    Last Run
-------------------------------------  -----  ---------  --------  ----------  --------------  -------------------
/opt/airflow/dags/pakakumi_scraper.py                           1           0  0.24s           2026-01-07T20:45:11
================================================================================
[2026-01-07T20:46:12.109+0000] {manager.py:878} INFO - 
================================================================================
DAG File Processing Stats

File Path                              PID    Runtime      # DAGs    # Errors  Last Runtime    Last Run
-------------------------------------  -----  ---------  --------  ----------  --------------  -------------------
/opt/airflow/dags/pakakumi_scraper.py                           1           0  0.22s           2026-01-07T20:45:42
================================================================================
[2026-01-07T20:46:39.534+0000] {manager.py:737} INFO - Searching for files in /opt/airflow/dags
[2026-01-07T20:46:39.586+0000] {manager.py:740} INFO - There are 1 files in /opt/airflow/dags
[2026-01-07T20:46:42.668+0000] {manager.py:878} INFO - 
================================================================================
DAG File Processing Stats

File Path                                PID  Runtime      # DAGs    # Errors  Last Runtime    Last Run
-------------------------------------  -----  ---------  --------  ----------  --------------  -------------------
/opt/airflow/dags/pakakumi_scraper.py    668  0.01s             1           0  0.25s           2026-01-07T20:46:12
================================================================================
[2026-01-07T20:47:13.021+0000] {manager.py:878} INFO - 
================================================================================
DAG File Processing Stats

File Path                                PID  Runtime      # DAGs    # Errors  Last Runtime    Last Run
-------------------------------------  -----  ---------  --------  ----------  --------------  -------------------
/opt/airflow/dags/pakakumi_scraper.py    673  0.01s             1           0  0.22s           2026-01-07T20:46:42
================================================================================
[2026-01-07T20:47:43.299+0000] {manager.py:878} INFO - 
================================================================================
DAG File Processing Stats

File Path                                PID  Runtime      # DAGs    # Errors  Last Runtime    Last Run
-------------------------------------  -----  ---------  --------  ----------  --------------  -------------------
/opt/airflow/dags/pakakumi_scraper.py    678  0.01s             1           0  0.18s           2026-01-07T20:47:13
================================================================================
[2026-01-07T20:48:13.578+0000] {manager.py:878} INFO - 
================================================================================
DAG File Processing Stats

File Path                                PID  Runtime      # DAGs    # Errors  Last Runtime    Last Run
-------------------------------------  -----  ---------  --------  ----------  --------------  -------------------
/opt/airflow/dags/pakakumi_scraper.py    683  0.01s             1           0  0.19s           2026-01-07T20:47:43
================================================================================
[2026-01-07T20:48:43.867+0000] {manager.py:878} INFO - 
================================================================================
DAG File Processing Stats

File Path                                PID  Runtime      # DAGs    # Errors  Last Runtime    Last Run
-------------------------------------  -----  ---------  --------  ----------  --------------  -------------------
/opt/airflow/dags/pakakumi_scraper.py    688  0.01s             1           0  0.21s           2026-01-07T20:48:13
================================================================================
[2026-01-07T20:49:14.161+0000] {manager.py:878} INFO - 
================================================================================
DAG File Processing Stats

File Path                                PID  Runtime      # DAGs    # Errors  Last Runtime    Last Run
-------------------------------------  -----  ---------  --------  ----------  --------------  -------------------
/opt/airflow/dags/pakakumi_scraper.py    693  0.01s             1           0  0.19s           2026-01-07T20:48:44
================================================================================
[2026-01-07T20:49:44.511+0000] {manager.py:878} INFO - 
================================================================================
DAG File Processing Stats

File Path                                PID  Runtime      # DAGs    # Errors  Last Runtime    Last Run
-------------------------------------  -----  ---------  --------  ----------  --------------  -------------------
/opt/airflow/dags/pakakumi_scraper.py    698  0.01s             1           0  0.21s           2026-01-07T20:49:14
================================================================================
[2026-01-07T20:50:14.781+0000] {manager.py:878} INFO - 
================================================================================
DAG File Processing Stats

File Path                                PID  Runtime      # DAGs    # Errors  Last Runtime    Last Run
-------------------------------------  -----  ---------  --------  ----------  --------------  -------------------
/opt/airflow/dags/pakakumi_scraper.py    703  0.01s             1           0  0.20s           2026-01-07T20:49:44
================================================================================
[2026-01-07T20:50:45.153+0000] {manager.py:878} INFO - 
================================================================================
DAG File Processing Stats

File Path                                PID  Runtime      # DAGs    # Errors  Last Runtime    Last Run
-------------------------------------  -----  ---------  --------  ----------  --------------  -------------------
/opt/airflow/dags/pakakumi_scraper.py    708  0.01s             1           0  0.19s           2026-01-07T20:50:14
================================================================================
[2026-01-07T20:51:15.400+0000] {manager.py:878} INFO - 
================================================================================
DAG File Processing Stats

File Path                                PID  Runtime      # DAGs    # Errors  Last Runtime    Last Run
-------------------------------------  -----  ---------  --------  ----------  --------------  -------------------
/opt/airflow/dags/pakakumi_scraper.py    713  0.01s             1           0  0.20s           2026-01-07T20:50:45
================================================================================
[2026-01-07T20:51:39.683+0000] {manager.py:737} INFO - Searching for files in /opt/airflow/dags
[2026-01-07T20:51:39.724+0000] {manager.py:740} INFO - There are 1 files in /opt/airflow/dags
[2026-01-07T20:51:45.809+0000] {manager.py:878} INFO - 
================================================================================
DAG File Processing Stats

File Path                                PID  Runtime      # DAGs    # Errors  Last Runtime    Last Run
-------------------------------------  -----  ---------  --------  ----------  --------------  -------------------
/opt/airflow/dags/pakakumi_scraper.py    718  0.01s             1           0  0.20s           2026-01-07T20:51:15
================================================================================
[2026-01-07T20:52:16.026+0000] {manager.py:878} INFO - 
================================================================================
DAG File Processing Stats

File Path                              PID    Runtime      # DAGs    # Errors  Last Runtime    Last Run
-------------------------------------  -----  ---------  --------  ----------  --------------  -------------------
/opt/airflow/dags/pakakumi_scraper.py                           1           0  0.28s           2026-01-07T20:51:46
================================================================================
[2026-01-07T20:52:46.488+0000] {manager.py:878} INFO - 
================================================================================
DAG File Processing Stats

File Path                                PID  Runtime      # DAGs    # Errors  Last Runtime    Last Run
-------------------------------------  -----  ---------  --------  ----------  --------------  -------------------
/opt/airflow/dags/pakakumi_scraper.py    728  0.01s             1           0  0.20s           2026-01-07T20:52:16
================================================================================
[2026-01-07T20:53:16.872+0000] {manager.py:878} INFO - 
================================================================================
DAG File Processing Stats

File Path                                PID  Runtime      # DAGs    # Errors  Last Runtime    Last Run
-------------------------------------  -----  ---------  --------  ----------  --------------  -------------------
/opt/airflow/dags/pakakumi_scraper.py    733  0.01s             1           0  0.20s           2026-01-07T20:52:46
================================================================================
[2026-01-07T20:53:47.077+0000] {manager.py:878} INFO - 
================================================================================
DAG File Processing Stats

File Path                              PID    Runtime      # DAGs    # Errors  Last Runtime    Last Run
-------------------------------------  -----  ---------  --------  ----------  --------------  -------------------
/opt/airflow/dags/pakakumi_scraper.py                           1           0  0.22s           2026-01-07T20:53:17
================================================================================
[2026-01-07T20:54:17.482+0000] {manager.py:878} INFO - 
================================================================================
DAG File Processing Stats

File Path                                PID  Runtime      # DAGs    # Errors  Last Runtime    Last Run
-------------------------------------  -----  ---------  --------  ----------  --------------  -------------------
/opt/airflow/dags/pakakumi_scraper.py    743  0.01s             1           0  0.20s           2026-01-07T20:53:47
================================================================================
[2026-01-07T20:54:47.847+0000] {manager.py:878} INFO - 
================================================================================
DAG File Processing Stats

File Path                                PID  Runtime      # DAGs    # Errors  Last Runtime    Last Run
-------------------------------------  -----  ---------  --------  ----------  --------------  -------------------
/opt/airflow/dags/pakakumi_scraper.py    748  0.01s             1           0  0.20s           2026-01-07T20:54:17
================================================================================
[2026-01-07T20:55:18.067+0000] {manager.py:878} INFO - 
================================================================================
DAG File Processing Stats

File Path                                PID  Runtime      # DAGs    # Errors  Last Runtime    Last Run
-------------------------------------  -----  ---------  --------  ----------  --------------  -------------------
/opt/airflow/dags/pakakumi_scraper.py    753  0.01s             1           0  0.21s           2026-01-07T20:54:48
================================================================================
[2026-01-07T20:55:48.458+0000] {manager.py:878} INFO - 
================================================================================
DAG File Processing Stats

File Path                                PID  Runtime      # DAGs    # Errors  Last Runtime    Last Run
-------------------------------------  -----  ---------  --------  ----------  --------------  -------------------
/opt/airflow/dags/pakakumi_scraper.py    758  0.01s             1           0  0.21s           2026-01-07T20:55:18
================================================================================
[2026-01-07T20:56:18.709+0000] {manager.py:878} INFO - 
================================================================================
DAG File Processing Stats

File Path                                PID  Runtime      # DAGs    # Errors  Last Runtime    Last Run
-------------------------------------  -----  ---------  --------  ----------  --------------  -------------------
/opt/airflow/dags/pakakumi_scraper.py    763  0.01s             1           0  0.20s           2026-01-07T20:55:48
================================================================================
[2026-01-07T20:56:40.011+0000] {manager.py:737} INFO - Searching for files in /opt/airflow/dags
[2026-01-07T20:56:40.060+0000] {manager.py:740} INFO - There are 1 files in /opt/airflow/dags
[2026-01-07T20:56:49.161+0000] {manager.py:878} INFO - 
================================================================================
DAG File Processing Stats

File Path                                PID  Runtime      # DAGs    # Errors  Last Runtime    Last Run
-------------------------------------  -----  ---------  --------  ----------  --------------  -------------------
/opt/airflow/dags/pakakumi_scraper.py    768  0.01s             1           0  0.19s           2026-01-07T20:56:18
================================================================================
[2026-01-07T20:57:19.395+0000] {manager.py:878} INFO - 
================================================================================
DAG File Processing Stats

File Path                                PID  Runtime      # DAGs    # Errors  Last Runtime    Last Run
-------------------------------------  -----  ---------  --------  ----------  --------------  -------------------
/opt/airflow/dags/pakakumi_scraper.py    773  0.00s             1           0  0.17s           2026-01-07T20:56:49
================================================================================
[2026-01-07T20:57:49.757+0000] {manager.py:878} INFO - 
================================================================================
DAG File Processing Stats

File Path                                PID  Runtime      # DAGs    # Errors  Last Runtime    Last Run
-------------------------------------  -----  ---------  --------  ----------  --------------  -------------------
/opt/airflow/dags/pakakumi_scraper.py    778  0.01s             1           0  0.19s           2026-01-07T20:57:19
================================================================================
[2026-01-07T20:58:19.972+0000] {manager.py:878} INFO - 
================================================================================
DAG File Processing Stats

File Path                                PID  Runtime      # DAGs    # Errors  Last Runtime    Last Run
-------------------------------------  -----  ---------  --------  ----------  --------------  -------------------
/opt/airflow/dags/pakakumi_scraper.py    783  0.01s             1           0  0.19s           2026-01-07T20:57:49
================================================================================
[2026-01-07T20:58:50.310+0000] {manager.py:878} INFO - 
================================================================================
DAG File Processing Stats

File Path                                PID  Runtime      # DAGs    # Errors  Last Runtime    Last Run
-------------------------------------  -----  ---------  --------  ----------  --------------  -------------------
/opt/airflow/dags/pakakumi_scraper.py    788  0.01s             1           0  0.25s           2026-01-07T20:58:20
================================================================================
[2026-01-07T20:59:20.571+0000] {manager.py:878} INFO - 
================================================================================
DAG File Processing Stats

File Path                              PID    Runtime      # DAGs    # Errors  Last Runtime    Last Run
-------------------------------------  -----  ---------  --------  ----------  --------------  -------------------
/opt/airflow/dags/pakakumi_scraper.py                           1           0  0.45s           2026-01-07T20:58:50
================================================================================
[2026-01-07T20:59:51.143+0000] {manager.py:878} INFO - 
================================================================================
DAG File Processing Stats

File Path                              PID    Runtime      # DAGs    # Errors  Last Runtime    Last Run
-------------------------------------  -----  ---------  --------  ----------  --------------  -------------------
/opt/airflow/dags/pakakumi_scraper.py                           1           0  0.20s           2026-01-07T20:59:21
================================================================================
[2026-01-07T21:00:21.520+0000] {manager.py:878} INFO - 
================================================================================
DAG File Processing Stats

File Path                              PID    Runtime      # DAGs    # Errors  Last Runtime    Last Run
-------------------------------------  -----  ---------  --------  ----------  --------------  -------------------
/opt/airflow/dags/pakakumi_scraper.py                           1           0  0.21s           2026-01-07T20:59:51
================================================================================
[2026-01-07T21:00:51.921+0000] {manager.py:878} INFO - 
================================================================================
DAG File Processing Stats

File Path                              PID    Runtime      # DAGs    # Errors  Last Runtime    Last Run
-------------------------------------  -----  ---------  --------  ----------  --------------  -------------------
/opt/airflow/dags/pakakumi_scraper.py                           1           0  0.20s           2026-01-07T21:00:21
================================================================================
[2026-01-07T21:01:22.324+0000] {manager.py:878} INFO - 
================================================================================
DAG File Processing Stats

File Path                              PID    Runtime      # DAGs    # Errors  Last Runtime    Last Run
-------------------------------------  -----  ---------  --------  ----------  --------------  -------------------
/opt/airflow/dags/pakakumi_scraper.py                           1           0  0.22s           2026-01-07T21:00:52
================================================================================
[2026-01-07T21:01:40.650+0000] {manager.py:737} INFO - Searching for files in /opt/airflow/dags
[2026-01-07T21:01:40.707+0000] {manager.py:740} INFO - There are 1 files in /opt/airflow/dags
[2026-01-07T21:01:52.830+0000] {manager.py:878} INFO - 
================================================================================
DAG File Processing Stats

File Path                                PID  Runtime      # DAGs    # Errors  Last Runtime    Last Run
-------------------------------------  -----  ---------  --------  ----------  --------------  -------------------
/opt/airflow/dags/pakakumi_scraper.py    821  0.01s             1           0  0.19s           2026-01-07T21:01:22
================================================================================
[2026-01-07T21:02:23.114+0000] {manager.py:878} INFO - 
================================================================================
DAG File Processing Stats

File Path                                PID  Runtime      # DAGs    # Errors  Last Runtime    Last Run
-------------------------------------  -----  ---------  --------  ----------  --------------  -------------------
/opt/airflow/dags/pakakumi_scraper.py    826  0.01s             1           0  0.19s           2026-01-07T21:01:53
================================================================================
[2026-01-07T21:02:53.408+0000] {manager.py:878} INFO - 
================================================================================
DAG File Processing Stats

File Path                                PID  Runtime      # DAGs    # Errors  Last Runtime    Last Run
-------------------------------------  -----  ---------  --------  ----------  --------------  -------------------
/opt/airflow/dags/pakakumi_scraper.py    831  0.01s             1           0  0.19s           2026-01-07T21:02:23
================================================================================
[2026-01-07T21:03:23.708+0000] {manager.py:878} INFO - 
================================================================================
DAG File Processing Stats

File Path                                PID  Runtime      # DAGs    # Errors  Last Runtime    Last Run
-------------------------------------  -----  ---------  --------  ----------  --------------  -------------------
/opt/airflow/dags/pakakumi_scraper.py    836  0.01s             1           0  0.19s           2026-01-07T21:02:53
================================================================================
[2026-01-07T21:03:53.983+0000] {manager.py:878} INFO - 
================================================================================
DAG File Processing Stats

File Path                                PID  Runtime      # DAGs    # Errors  Last Runtime    Last Run
-------------------------------------  -----  ---------  --------  ----------  --------------  -------------------
/opt/airflow/dags/pakakumi_scraper.py    841  0.01s             1           0  0.22s           2026-01-07T21:03:23
================================================================================
[2026-01-07T21:04:24.299+0000] {manager.py:878} INFO - 
================================================================================
DAG File Processing Stats

File Path                                PID  Runtime      # DAGs    # Errors  Last Runtime    Last Run
-------------------------------------  -----  ---------  --------  ----------  --------------  -------------------
/opt/airflow/dags/pakakumi_scraper.py    846  0.01s             1           0  0.19s           2026-01-07T21:03:54
================================================================================
[2026-01-07T21:04:54.555+0000] {manager.py:878} INFO - 
================================================================================
DAG File Processing Stats

File Path                                PID  Runtime      # DAGs    # Errors  Last Runtime    Last Run
-------------------------------------  -----  ---------  --------  ----------  --------------  -------------------
/opt/airflow/dags/pakakumi_scraper.py    851  0.01s             1           0  0.19s           2026-01-07T21:04:24
================================================================================
[2026-01-07T21:05:24.905+0000] {manager.py:878} INFO - 
================================================================================
DAG File Processing Stats

File Path                                PID  Runtime      # DAGs    # Errors  Last Runtime    Last Run
-------------------------------------  -----  ---------  --------  ----------  --------------  -------------------
/opt/airflow/dags/pakakumi_scraper.py    856  0.01s             1           0  0.19s           2026-01-07T21:04:54
================================================================================
[2026-01-07T21:05:55.152+0000] {manager.py:878} INFO - 
================================================================================
DAG File Processing Stats

File Path                                PID  Runtime      # DAGs    # Errors  Last Runtime    Last Run
-------------------------------------  -----  ---------  --------  ----------  --------------  -------------------
/opt/airflow/dags/pakakumi_scraper.py    861  0.01s             1           0  0.20s           2026-01-07T21:05:25
================================================================================
[2026-01-07T21:06:25.529+0000] {manager.py:878} INFO - 
================================================================================
DAG File Processing Stats

File Path                                PID  Runtime      # DAGs    # Errors  Last Runtime    Last Run
-------------------------------------  -----  ---------  --------  ----------  --------------  -------------------
/opt/airflow/dags/pakakumi_scraper.py    866  0.01s             1           0  0.19s           2026-01-07T21:05:55
================================================================================
[2026-01-07T21:06:40.804+0000] {manager.py:737} INFO - Searching for files in /opt/airflow/dags
[2026-01-07T21:06:40.823+0000] {manager.py:740} INFO - There are 1 files in /opt/airflow/dags
[2026-01-07T21:06:55.810+0000] {manager.py:878} INFO - 
================================================================================
DAG File Processing Stats

File Path                                PID  Runtime      # DAGs    # Errors  Last Runtime    Last Run
-------------------------------------  -----  ---------  --------  ----------  --------------  -------------------
/opt/airflow/dags/pakakumi_scraper.py    871  0.01s             1           0  0.20s           2026-01-07T21:06:25
================================================================================
[2026-01-07T21:07:26.143+0000] {manager.py:878} INFO - 
================================================================================
DAG File Processing Stats

File Path                                PID  Runtime      # DAGs    # Errors  Last Runtime    Last Run
-------------------------------------  -----  ---------  --------  ----------  --------------  -------------------
/opt/airflow/dags/pakakumi_scraper.py    876  0.01s             1           0  0.20s           2026-01-07T21:06:55
================================================================================
[2026-01-07T21:07:56.423+0000] {manager.py:878} INFO - 
================================================================================
DAG File Processing Stats

File Path                                PID  Runtime      # DAGs    # Errors  Last Runtime    Last Run
-------------------------------------  -----  ---------  --------  ----------  --------------  -------------------
/opt/airflow/dags/pakakumi_scraper.py    881  0.01s             1           0  0.18s           2026-01-07T21:07:26
================================================================================
[2026-01-07T21:08:26.775+0000] {manager.py:878} INFO - 
================================================================================
DAG File Processing Stats

File Path                                PID  Runtime      # DAGs    # Errors  Last Runtime    Last Run
-------------------------------------  -----  ---------  --------  ----------  --------------  -------------------
/opt/airflow/dags/pakakumi_scraper.py    886  0.01s             1           0  0.19s           2026-01-07T21:07:56
================================================================================
[2026-01-07T21:08:57.041+0000] {manager.py:878} INFO - 
================================================================================
DAG File Processing Stats

File Path                                PID  Runtime      # DAGs    # Errors  Last Runtime    Last Run
-------------------------------------  -----  ---------  --------  ----------  --------------  -------------------
/opt/airflow/dags/pakakumi_scraper.py    891  0.01s             1           0  0.19s           2026-01-07T21:08:26
================================================================================
[2026-01-07T21:09:27.336+0000] {manager.py:878} INFO - 
================================================================================
DAG File Processing Stats

File Path                                PID  Runtime      # DAGs    # Errors  Last Runtime    Last Run
-------------------------------------  -----  ---------  --------  ----------  --------------  -------------------
/opt/airflow/dags/pakakumi_scraper.py    896  0.01s             1           0  0.20s           2026-01-07T21:08:57
================================================================================
[2026-01-07T21:09:57.644+0000] {manager.py:878} INFO - 
================================================================================
DAG File Processing Stats

File Path                                PID  Runtime      # DAGs    # Errors  Last Runtime    Last Run
-------------------------------------  -----  ---------  --------  ----------  --------------  -------------------
/opt/airflow/dags/pakakumi_scraper.py    901  0.01s             1           0  0.18s           2026-01-07T21:09:27
================================================================================
[2026-01-07T21:10:27.924+0000] {manager.py:878} INFO - 
================================================================================
DAG File Processing Stats

File Path                                PID  Runtime      # DAGs    # Errors  Last Runtime    Last Run
-------------------------------------  -----  ---------  --------  ----------  --------------  -------------------
/opt/airflow/dags/pakakumi_scraper.py    906  0.01s             1           0  0.20s           2026-01-07T21:09:57
================================================================================
[2026-01-07T21:10:58.212+0000] {manager.py:878} INFO - 
================================================================================
DAG File Processing Stats

File Path                                PID  Runtime      # DAGs    # Errors  Last Runtime    Last Run
-------------------------------------  -----  ---------  --------  ----------  --------------  -------------------
/opt/airflow/dags/pakakumi_scraper.py    911  0.00s             1           0  0.19s           2026-01-07T21:10:28
================================================================================
[2026-01-07T21:11:28.517+0000] {manager.py:878} INFO - 
================================================================================
DAG File Processing Stats

File Path                                PID  Runtime      # DAGs    # Errors  Last Runtime    Last Run
-------------------------------------  -----  ---------  --------  ----------  --------------  -------------------
/opt/airflow/dags/pakakumi_scraper.py    916  0.01s             1           0  0.19s           2026-01-07T21:10:58
================================================================================
[2026-01-07T21:11:41.702+0000] {manager.py:737} INFO - Searching for files in /opt/airflow/dags
[2026-01-07T21:11:41.757+0000] {manager.py:740} INFO - There are 1 files in /opt/airflow/dags
[2026-01-07T21:11:58.918+0000] {manager.py:878} INFO - 
================================================================================
DAG File Processing Stats

File Path                                PID  Runtime      # DAGs    # Errors  Last Runtime    Last Run
-------------------------------------  -----  ---------  --------  ----------  --------------  -------------------
/opt/airflow/dags/pakakumi_scraper.py    921  0.01s             1           0  0.19s           2026-01-07T21:11:28
================================================================================
[2026-01-07T21:12:29.120+0000] {manager.py:878} INFO - 
================================================================================
DAG File Processing Stats

File Path                              PID    Runtime      # DAGs    # Errors  Last Runtime    Last Run
-------------------------------------  -----  ---------  --------  ----------  --------------  -------------------
/opt/airflow/dags/pakakumi_scraper.py                           1           0  0.27s           2026-01-07T21:11:59
================================================================================
[2026-01-07T21:12:59.603+0000] {manager.py:878} INFO - 
================================================================================
DAG File Processing Stats

File Path                                PID  Runtime      # DAGs    # Errors  Last Runtime    Last Run
-------------------------------------  -----  ---------  --------  ----------  --------------  -------------------
/opt/airflow/dags/pakakumi_scraper.py    931  0.01s             1           0  0.18s           2026-01-07T21:12:29
================================================================================
[2026-01-07T21:13:29.982+0000] {manager.py:878} INFO - 
================================================================================
DAG File Processing Stats

File Path                                PID  Runtime      # DAGs    # Errors  Last Runtime    Last Run
-------------------------------------  -----  ---------  --------  ----------  --------------  -------------------
/opt/airflow/dags/pakakumi_scraper.py    936  0.01s             1           0  0.31s           2026-01-07T21:12:59
================================================================================
[2026-01-07T21:14:00.335+0000] {manager.py:878} INFO - 
================================================================================
DAG File Processing Stats

File Path                                PID  Runtime      # DAGs    # Errors  Last Runtime    Last Run
-------------------------------------  -----  ---------  --------  ----------  --------------  -------------------
/opt/airflow/dags/pakakumi_scraper.py    941  0.01s             1           0  0.21s           2026-01-07T21:13:30
================================================================================
[2026-01-07T21:14:30.583+0000] {manager.py:878} INFO - 
================================================================================
DAG File Processing Stats

File Path                                PID  Runtime      # DAGs    # Errors  Last Runtime    Last Run
-------------------------------------  -----  ---------  --------  ----------  --------------  -------------------
/opt/airflow/dags/pakakumi_scraper.py    946  0.01s             1           0  0.22s           2026-01-07T21:14:00
================================================================================
[2026-01-07T21:15:00.973+0000] {manager.py:878} INFO - 
================================================================================
DAG File Processing Stats

File Path                                PID  Runtime      # DAGs    # Errors  Last Runtime    Last Run
-------------------------------------  -----  ---------  --------  ----------  --------------  -------------------
/opt/airflow/dags/pakakumi_scraper.py    951  0.01s             1           0  0.21s           2026-01-07T21:14:30
================================================================================
[2026-01-07T21:15:31.226+0000] {manager.py:878} INFO - 
================================================================================
DAG File Processing Stats

File Path                                PID  Runtime      # DAGs    # Errors  Last Runtime    Last Run
-------------------------------------  -----  ---------  --------  ----------  --------------  -------------------
/opt/airflow/dags/pakakumi_scraper.py    956  0.01s             1           0  0.21s           2026-01-07T21:15:01
================================================================================
[2026-01-07T21:16:01.566+0000] {manager.py:878} INFO - 
================================================================================
DAG File Processing Stats

File Path                                PID  Runtime      # DAGs    # Errors  Last Runtime    Last Run
-------------------------------------  -----  ---------  --------  ----------  --------------  -------------------
/opt/airflow/dags/pakakumi_scraper.py    961  0.01s             1           0  0.21s           2026-01-07T21:15:31
================================================================================
[2026-01-07T21:16:31.844+0000] {manager.py:878} INFO - 
================================================================================
DAG File Processing Stats

File Path                                PID  Runtime      # DAGs    # Errors  Last Runtime    Last Run
-------------------------------------  -----  ---------  --------  ----------  --------------  -------------------
/opt/airflow/dags/pakakumi_scraper.py    966  0.01s             1           0  0.19s           2026-01-07T21:16:01
================================================================================
[2026-01-07T21:16:42.004+0000] {manager.py:737} INFO - Searching for files in /opt/airflow/dags
[2026-01-07T21:16:42.027+0000] {manager.py:740} INFO - There are 1 files in /opt/airflow/dags
[2026-01-07T21:17:02.206+0000] {manager.py:878} INFO - 
================================================================================
DAG File Processing Stats

File Path                                PID  Runtime      # DAGs    # Errors  Last Runtime    Last Run
-------------------------------------  -----  ---------  --------  ----------  --------------  -------------------
/opt/airflow/dags/pakakumi_scraper.py    971  0.01s             1           0  0.19s           2026-01-07T21:16:32
================================================================================
[2026-01-07T21:17:32.432+0000] {manager.py:878} INFO - 
================================================================================
DAG File Processing Stats

File Path                                PID  Runtime      # DAGs    # Errors  Last Runtime    Last Run
-------------------------------------  -----  ---------  --------  ----------  --------------  -------------------
/opt/airflow/dags/pakakumi_scraper.py    976  0.01s             1           0  0.19s           2026-01-07T21:17:02
================================================================================
[2026-01-07T21:18:02.790+0000] {manager.py:878} INFO - 
================================================================================
DAG File Processing Stats

File Path                                PID  Runtime      # DAGs    # Errors  Last Runtime    Last Run
-------------------------------------  -----  ---------  --------  ----------  --------------  -------------------
/opt/airflow/dags/pakakumi_scraper.py    981  0.01s             1           0  0.19s           2026-01-07T21:17:32
================================================================================
[2026-01-07T21:18:33.052+0000] {manager.py:878} INFO - 
================================================================================
DAG File Processing Stats

File Path                                PID  Runtime      # DAGs    # Errors  Last Runtime    Last Run
-------------------------------------  -----  ---------  --------  ----------  --------------  -------------------
/opt/airflow/dags/pakakumi_scraper.py    986  0.01s             1           0  0.19s           2026-01-07T21:18:02
================================================================================
[2026-01-07T21:19:03.399+0000] {manager.py:878} INFO - 
================================================================================
DAG File Processing Stats

File Path                                PID  Runtime      # DAGs    # Errors  Last Runtime    Last Run
-------------------------------------  -----  ---------  --------  ----------  --------------  -------------------
/opt/airflow/dags/pakakumi_scraper.py    991  0.01s             1           0  0.23s           2026-01-07T21:18:33
================================================================================
[2026-01-07T21:19:33.676+0000] {manager.py:878} INFO - 
================================================================================
DAG File Processing Stats

File Path                                PID  Runtime      # DAGs    # Errors  Last Runtime    Last Run
-------------------------------------  -----  ---------  --------  ----------  --------------  -------------------
/opt/airflow/dags/pakakumi_scraper.py    996  0.01s             1           0  0.21s           2026-01-07T21:19:03
================================================================================
[2026-01-07T21:20:04.056+0000] {manager.py:878} INFO - 
================================================================================
DAG File Processing Stats

File Path                                PID  Runtime      # DAGs    # Errors  Last Runtime    Last Run
-------------------------------------  -----  ---------  --------  ----------  --------------  -------------------
/opt/airflow/dags/pakakumi_scraper.py   1001  0.02s             1           0  0.25s           2026-01-07T21:19:33
================================================================================
[2026-01-07T21:20:34.355+0000] {manager.py:878} INFO - 
================================================================================
DAG File Processing Stats

File Path                                PID  Runtime      # DAGs    # Errors  Last Runtime    Last Run
-------------------------------------  -----  ---------  --------  ----------  --------------  -------------------
/opt/airflow/dags/pakakumi_scraper.py   1006  0.02s             1           0  0.21s           2026-01-07T21:20:04
================================================================================
[2026-01-07T21:21:04.643+0000] {manager.py:878} INFO - 
================================================================================
DAG File Processing Stats

File Path                                PID  Runtime      # DAGs    # Errors  Last Runtime    Last Run
-------------------------------------  -----  ---------  --------  ----------  --------------  -------------------
/opt/airflow/dags/pakakumi_scraper.py   1011  0.01s             1           0  0.22s           2026-01-07T21:20:34
================================================================================
[2026-01-07T21:21:34.970+0000] {manager.py:878} INFO - 
================================================================================
DAG File Processing Stats

File Path                                PID  Runtime      # DAGs    # Errors  Last Runtime    Last Run
-------------------------------------  -----  ---------  --------  ----------  --------------  -------------------
/opt/airflow/dags/pakakumi_scraper.py   1016  0.01s             1           0  0.19s           2026-01-07T21:21:04
================================================================================
[2026-01-07T21:21:42.062+0000] {manager.py:737} INFO - Searching for files in /opt/airflow/dags
[2026-01-07T21:21:42.096+0000] {manager.py:740} INFO - There are 1 files in /opt/airflow/dags
[2026-01-07T21:22:05.307+0000] {manager.py:878} INFO - 
================================================================================
DAG File Processing Stats

File Path                                PID  Runtime      # DAGs    # Errors  Last Runtime    Last Run
-------------------------------------  -----  ---------  --------  ----------  --------------  -------------------
/opt/airflow/dags/pakakumi_scraper.py   1021  0.01s             1           0  0.19s           2026-01-07T21:21:35
================================================================================
[2026-01-07T21:22:35.576+0000] {manager.py:878} INFO - 
================================================================================
DAG File Processing Stats

File Path                                PID  Runtime      # DAGs    # Errors  Last Runtime    Last Run
-------------------------------------  -----  ---------  --------  ----------  --------------  -------------------
/opt/airflow/dags/pakakumi_scraper.py   1026  0.01s             1           0  0.20s           2026-01-07T21:22:05
================================================================================
[2026-01-07T21:23:05.885+0000] {manager.py:878} INFO - 
================================================================================
DAG File Processing Stats

File Path                                PID  Runtime      # DAGs    # Errors  Last Runtime    Last Run
-------------------------------------  -----  ---------  --------  ----------  --------------  -------------------
/opt/airflow/dags/pakakumi_scraper.py   1031  0.01s             1           0  0.20s           2026-01-07T21:22:35
================================================================================
[2026-01-07T21:23:36.173+0000] {manager.py:878} INFO - 
================================================================================
DAG File Processing Stats

File Path                                PID  Runtime      # DAGs    # Errors  Last Runtime    Last Run
-------------------------------------  -----  ---------  --------  ----------  --------------  -------------------
/opt/airflow/dags/pakakumi_scraper.py   1036  0.01s             1           0  0.20s           2026-01-07T21:23:06
================================================================================
[2026-01-07T21:24:06.470+0000] {manager.py:878} INFO - 
================================================================================
DAG File Processing Stats

File Path                                PID  Runtime      # DAGs    # Errors  Last Runtime    Last Run
-------------------------------------  -----  ---------  --------  ----------  --------------  -------------------
/opt/airflow/dags/pakakumi_scraper.py   1041  0.01s             1           0  0.19s           2026-01-07T21:23:36
================================================================================
[2026-01-07T21:24:36.779+0000] {manager.py:878} INFO - 
================================================================================
DAG File Processing Stats

File Path                                PID  Runtime      # DAGs    # Errors  Last Runtime    Last Run
-------------------------------------  -----  ---------  --------  ----------  --------------  -------------------
/opt/airflow/dags/pakakumi_scraper.py   1046  0.01s             1           0  0.19s           2026-01-07T21:24:06
================================================================================
[2026-01-07T21:25:07.078+0000] {manager.py:878} INFO - 
================================================================================
DAG File Processing Stats

File Path                                PID  Runtime      # DAGs    # Errors  Last Runtime    Last Run
-------------------------------------  -----  ---------  --------  ----------  --------------  -------------------
/opt/airflow/dags/pakakumi_scraper.py   1051  0.01s             1           0  0.20s           2026-01-07T21:24:36
================================================================================
[2026-01-07T21:25:37.432+0000] {manager.py:878} INFO - 
================================================================================
DAG File Processing Stats

File Path                                PID  Runtime      # DAGs    # Errors  Last Runtime    Last Run
-------------------------------------  -----  ---------  --------  ----------  --------------  -------------------
/opt/airflow/dags/pakakumi_scraper.py   1056  0.01s             1           0  0.21s           2026-01-07T21:25:07
================================================================================
[2026-01-07T21:26:07.747+0000] {manager.py:878} INFO - 
================================================================================
DAG File Processing Stats

File Path                                PID  Runtime      # DAGs    # Errors  Last Runtime    Last Run
-------------------------------------  -----  ---------  --------  ----------  --------------  -------------------
/opt/airflow/dags/pakakumi_scraper.py   1061  0.00s             1           0  0.23s           2026-01-07T21:25:37
================================================================================
[2026-01-07T21:26:38.099+0000] {manager.py:878} INFO - 
================================================================================
DAG File Processing Stats

File Path                                PID  Runtime      # DAGs    # Errors  Last Runtime    Last Run
-------------------------------------  -----  ---------  --------  ----------  --------------  -------------------
/opt/airflow/dags/pakakumi_scraper.py   1066  0.01s             1           0  0.19s           2026-01-07T21:26:07
================================================================================
[2026-01-07T21:26:42.162+0000] {manager.py:737} INFO - Searching for files in /opt/airflow/dags
[2026-01-07T21:26:42.206+0000] {manager.py:740} INFO - There are 1 files in /opt/airflow/dags
[2026-01-07T21:27:08.409+0000] {manager.py:878} INFO - 
================================================================================
DAG File Processing Stats

File Path                                PID  Runtime      # DAGs    # Errors  Last Runtime    Last Run
-------------------------------------  -----  ---------  --------  ----------  --------------  -------------------
/opt/airflow/dags/pakakumi_scraper.py   1071  0.01s             1           0  0.19s           2026-01-07T21:26:38
================================================================================
[2026-01-07T21:27:38.722+0000] {manager.py:878} INFO - 
================================================================================
DAG File Processing Stats

File Path                                PID  Runtime      # DAGs    # Errors  Last Runtime    Last Run
-------------------------------------  -----  ---------  --------  ----------  --------------  -------------------
/opt/airflow/dags/pakakumi_scraper.py   1076  0.01s             1           0  0.19s           2026-01-07T21:27:08
================================================================================
[2026-01-07T21:28:08.965+0000] {manager.py:878} INFO - 
================================================================================
DAG File Processing Stats

File Path                                PID  Runtime      # DAGs    # Errors  Last Runtime    Last Run
-------------------------------------  -----  ---------  --------  ----------  --------------  -------------------
/opt/airflow/dags/pakakumi_scraper.py   1081  0.01s             1           0  0.19s           2026-01-07T21:27:38
================================================================================
[2026-01-07T21:28:39.326+0000] {manager.py:878} INFO - 
================================================================================
DAG File Processing Stats

File Path                                PID  Runtime      # DAGs    # Errors  Last Runtime    Last Run
-------------------------------------  -----  ---------  --------  ----------  --------------  -------------------
/opt/airflow/dags/pakakumi_scraper.py   1086  0.01s             1           0  0.18s           2026-01-07T21:28:09
================================================================================
[2026-01-07T21:29:09.567+0000] {manager.py:878} INFO - 
================================================================================
DAG File Processing Stats

File Path                                PID  Runtime      # DAGs    # Errors  Last Runtime    Last Run
-------------------------------------  -----  ---------  --------  ----------  --------------  -------------------
/opt/airflow/dags/pakakumi_scraper.py   1091  0.01s             1           0  0.18s           2026-01-07T21:28:39
================================================================================
[2026-01-07T21:29:39.930+0000] {manager.py:878} INFO - 
================================================================================
DAG File Processing Stats

File Path                                PID  Runtime      # DAGs    # Errors  Last Runtime    Last Run
-------------------------------------  -----  ---------  --------  ----------  --------------  -------------------
/opt/airflow/dags/pakakumi_scraper.py   1096  0.01s             1           0  0.20s           2026-01-07T21:29:09
================================================================================
[2026-01-07T21:30:10.147+0000] {manager.py:878} INFO - 
================================================================================
DAG File Processing Stats

File Path                                PID  Runtime      # DAGs    # Errors  Last Runtime    Last Run
-------------------------------------  -----  ---------  --------  ----------  --------------  -------------------
/opt/airflow/dags/pakakumi_scraper.py   1101  0.01s             1           0  0.18s           2026-01-07T21:29:40
================================================================================
[2026-01-07T21:30:40.553+0000] {manager.py:878} INFO - 
================================================================================
DAG File Processing Stats

File Path                                PID  Runtime      # DAGs    # Errors  Last Runtime    Last Run
-------------------------------------  -----  ---------  --------  ----------  --------------  -------------------
/opt/airflow/dags/pakakumi_scraper.py   1106  0.01s             1           0  0.20s           2026-01-07T21:30:10
================================================================================
[2026-01-07T21:31:10.839+0000] {manager.py:878} INFO - 
================================================================================
DAG File Processing Stats

File Path                                PID  Runtime      # DAGs    # Errors  Last Runtime    Last Run
-------------------------------------  -----  ---------  --------  ----------  --------------  -------------------
/opt/airflow/dags/pakakumi_scraper.py   1111  0.02s             1           0  0.19s           2026-01-07T21:30:40
================================================================================
[2026-01-07T21:31:41.151+0000] {manager.py:878} INFO - 
================================================================================
DAG File Processing Stats

File Path                                PID  Runtime      # DAGs    # Errors  Last Runtime    Last Run
-------------------------------------  -----  ---------  --------  ----------  --------------  -------------------
/opt/airflow/dags/pakakumi_scraper.py   1116  0.01s             1           0  0.22s           2026-01-07T21:31:11
================================================================================
[2026-01-07T21:31:42.210+0000] {manager.py:737} INFO - Searching for files in /opt/airflow/dags
[2026-01-07T21:31:42.229+0000] {manager.py:740} INFO - There are 1 files in /opt/airflow/dags
[2026-01-07T21:32:11.444+0000] {manager.py:878} INFO - 
================================================================================
DAG File Processing Stats

File Path                                PID  Runtime      # DAGs    # Errors  Last Runtime    Last Run
-------------------------------------  -----  ---------  --------  ----------  --------------  -------------------
/opt/airflow/dags/pakakumi_scraper.py   1121  0.01s             1           0  0.19s           2026-01-07T21:31:41
================================================================================
[2026-01-07T21:32:41.717+0000] {manager.py:878} INFO - 
================================================================================
DAG File Processing Stats

File Path                                PID  Runtime      # DAGs    # Errors  Last Runtime    Last Run
-------------------------------------  -----  ---------  --------  ----------  --------------  -------------------
/opt/airflow/dags/pakakumi_scraper.py   1126  0.01s             1           0  0.19s           2026-01-07T21:32:11
================================================================================
[2026-01-07T21:33:12.028+0000] {manager.py:878} INFO - 
================================================================================
DAG File Processing Stats

File Path                                PID  Runtime      # DAGs    # Errors  Last Runtime    Last Run
-------------------------------------  -----  ---------  --------  ----------  --------------  -------------------
/opt/airflow/dags/pakakumi_scraper.py   1131  0.01s             1           0  0.20s           2026-01-07T21:32:41
================================================================================
[2026-01-07T21:33:42.367+0000] {manager.py:878} INFO - 
================================================================================
DAG File Processing Stats

File Path                                PID  Runtime      # DAGs    # Errors  Last Runtime    Last Run
-------------------------------------  -----  ---------  --------  ----------  --------------  -------------------
/opt/airflow/dags/pakakumi_scraper.py   1136  0.01s             1           0  0.21s           2026-01-07T21:33:12
================================================================================
[2026-01-07T21:34:12.681+0000] {manager.py:878} INFO - 
================================================================================
DAG File Processing Stats

File Path                                PID  Runtime      # DAGs    # Errors  Last Runtime    Last Run
-------------------------------------  -----  ---------  --------  ----------  --------------  -------------------
/opt/airflow/dags/pakakumi_scraper.py   1141  0.01s             1           0  0.22s           2026-01-07T21:33:42
================================================================================
[2026-01-07T21:34:42.976+0000] {manager.py:878} INFO - 
================================================================================
DAG File Processing Stats

File Path                                PID  Runtime      # DAGs    # Errors  Last Runtime    Last Run
-------------------------------------  -----  ---------  --------  ----------  --------------  -------------------
/opt/airflow/dags/pakakumi_scraper.py   1146  0.01s             1           0  0.23s           2026-01-07T21:34:12
================================================================================
[2026-01-07T21:35:13.305+0000] {manager.py:878} INFO - 
================================================================================
DAG File Processing Stats

File Path                                PID  Runtime      # DAGs    # Errors  Last Runtime    Last Run
-------------------------------------  -----  ---------  --------  ----------  --------------  -------------------
/opt/airflow/dags/pakakumi_scraper.py   1151  0.01s             1           0  0.24s           2026-01-07T21:34:43
================================================================================
[2026-01-07T21:35:43.634+0000] {manager.py:878} INFO - 
================================================================================
DAG File Processing Stats

File Path                                PID  Runtime      # DAGs    # Errors  Last Runtime    Last Run
-------------------------------------  -----  ---------  --------  ----------  --------------  -------------------
/opt/airflow/dags/pakakumi_scraper.py   1156  0.01s             1           0  0.21s           2026-01-07T21:35:13
================================================================================
[2026-01-07T21:36:13.984+0000] {manager.py:878} INFO - 
================================================================================
DAG File Processing Stats

File Path                                PID  Runtime      # DAGs    # Errors  Last Runtime    Last Run
-------------------------------------  -----  ---------  --------  ----------  --------------  -------------------
/opt/airflow/dags/pakakumi_scraper.py   1161  0.01s             1           0  0.18s           2026-01-07T21:35:43
================================================================================
[2026-01-07T21:36:42.333+0000] {manager.py:737} INFO - Searching for files in /opt/airflow/dags
[2026-01-07T21:36:42.357+0000] {manager.py:740} INFO - There are 1 files in /opt/airflow/dags
[2026-01-07T21:36:44.235+0000] {manager.py:878} INFO - 
================================================================================
DAG File Processing Stats

File Path                                PID  Runtime      # DAGs    # Errors  Last Runtime    Last Run
-------------------------------------  -----  ---------  --------  ----------  --------------  -------------------
/opt/airflow/dags/pakakumi_scraper.py   1166  0.01s             1           0  0.18s           2026-01-07T21:36:14
================================================================================
[2026-01-07T21:37:14.636+0000] {manager.py:878} INFO - 
================================================================================
DAG File Processing Stats

File Path                                PID  Runtime      # DAGs    # Errors  Last Runtime    Last Run
-------------------------------------  -----  ---------  --------  ----------  --------------  -------------------
/opt/airflow/dags/pakakumi_scraper.py   1171  0.01s             1           0  0.21s           2026-01-07T21:36:44
================================================================================
[2026-01-07T21:37:44.867+0000] {manager.py:878} INFO - 
================================================================================
DAG File Processing Stats

File Path                                PID  Runtime      # DAGs    # Errors  Last Runtime    Last Run
-------------------------------------  -----  ---------  --------  ----------  --------------  -------------------
/opt/airflow/dags/pakakumi_scraper.py   1176  0.01s             1           0  0.21s           2026-01-07T21:37:14
================================================================================
[2026-01-07T21:38:15.260+0000] {manager.py:878} INFO - 
================================================================================
DAG File Processing Stats

File Path                                PID  Runtime      # DAGs    # Errors  Last Runtime    Last Run
-------------------------------------  -----  ---------  --------  ----------  --------------  -------------------
/opt/airflow/dags/pakakumi_scraper.py   1181  0.01s             1           0  0.20s           2026-01-07T21:37:45
================================================================================
[2026-01-07T21:38:45.512+0000] {manager.py:878} INFO - 
================================================================================
DAG File Processing Stats

File Path                                PID  Runtime      # DAGs    # Errors  Last Runtime    Last Run
-------------------------------------  -----  ---------  --------  ----------  --------------  -------------------
/opt/airflow/dags/pakakumi_scraper.py   1186  0.01s             1           0  0.19s           2026-01-07T21:38:15
================================================================================
[2026-01-07T21:39:15.842+0000] {manager.py:878} INFO - 
================================================================================
DAG File Processing Stats

File Path                                PID  Runtime      # DAGs    # Errors  Last Runtime    Last Run
-------------------------------------  -----  ---------  --------  ----------  --------------  -------------------
/opt/airflow/dags/pakakumi_scraper.py   1191  0.01s             1           0  0.20s           2026-01-07T21:38:45
================================================================================
[2026-01-07T21:39:46.119+0000] {manager.py:878} INFO - 
================================================================================
DAG File Processing Stats

File Path                                PID  Runtime      # DAGs    # Errors  Last Runtime    Last Run
-------------------------------------  -----  ---------  --------  ----------  --------------  -------------------
/opt/airflow/dags/pakakumi_scraper.py   1196  0.01s             1           0  0.20s           2026-01-07T21:39:16
================================================================================
[2026-01-07T21:40:16.502+0000] {manager.py:878} INFO - 
================================================================================
DAG File Processing Stats

File Path                                PID  Runtime      # DAGs    # Errors  Last Runtime    Last Run
-------------------------------------  -----  ---------  --------  ----------  --------------  -------------------
/opt/airflow/dags/pakakumi_scraper.py   1201  0.01s             1           0  0.19s           2026-01-07T21:39:46
================================================================================
[2026-01-07T21:40:46.728+0000] {manager.py:878} INFO - 
================================================================================
DAG File Processing Stats

File Path                                PID  Runtime      # DAGs    # Errors  Last Runtime    Last Run
-------------------------------------  -----  ---------  --------  ----------  --------------  -------------------
/opt/airflow/dags/pakakumi_scraper.py   1206  0.01s             1           0  0.19s           2026-01-07T21:40:16
================================================================================
[2026-01-07T21:41:17.078+0000] {manager.py:878} INFO - 
================================================================================
DAG File Processing Stats

File Path                                PID  Runtime      # DAGs    # Errors  Last Runtime    Last Run
-------------------------------------  -----  ---------  --------  ----------  --------------  -------------------
/opt/airflow/dags/pakakumi_scraper.py   1211  0.01s             1           0  0.19s           2026-01-07T21:40:46
================================================================================
[2026-01-07T21:41:42.441+0000] {manager.py:737} INFO - Searching for files in /opt/airflow/dags
[2026-01-07T21:41:42.461+0000] {manager.py:740} INFO - There are 1 files in /opt/airflow/dags
[2026-01-07T21:41:47.347+0000] {manager.py:878} INFO - 
================================================================================
DAG File Processing Stats

File Path                                PID  Runtime      # DAGs    # Errors  Last Runtime    Last Run
-------------------------------------  -----  ---------  --------  ----------  --------------  -------------------
/opt/airflow/dags/pakakumi_scraper.py   1216  0.01s             1           0  0.19s           2026-01-07T21:41:17
================================================================================
[2026-01-07T21:42:17.731+0000] {manager.py:878} INFO - 
================================================================================
DAG File Processing Stats

File Path                                PID  Runtime      # DAGs    # Errors  Last Runtime    Last Run
-------------------------------------  -----  ---------  --------  ----------  --------------  -------------------
/opt/airflow/dags/pakakumi_scraper.py   1221  0.01s             1           0  0.20s           2026-01-07T21:41:47
================================================================================
[2026-01-07T21:42:48.027+0000] {manager.py:878} INFO - 
================================================================================
DAG File Processing Stats

File Path                                PID  Runtime      # DAGs    # Errors  Last Runtime    Last Run
-------------------------------------  -----  ---------  --------  ----------  --------------  -------------------
/opt/airflow/dags/pakakumi_scraper.py   1226  0.01s             1           0  0.20s           2026-01-07T21:42:17
================================================================================
[2026-01-07T21:43:18.372+0000] {manager.py:878} INFO - 
================================================================================
DAG File Processing Stats

File Path                                PID  Runtime      # DAGs    # Errors  Last Runtime    Last Run
-------------------------------------  -----  ---------  --------  ----------  --------------  -------------------
/opt/airflow/dags/pakakumi_scraper.py   1231  0.01s             1           0  0.19s           2026-01-07T21:42:48
================================================================================
[2026-01-07T21:43:48.620+0000] {manager.py:878} INFO - 
================================================================================
DAG File Processing Stats

File Path                                PID  Runtime      # DAGs    # Errors  Last Runtime    Last Run
-------------------------------------  -----  ---------  --------  ----------  --------------  -------------------
/opt/airflow/dags/pakakumi_scraper.py   1236  0.01s             1           0  0.19s           2026-01-07T21:43:18
================================================================================
[2026-01-07T21:44:19.009+0000] {manager.py:878} INFO - 
================================================================================
DAG File Processing Stats

File Path                                PID  Runtime      # DAGs    # Errors  Last Runtime    Last Run
-------------------------------------  -----  ---------  --------  ----------  --------------  -------------------
/opt/airflow/dags/pakakumi_scraper.py   1241  0.01s             1           0  0.19s           2026-01-07T21:43:48
================================================================================
[2026-01-07T21:44:49.269+0000] {manager.py:878} INFO - 
================================================================================
DAG File Processing Stats

File Path                                PID  Runtime      # DAGs    # Errors  Last Runtime    Last Run
-------------------------------------  -----  ---------  --------  ----------  --------------  -------------------
/opt/airflow/dags/pakakumi_scraper.py   1246  0.01s             1           0  0.22s           2026-01-07T21:44:19
================================================================================
[2026-01-07T21:45:19.658+0000] {manager.py:878} INFO - 
================================================================================
DAG File Processing Stats

File Path                                PID  Runtime      # DAGs    # Errors  Last Runtime    Last Run
-------------------------------------  -----  ---------  --------  ----------  --------------  -------------------
/opt/airflow/dags/pakakumi_scraper.py   1251  0.01s             1           0  0.19s           2026-01-07T21:44:49
================================================================================
[2026-01-07T21:45:49.917+0000] {manager.py:878} INFO - 
================================================================================
DAG File Processing Stats

File Path                                PID  Runtime      # DAGs    # Errors  Last Runtime    Last Run
-------------------------------------  -----  ---------  --------  ----------  --------------  -------------------
/opt/airflow/dags/pakakumi_scraper.py   1256  0.01s             1           0  0.19s           2026-01-07T21:45:19
================================================================================
[2026-01-07T21:46:20.290+0000] {manager.py:878} INFO - 
================================================================================
DAG File Processing Stats

File Path                                PID  Runtime      # DAGs    # Errors  Last Runtime    Last Run
-------------------------------------  -----  ---------  --------  ----------  --------------  -------------------
/opt/airflow/dags/pakakumi_scraper.py   1261  0.01s             1           0  0.20s           2026-01-07T21:45:50
================================================================================
[2026-01-07T21:46:42.464+0000] {manager.py:737} INFO - Searching for files in /opt/airflow/dags
[2026-01-07T21:46:42.502+0000] {manager.py:740} INFO - There are 1 files in /opt/airflow/dags
[2026-01-07T21:46:50.613+0000] {manager.py:878} INFO - 
================================================================================
DAG File Processing Stats

File Path                                PID  Runtime      # DAGs    # Errors  Last Runtime    Last Run
-------------------------------------  -----  ---------  --------  ----------  --------------  -------------------
/opt/airflow/dags/pakakumi_scraper.py   1266  0.01s             1           0  0.18s           2026-01-07T21:46:20
================================================================================
[2026-01-07T21:47:20.883+0000] {manager.py:878} INFO - 
================================================================================
DAG File Processing Stats

File Path                                PID  Runtime      # DAGs    # Errors  Last Runtime    Last Run
-------------------------------------  -----  ---------  --------  ----------  --------------  -------------------
/opt/airflow/dags/pakakumi_scraper.py   1271  0.01s             1           0  0.21s           2026-01-07T21:46:50
================================================================================
[2026-01-07T21:47:51.239+0000] {manager.py:878} INFO - 
================================================================================
DAG File Processing Stats

File Path                                PID  Runtime      # DAGs    # Errors  Last Runtime    Last Run
-------------------------------------  -----  ---------  --------  ----------  --------------  -------------------
/opt/airflow/dags/pakakumi_scraper.py   1276  0.01s             1           0  0.18s           2026-01-07T21:47:21
================================================================================
[2026-01-07T21:48:21.464+0000] {manager.py:878} INFO - 
================================================================================
DAG File Processing Stats

File Path                                PID  Runtime      # DAGs    # Errors  Last Runtime    Last Run
-------------------------------------  -----  ---------  --------  ----------  --------------  -------------------
/opt/airflow/dags/pakakumi_scraper.py   1281  0.01s             1           0  0.20s           2026-01-07T21:47:51
================================================================================
[2026-01-07T21:48:45.780+0000] {manager.py:452} INFO - Exiting gracefully upon receiving signal 15
