[2026-01-03T14:13:22.711+0000] {processor.py:161} INFO - Started process (PID=164) to work on /opt/airflow/dags/pakakumi_scraper.py
[2026-01-03T14:13:22.716+0000] {processor.py:830} INFO - Processing file /opt/airflow/dags/pakakumi_scraper.py for tasks to queue
[2026-01-03T14:13:22.722+0000] {logging_mixin.py:188} INFO - [2026-01-03T14:13:22.721+0000] {dagbag.py:540} INFO - Filling up the DagBag from /opt/airflow/dags/pakakumi_scraper.py
[2026-01-03T14:13:22.810+0000] {processor.py:840} INFO - DAG(s) 'pakakumi_scraper' retrieved from /opt/airflow/dags/pakakumi_scraper.py
[2026-01-03T14:13:23.088+0000] {logging_mixin.py:188} INFO - [2026-01-03T14:13:23.087+0000] {dag.py:3096} INFO - Sync 1 DAGs
[2026-01-03T14:13:23.146+0000] {logging_mixin.py:188} INFO - [2026-01-03T14:13:23.145+0000] {dag.py:3954} INFO - Setting next_dagrun for pakakumi_scraper to 2026-01-03 13:00:00+00:00, run_after=2026-01-03 14:00:00+00:00
[2026-01-03T14:13:23.188+0000] {processor.py:183} INFO - Processing /opt/airflow/dags/pakakumi_scraper.py took 0.497 seconds
[2026-01-03T14:13:53.595+0000] {processor.py:161} INFO - Started process (PID=169) to work on /opt/airflow/dags/pakakumi_scraper.py
[2026-01-03T14:13:53.615+0000] {processor.py:830} INFO - Processing file /opt/airflow/dags/pakakumi_scraper.py for tasks to queue
[2026-01-03T14:13:53.624+0000] {logging_mixin.py:188} INFO - [2026-01-03T14:13:53.623+0000] {dagbag.py:540} INFO - Filling up the DagBag from /opt/airflow/dags/pakakumi_scraper.py
[2026-01-03T14:13:53.742+0000] {processor.py:840} INFO - DAG(s) 'pakakumi_scraper' retrieved from /opt/airflow/dags/pakakumi_scraper.py
[2026-01-03T14:13:53.956+0000] {logging_mixin.py:188} INFO - [2026-01-03T14:13:53.955+0000] {dag.py:3096} INFO - Sync 1 DAGs
[2026-01-03T14:13:54.023+0000] {logging_mixin.py:188} INFO - [2026-01-03T14:13:54.023+0000] {dag.py:3954} INFO - Setting next_dagrun for pakakumi_scraper to 2026-01-03 13:00:00+00:00, run_after=2026-01-03 14:00:00+00:00
[2026-01-03T14:13:54.083+0000] {processor.py:183} INFO - Processing /opt/airflow/dags/pakakumi_scraper.py took 0.509 seconds
[2026-01-03T14:14:24.361+0000] {processor.py:161} INFO - Started process (PID=174) to work on /opt/airflow/dags/pakakumi_scraper.py
[2026-01-03T14:14:24.363+0000] {processor.py:830} INFO - Processing file /opt/airflow/dags/pakakumi_scraper.py for tasks to queue
[2026-01-03T14:14:24.366+0000] {logging_mixin.py:188} INFO - [2026-01-03T14:14:24.366+0000] {dagbag.py:540} INFO - Filling up the DagBag from /opt/airflow/dags/pakakumi_scraper.py
[2026-01-03T14:14:24.417+0000] {processor.py:840} INFO - DAG(s) 'pakakumi_scraper' retrieved from /opt/airflow/dags/pakakumi_scraper.py
[2026-01-03T14:14:24.482+0000] {logging_mixin.py:188} INFO - [2026-01-03T14:14:24.482+0000] {dag.py:3096} INFO - Sync 1 DAGs
[2026-01-03T14:14:24.552+0000] {logging_mixin.py:188} INFO - [2026-01-03T14:14:24.552+0000] {dag.py:3954} INFO - Setting next_dagrun for pakakumi_scraper to 2026-01-03 13:00:00+00:00, run_after=2026-01-03 14:00:00+00:00
[2026-01-03T14:14:24.594+0000] {processor.py:183} INFO - Processing /opt/airflow/dags/pakakumi_scraper.py took 0.249 seconds
[2026-01-03T14:14:54.865+0000] {processor.py:161} INFO - Started process (PID=179) to work on /opt/airflow/dags/pakakumi_scraper.py
[2026-01-03T14:14:54.866+0000] {processor.py:830} INFO - Processing file /opt/airflow/dags/pakakumi_scraper.py for tasks to queue
[2026-01-03T14:14:54.871+0000] {logging_mixin.py:188} INFO - [2026-01-03T14:14:54.870+0000] {dagbag.py:540} INFO - Filling up the DagBag from /opt/airflow/dags/pakakumi_scraper.py
[2026-01-03T14:14:54.916+0000] {processor.py:840} INFO - DAG(s) 'pakakumi_scraper' retrieved from /opt/airflow/dags/pakakumi_scraper.py
[2026-01-03T14:14:55.015+0000] {logging_mixin.py:188} INFO - [2026-01-03T14:14:55.014+0000] {dag.py:3096} INFO - Sync 1 DAGs
[2026-01-03T14:14:55.113+0000] {logging_mixin.py:188} INFO - [2026-01-03T14:14:55.113+0000] {dag.py:3954} INFO - Setting next_dagrun for pakakumi_scraper to 2026-01-03 13:00:00+00:00, run_after=2026-01-03 14:00:00+00:00
[2026-01-03T14:14:55.175+0000] {processor.py:183} INFO - Processing /opt/airflow/dags/pakakumi_scraper.py took 0.326 seconds
[2026-01-03T14:15:25.460+0000] {processor.py:161} INFO - Started process (PID=184) to work on /opt/airflow/dags/pakakumi_scraper.py
[2026-01-03T14:15:25.461+0000] {processor.py:830} INFO - Processing file /opt/airflow/dags/pakakumi_scraper.py for tasks to queue
[2026-01-03T14:15:25.464+0000] {logging_mixin.py:188} INFO - [2026-01-03T14:15:25.464+0000] {dagbag.py:540} INFO - Filling up the DagBag from /opt/airflow/dags/pakakumi_scraper.py
[2026-01-03T14:15:25.494+0000] {processor.py:840} INFO - DAG(s) 'pakakumi_scraper' retrieved from /opt/airflow/dags/pakakumi_scraper.py
[2026-01-03T14:15:25.536+0000] {logging_mixin.py:188} INFO - [2026-01-03T14:15:25.536+0000] {dag.py:3096} INFO - Sync 1 DAGs
[2026-01-03T14:15:25.572+0000] {logging_mixin.py:188} INFO - [2026-01-03T14:15:25.572+0000] {dag.py:3954} INFO - Setting next_dagrun for pakakumi_scraper to 2026-01-03 13:00:00+00:00, run_after=2026-01-03 14:00:00+00:00
[2026-01-03T14:15:25.625+0000] {processor.py:183} INFO - Processing /opt/airflow/dags/pakakumi_scraper.py took 0.176 seconds
[2026-01-03T14:15:55.965+0000] {processor.py:161} INFO - Started process (PID=189) to work on /opt/airflow/dags/pakakumi_scraper.py
[2026-01-03T14:15:55.972+0000] {processor.py:830} INFO - Processing file /opt/airflow/dags/pakakumi_scraper.py for tasks to queue
[2026-01-03T14:15:55.984+0000] {logging_mixin.py:188} INFO - [2026-01-03T14:15:55.983+0000] {dagbag.py:540} INFO - Filling up the DagBag from /opt/airflow/dags/pakakumi_scraper.py
[2026-01-03T14:15:56.052+0000] {processor.py:840} INFO - DAG(s) 'pakakumi_scraper' retrieved from /opt/airflow/dags/pakakumi_scraper.py
[2026-01-03T14:15:56.156+0000] {logging_mixin.py:188} INFO - [2026-01-03T14:15:56.155+0000] {dag.py:3096} INFO - Sync 1 DAGs
[2026-01-03T14:15:56.279+0000] {logging_mixin.py:188} INFO - [2026-01-03T14:15:56.278+0000] {dag.py:3954} INFO - Setting next_dagrun for pakakumi_scraper to 2026-01-03 13:00:00+00:00, run_after=2026-01-03 14:00:00+00:00
[2026-01-03T14:15:56.331+0000] {processor.py:183} INFO - Processing /opt/airflow/dags/pakakumi_scraper.py took 0.414 seconds
[2026-01-03T14:16:26.620+0000] {processor.py:161} INFO - Started process (PID=194) to work on /opt/airflow/dags/pakakumi_scraper.py
[2026-01-03T14:16:26.622+0000] {processor.py:830} INFO - Processing file /opt/airflow/dags/pakakumi_scraper.py for tasks to queue
[2026-01-03T14:16:26.627+0000] {logging_mixin.py:188} INFO - [2026-01-03T14:16:26.626+0000] {dagbag.py:540} INFO - Filling up the DagBag from /opt/airflow/dags/pakakumi_scraper.py
[2026-01-03T14:16:26.665+0000] {processor.py:840} INFO - DAG(s) 'pakakumi_scraper' retrieved from /opt/airflow/dags/pakakumi_scraper.py
[2026-01-03T14:16:26.721+0000] {logging_mixin.py:188} INFO - [2026-01-03T14:16:26.720+0000] {dag.py:3096} INFO - Sync 1 DAGs
[2026-01-03T14:16:26.770+0000] {logging_mixin.py:188} INFO - [2026-01-03T14:16:26.770+0000] {dag.py:3954} INFO - Setting next_dagrun for pakakumi_scraper to 2026-01-03 13:00:00+00:00, run_after=2026-01-03 14:00:00+00:00
[2026-01-03T14:16:26.803+0000] {processor.py:183} INFO - Processing /opt/airflow/dags/pakakumi_scraper.py took 0.196 seconds
[2026-01-03T14:16:56.887+0000] {processor.py:161} INFO - Started process (PID=199) to work on /opt/airflow/dags/pakakumi_scraper.py
[2026-01-03T14:16:56.889+0000] {processor.py:830} INFO - Processing file /opt/airflow/dags/pakakumi_scraper.py for tasks to queue
[2026-01-03T14:16:56.893+0000] {logging_mixin.py:188} INFO - [2026-01-03T14:16:56.892+0000] {dagbag.py:540} INFO - Filling up the DagBag from /opt/airflow/dags/pakakumi_scraper.py
[2026-01-03T14:16:56.929+0000] {processor.py:840} INFO - DAG(s) 'pakakumi_scraper' retrieved from /opt/airflow/dags/pakakumi_scraper.py
[2026-01-03T14:16:56.987+0000] {logging_mixin.py:188} INFO - [2026-01-03T14:16:56.987+0000] {dag.py:3096} INFO - Sync 1 DAGs
[2026-01-03T14:16:57.029+0000] {logging_mixin.py:188} INFO - [2026-01-03T14:16:57.029+0000] {dag.py:3954} INFO - Setting next_dagrun for pakakumi_scraper to 2026-01-03 13:00:00+00:00, run_after=2026-01-03 14:00:00+00:00
[2026-01-03T14:16:57.059+0000] {processor.py:183} INFO - Processing /opt/airflow/dags/pakakumi_scraper.py took 0.186 seconds
[2026-01-03T14:17:27.298+0000] {processor.py:161} INFO - Started process (PID=204) to work on /opt/airflow/dags/pakakumi_scraper.py
[2026-01-03T14:17:27.300+0000] {processor.py:830} INFO - Processing file /opt/airflow/dags/pakakumi_scraper.py for tasks to queue
[2026-01-03T14:17:27.303+0000] {logging_mixin.py:188} INFO - [2026-01-03T14:17:27.303+0000] {dagbag.py:540} INFO - Filling up the DagBag from /opt/airflow/dags/pakakumi_scraper.py
[2026-01-03T14:17:27.336+0000] {processor.py:840} INFO - DAG(s) 'pakakumi_scraper' retrieved from /opt/airflow/dags/pakakumi_scraper.py
[2026-01-03T14:17:27.375+0000] {logging_mixin.py:188} INFO - [2026-01-03T14:17:27.374+0000] {dag.py:3096} INFO - Sync 1 DAGs
[2026-01-03T14:17:27.412+0000] {logging_mixin.py:188} INFO - [2026-01-03T14:17:27.412+0000] {dag.py:3954} INFO - Setting next_dagrun for pakakumi_scraper to 2026-01-03 13:00:00+00:00, run_after=2026-01-03 14:00:00+00:00
[2026-01-03T14:17:27.450+0000] {processor.py:183} INFO - Processing /opt/airflow/dags/pakakumi_scraper.py took 0.162 seconds
[2026-01-03T14:17:57.529+0000] {processor.py:161} INFO - Started process (PID=215) to work on /opt/airflow/dags/pakakumi_scraper.py
[2026-01-03T14:17:57.531+0000] {processor.py:830} INFO - Processing file /opt/airflow/dags/pakakumi_scraper.py for tasks to queue
[2026-01-03T14:17:57.533+0000] {logging_mixin.py:188} INFO - [2026-01-03T14:17:57.533+0000] {dagbag.py:540} INFO - Filling up the DagBag from /opt/airflow/dags/pakakumi_scraper.py
[2026-01-03T14:17:57.564+0000] {processor.py:840} INFO - DAG(s) 'pakakumi_scraper' retrieved from /opt/airflow/dags/pakakumi_scraper.py
[2026-01-03T14:17:57.609+0000] {logging_mixin.py:188} INFO - [2026-01-03T14:17:57.609+0000] {dag.py:3096} INFO - Sync 1 DAGs
[2026-01-03T14:17:57.641+0000] {logging_mixin.py:188} INFO - [2026-01-03T14:17:57.641+0000] {dag.py:3954} INFO - Setting next_dagrun for pakakumi_scraper to 2026-01-03 14:00:00+00:00, run_after=2026-01-03 15:00:00+00:00
[2026-01-03T14:17:57.673+0000] {processor.py:183} INFO - Processing /opt/airflow/dags/pakakumi_scraper.py took 0.154 seconds
[2026-01-03T14:18:27.908+0000] {processor.py:161} INFO - Started process (PID=220) to work on /opt/airflow/dags/pakakumi_scraper.py
[2026-01-03T14:18:27.909+0000] {processor.py:830} INFO - Processing file /opt/airflow/dags/pakakumi_scraper.py for tasks to queue
[2026-01-03T14:18:27.912+0000] {logging_mixin.py:188} INFO - [2026-01-03T14:18:27.912+0000] {dagbag.py:540} INFO - Filling up the DagBag from /opt/airflow/dags/pakakumi_scraper.py
[2026-01-03T14:18:27.941+0000] {processor.py:840} INFO - DAG(s) 'pakakumi_scraper' retrieved from /opt/airflow/dags/pakakumi_scraper.py
[2026-01-03T14:18:27.986+0000] {logging_mixin.py:188} INFO - [2026-01-03T14:18:27.985+0000] {dag.py:3096} INFO - Sync 1 DAGs
[2026-01-03T14:18:28.027+0000] {logging_mixin.py:188} INFO - [2026-01-03T14:18:28.027+0000] {dag.py:3954} INFO - Setting next_dagrun for pakakumi_scraper to 2026-01-03 14:00:00+00:00, run_after=2026-01-03 15:00:00+00:00
[2026-01-03T14:18:28.057+0000] {processor.py:183} INFO - Processing /opt/airflow/dags/pakakumi_scraper.py took 0.159 seconds
[2026-01-03T14:18:58.152+0000] {processor.py:161} INFO - Started process (PID=225) to work on /opt/airflow/dags/pakakumi_scraper.py
[2026-01-03T14:18:58.154+0000] {processor.py:830} INFO - Processing file /opt/airflow/dags/pakakumi_scraper.py for tasks to queue
[2026-01-03T14:18:58.157+0000] {logging_mixin.py:188} INFO - [2026-01-03T14:18:58.156+0000] {dagbag.py:540} INFO - Filling up the DagBag from /opt/airflow/dags/pakakumi_scraper.py
[2026-01-03T14:18:58.184+0000] {processor.py:840} INFO - DAG(s) 'pakakumi_scraper' retrieved from /opt/airflow/dags/pakakumi_scraper.py
[2026-01-03T14:18:58.227+0000] {logging_mixin.py:188} INFO - [2026-01-03T14:18:58.227+0000] {dag.py:3096} INFO - Sync 1 DAGs
[2026-01-03T14:18:58.261+0000] {logging_mixin.py:188} INFO - [2026-01-03T14:18:58.260+0000] {dag.py:3954} INFO - Setting next_dagrun for pakakumi_scraper to 2026-01-03 14:00:00+00:00, run_after=2026-01-03 15:00:00+00:00
[2026-01-03T14:18:58.285+0000] {processor.py:183} INFO - Processing /opt/airflow/dags/pakakumi_scraper.py took 0.142 seconds
[2026-01-03T14:19:28.563+0000] {processor.py:161} INFO - Started process (PID=230) to work on /opt/airflow/dags/pakakumi_scraper.py
[2026-01-03T14:19:28.567+0000] {processor.py:830} INFO - Processing file /opt/airflow/dags/pakakumi_scraper.py for tasks to queue
[2026-01-03T14:19:28.572+0000] {logging_mixin.py:188} INFO - [2026-01-03T14:19:28.571+0000] {dagbag.py:540} INFO - Filling up the DagBag from /opt/airflow/dags/pakakumi_scraper.py
[2026-01-03T14:19:28.607+0000] {processor.py:840} INFO - DAG(s) 'pakakumi_scraper' retrieved from /opt/airflow/dags/pakakumi_scraper.py
[2026-01-03T14:19:28.652+0000] {logging_mixin.py:188} INFO - [2026-01-03T14:19:28.651+0000] {dag.py:3096} INFO - Sync 1 DAGs
[2026-01-03T14:19:28.704+0000] {logging_mixin.py:188} INFO - [2026-01-03T14:19:28.704+0000] {dag.py:3954} INFO - Setting next_dagrun for pakakumi_scraper to 2026-01-03 14:00:00+00:00, run_after=2026-01-03 15:00:00+00:00
[2026-01-03T14:19:28.729+0000] {processor.py:183} INFO - Processing /opt/airflow/dags/pakakumi_scraper.py took 0.177 seconds
[2026-01-03T14:19:58.787+0000] {processor.py:161} INFO - Started process (PID=235) to work on /opt/airflow/dags/pakakumi_scraper.py
[2026-01-03T14:19:58.789+0000] {processor.py:830} INFO - Processing file /opt/airflow/dags/pakakumi_scraper.py for tasks to queue
[2026-01-03T14:19:58.792+0000] {logging_mixin.py:188} INFO - [2026-01-03T14:19:58.792+0000] {dagbag.py:540} INFO - Filling up the DagBag from /opt/airflow/dags/pakakumi_scraper.py
[2026-01-03T14:19:58.822+0000] {processor.py:840} INFO - DAG(s) 'pakakumi_scraper' retrieved from /opt/airflow/dags/pakakumi_scraper.py
[2026-01-03T14:19:58.866+0000] {logging_mixin.py:188} INFO - [2026-01-03T14:19:58.866+0000] {dag.py:3096} INFO - Sync 1 DAGs
[2026-01-03T14:19:58.902+0000] {logging_mixin.py:188} INFO - [2026-01-03T14:19:58.901+0000] {dag.py:3954} INFO - Setting next_dagrun for pakakumi_scraper to 2026-01-03 14:00:00+00:00, run_after=2026-01-03 15:00:00+00:00
[2026-01-03T14:19:58.926+0000] {processor.py:183} INFO - Processing /opt/airflow/dags/pakakumi_scraper.py took 0.149 seconds
[2026-01-03T14:20:28.989+0000] {processor.py:161} INFO - Started process (PID=240) to work on /opt/airflow/dags/pakakumi_scraper.py
[2026-01-03T14:20:28.990+0000] {processor.py:830} INFO - Processing file /opt/airflow/dags/pakakumi_scraper.py for tasks to queue
[2026-01-03T14:20:28.994+0000] {logging_mixin.py:188} INFO - [2026-01-03T14:20:28.993+0000] {dagbag.py:540} INFO - Filling up the DagBag from /opt/airflow/dags/pakakumi_scraper.py
[2026-01-03T14:20:29.023+0000] {processor.py:840} INFO - DAG(s) 'pakakumi_scraper' retrieved from /opt/airflow/dags/pakakumi_scraper.py
[2026-01-03T14:20:29.068+0000] {logging_mixin.py:188} INFO - [2026-01-03T14:20:29.067+0000] {dag.py:3096} INFO - Sync 1 DAGs
[2026-01-03T14:20:29.112+0000] {logging_mixin.py:188} INFO - [2026-01-03T14:20:29.112+0000] {dag.py:3954} INFO - Setting next_dagrun for pakakumi_scraper to 2026-01-03 14:00:00+00:00, run_after=2026-01-03 15:00:00+00:00
[2026-01-03T14:20:29.140+0000] {processor.py:183} INFO - Processing /opt/airflow/dags/pakakumi_scraper.py took 0.161 seconds
[2026-01-03T14:20:59.396+0000] {processor.py:161} INFO - Started process (PID=245) to work on /opt/airflow/dags/pakakumi_scraper.py
[2026-01-03T14:20:59.398+0000] {processor.py:830} INFO - Processing file /opt/airflow/dags/pakakumi_scraper.py for tasks to queue
[2026-01-03T14:20:59.401+0000] {logging_mixin.py:188} INFO - [2026-01-03T14:20:59.401+0000] {dagbag.py:540} INFO - Filling up the DagBag from /opt/airflow/dags/pakakumi_scraper.py
[2026-01-03T14:20:59.431+0000] {processor.py:840} INFO - DAG(s) 'pakakumi_scraper' retrieved from /opt/airflow/dags/pakakumi_scraper.py
[2026-01-03T14:20:59.480+0000] {logging_mixin.py:188} INFO - [2026-01-03T14:20:59.479+0000] {dag.py:3096} INFO - Sync 1 DAGs
[2026-01-03T14:20:59.533+0000] {logging_mixin.py:188} INFO - [2026-01-03T14:20:59.532+0000] {dag.py:3954} INFO - Setting next_dagrun for pakakumi_scraper to 2026-01-03 14:00:00+00:00, run_after=2026-01-03 15:00:00+00:00
[2026-01-03T14:20:59.579+0000] {processor.py:183} INFO - Processing /opt/airflow/dags/pakakumi_scraper.py took 0.192 seconds
[2026-01-03T14:21:29.821+0000] {processor.py:161} INFO - Started process (PID=250) to work on /opt/airflow/dags/pakakumi_scraper.py
[2026-01-03T14:21:29.822+0000] {processor.py:830} INFO - Processing file /opt/airflow/dags/pakakumi_scraper.py for tasks to queue
[2026-01-03T14:21:29.825+0000] {logging_mixin.py:188} INFO - [2026-01-03T14:21:29.825+0000] {dagbag.py:540} INFO - Filling up the DagBag from /opt/airflow/dags/pakakumi_scraper.py
[2026-01-03T14:21:29.854+0000] {processor.py:840} INFO - DAG(s) 'pakakumi_scraper' retrieved from /opt/airflow/dags/pakakumi_scraper.py
[2026-01-03T14:21:29.905+0000] {logging_mixin.py:188} INFO - [2026-01-03T14:21:29.905+0000] {dag.py:3096} INFO - Sync 1 DAGs
[2026-01-03T14:21:29.956+0000] {logging_mixin.py:188} INFO - [2026-01-03T14:21:29.955+0000] {dag.py:3954} INFO - Setting next_dagrun for pakakumi_scraper to 2026-01-03 14:00:00+00:00, run_after=2026-01-03 15:00:00+00:00
[2026-01-03T14:21:29.985+0000] {processor.py:183} INFO - Processing /opt/airflow/dags/pakakumi_scraper.py took 0.175 seconds
[2026-01-03T14:22:00.055+0000] {processor.py:161} INFO - Started process (PID=255) to work on /opt/airflow/dags/pakakumi_scraper.py
[2026-01-03T14:22:00.056+0000] {processor.py:830} INFO - Processing file /opt/airflow/dags/pakakumi_scraper.py for tasks to queue
[2026-01-03T14:22:00.059+0000] {logging_mixin.py:188} INFO - [2026-01-03T14:22:00.059+0000] {dagbag.py:540} INFO - Filling up the DagBag from /opt/airflow/dags/pakakumi_scraper.py
[2026-01-03T14:22:00.088+0000] {processor.py:840} INFO - DAG(s) 'pakakumi_scraper' retrieved from /opt/airflow/dags/pakakumi_scraper.py
[2026-01-03T14:22:00.136+0000] {logging_mixin.py:188} INFO - [2026-01-03T14:22:00.135+0000] {dag.py:3096} INFO - Sync 1 DAGs
[2026-01-03T14:22:00.177+0000] {logging_mixin.py:188} INFO - [2026-01-03T14:22:00.177+0000] {dag.py:3954} INFO - Setting next_dagrun for pakakumi_scraper to 2026-01-03 14:00:00+00:00, run_after=2026-01-03 15:00:00+00:00
[2026-01-03T14:22:00.207+0000] {processor.py:183} INFO - Processing /opt/airflow/dags/pakakumi_scraper.py took 0.164 seconds
[2026-01-03T14:22:30.444+0000] {processor.py:161} INFO - Started process (PID=260) to work on /opt/airflow/dags/pakakumi_scraper.py
[2026-01-03T14:22:30.446+0000] {processor.py:830} INFO - Processing file /opt/airflow/dags/pakakumi_scraper.py for tasks to queue
[2026-01-03T14:22:30.449+0000] {logging_mixin.py:188} INFO - [2026-01-03T14:22:30.448+0000] {dagbag.py:540} INFO - Filling up the DagBag from /opt/airflow/dags/pakakumi_scraper.py
[2026-01-03T14:22:30.477+0000] {processor.py:840} INFO - DAG(s) 'pakakumi_scraper' retrieved from /opt/airflow/dags/pakakumi_scraper.py
[2026-01-03T14:22:30.521+0000] {logging_mixin.py:188} INFO - [2026-01-03T14:22:30.521+0000] {dag.py:3096} INFO - Sync 1 DAGs
[2026-01-03T14:22:30.557+0000] {logging_mixin.py:188} INFO - [2026-01-03T14:22:30.557+0000] {dag.py:3954} INFO - Setting next_dagrun for pakakumi_scraper to 2026-01-03 14:00:00+00:00, run_after=2026-01-03 15:00:00+00:00
[2026-01-03T14:22:30.584+0000] {processor.py:183} INFO - Processing /opt/airflow/dags/pakakumi_scraper.py took 0.149 seconds
[2026-01-03T14:23:00.688+0000] {processor.py:161} INFO - Started process (PID=265) to work on /opt/airflow/dags/pakakumi_scraper.py
[2026-01-03T14:23:00.690+0000] {processor.py:830} INFO - Processing file /opt/airflow/dags/pakakumi_scraper.py for tasks to queue
[2026-01-03T14:23:00.695+0000] {logging_mixin.py:188} INFO - [2026-01-03T14:23:00.694+0000] {dagbag.py:540} INFO - Filling up the DagBag from /opt/airflow/dags/pakakumi_scraper.py
[2026-01-03T14:23:00.731+0000] {processor.py:840} INFO - DAG(s) 'pakakumi_scraper' retrieved from /opt/airflow/dags/pakakumi_scraper.py
[2026-01-03T14:23:00.801+0000] {logging_mixin.py:188} INFO - [2026-01-03T14:23:00.801+0000] {dag.py:3096} INFO - Sync 1 DAGs
[2026-01-03T14:23:00.875+0000] {logging_mixin.py:188} INFO - [2026-01-03T14:23:00.875+0000] {dag.py:3954} INFO - Setting next_dagrun for pakakumi_scraper to 2026-01-03 14:00:00+00:00, run_after=2026-01-03 15:00:00+00:00
[2026-01-03T14:23:00.920+0000] {processor.py:183} INFO - Processing /opt/airflow/dags/pakakumi_scraper.py took 0.246 seconds
[2026-01-03T14:23:31.078+0000] {processor.py:161} INFO - Started process (PID=270) to work on /opt/airflow/dags/pakakumi_scraper.py
[2026-01-03T14:23:31.080+0000] {processor.py:830} INFO - Processing file /opt/airflow/dags/pakakumi_scraper.py for tasks to queue
[2026-01-03T14:23:31.083+0000] {logging_mixin.py:188} INFO - [2026-01-03T14:23:31.083+0000] {dagbag.py:540} INFO - Filling up the DagBag from /opt/airflow/dags/pakakumi_scraper.py
[2026-01-03T14:23:31.119+0000] {processor.py:840} INFO - DAG(s) 'pakakumi_scraper' retrieved from /opt/airflow/dags/pakakumi_scraper.py
[2026-01-03T14:23:31.166+0000] {logging_mixin.py:188} INFO - [2026-01-03T14:23:31.166+0000] {dag.py:3096} INFO - Sync 1 DAGs
[2026-01-03T14:23:31.228+0000] {logging_mixin.py:188} INFO - [2026-01-03T14:23:31.228+0000] {dag.py:3954} INFO - Setting next_dagrun for pakakumi_scraper to 2026-01-03 14:00:00+00:00, run_after=2026-01-03 15:00:00+00:00
[2026-01-03T14:23:31.257+0000] {processor.py:183} INFO - Processing /opt/airflow/dags/pakakumi_scraper.py took 0.191 seconds
[2026-01-03T14:24:01.396+0000] {processor.py:161} INFO - Started process (PID=275) to work on /opt/airflow/dags/pakakumi_scraper.py
[2026-01-03T14:24:01.398+0000] {processor.py:830} INFO - Processing file /opt/airflow/dags/pakakumi_scraper.py for tasks to queue
[2026-01-03T14:24:01.401+0000] {logging_mixin.py:188} INFO - [2026-01-03T14:24:01.400+0000] {dagbag.py:540} INFO - Filling up the DagBag from /opt/airflow/dags/pakakumi_scraper.py
[2026-01-03T14:24:01.430+0000] {processor.py:840} INFO - DAG(s) 'pakakumi_scraper' retrieved from /opt/airflow/dags/pakakumi_scraper.py
[2026-01-03T14:24:01.479+0000] {logging_mixin.py:188} INFO - [2026-01-03T14:24:01.478+0000] {dag.py:3096} INFO - Sync 1 DAGs
[2026-01-03T14:24:01.514+0000] {logging_mixin.py:188} INFO - [2026-01-03T14:24:01.514+0000] {dag.py:3954} INFO - Setting next_dagrun for pakakumi_scraper to 2026-01-03 14:00:00+00:00, run_after=2026-01-03 15:00:00+00:00
[2026-01-03T14:24:01.542+0000] {processor.py:183} INFO - Processing /opt/airflow/dags/pakakumi_scraper.py took 0.158 seconds
[2026-01-03T14:24:31.707+0000] {processor.py:161} INFO - Started process (PID=280) to work on /opt/airflow/dags/pakakumi_scraper.py
[2026-01-03T14:24:31.709+0000] {processor.py:830} INFO - Processing file /opt/airflow/dags/pakakumi_scraper.py for tasks to queue
[2026-01-03T14:24:31.712+0000] {logging_mixin.py:188} INFO - [2026-01-03T14:24:31.711+0000] {dagbag.py:540} INFO - Filling up the DagBag from /opt/airflow/dags/pakakumi_scraper.py
[2026-01-03T14:24:31.778+0000] {processor.py:840} INFO - DAG(s) 'pakakumi_scraper' retrieved from /opt/airflow/dags/pakakumi_scraper.py
[2026-01-03T14:24:31.824+0000] {logging_mixin.py:188} INFO - [2026-01-03T14:24:31.824+0000] {dag.py:3096} INFO - Sync 1 DAGs
[2026-01-03T14:24:31.857+0000] {logging_mixin.py:188} INFO - [2026-01-03T14:24:31.856+0000] {dag.py:3954} INFO - Setting next_dagrun for pakakumi_scraper to 2026-01-03 14:00:00+00:00, run_after=2026-01-03 15:00:00+00:00
[2026-01-03T14:24:31.879+0000] {processor.py:183} INFO - Processing /opt/airflow/dags/pakakumi_scraper.py took 0.181 seconds
[2026-01-03T14:25:02.060+0000] {processor.py:161} INFO - Started process (PID=285) to work on /opt/airflow/dags/pakakumi_scraper.py
[2026-01-03T14:25:02.062+0000] {processor.py:830} INFO - Processing file /opt/airflow/dags/pakakumi_scraper.py for tasks to queue
[2026-01-03T14:25:02.065+0000] {logging_mixin.py:188} INFO - [2026-01-03T14:25:02.064+0000] {dagbag.py:540} INFO - Filling up the DagBag from /opt/airflow/dags/pakakumi_scraper.py
[2026-01-03T14:25:02.094+0000] {processor.py:840} INFO - DAG(s) 'pakakumi_scraper' retrieved from /opt/airflow/dags/pakakumi_scraper.py
[2026-01-03T14:25:02.135+0000] {logging_mixin.py:188} INFO - [2026-01-03T14:25:02.135+0000] {dag.py:3096} INFO - Sync 1 DAGs
[2026-01-03T14:25:02.170+0000] {logging_mixin.py:188} INFO - [2026-01-03T14:25:02.170+0000] {dag.py:3954} INFO - Setting next_dagrun for pakakumi_scraper to 2026-01-03 14:00:00+00:00, run_after=2026-01-03 15:00:00+00:00
[2026-01-03T14:25:02.194+0000] {processor.py:183} INFO - Processing /opt/airflow/dags/pakakumi_scraper.py took 0.143 seconds
[2026-01-03T14:25:32.366+0000] {processor.py:161} INFO - Started process (PID=290) to work on /opt/airflow/dags/pakakumi_scraper.py
[2026-01-03T14:25:32.368+0000] {processor.py:830} INFO - Processing file /opt/airflow/dags/pakakumi_scraper.py for tasks to queue
[2026-01-03T14:25:32.371+0000] {logging_mixin.py:188} INFO - [2026-01-03T14:25:32.371+0000] {dagbag.py:540} INFO - Filling up the DagBag from /opt/airflow/dags/pakakumi_scraper.py
[2026-01-03T14:25:32.400+0000] {processor.py:840} INFO - DAG(s) 'pakakumi_scraper' retrieved from /opt/airflow/dags/pakakumi_scraper.py
[2026-01-03T14:25:32.442+0000] {logging_mixin.py:188} INFO - [2026-01-03T14:25:32.442+0000] {dag.py:3096} INFO - Sync 1 DAGs
[2026-01-03T14:25:32.476+0000] {logging_mixin.py:188} INFO - [2026-01-03T14:25:32.476+0000] {dag.py:3954} INFO - Setting next_dagrun for pakakumi_scraper to 2026-01-03 14:00:00+00:00, run_after=2026-01-03 15:00:00+00:00
[2026-01-03T14:25:32.503+0000] {processor.py:183} INFO - Processing /opt/airflow/dags/pakakumi_scraper.py took 0.150 seconds
[2026-01-03T14:26:02.719+0000] {processor.py:161} INFO - Started process (PID=295) to work on /opt/airflow/dags/pakakumi_scraper.py
[2026-01-03T14:26:02.721+0000] {processor.py:830} INFO - Processing file /opt/airflow/dags/pakakumi_scraper.py for tasks to queue
[2026-01-03T14:26:02.723+0000] {logging_mixin.py:188} INFO - [2026-01-03T14:26:02.723+0000] {dagbag.py:540} INFO - Filling up the DagBag from /opt/airflow/dags/pakakumi_scraper.py
[2026-01-03T14:26:02.759+0000] {processor.py:840} INFO - DAG(s) 'pakakumi_scraper' retrieved from /opt/airflow/dags/pakakumi_scraper.py
[2026-01-03T14:26:02.817+0000] {logging_mixin.py:188} INFO - [2026-01-03T14:26:02.817+0000] {dag.py:3096} INFO - Sync 1 DAGs
[2026-01-03T14:26:02.861+0000] {logging_mixin.py:188} INFO - [2026-01-03T14:26:02.861+0000] {dag.py:3954} INFO - Setting next_dagrun for pakakumi_scraper to 2026-01-03 14:00:00+00:00, run_after=2026-01-03 15:00:00+00:00
[2026-01-03T14:26:02.885+0000] {processor.py:183} INFO - Processing /opt/airflow/dags/pakakumi_scraper.py took 0.177 seconds
[2026-01-03T14:26:33.030+0000] {processor.py:161} INFO - Started process (PID=300) to work on /opt/airflow/dags/pakakumi_scraper.py
[2026-01-03T14:26:33.032+0000] {processor.py:830} INFO - Processing file /opt/airflow/dags/pakakumi_scraper.py for tasks to queue
[2026-01-03T14:26:33.035+0000] {logging_mixin.py:188} INFO - [2026-01-03T14:26:33.035+0000] {dagbag.py:540} INFO - Filling up the DagBag from /opt/airflow/dags/pakakumi_scraper.py
[2026-01-03T14:26:33.064+0000] {processor.py:840} INFO - DAG(s) 'pakakumi_scraper' retrieved from /opt/airflow/dags/pakakumi_scraper.py
[2026-01-03T14:26:33.117+0000] {logging_mixin.py:188} INFO - [2026-01-03T14:26:33.117+0000] {dag.py:3096} INFO - Sync 1 DAGs
[2026-01-03T14:26:33.156+0000] {logging_mixin.py:188} INFO - [2026-01-03T14:26:33.156+0000] {dag.py:3954} INFO - Setting next_dagrun for pakakumi_scraper to 2026-01-03 14:00:00+00:00, run_after=2026-01-03 15:00:00+00:00
[2026-01-03T14:26:33.183+0000] {processor.py:183} INFO - Processing /opt/airflow/dags/pakakumi_scraper.py took 0.163 seconds
[2026-01-03T14:27:03.360+0000] {processor.py:161} INFO - Started process (PID=305) to work on /opt/airflow/dags/pakakumi_scraper.py
[2026-01-03T14:27:03.362+0000] {processor.py:830} INFO - Processing file /opt/airflow/dags/pakakumi_scraper.py for tasks to queue
[2026-01-03T14:27:03.367+0000] {logging_mixin.py:188} INFO - [2026-01-03T14:27:03.364+0000] {dagbag.py:540} INFO - Filling up the DagBag from /opt/airflow/dags/pakakumi_scraper.py
[2026-01-03T14:27:03.405+0000] {processor.py:840} INFO - DAG(s) 'pakakumi_scraper' retrieved from /opt/airflow/dags/pakakumi_scraper.py
[2026-01-03T14:27:03.458+0000] {logging_mixin.py:188} INFO - [2026-01-03T14:27:03.458+0000] {dag.py:3096} INFO - Sync 1 DAGs
[2026-01-03T14:27:03.499+0000] {logging_mixin.py:188} INFO - [2026-01-03T14:27:03.498+0000] {dag.py:3954} INFO - Setting next_dagrun for pakakumi_scraper to 2026-01-03 14:00:00+00:00, run_after=2026-01-03 15:00:00+00:00
[2026-01-03T14:27:03.540+0000] {processor.py:183} INFO - Processing /opt/airflow/dags/pakakumi_scraper.py took 0.191 seconds
[2026-01-03T14:27:33.700+0000] {processor.py:161} INFO - Started process (PID=310) to work on /opt/airflow/dags/pakakumi_scraper.py
[2026-01-03T14:27:33.702+0000] {processor.py:830} INFO - Processing file /opt/airflow/dags/pakakumi_scraper.py for tasks to queue
[2026-01-03T14:27:33.706+0000] {logging_mixin.py:188} INFO - [2026-01-03T14:27:33.705+0000] {dagbag.py:540} INFO - Filling up the DagBag from /opt/airflow/dags/pakakumi_scraper.py
[2026-01-03T14:27:33.735+0000] {processor.py:840} INFO - DAG(s) 'pakakumi_scraper' retrieved from /opt/airflow/dags/pakakumi_scraper.py
[2026-01-03T14:27:33.782+0000] {logging_mixin.py:188} INFO - [2026-01-03T14:27:33.782+0000] {dag.py:3096} INFO - Sync 1 DAGs
[2026-01-03T14:27:33.828+0000] {logging_mixin.py:188} INFO - [2026-01-03T14:27:33.828+0000] {dag.py:3954} INFO - Setting next_dagrun for pakakumi_scraper to 2026-01-03 14:00:00+00:00, run_after=2026-01-03 15:00:00+00:00
[2026-01-03T14:27:33.855+0000] {processor.py:183} INFO - Processing /opt/airflow/dags/pakakumi_scraper.py took 0.177 seconds
[2026-01-03T14:28:04.070+0000] {processor.py:161} INFO - Started process (PID=315) to work on /opt/airflow/dags/pakakumi_scraper.py
[2026-01-03T14:28:04.072+0000] {processor.py:830} INFO - Processing file /opt/airflow/dags/pakakumi_scraper.py for tasks to queue
[2026-01-03T14:28:04.074+0000] {logging_mixin.py:188} INFO - [2026-01-03T14:28:04.074+0000] {dagbag.py:540} INFO - Filling up the DagBag from /opt/airflow/dags/pakakumi_scraper.py
[2026-01-03T14:28:04.109+0000] {processor.py:840} INFO - DAG(s) 'pakakumi_scraper' retrieved from /opt/airflow/dags/pakakumi_scraper.py
[2026-01-03T14:28:04.163+0000] {logging_mixin.py:188} INFO - [2026-01-03T14:28:04.163+0000] {dag.py:3096} INFO - Sync 1 DAGs
[2026-01-03T14:28:04.218+0000] {logging_mixin.py:188} INFO - [2026-01-03T14:28:04.218+0000] {dag.py:3954} INFO - Setting next_dagrun for pakakumi_scraper to 2026-01-03 14:00:00+00:00, run_after=2026-01-03 15:00:00+00:00
[2026-01-03T14:28:04.256+0000] {processor.py:183} INFO - Processing /opt/airflow/dags/pakakumi_scraper.py took 0.196 seconds
[2026-01-03T14:28:34.339+0000] {processor.py:161} INFO - Started process (PID=320) to work on /opt/airflow/dags/pakakumi_scraper.py
[2026-01-03T14:28:34.341+0000] {processor.py:830} INFO - Processing file /opt/airflow/dags/pakakumi_scraper.py for tasks to queue
[2026-01-03T14:28:34.345+0000] {logging_mixin.py:188} INFO - [2026-01-03T14:28:34.344+0000] {dagbag.py:540} INFO - Filling up the DagBag from /opt/airflow/dags/pakakumi_scraper.py
[2026-01-03T14:28:34.381+0000] {processor.py:840} INFO - DAG(s) 'pakakumi_scraper' retrieved from /opt/airflow/dags/pakakumi_scraper.py
[2026-01-03T14:28:34.432+0000] {logging_mixin.py:188} INFO - [2026-01-03T14:28:34.431+0000] {dag.py:3096} INFO - Sync 1 DAGs
[2026-01-03T14:28:34.478+0000] {logging_mixin.py:188} INFO - [2026-01-03T14:28:34.478+0000] {dag.py:3954} INFO - Setting next_dagrun for pakakumi_scraper to 2026-01-03 14:00:00+00:00, run_after=2026-01-03 15:00:00+00:00
[2026-01-03T14:28:34.513+0000] {processor.py:183} INFO - Processing /opt/airflow/dags/pakakumi_scraper.py took 0.186 seconds
[2026-01-03T14:29:04.721+0000] {processor.py:161} INFO - Started process (PID=325) to work on /opt/airflow/dags/pakakumi_scraper.py
[2026-01-03T14:29:04.724+0000] {processor.py:830} INFO - Processing file /opt/airflow/dags/pakakumi_scraper.py for tasks to queue
[2026-01-03T14:29:04.727+0000] {logging_mixin.py:188} INFO - [2026-01-03T14:29:04.727+0000] {dagbag.py:540} INFO - Filling up the DagBag from /opt/airflow/dags/pakakumi_scraper.py
[2026-01-03T14:29:04.787+0000] {processor.py:840} INFO - DAG(s) 'pakakumi_scraper' retrieved from /opt/airflow/dags/pakakumi_scraper.py
[2026-01-03T14:29:04.865+0000] {logging_mixin.py:188} INFO - [2026-01-03T14:29:04.864+0000] {dag.py:3096} INFO - Sync 1 DAGs
[2026-01-03T14:29:04.945+0000] {logging_mixin.py:188} INFO - [2026-01-03T14:29:04.944+0000] {dag.py:3954} INFO - Setting next_dagrun for pakakumi_scraper to 2026-01-03 14:00:00+00:00, run_after=2026-01-03 15:00:00+00:00
[2026-01-03T14:29:04.998+0000] {processor.py:183} INFO - Processing /opt/airflow/dags/pakakumi_scraper.py took 0.302 seconds
[2026-01-03T14:29:35.266+0000] {processor.py:161} INFO - Started process (PID=330) to work on /opt/airflow/dags/pakakumi_scraper.py
[2026-01-03T14:29:35.267+0000] {processor.py:830} INFO - Processing file /opt/airflow/dags/pakakumi_scraper.py for tasks to queue
[2026-01-03T14:29:35.271+0000] {logging_mixin.py:188} INFO - [2026-01-03T14:29:35.270+0000] {dagbag.py:540} INFO - Filling up the DagBag from /opt/airflow/dags/pakakumi_scraper.py
[2026-01-03T14:29:35.307+0000] {processor.py:840} INFO - DAG(s) 'pakakumi_scraper' retrieved from /opt/airflow/dags/pakakumi_scraper.py
[2026-01-03T14:29:35.366+0000] {logging_mixin.py:188} INFO - [2026-01-03T14:29:35.365+0000] {dag.py:3096} INFO - Sync 1 DAGs
[2026-01-03T14:29:35.424+0000] {logging_mixin.py:188} INFO - [2026-01-03T14:29:35.423+0000] {dag.py:3954} INFO - Setting next_dagrun for pakakumi_scraper to 2026-01-03 14:00:00+00:00, run_after=2026-01-03 15:00:00+00:00
[2026-01-03T14:29:35.463+0000] {processor.py:183} INFO - Processing /opt/airflow/dags/pakakumi_scraper.py took 0.208 seconds
[2026-01-03T14:30:05.538+0000] {processor.py:161} INFO - Started process (PID=335) to work on /opt/airflow/dags/pakakumi_scraper.py
[2026-01-03T14:30:05.541+0000] {processor.py:830} INFO - Processing file /opt/airflow/dags/pakakumi_scraper.py for tasks to queue
[2026-01-03T14:30:05.545+0000] {logging_mixin.py:188} INFO - [2026-01-03T14:30:05.545+0000] {dagbag.py:540} INFO - Filling up the DagBag from /opt/airflow/dags/pakakumi_scraper.py
[2026-01-03T14:30:05.582+0000] {processor.py:840} INFO - DAG(s) 'pakakumi_scraper' retrieved from /opt/airflow/dags/pakakumi_scraper.py
[2026-01-03T14:30:05.633+0000] {logging_mixin.py:188} INFO - [2026-01-03T14:30:05.632+0000] {dag.py:3096} INFO - Sync 1 DAGs
[2026-01-03T14:30:05.735+0000] {logging_mixin.py:188} INFO - [2026-01-03T14:30:05.735+0000] {dag.py:3954} INFO - Setting next_dagrun for pakakumi_scraper to 2026-01-03 14:00:00+00:00, run_after=2026-01-03 15:00:00+00:00
[2026-01-03T14:30:05.769+0000] {processor.py:183} INFO - Processing /opt/airflow/dags/pakakumi_scraper.py took 0.243 seconds
[2026-01-03T14:30:35.999+0000] {processor.py:161} INFO - Started process (PID=340) to work on /opt/airflow/dags/pakakumi_scraper.py
[2026-01-03T14:30:36.001+0000] {processor.py:830} INFO - Processing file /opt/airflow/dags/pakakumi_scraper.py for tasks to queue
[2026-01-03T14:30:36.004+0000] {logging_mixin.py:188} INFO - [2026-01-03T14:30:36.004+0000] {dagbag.py:540} INFO - Filling up the DagBag from /opt/airflow/dags/pakakumi_scraper.py
[2026-01-03T14:30:36.036+0000] {processor.py:840} INFO - DAG(s) 'pakakumi_scraper' retrieved from /opt/airflow/dags/pakakumi_scraper.py
[2026-01-03T14:30:36.092+0000] {logging_mixin.py:188} INFO - [2026-01-03T14:30:36.092+0000] {dag.py:3096} INFO - Sync 1 DAGs
[2026-01-03T14:30:36.142+0000] {logging_mixin.py:188} INFO - [2026-01-03T14:30:36.142+0000] {dag.py:3954} INFO - Setting next_dagrun for pakakumi_scraper to 2026-01-03 14:00:00+00:00, run_after=2026-01-03 15:00:00+00:00
[2026-01-03T14:30:36.188+0000] {processor.py:183} INFO - Processing /opt/airflow/dags/pakakumi_scraper.py took 0.202 seconds
[2026-01-03T14:31:06.319+0000] {processor.py:161} INFO - Started process (PID=345) to work on /opt/airflow/dags/pakakumi_scraper.py
[2026-01-03T14:31:06.321+0000] {processor.py:830} INFO - Processing file /opt/airflow/dags/pakakumi_scraper.py for tasks to queue
[2026-01-03T14:31:06.324+0000] {logging_mixin.py:188} INFO - [2026-01-03T14:31:06.324+0000] {dagbag.py:540} INFO - Filling up the DagBag from /opt/airflow/dags/pakakumi_scraper.py
[2026-01-03T14:31:06.360+0000] {processor.py:840} INFO - DAG(s) 'pakakumi_scraper' retrieved from /opt/airflow/dags/pakakumi_scraper.py
[2026-01-03T14:31:06.411+0000] {logging_mixin.py:188} INFO - [2026-01-03T14:31:06.410+0000] {dag.py:3096} INFO - Sync 1 DAGs
[2026-01-03T14:31:06.466+0000] {logging_mixin.py:188} INFO - [2026-01-03T14:31:06.466+0000] {dag.py:3954} INFO - Setting next_dagrun for pakakumi_scraper to 2026-01-03 14:00:00+00:00, run_after=2026-01-03 15:00:00+00:00
[2026-01-03T14:31:06.517+0000] {processor.py:183} INFO - Processing /opt/airflow/dags/pakakumi_scraper.py took 0.211 seconds
[2026-01-03T14:31:36.715+0000] {processor.py:161} INFO - Started process (PID=350) to work on /opt/airflow/dags/pakakumi_scraper.py
[2026-01-03T14:31:36.717+0000] {processor.py:830} INFO - Processing file /opt/airflow/dags/pakakumi_scraper.py for tasks to queue
[2026-01-03T14:31:36.720+0000] {logging_mixin.py:188} INFO - [2026-01-03T14:31:36.720+0000] {dagbag.py:540} INFO - Filling up the DagBag from /opt/airflow/dags/pakakumi_scraper.py
[2026-01-03T14:31:36.760+0000] {processor.py:840} INFO - DAG(s) 'pakakumi_scraper' retrieved from /opt/airflow/dags/pakakumi_scraper.py
[2026-01-03T14:31:36.811+0000] {logging_mixin.py:188} INFO - [2026-01-03T14:31:36.811+0000] {dag.py:3096} INFO - Sync 1 DAGs
[2026-01-03T14:31:36.850+0000] {logging_mixin.py:188} INFO - [2026-01-03T14:31:36.850+0000] {dag.py:3954} INFO - Setting next_dagrun for pakakumi_scraper to 2026-01-03 14:00:00+00:00, run_after=2026-01-03 15:00:00+00:00
[2026-01-03T14:31:36.883+0000] {processor.py:183} INFO - Processing /opt/airflow/dags/pakakumi_scraper.py took 0.202 seconds
[2026-01-03T14:32:07.045+0000] {processor.py:161} INFO - Started process (PID=355) to work on /opt/airflow/dags/pakakumi_scraper.py
[2026-01-03T14:32:07.047+0000] {processor.py:830} INFO - Processing file /opt/airflow/dags/pakakumi_scraper.py for tasks to queue
[2026-01-03T14:32:07.050+0000] {logging_mixin.py:188} INFO - [2026-01-03T14:32:07.050+0000] {dagbag.py:540} INFO - Filling up the DagBag from /opt/airflow/dags/pakakumi_scraper.py
[2026-01-03T14:32:07.083+0000] {processor.py:840} INFO - DAG(s) 'pakakumi_scraper' retrieved from /opt/airflow/dags/pakakumi_scraper.py
[2026-01-03T14:32:07.135+0000] {logging_mixin.py:188} INFO - [2026-01-03T14:32:07.134+0000] {dag.py:3096} INFO - Sync 1 DAGs
[2026-01-03T14:32:07.182+0000] {logging_mixin.py:188} INFO - [2026-01-03T14:32:07.181+0000] {dag.py:3954} INFO - Setting next_dagrun for pakakumi_scraper to 2026-01-03 14:00:00+00:00, run_after=2026-01-03 15:00:00+00:00
[2026-01-03T14:32:07.215+0000] {processor.py:183} INFO - Processing /opt/airflow/dags/pakakumi_scraper.py took 0.183 seconds
[2026-01-03T14:32:37.420+0000] {processor.py:161} INFO - Started process (PID=360) to work on /opt/airflow/dags/pakakumi_scraper.py
[2026-01-03T14:32:37.422+0000] {processor.py:830} INFO - Processing file /opt/airflow/dags/pakakumi_scraper.py for tasks to queue
[2026-01-03T14:32:37.425+0000] {logging_mixin.py:188} INFO - [2026-01-03T14:32:37.425+0000] {dagbag.py:540} INFO - Filling up the DagBag from /opt/airflow/dags/pakakumi_scraper.py
[2026-01-03T14:32:37.455+0000] {processor.py:840} INFO - DAG(s) 'pakakumi_scraper' retrieved from /opt/airflow/dags/pakakumi_scraper.py
[2026-01-03T14:32:37.499+0000] {logging_mixin.py:188} INFO - [2026-01-03T14:32:37.498+0000] {dag.py:3096} INFO - Sync 1 DAGs
[2026-01-03T14:32:37.535+0000] {logging_mixin.py:188} INFO - [2026-01-03T14:32:37.535+0000] {dag.py:3954} INFO - Setting next_dagrun for pakakumi_scraper to 2026-01-03 14:00:00+00:00, run_after=2026-01-03 15:00:00+00:00
[2026-01-03T14:32:37.566+0000] {processor.py:183} INFO - Processing /opt/airflow/dags/pakakumi_scraper.py took 0.159 seconds
[2026-01-03T14:33:07.750+0000] {processor.py:161} INFO - Started process (PID=365) to work on /opt/airflow/dags/pakakumi_scraper.py
[2026-01-03T14:33:07.752+0000] {processor.py:830} INFO - Processing file /opt/airflow/dags/pakakumi_scraper.py for tasks to queue
[2026-01-03T14:33:07.757+0000] {logging_mixin.py:188} INFO - [2026-01-03T14:33:07.756+0000] {dagbag.py:540} INFO - Filling up the DagBag from /opt/airflow/dags/pakakumi_scraper.py
[2026-01-03T14:33:07.798+0000] {processor.py:840} INFO - DAG(s) 'pakakumi_scraper' retrieved from /opt/airflow/dags/pakakumi_scraper.py
[2026-01-03T14:33:07.856+0000] {logging_mixin.py:188} INFO - [2026-01-03T14:33:07.856+0000] {dag.py:3096} INFO - Sync 1 DAGs
[2026-01-03T14:33:07.907+0000] {logging_mixin.py:188} INFO - [2026-01-03T14:33:07.907+0000] {dag.py:3954} INFO - Setting next_dagrun for pakakumi_scraper to 2026-01-03 14:00:00+00:00, run_after=2026-01-03 15:00:00+00:00
[2026-01-03T14:33:07.941+0000] {processor.py:183} INFO - Processing /opt/airflow/dags/pakakumi_scraper.py took 0.203 seconds
[2026-01-03T14:33:38.015+0000] {processor.py:161} INFO - Started process (PID=370) to work on /opt/airflow/dags/pakakumi_scraper.py
[2026-01-03T14:33:38.017+0000] {processor.py:830} INFO - Processing file /opt/airflow/dags/pakakumi_scraper.py for tasks to queue
[2026-01-03T14:33:38.020+0000] {logging_mixin.py:188} INFO - [2026-01-03T14:33:38.020+0000] {dagbag.py:540} INFO - Filling up the DagBag from /opt/airflow/dags/pakakumi_scraper.py
[2026-01-03T14:33:38.048+0000] {processor.py:840} INFO - DAG(s) 'pakakumi_scraper' retrieved from /opt/airflow/dags/pakakumi_scraper.py
[2026-01-03T14:33:38.097+0000] {logging_mixin.py:188} INFO - [2026-01-03T14:33:38.096+0000] {dag.py:3096} INFO - Sync 1 DAGs
[2026-01-03T14:33:38.137+0000] {logging_mixin.py:188} INFO - [2026-01-03T14:33:38.137+0000] {dag.py:3954} INFO - Setting next_dagrun for pakakumi_scraper to 2026-01-03 14:00:00+00:00, run_after=2026-01-03 15:00:00+00:00
[2026-01-03T14:33:38.166+0000] {processor.py:183} INFO - Processing /opt/airflow/dags/pakakumi_scraper.py took 0.161 seconds
[2026-01-03T14:34:08.434+0000] {processor.py:161} INFO - Started process (PID=375) to work on /opt/airflow/dags/pakakumi_scraper.py
[2026-01-03T14:34:08.436+0000] {processor.py:830} INFO - Processing file /opt/airflow/dags/pakakumi_scraper.py for tasks to queue
[2026-01-03T14:34:08.439+0000] {logging_mixin.py:188} INFO - [2026-01-03T14:34:08.438+0000] {dagbag.py:540} INFO - Filling up the DagBag from /opt/airflow/dags/pakakumi_scraper.py
[2026-01-03T14:34:08.466+0000] {processor.py:840} INFO - DAG(s) 'pakakumi_scraper' retrieved from /opt/airflow/dags/pakakumi_scraper.py
[2026-01-03T14:34:08.506+0000] {logging_mixin.py:188} INFO - [2026-01-03T14:34:08.506+0000] {dag.py:3096} INFO - Sync 1 DAGs
[2026-01-03T14:34:08.538+0000] {logging_mixin.py:188} INFO - [2026-01-03T14:34:08.538+0000] {dag.py:3954} INFO - Setting next_dagrun for pakakumi_scraper to 2026-01-03 14:00:00+00:00, run_after=2026-01-03 15:00:00+00:00
[2026-01-03T14:34:08.565+0000] {processor.py:183} INFO - Processing /opt/airflow/dags/pakakumi_scraper.py took 0.140 seconds
[2026-01-03T14:34:38.677+0000] {processor.py:161} INFO - Started process (PID=380) to work on /opt/airflow/dags/pakakumi_scraper.py
[2026-01-03T14:34:38.678+0000] {processor.py:830} INFO - Processing file /opt/airflow/dags/pakakumi_scraper.py for tasks to queue
[2026-01-03T14:34:38.681+0000] {logging_mixin.py:188} INFO - [2026-01-03T14:34:38.680+0000] {dagbag.py:540} INFO - Filling up the DagBag from /opt/airflow/dags/pakakumi_scraper.py
[2026-01-03T14:34:38.706+0000] {processor.py:840} INFO - DAG(s) 'pakakumi_scraper' retrieved from /opt/airflow/dags/pakakumi_scraper.py
[2026-01-03T14:34:38.749+0000] {logging_mixin.py:188} INFO - [2026-01-03T14:34:38.749+0000] {dag.py:3096} INFO - Sync 1 DAGs
[2026-01-03T14:34:38.785+0000] {logging_mixin.py:188} INFO - [2026-01-03T14:34:38.785+0000] {dag.py:3954} INFO - Setting next_dagrun for pakakumi_scraper to 2026-01-03 14:00:00+00:00, run_after=2026-01-03 15:00:00+00:00
[2026-01-03T14:34:38.814+0000] {processor.py:183} INFO - Processing /opt/airflow/dags/pakakumi_scraper.py took 0.146 seconds
[2026-01-03T14:35:09.020+0000] {processor.py:161} INFO - Started process (PID=385) to work on /opt/airflow/dags/pakakumi_scraper.py
[2026-01-03T14:35:09.022+0000] {processor.py:830} INFO - Processing file /opt/airflow/dags/pakakumi_scraper.py for tasks to queue
[2026-01-03T14:35:09.025+0000] {logging_mixin.py:188} INFO - [2026-01-03T14:35:09.024+0000] {dagbag.py:540} INFO - Filling up the DagBag from /opt/airflow/dags/pakakumi_scraper.py
[2026-01-03T14:35:09.055+0000] {processor.py:840} INFO - DAG(s) 'pakakumi_scraper' retrieved from /opt/airflow/dags/pakakumi_scraper.py
[2026-01-03T14:35:09.099+0000] {logging_mixin.py:188} INFO - [2026-01-03T14:35:09.099+0000] {dag.py:3096} INFO - Sync 1 DAGs
[2026-01-03T14:35:09.135+0000] {logging_mixin.py:188} INFO - [2026-01-03T14:35:09.134+0000] {dag.py:3954} INFO - Setting next_dagrun for pakakumi_scraper to 2026-01-03 14:00:00+00:00, run_after=2026-01-03 15:00:00+00:00
[2026-01-03T14:35:09.166+0000] {processor.py:183} INFO - Processing /opt/airflow/dags/pakakumi_scraper.py took 0.157 seconds
[2026-01-03T14:35:39.333+0000] {processor.py:161} INFO - Started process (PID=390) to work on /opt/airflow/dags/pakakumi_scraper.py
[2026-01-03T14:35:39.335+0000] {processor.py:830} INFO - Processing file /opt/airflow/dags/pakakumi_scraper.py for tasks to queue
[2026-01-03T14:35:39.337+0000] {logging_mixin.py:188} INFO - [2026-01-03T14:35:39.337+0000] {dagbag.py:540} INFO - Filling up the DagBag from /opt/airflow/dags/pakakumi_scraper.py
[2026-01-03T14:35:39.363+0000] {processor.py:840} INFO - DAG(s) 'pakakumi_scraper' retrieved from /opt/airflow/dags/pakakumi_scraper.py
[2026-01-03T14:35:39.406+0000] {logging_mixin.py:188} INFO - [2026-01-03T14:35:39.406+0000] {dag.py:3096} INFO - Sync 1 DAGs
[2026-01-03T14:35:39.441+0000] {logging_mixin.py:188} INFO - [2026-01-03T14:35:39.441+0000] {dag.py:3954} INFO - Setting next_dagrun for pakakumi_scraper to 2026-01-03 14:00:00+00:00, run_after=2026-01-03 15:00:00+00:00
[2026-01-03T14:35:39.469+0000] {processor.py:183} INFO - Processing /opt/airflow/dags/pakakumi_scraper.py took 0.153 seconds
[2026-01-03T14:36:09.648+0000] {processor.py:161} INFO - Started process (PID=395) to work on /opt/airflow/dags/pakakumi_scraper.py
[2026-01-03T14:36:09.650+0000] {processor.py:830} INFO - Processing file /opt/airflow/dags/pakakumi_scraper.py for tasks to queue
[2026-01-03T14:36:09.653+0000] {logging_mixin.py:188} INFO - [2026-01-03T14:36:09.652+0000] {dagbag.py:540} INFO - Filling up the DagBag from /opt/airflow/dags/pakakumi_scraper.py
[2026-01-03T14:36:09.679+0000] {processor.py:840} INFO - DAG(s) 'pakakumi_scraper' retrieved from /opt/airflow/dags/pakakumi_scraper.py
[2026-01-03T14:36:09.722+0000] {logging_mixin.py:188} INFO - [2026-01-03T14:36:09.721+0000] {dag.py:3096} INFO - Sync 1 DAGs
[2026-01-03T14:36:09.756+0000] {logging_mixin.py:188} INFO - [2026-01-03T14:36:09.756+0000] {dag.py:3954} INFO - Setting next_dagrun for pakakumi_scraper to 2026-01-03 14:00:00+00:00, run_after=2026-01-03 15:00:00+00:00
[2026-01-03T14:36:09.787+0000] {processor.py:183} INFO - Processing /opt/airflow/dags/pakakumi_scraper.py took 0.149 seconds
[2026-01-03T14:36:39.909+0000] {processor.py:161} INFO - Started process (PID=400) to work on /opt/airflow/dags/pakakumi_scraper.py
[2026-01-03T14:36:39.911+0000] {processor.py:830} INFO - Processing file /opt/airflow/dags/pakakumi_scraper.py for tasks to queue
[2026-01-03T14:36:39.914+0000] {logging_mixin.py:188} INFO - [2026-01-03T14:36:39.914+0000] {dagbag.py:540} INFO - Filling up the DagBag from /opt/airflow/dags/pakakumi_scraper.py
[2026-01-03T14:36:39.944+0000] {processor.py:840} INFO - DAG(s) 'pakakumi_scraper' retrieved from /opt/airflow/dags/pakakumi_scraper.py
[2026-01-03T14:36:39.989+0000] {logging_mixin.py:188} INFO - [2026-01-03T14:36:39.989+0000] {dag.py:3096} INFO - Sync 1 DAGs
[2026-01-03T14:36:40.022+0000] {logging_mixin.py:188} INFO - [2026-01-03T14:36:40.022+0000] {dag.py:3954} INFO - Setting next_dagrun for pakakumi_scraper to 2026-01-03 14:00:00+00:00, run_after=2026-01-03 15:00:00+00:00
[2026-01-03T14:36:40.058+0000] {processor.py:183} INFO - Processing /opt/airflow/dags/pakakumi_scraper.py took 0.158 seconds
[2026-01-03T14:37:10.297+0000] {processor.py:161} INFO - Started process (PID=405) to work on /opt/airflow/dags/pakakumi_scraper.py
[2026-01-03T14:37:10.299+0000] {processor.py:830} INFO - Processing file /opt/airflow/dags/pakakumi_scraper.py for tasks to queue
[2026-01-03T14:37:10.302+0000] {logging_mixin.py:188} INFO - [2026-01-03T14:37:10.301+0000] {dagbag.py:540} INFO - Filling up the DagBag from /opt/airflow/dags/pakakumi_scraper.py
[2026-01-03T14:37:10.334+0000] {processor.py:840} INFO - DAG(s) 'pakakumi_scraper' retrieved from /opt/airflow/dags/pakakumi_scraper.py
[2026-01-03T14:37:10.396+0000] {logging_mixin.py:188} INFO - [2026-01-03T14:37:10.395+0000] {dag.py:3096} INFO - Sync 1 DAGs
[2026-01-03T14:37:10.447+0000] {logging_mixin.py:188} INFO - [2026-01-03T14:37:10.447+0000] {dag.py:3954} INFO - Setting next_dagrun for pakakumi_scraper to 2026-01-03 14:00:00+00:00, run_after=2026-01-03 15:00:00+00:00
[2026-01-03T14:37:10.472+0000] {processor.py:183} INFO - Processing /opt/airflow/dags/pakakumi_scraper.py took 0.188 seconds
[2026-01-03T14:37:40.540+0000] {processor.py:161} INFO - Started process (PID=410) to work on /opt/airflow/dags/pakakumi_scraper.py
[2026-01-03T14:37:40.541+0000] {processor.py:830} INFO - Processing file /opt/airflow/dags/pakakumi_scraper.py for tasks to queue
[2026-01-03T14:37:40.544+0000] {logging_mixin.py:188} INFO - [2026-01-03T14:37:40.544+0000] {dagbag.py:540} INFO - Filling up the DagBag from /opt/airflow/dags/pakakumi_scraper.py
[2026-01-03T14:37:40.570+0000] {processor.py:840} INFO - DAG(s) 'pakakumi_scraper' retrieved from /opt/airflow/dags/pakakumi_scraper.py
[2026-01-03T14:37:40.613+0000] {logging_mixin.py:188} INFO - [2026-01-03T14:37:40.612+0000] {dag.py:3096} INFO - Sync 1 DAGs
[2026-01-03T14:37:40.646+0000] {logging_mixin.py:188} INFO - [2026-01-03T14:37:40.646+0000] {dag.py:3954} INFO - Setting next_dagrun for pakakumi_scraper to 2026-01-03 14:00:00+00:00, run_after=2026-01-03 15:00:00+00:00
[2026-01-03T14:37:40.675+0000] {processor.py:183} INFO - Processing /opt/airflow/dags/pakakumi_scraper.py took 0.146 seconds
[2026-01-03T14:38:10.885+0000] {processor.py:161} INFO - Started process (PID=415) to work on /opt/airflow/dags/pakakumi_scraper.py
[2026-01-03T14:38:10.887+0000] {processor.py:830} INFO - Processing file /opt/airflow/dags/pakakumi_scraper.py for tasks to queue
[2026-01-03T14:38:10.889+0000] {logging_mixin.py:188} INFO - [2026-01-03T14:38:10.889+0000] {dagbag.py:540} INFO - Filling up the DagBag from /opt/airflow/dags/pakakumi_scraper.py
[2026-01-03T14:38:10.918+0000] {processor.py:840} INFO - DAG(s) 'pakakumi_scraper' retrieved from /opt/airflow/dags/pakakumi_scraper.py
[2026-01-03T14:38:10.961+0000] {logging_mixin.py:188} INFO - [2026-01-03T14:38:10.960+0000] {dag.py:3096} INFO - Sync 1 DAGs
[2026-01-03T14:38:10.997+0000] {logging_mixin.py:188} INFO - [2026-01-03T14:38:10.997+0000] {dag.py:3954} INFO - Setting next_dagrun for pakakumi_scraper to 2026-01-03 14:00:00+00:00, run_after=2026-01-03 15:00:00+00:00
[2026-01-03T14:38:11.026+0000] {processor.py:183} INFO - Processing /opt/airflow/dags/pakakumi_scraper.py took 0.150 seconds
[2026-01-03T14:38:41.234+0000] {processor.py:161} INFO - Started process (PID=420) to work on /opt/airflow/dags/pakakumi_scraper.py
[2026-01-03T14:38:41.237+0000] {processor.py:830} INFO - Processing file /opt/airflow/dags/pakakumi_scraper.py for tasks to queue
[2026-01-03T14:38:41.240+0000] {logging_mixin.py:188} INFO - [2026-01-03T14:38:41.239+0000] {dagbag.py:540} INFO - Filling up the DagBag from /opt/airflow/dags/pakakumi_scraper.py
[2026-01-03T14:38:41.269+0000] {processor.py:840} INFO - DAG(s) 'pakakumi_scraper' retrieved from /opt/airflow/dags/pakakumi_scraper.py
[2026-01-03T14:38:41.313+0000] {logging_mixin.py:188} INFO - [2026-01-03T14:38:41.313+0000] {dag.py:3096} INFO - Sync 1 DAGs
[2026-01-03T14:38:41.365+0000] {logging_mixin.py:188} INFO - [2026-01-03T14:38:41.365+0000] {dag.py:3954} INFO - Setting next_dagrun for pakakumi_scraper to 2026-01-03 14:00:00+00:00, run_after=2026-01-03 15:00:00+00:00
[2026-01-03T14:38:41.391+0000] {processor.py:183} INFO - Processing /opt/airflow/dags/pakakumi_scraper.py took 0.170 seconds
[2026-01-03T14:39:11.600+0000] {processor.py:161} INFO - Started process (PID=425) to work on /opt/airflow/dags/pakakumi_scraper.py
[2026-01-03T14:39:11.606+0000] {processor.py:830} INFO - Processing file /opt/airflow/dags/pakakumi_scraper.py for tasks to queue
[2026-01-03T14:39:11.619+0000] {logging_mixin.py:188} INFO - [2026-01-03T14:39:11.618+0000] {dagbag.py:540} INFO - Filling up the DagBag from /opt/airflow/dags/pakakumi_scraper.py
[2026-01-03T14:39:11.650+0000] {processor.py:840} INFO - DAG(s) 'pakakumi_scraper' retrieved from /opt/airflow/dags/pakakumi_scraper.py
[2026-01-03T14:39:11.693+0000] {logging_mixin.py:188} INFO - [2026-01-03T14:39:11.693+0000] {dag.py:3096} INFO - Sync 1 DAGs
[2026-01-03T14:39:11.726+0000] {logging_mixin.py:188} INFO - [2026-01-03T14:39:11.726+0000] {dag.py:3954} INFO - Setting next_dagrun for pakakumi_scraper to 2026-01-03 14:00:00+00:00, run_after=2026-01-03 15:00:00+00:00
[2026-01-03T14:39:11.755+0000] {processor.py:183} INFO - Processing /opt/airflow/dags/pakakumi_scraper.py took 0.177 seconds
[2026-01-03T14:39:41.911+0000] {processor.py:161} INFO - Started process (PID=430) to work on /opt/airflow/dags/pakakumi_scraper.py
[2026-01-03T14:39:41.912+0000] {processor.py:830} INFO - Processing file /opt/airflow/dags/pakakumi_scraper.py for tasks to queue
[2026-01-03T14:39:41.915+0000] {logging_mixin.py:188} INFO - [2026-01-03T14:39:41.915+0000] {dagbag.py:540} INFO - Filling up the DagBag from /opt/airflow/dags/pakakumi_scraper.py
[2026-01-03T14:39:41.943+0000] {processor.py:840} INFO - DAG(s) 'pakakumi_scraper' retrieved from /opt/airflow/dags/pakakumi_scraper.py
[2026-01-03T14:39:41.985+0000] {logging_mixin.py:188} INFO - [2026-01-03T14:39:41.985+0000] {dag.py:3096} INFO - Sync 1 DAGs
[2026-01-03T14:39:42.020+0000] {logging_mixin.py:188} INFO - [2026-01-03T14:39:42.020+0000] {dag.py:3954} INFO - Setting next_dagrun for pakakumi_scraper to 2026-01-03 14:00:00+00:00, run_after=2026-01-03 15:00:00+00:00
[2026-01-03T14:39:42.046+0000] {processor.py:183} INFO - Processing /opt/airflow/dags/pakakumi_scraper.py took 0.146 seconds
[2026-01-03T14:40:12.242+0000] {processor.py:161} INFO - Started process (PID=435) to work on /opt/airflow/dags/pakakumi_scraper.py
[2026-01-03T14:40:12.243+0000] {processor.py:830} INFO - Processing file /opt/airflow/dags/pakakumi_scraper.py for tasks to queue
[2026-01-03T14:40:12.246+0000] {logging_mixin.py:188} INFO - [2026-01-03T14:40:12.246+0000] {dagbag.py:540} INFO - Filling up the DagBag from /opt/airflow/dags/pakakumi_scraper.py
[2026-01-03T14:40:12.273+0000] {processor.py:840} INFO - DAG(s) 'pakakumi_scraper' retrieved from /opt/airflow/dags/pakakumi_scraper.py
[2026-01-03T14:40:12.314+0000] {logging_mixin.py:188} INFO - [2026-01-03T14:40:12.314+0000] {dag.py:3096} INFO - Sync 1 DAGs
[2026-01-03T14:40:12.346+0000] {logging_mixin.py:188} INFO - [2026-01-03T14:40:12.346+0000] {dag.py:3954} INFO - Setting next_dagrun for pakakumi_scraper to 2026-01-03 14:00:00+00:00, run_after=2026-01-03 15:00:00+00:00
[2026-01-03T14:40:12.372+0000] {processor.py:183} INFO - Processing /opt/airflow/dags/pakakumi_scraper.py took 0.139 seconds
[2026-01-03T14:40:42.549+0000] {processor.py:161} INFO - Started process (PID=440) to work on /opt/airflow/dags/pakakumi_scraper.py
[2026-01-03T14:40:42.552+0000] {processor.py:830} INFO - Processing file /opt/airflow/dags/pakakumi_scraper.py for tasks to queue
[2026-01-03T14:40:42.555+0000] {logging_mixin.py:188} INFO - [2026-01-03T14:40:42.555+0000] {dagbag.py:540} INFO - Filling up the DagBag from /opt/airflow/dags/pakakumi_scraper.py
[2026-01-03T14:40:42.585+0000] {processor.py:840} INFO - DAG(s) 'pakakumi_scraper' retrieved from /opt/airflow/dags/pakakumi_scraper.py
[2026-01-03T14:40:42.633+0000] {logging_mixin.py:188} INFO - [2026-01-03T14:40:42.633+0000] {dag.py:3096} INFO - Sync 1 DAGs
[2026-01-03T14:40:42.673+0000] {logging_mixin.py:188} INFO - [2026-01-03T14:40:42.672+0000] {dag.py:3954} INFO - Setting next_dagrun for pakakumi_scraper to 2026-01-03 14:00:00+00:00, run_after=2026-01-03 15:00:00+00:00
[2026-01-03T14:40:42.706+0000] {processor.py:183} INFO - Processing /opt/airflow/dags/pakakumi_scraper.py took 0.172 seconds
[2026-01-03T14:41:12.905+0000] {processor.py:161} INFO - Started process (PID=445) to work on /opt/airflow/dags/pakakumi_scraper.py
[2026-01-03T14:41:12.907+0000] {processor.py:830} INFO - Processing file /opt/airflow/dags/pakakumi_scraper.py for tasks to queue
[2026-01-03T14:41:12.909+0000] {logging_mixin.py:188} INFO - [2026-01-03T14:41:12.909+0000] {dagbag.py:540} INFO - Filling up the DagBag from /opt/airflow/dags/pakakumi_scraper.py
[2026-01-03T14:41:12.939+0000] {processor.py:840} INFO - DAG(s) 'pakakumi_scraper' retrieved from /opt/airflow/dags/pakakumi_scraper.py
[2026-01-03T14:41:12.981+0000] {logging_mixin.py:188} INFO - [2026-01-03T14:41:12.980+0000] {dag.py:3096} INFO - Sync 1 DAGs
[2026-01-03T14:41:13.017+0000] {logging_mixin.py:188} INFO - [2026-01-03T14:41:13.017+0000] {dag.py:3954} INFO - Setting next_dagrun for pakakumi_scraper to 2026-01-03 14:00:00+00:00, run_after=2026-01-03 15:00:00+00:00
[2026-01-03T14:41:13.043+0000] {processor.py:183} INFO - Processing /opt/airflow/dags/pakakumi_scraper.py took 0.147 seconds
[2026-01-03T14:41:43.132+0000] {processor.py:161} INFO - Started process (PID=450) to work on /opt/airflow/dags/pakakumi_scraper.py
[2026-01-03T14:41:43.134+0000] {processor.py:830} INFO - Processing file /opt/airflow/dags/pakakumi_scraper.py for tasks to queue
[2026-01-03T14:41:43.137+0000] {logging_mixin.py:188} INFO - [2026-01-03T14:41:43.137+0000] {dagbag.py:540} INFO - Filling up the DagBag from /opt/airflow/dags/pakakumi_scraper.py
[2026-01-03T14:41:43.166+0000] {processor.py:840} INFO - DAG(s) 'pakakumi_scraper' retrieved from /opt/airflow/dags/pakakumi_scraper.py
[2026-01-03T14:41:43.212+0000] {logging_mixin.py:188} INFO - [2026-01-03T14:41:43.212+0000] {dag.py:3096} INFO - Sync 1 DAGs
[2026-01-03T14:41:43.252+0000] {logging_mixin.py:188} INFO - [2026-01-03T14:41:43.251+0000] {dag.py:3954} INFO - Setting next_dagrun for pakakumi_scraper to 2026-01-03 14:00:00+00:00, run_after=2026-01-03 15:00:00+00:00
[2026-01-03T14:41:43.278+0000] {processor.py:183} INFO - Processing /opt/airflow/dags/pakakumi_scraper.py took 0.156 seconds
[2026-01-03T14:42:13.538+0000] {processor.py:161} INFO - Started process (PID=455) to work on /opt/airflow/dags/pakakumi_scraper.py
[2026-01-03T14:42:13.539+0000] {processor.py:830} INFO - Processing file /opt/airflow/dags/pakakumi_scraper.py for tasks to queue
[2026-01-03T14:42:13.542+0000] {logging_mixin.py:188} INFO - [2026-01-03T14:42:13.541+0000] {dagbag.py:540} INFO - Filling up the DagBag from /opt/airflow/dags/pakakumi_scraper.py
[2026-01-03T14:42:13.568+0000] {processor.py:840} INFO - DAG(s) 'pakakumi_scraper' retrieved from /opt/airflow/dags/pakakumi_scraper.py
[2026-01-03T14:42:13.608+0000] {logging_mixin.py:188} INFO - [2026-01-03T14:42:13.608+0000] {dag.py:3096} INFO - Sync 1 DAGs
[2026-01-03T14:42:13.641+0000] {logging_mixin.py:188} INFO - [2026-01-03T14:42:13.640+0000] {dag.py:3954} INFO - Setting next_dagrun for pakakumi_scraper to 2026-01-03 14:00:00+00:00, run_after=2026-01-03 15:00:00+00:00
[2026-01-03T14:42:13.673+0000] {processor.py:183} INFO - Processing /opt/airflow/dags/pakakumi_scraper.py took 0.144 seconds
[2026-01-03T14:42:43.793+0000] {processor.py:161} INFO - Started process (PID=460) to work on /opt/airflow/dags/pakakumi_scraper.py
[2026-01-03T14:42:43.795+0000] {processor.py:830} INFO - Processing file /opt/airflow/dags/pakakumi_scraper.py for tasks to queue
[2026-01-03T14:42:43.798+0000] {logging_mixin.py:188} INFO - [2026-01-03T14:42:43.797+0000] {dagbag.py:540} INFO - Filling up the DagBag from /opt/airflow/dags/pakakumi_scraper.py
[2026-01-03T14:42:43.828+0000] {processor.py:840} INFO - DAG(s) 'pakakumi_scraper' retrieved from /opt/airflow/dags/pakakumi_scraper.py
[2026-01-03T14:42:43.872+0000] {logging_mixin.py:188} INFO - [2026-01-03T14:42:43.872+0000] {dag.py:3096} INFO - Sync 1 DAGs
[2026-01-03T14:42:43.908+0000] {logging_mixin.py:188} INFO - [2026-01-03T14:42:43.907+0000] {dag.py:3954} INFO - Setting next_dagrun for pakakumi_scraper to 2026-01-03 14:00:00+00:00, run_after=2026-01-03 15:00:00+00:00
[2026-01-03T14:42:43.933+0000] {processor.py:183} INFO - Processing /opt/airflow/dags/pakakumi_scraper.py took 0.153 seconds
[2026-01-03T14:43:14.144+0000] {processor.py:161} INFO - Started process (PID=465) to work on /opt/airflow/dags/pakakumi_scraper.py
[2026-01-03T14:43:14.146+0000] {processor.py:830} INFO - Processing file /opt/airflow/dags/pakakumi_scraper.py for tasks to queue
[2026-01-03T14:43:14.150+0000] {logging_mixin.py:188} INFO - [2026-01-03T14:43:14.149+0000] {dagbag.py:540} INFO - Filling up the DagBag from /opt/airflow/dags/pakakumi_scraper.py
[2026-01-03T14:43:14.177+0000] {processor.py:840} INFO - DAG(s) 'pakakumi_scraper' retrieved from /opt/airflow/dags/pakakumi_scraper.py
[2026-01-03T14:43:14.222+0000] {logging_mixin.py:188} INFO - [2026-01-03T14:43:14.222+0000] {dag.py:3096} INFO - Sync 1 DAGs
[2026-01-03T14:43:14.259+0000] {logging_mixin.py:188} INFO - [2026-01-03T14:43:14.259+0000] {dag.py:3954} INFO - Setting next_dagrun for pakakumi_scraper to 2026-01-03 14:00:00+00:00, run_after=2026-01-03 15:00:00+00:00
[2026-01-03T14:43:14.285+0000] {processor.py:183} INFO - Processing /opt/airflow/dags/pakakumi_scraper.py took 0.151 seconds
[2026-01-03T14:43:44.516+0000] {processor.py:161} INFO - Started process (PID=470) to work on /opt/airflow/dags/pakakumi_scraper.py
[2026-01-03T14:43:44.518+0000] {processor.py:830} INFO - Processing file /opt/airflow/dags/pakakumi_scraper.py for tasks to queue
[2026-01-03T14:43:44.521+0000] {logging_mixin.py:188} INFO - [2026-01-03T14:43:44.520+0000] {dagbag.py:540} INFO - Filling up the DagBag from /opt/airflow/dags/pakakumi_scraper.py
[2026-01-03T14:43:44.552+0000] {processor.py:840} INFO - DAG(s) 'pakakumi_scraper' retrieved from /opt/airflow/dags/pakakumi_scraper.py
[2026-01-03T14:43:44.595+0000] {logging_mixin.py:188} INFO - [2026-01-03T14:43:44.594+0000] {dag.py:3096} INFO - Sync 1 DAGs
[2026-01-03T14:43:44.630+0000] {logging_mixin.py:188} INFO - [2026-01-03T14:43:44.630+0000] {dag.py:3954} INFO - Setting next_dagrun for pakakumi_scraper to 2026-01-03 14:00:00+00:00, run_after=2026-01-03 15:00:00+00:00
[2026-01-03T14:43:44.655+0000] {processor.py:183} INFO - Processing /opt/airflow/dags/pakakumi_scraper.py took 0.150 seconds
[2026-01-03T14:44:14.782+0000] {processor.py:161} INFO - Started process (PID=475) to work on /opt/airflow/dags/pakakumi_scraper.py
[2026-01-03T14:44:14.784+0000] {processor.py:830} INFO - Processing file /opt/airflow/dags/pakakumi_scraper.py for tasks to queue
[2026-01-03T14:44:14.786+0000] {logging_mixin.py:188} INFO - [2026-01-03T14:44:14.786+0000] {dagbag.py:540} INFO - Filling up the DagBag from /opt/airflow/dags/pakakumi_scraper.py
[2026-01-03T14:44:14.838+0000] {processor.py:840} INFO - DAG(s) 'pakakumi_scraper' retrieved from /opt/airflow/dags/pakakumi_scraper.py
[2026-01-03T14:44:14.880+0000] {logging_mixin.py:188} INFO - [2026-01-03T14:44:14.880+0000] {dag.py:3096} INFO - Sync 1 DAGs
[2026-01-03T14:44:14.915+0000] {logging_mixin.py:188} INFO - [2026-01-03T14:44:14.915+0000] {dag.py:3954} INFO - Setting next_dagrun for pakakumi_scraper to 2026-01-03 14:00:00+00:00, run_after=2026-01-03 15:00:00+00:00
[2026-01-03T14:44:14.939+0000] {processor.py:183} INFO - Processing /opt/airflow/dags/pakakumi_scraper.py took 0.167 seconds
[2026-01-03T14:44:45.140+0000] {processor.py:161} INFO - Started process (PID=480) to work on /opt/airflow/dags/pakakumi_scraper.py
[2026-01-03T14:44:45.142+0000] {processor.py:830} INFO - Processing file /opt/airflow/dags/pakakumi_scraper.py for tasks to queue
[2026-01-03T14:44:45.145+0000] {logging_mixin.py:188} INFO - [2026-01-03T14:44:45.145+0000] {dagbag.py:540} INFO - Filling up the DagBag from /opt/airflow/dags/pakakumi_scraper.py
[2026-01-03T14:44:45.173+0000] {processor.py:840} INFO - DAG(s) 'pakakumi_scraper' retrieved from /opt/airflow/dags/pakakumi_scraper.py
[2026-01-03T14:44:45.229+0000] {logging_mixin.py:188} INFO - [2026-01-03T14:44:45.229+0000] {dag.py:3096} INFO - Sync 1 DAGs
[2026-01-03T14:44:45.263+0000] {logging_mixin.py:188} INFO - [2026-01-03T14:44:45.262+0000] {dag.py:3954} INFO - Setting next_dagrun for pakakumi_scraper to 2026-01-03 14:00:00+00:00, run_after=2026-01-03 15:00:00+00:00
[2026-01-03T14:44:45.288+0000] {processor.py:183} INFO - Processing /opt/airflow/dags/pakakumi_scraper.py took 0.158 seconds
[2026-01-03T14:45:15.456+0000] {processor.py:161} INFO - Started process (PID=485) to work on /opt/airflow/dags/pakakumi_scraper.py
[2026-01-03T14:45:15.457+0000] {processor.py:830} INFO - Processing file /opt/airflow/dags/pakakumi_scraper.py for tasks to queue
[2026-01-03T14:45:15.460+0000] {logging_mixin.py:188} INFO - [2026-01-03T14:45:15.460+0000] {dagbag.py:540} INFO - Filling up the DagBag from /opt/airflow/dags/pakakumi_scraper.py
[2026-01-03T14:45:15.488+0000] {processor.py:840} INFO - DAG(s) 'pakakumi_scraper' retrieved from /opt/airflow/dags/pakakumi_scraper.py
[2026-01-03T14:45:15.530+0000] {logging_mixin.py:188} INFO - [2026-01-03T14:45:15.530+0000] {dag.py:3096} INFO - Sync 1 DAGs
[2026-01-03T14:45:15.562+0000] {logging_mixin.py:188} INFO - [2026-01-03T14:45:15.562+0000] {dag.py:3954} INFO - Setting next_dagrun for pakakumi_scraper to 2026-01-03 14:00:00+00:00, run_after=2026-01-03 15:00:00+00:00
[2026-01-03T14:45:15.592+0000] {processor.py:183} INFO - Processing /opt/airflow/dags/pakakumi_scraper.py took 0.145 seconds
[2026-01-03T14:45:45.785+0000] {processor.py:161} INFO - Started process (PID=490) to work on /opt/airflow/dags/pakakumi_scraper.py
[2026-01-03T14:45:45.787+0000] {processor.py:830} INFO - Processing file /opt/airflow/dags/pakakumi_scraper.py for tasks to queue
[2026-01-03T14:45:45.791+0000] {logging_mixin.py:188} INFO - [2026-01-03T14:45:45.790+0000] {dagbag.py:540} INFO - Filling up the DagBag from /opt/airflow/dags/pakakumi_scraper.py
[2026-01-03T14:45:45.817+0000] {processor.py:840} INFO - DAG(s) 'pakakumi_scraper' retrieved from /opt/airflow/dags/pakakumi_scraper.py
[2026-01-03T14:45:45.857+0000] {logging_mixin.py:188} INFO - [2026-01-03T14:45:45.856+0000] {dag.py:3096} INFO - Sync 1 DAGs
[2026-01-03T14:45:45.893+0000] {logging_mixin.py:188} INFO - [2026-01-03T14:45:45.892+0000] {dag.py:3954} INFO - Setting next_dagrun for pakakumi_scraper to 2026-01-03 14:00:00+00:00, run_after=2026-01-03 15:00:00+00:00
[2026-01-03T14:45:45.925+0000] {processor.py:183} INFO - Processing /opt/airflow/dags/pakakumi_scraper.py took 0.150 seconds
[2026-01-03T14:46:16.071+0000] {processor.py:161} INFO - Started process (PID=495) to work on /opt/airflow/dags/pakakumi_scraper.py
[2026-01-03T14:46:16.074+0000] {processor.py:830} INFO - Processing file /opt/airflow/dags/pakakumi_scraper.py for tasks to queue
[2026-01-03T14:46:16.077+0000] {logging_mixin.py:188} INFO - [2026-01-03T14:46:16.076+0000] {dagbag.py:540} INFO - Filling up the DagBag from /opt/airflow/dags/pakakumi_scraper.py
[2026-01-03T14:46:16.114+0000] {processor.py:840} INFO - DAG(s) 'pakakumi_scraper' retrieved from /opt/airflow/dags/pakakumi_scraper.py
[2026-01-03T14:46:16.164+0000] {logging_mixin.py:188} INFO - [2026-01-03T14:46:16.164+0000] {dag.py:3096} INFO - Sync 1 DAGs
[2026-01-03T14:46:16.196+0000] {logging_mixin.py:188} INFO - [2026-01-03T14:46:16.196+0000] {dag.py:3954} INFO - Setting next_dagrun for pakakumi_scraper to 2026-01-03 14:00:00+00:00, run_after=2026-01-03 15:00:00+00:00
[2026-01-03T14:46:16.221+0000] {processor.py:183} INFO - Processing /opt/airflow/dags/pakakumi_scraper.py took 0.161 seconds
[2026-01-03T14:46:46.442+0000] {processor.py:161} INFO - Started process (PID=500) to work on /opt/airflow/dags/pakakumi_scraper.py
[2026-01-03T14:46:46.444+0000] {processor.py:830} INFO - Processing file /opt/airflow/dags/pakakumi_scraper.py for tasks to queue
[2026-01-03T14:46:46.447+0000] {logging_mixin.py:188} INFO - [2026-01-03T14:46:46.447+0000] {dagbag.py:540} INFO - Filling up the DagBag from /opt/airflow/dags/pakakumi_scraper.py
[2026-01-03T14:46:46.479+0000] {processor.py:840} INFO - DAG(s) 'pakakumi_scraper' retrieved from /opt/airflow/dags/pakakumi_scraper.py
[2026-01-03T14:46:46.520+0000] {logging_mixin.py:188} INFO - [2026-01-03T14:46:46.520+0000] {dag.py:3096} INFO - Sync 1 DAGs
[2026-01-03T14:46:46.553+0000] {logging_mixin.py:188} INFO - [2026-01-03T14:46:46.553+0000] {dag.py:3954} INFO - Setting next_dagrun for pakakumi_scraper to 2026-01-03 14:00:00+00:00, run_after=2026-01-03 15:00:00+00:00
[2026-01-03T14:46:46.581+0000] {processor.py:183} INFO - Processing /opt/airflow/dags/pakakumi_scraper.py took 0.148 seconds
[2026-01-03T14:47:16.727+0000] {processor.py:161} INFO - Started process (PID=505) to work on /opt/airflow/dags/pakakumi_scraper.py
[2026-01-03T14:47:16.729+0000] {processor.py:830} INFO - Processing file /opt/airflow/dags/pakakumi_scraper.py for tasks to queue
[2026-01-03T14:47:16.732+0000] {logging_mixin.py:188} INFO - [2026-01-03T14:47:16.731+0000] {dagbag.py:540} INFO - Filling up the DagBag from /opt/airflow/dags/pakakumi_scraper.py
[2026-01-03T14:47:16.758+0000] {processor.py:840} INFO - DAG(s) 'pakakumi_scraper' retrieved from /opt/airflow/dags/pakakumi_scraper.py
[2026-01-03T14:47:16.801+0000] {logging_mixin.py:188} INFO - [2026-01-03T14:47:16.801+0000] {dag.py:3096} INFO - Sync 1 DAGs
[2026-01-03T14:47:16.847+0000] {logging_mixin.py:188} INFO - [2026-01-03T14:47:16.847+0000] {dag.py:3954} INFO - Setting next_dagrun for pakakumi_scraper to 2026-01-03 14:00:00+00:00, run_after=2026-01-03 15:00:00+00:00
[2026-01-03T14:47:16.889+0000] {processor.py:183} INFO - Processing /opt/airflow/dags/pakakumi_scraper.py took 0.172 seconds
[2026-01-03T14:47:47.088+0000] {processor.py:161} INFO - Started process (PID=510) to work on /opt/airflow/dags/pakakumi_scraper.py
[2026-01-03T14:47:47.090+0000] {processor.py:830} INFO - Processing file /opt/airflow/dags/pakakumi_scraper.py for tasks to queue
[2026-01-03T14:47:47.093+0000] {logging_mixin.py:188} INFO - [2026-01-03T14:47:47.092+0000] {dagbag.py:540} INFO - Filling up the DagBag from /opt/airflow/dags/pakakumi_scraper.py
[2026-01-03T14:47:47.122+0000] {processor.py:840} INFO - DAG(s) 'pakakumi_scraper' retrieved from /opt/airflow/dags/pakakumi_scraper.py
[2026-01-03T14:47:47.166+0000] {logging_mixin.py:188} INFO - [2026-01-03T14:47:47.166+0000] {dag.py:3096} INFO - Sync 1 DAGs
[2026-01-03T14:47:47.201+0000] {logging_mixin.py:188} INFO - [2026-01-03T14:47:47.201+0000] {dag.py:3954} INFO - Setting next_dagrun for pakakumi_scraper to 2026-01-03 14:00:00+00:00, run_after=2026-01-03 15:00:00+00:00
[2026-01-03T14:47:47.228+0000] {processor.py:183} INFO - Processing /opt/airflow/dags/pakakumi_scraper.py took 0.157 seconds
[2026-01-03T14:48:17.389+0000] {processor.py:161} INFO - Started process (PID=515) to work on /opt/airflow/dags/pakakumi_scraper.py
[2026-01-03T14:48:17.391+0000] {processor.py:830} INFO - Processing file /opt/airflow/dags/pakakumi_scraper.py for tasks to queue
[2026-01-03T14:48:17.395+0000] {logging_mixin.py:188} INFO - [2026-01-03T14:48:17.394+0000] {dagbag.py:540} INFO - Filling up the DagBag from /opt/airflow/dags/pakakumi_scraper.py
[2026-01-03T14:48:17.422+0000] {processor.py:840} INFO - DAG(s) 'pakakumi_scraper' retrieved from /opt/airflow/dags/pakakumi_scraper.py
[2026-01-03T14:48:17.467+0000] {logging_mixin.py:188} INFO - [2026-01-03T14:48:17.466+0000] {dag.py:3096} INFO - Sync 1 DAGs
[2026-01-03T14:48:17.499+0000] {logging_mixin.py:188} INFO - [2026-01-03T14:48:17.499+0000] {dag.py:3954} INFO - Setting next_dagrun for pakakumi_scraper to 2026-01-03 14:00:00+00:00, run_after=2026-01-03 15:00:00+00:00
[2026-01-03T14:48:17.530+0000] {processor.py:183} INFO - Processing /opt/airflow/dags/pakakumi_scraper.py took 0.154 seconds
[2026-01-03T14:48:47.792+0000] {processor.py:161} INFO - Started process (PID=520) to work on /opt/airflow/dags/pakakumi_scraper.py
[2026-01-03T14:48:47.794+0000] {processor.py:830} INFO - Processing file /opt/airflow/dags/pakakumi_scraper.py for tasks to queue
[2026-01-03T14:48:47.797+0000] {logging_mixin.py:188} INFO - [2026-01-03T14:48:47.796+0000] {dagbag.py:540} INFO - Filling up the DagBag from /opt/airflow/dags/pakakumi_scraper.py
[2026-01-03T14:48:47.825+0000] {processor.py:840} INFO - DAG(s) 'pakakumi_scraper' retrieved from /opt/airflow/dags/pakakumi_scraper.py
[2026-01-03T14:48:47.873+0000] {logging_mixin.py:188} INFO - [2026-01-03T14:48:47.872+0000] {dag.py:3096} INFO - Sync 1 DAGs
[2026-01-03T14:48:47.909+0000] {logging_mixin.py:188} INFO - [2026-01-03T14:48:47.909+0000] {dag.py:3954} INFO - Setting next_dagrun for pakakumi_scraper to 2026-01-03 14:00:00+00:00, run_after=2026-01-03 15:00:00+00:00
[2026-01-03T14:48:47.936+0000] {processor.py:183} INFO - Processing /opt/airflow/dags/pakakumi_scraper.py took 0.153 seconds
[2026-01-03T14:49:18.074+0000] {processor.py:161} INFO - Started process (PID=525) to work on /opt/airflow/dags/pakakumi_scraper.py
[2026-01-03T14:49:18.076+0000] {processor.py:830} INFO - Processing file /opt/airflow/dags/pakakumi_scraper.py for tasks to queue
[2026-01-03T14:49:18.080+0000] {logging_mixin.py:188} INFO - [2026-01-03T14:49:18.079+0000] {dagbag.py:540} INFO - Filling up the DagBag from /opt/airflow/dags/pakakumi_scraper.py
[2026-01-03T14:49:18.110+0000] {processor.py:840} INFO - DAG(s) 'pakakumi_scraper' retrieved from /opt/airflow/dags/pakakumi_scraper.py
[2026-01-03T14:49:18.159+0000] {logging_mixin.py:188} INFO - [2026-01-03T14:49:18.159+0000] {dag.py:3096} INFO - Sync 1 DAGs
[2026-01-03T14:49:18.202+0000] {logging_mixin.py:188} INFO - [2026-01-03T14:49:18.202+0000] {dag.py:3954} INFO - Setting next_dagrun for pakakumi_scraper to 2026-01-03 14:00:00+00:00, run_after=2026-01-03 15:00:00+00:00
[2026-01-03T14:49:18.235+0000] {processor.py:183} INFO - Processing /opt/airflow/dags/pakakumi_scraper.py took 0.170 seconds
[2026-01-03T14:49:48.394+0000] {processor.py:161} INFO - Started process (PID=530) to work on /opt/airflow/dags/pakakumi_scraper.py
[2026-01-03T14:49:48.396+0000] {processor.py:830} INFO - Processing file /opt/airflow/dags/pakakumi_scraper.py for tasks to queue
[2026-01-03T14:49:48.399+0000] {logging_mixin.py:188} INFO - [2026-01-03T14:49:48.399+0000] {dagbag.py:540} INFO - Filling up the DagBag from /opt/airflow/dags/pakakumi_scraper.py
[2026-01-03T14:49:48.429+0000] {processor.py:840} INFO - DAG(s) 'pakakumi_scraper' retrieved from /opt/airflow/dags/pakakumi_scraper.py
[2026-01-03T14:49:48.475+0000] {logging_mixin.py:188} INFO - [2026-01-03T14:49:48.475+0000] {dag.py:3096} INFO - Sync 1 DAGs
[2026-01-03T14:49:48.512+0000] {logging_mixin.py:188} INFO - [2026-01-03T14:49:48.511+0000] {dag.py:3954} INFO - Setting next_dagrun for pakakumi_scraper to 2026-01-03 14:00:00+00:00, run_after=2026-01-03 15:00:00+00:00
[2026-01-03T14:49:48.539+0000] {processor.py:183} INFO - Processing /opt/airflow/dags/pakakumi_scraper.py took 0.155 seconds
[2026-01-03T14:50:18.750+0000] {processor.py:161} INFO - Started process (PID=535) to work on /opt/airflow/dags/pakakumi_scraper.py
[2026-01-03T14:50:18.752+0000] {processor.py:830} INFO - Processing file /opt/airflow/dags/pakakumi_scraper.py for tasks to queue
[2026-01-03T14:50:18.755+0000] {logging_mixin.py:188} INFO - [2026-01-03T14:50:18.754+0000] {dagbag.py:540} INFO - Filling up the DagBag from /opt/airflow/dags/pakakumi_scraper.py
[2026-01-03T14:50:18.785+0000] {processor.py:840} INFO - DAG(s) 'pakakumi_scraper' retrieved from /opt/airflow/dags/pakakumi_scraper.py
[2026-01-03T14:50:18.844+0000] {logging_mixin.py:188} INFO - [2026-01-03T14:50:18.844+0000] {dag.py:3096} INFO - Sync 1 DAGs
[2026-01-03T14:50:18.877+0000] {logging_mixin.py:188} INFO - [2026-01-03T14:50:18.877+0000] {dag.py:3954} INFO - Setting next_dagrun for pakakumi_scraper to 2026-01-03 14:00:00+00:00, run_after=2026-01-03 15:00:00+00:00
[2026-01-03T14:50:18.908+0000] {processor.py:183} INFO - Processing /opt/airflow/dags/pakakumi_scraper.py took 0.180 seconds
[2026-01-03T14:50:49.024+0000] {processor.py:161} INFO - Started process (PID=540) to work on /opt/airflow/dags/pakakumi_scraper.py
[2026-01-03T14:50:49.026+0000] {processor.py:830} INFO - Processing file /opt/airflow/dags/pakakumi_scraper.py for tasks to queue
[2026-01-03T14:50:49.030+0000] {logging_mixin.py:188} INFO - [2026-01-03T14:50:49.029+0000] {dagbag.py:540} INFO - Filling up the DagBag from /opt/airflow/dags/pakakumi_scraper.py
[2026-01-03T14:50:49.057+0000] {processor.py:840} INFO - DAG(s) 'pakakumi_scraper' retrieved from /opt/airflow/dags/pakakumi_scraper.py
[2026-01-03T14:50:49.101+0000] {logging_mixin.py:188} INFO - [2026-01-03T14:50:49.101+0000] {dag.py:3096} INFO - Sync 1 DAGs
[2026-01-03T14:50:49.137+0000] {logging_mixin.py:188} INFO - [2026-01-03T14:50:49.136+0000] {dag.py:3954} INFO - Setting next_dagrun for pakakumi_scraper to 2026-01-03 14:00:00+00:00, run_after=2026-01-03 15:00:00+00:00
[2026-01-03T14:50:49.166+0000] {processor.py:183} INFO - Processing /opt/airflow/dags/pakakumi_scraper.py took 0.155 seconds
[2026-01-03T14:51:19.407+0000] {processor.py:161} INFO - Started process (PID=545) to work on /opt/airflow/dags/pakakumi_scraper.py
[2026-01-03T14:51:19.409+0000] {processor.py:830} INFO - Processing file /opt/airflow/dags/pakakumi_scraper.py for tasks to queue
[2026-01-03T14:51:19.412+0000] {logging_mixin.py:188} INFO - [2026-01-03T14:51:19.412+0000] {dagbag.py:540} INFO - Filling up the DagBag from /opt/airflow/dags/pakakumi_scraper.py
[2026-01-03T14:51:19.438+0000] {processor.py:840} INFO - DAG(s) 'pakakumi_scraper' retrieved from /opt/airflow/dags/pakakumi_scraper.py
[2026-01-03T14:51:19.478+0000] {logging_mixin.py:188} INFO - [2026-01-03T14:51:19.478+0000] {dag.py:3096} INFO - Sync 1 DAGs
[2026-01-03T14:51:19.512+0000] {logging_mixin.py:188} INFO - [2026-01-03T14:51:19.512+0000] {dag.py:3954} INFO - Setting next_dagrun for pakakumi_scraper to 2026-01-03 14:00:00+00:00, run_after=2026-01-03 15:00:00+00:00
[2026-01-03T14:51:19.541+0000] {processor.py:183} INFO - Processing /opt/airflow/dags/pakakumi_scraper.py took 0.149 seconds
[2026-01-03T14:51:49.655+0000] {processor.py:161} INFO - Started process (PID=550) to work on /opt/airflow/dags/pakakumi_scraper.py
[2026-01-03T14:51:49.657+0000] {processor.py:830} INFO - Processing file /opt/airflow/dags/pakakumi_scraper.py for tasks to queue
[2026-01-03T14:51:49.660+0000] {logging_mixin.py:188} INFO - [2026-01-03T14:51:49.660+0000] {dagbag.py:540} INFO - Filling up the DagBag from /opt/airflow/dags/pakakumi_scraper.py
[2026-01-03T14:51:49.686+0000] {processor.py:840} INFO - DAG(s) 'pakakumi_scraper' retrieved from /opt/airflow/dags/pakakumi_scraper.py
[2026-01-03T14:51:49.729+0000] {logging_mixin.py:188} INFO - [2026-01-03T14:51:49.729+0000] {dag.py:3096} INFO - Sync 1 DAGs
[2026-01-03T14:51:49.765+0000] {logging_mixin.py:188} INFO - [2026-01-03T14:51:49.764+0000] {dag.py:3954} INFO - Setting next_dagrun for pakakumi_scraper to 2026-01-03 14:00:00+00:00, run_after=2026-01-03 15:00:00+00:00
[2026-01-03T14:51:49.793+0000] {processor.py:183} INFO - Processing /opt/airflow/dags/pakakumi_scraper.py took 0.147 seconds
[2026-01-03T14:52:20.017+0000] {processor.py:161} INFO - Started process (PID=555) to work on /opt/airflow/dags/pakakumi_scraper.py
[2026-01-03T14:52:20.019+0000] {processor.py:830} INFO - Processing file /opt/airflow/dags/pakakumi_scraper.py for tasks to queue
[2026-01-03T14:52:20.022+0000] {logging_mixin.py:188} INFO - [2026-01-03T14:52:20.021+0000] {dagbag.py:540} INFO - Filling up the DagBag from /opt/airflow/dags/pakakumi_scraper.py
[2026-01-03T14:52:20.048+0000] {processor.py:840} INFO - DAG(s) 'pakakumi_scraper' retrieved from /opt/airflow/dags/pakakumi_scraper.py
[2026-01-03T14:52:20.096+0000] {logging_mixin.py:188} INFO - [2026-01-03T14:52:20.095+0000] {dag.py:3096} INFO - Sync 1 DAGs
[2026-01-03T14:52:20.136+0000] {logging_mixin.py:188} INFO - [2026-01-03T14:52:20.135+0000] {dag.py:3954} INFO - Setting next_dagrun for pakakumi_scraper to 2026-01-03 14:00:00+00:00, run_after=2026-01-03 15:00:00+00:00
[2026-01-03T14:52:20.162+0000] {processor.py:183} INFO - Processing /opt/airflow/dags/pakakumi_scraper.py took 0.158 seconds
[2026-01-03T14:52:50.248+0000] {processor.py:161} INFO - Started process (PID=560) to work on /opt/airflow/dags/pakakumi_scraper.py
[2026-01-03T14:52:50.250+0000] {processor.py:830} INFO - Processing file /opt/airflow/dags/pakakumi_scraper.py for tasks to queue
[2026-01-03T14:52:50.253+0000] {logging_mixin.py:188} INFO - [2026-01-03T14:52:50.253+0000] {dagbag.py:540} INFO - Filling up the DagBag from /opt/airflow/dags/pakakumi_scraper.py
[2026-01-03T14:52:50.285+0000] {processor.py:840} INFO - DAG(s) 'pakakumi_scraper' retrieved from /opt/airflow/dags/pakakumi_scraper.py
[2026-01-03T14:52:50.328+0000] {logging_mixin.py:188} INFO - [2026-01-03T14:52:50.328+0000] {dag.py:3096} INFO - Sync 1 DAGs
[2026-01-03T14:52:50.361+0000] {logging_mixin.py:188} INFO - [2026-01-03T14:52:50.361+0000] {dag.py:3954} INFO - Setting next_dagrun for pakakumi_scraper to 2026-01-03 14:00:00+00:00, run_after=2026-01-03 15:00:00+00:00
[2026-01-03T14:52:50.389+0000] {processor.py:183} INFO - Processing /opt/airflow/dags/pakakumi_scraper.py took 0.156 seconds
[2026-01-03T14:53:20.639+0000] {processor.py:161} INFO - Started process (PID=565) to work on /opt/airflow/dags/pakakumi_scraper.py
[2026-01-03T14:53:20.641+0000] {processor.py:830} INFO - Processing file /opt/airflow/dags/pakakumi_scraper.py for tasks to queue
[2026-01-03T14:53:20.644+0000] {logging_mixin.py:188} INFO - [2026-01-03T14:53:20.643+0000] {dagbag.py:540} INFO - Filling up the DagBag from /opt/airflow/dags/pakakumi_scraper.py
[2026-01-03T14:53:20.674+0000] {processor.py:840} INFO - DAG(s) 'pakakumi_scraper' retrieved from /opt/airflow/dags/pakakumi_scraper.py
[2026-01-03T14:53:20.714+0000] {logging_mixin.py:188} INFO - [2026-01-03T14:53:20.714+0000] {dag.py:3096} INFO - Sync 1 DAGs
[2026-01-03T14:53:20.752+0000] {logging_mixin.py:188} INFO - [2026-01-03T14:53:20.752+0000] {dag.py:3954} INFO - Setting next_dagrun for pakakumi_scraper to 2026-01-03 14:00:00+00:00, run_after=2026-01-03 15:00:00+00:00
[2026-01-03T14:53:20.782+0000] {processor.py:183} INFO - Processing /opt/airflow/dags/pakakumi_scraper.py took 0.153 seconds
[2026-01-03T14:53:50.969+0000] {processor.py:161} INFO - Started process (PID=570) to work on /opt/airflow/dags/pakakumi_scraper.py
[2026-01-03T14:53:50.970+0000] {processor.py:830} INFO - Processing file /opt/airflow/dags/pakakumi_scraper.py for tasks to queue
[2026-01-03T14:53:50.973+0000] {logging_mixin.py:188} INFO - [2026-01-03T14:53:50.972+0000] {dagbag.py:540} INFO - Filling up the DagBag from /opt/airflow/dags/pakakumi_scraper.py
[2026-01-03T14:53:51.000+0000] {processor.py:840} INFO - DAG(s) 'pakakumi_scraper' retrieved from /opt/airflow/dags/pakakumi_scraper.py
[2026-01-03T14:53:51.042+0000] {logging_mixin.py:188} INFO - [2026-01-03T14:53:51.042+0000] {dag.py:3096} INFO - Sync 1 DAGs
[2026-01-03T14:53:51.080+0000] {logging_mixin.py:188} INFO - [2026-01-03T14:53:51.079+0000] {dag.py:3954} INFO - Setting next_dagrun for pakakumi_scraper to 2026-01-03 14:00:00+00:00, run_after=2026-01-03 15:00:00+00:00
[2026-01-03T14:53:51.109+0000] {processor.py:183} INFO - Processing /opt/airflow/dags/pakakumi_scraper.py took 0.150 seconds
[2026-01-03T14:54:21.247+0000] {processor.py:161} INFO - Started process (PID=575) to work on /opt/airflow/dags/pakakumi_scraper.py
[2026-01-03T14:54:21.248+0000] {processor.py:830} INFO - Processing file /opt/airflow/dags/pakakumi_scraper.py for tasks to queue
[2026-01-03T14:54:21.252+0000] {logging_mixin.py:188} INFO - [2026-01-03T14:54:21.251+0000] {dagbag.py:540} INFO - Filling up the DagBag from /opt/airflow/dags/pakakumi_scraper.py
[2026-01-03T14:54:21.286+0000] {processor.py:840} INFO - DAG(s) 'pakakumi_scraper' retrieved from /opt/airflow/dags/pakakumi_scraper.py
[2026-01-03T14:54:21.351+0000] {logging_mixin.py:188} INFO - [2026-01-03T14:54:21.351+0000] {dag.py:3096} INFO - Sync 1 DAGs
[2026-01-03T14:54:21.409+0000] {logging_mixin.py:188} INFO - [2026-01-03T14:54:21.408+0000] {dag.py:3954} INFO - Setting next_dagrun for pakakumi_scraper to 2026-01-03 14:00:00+00:00, run_after=2026-01-03 15:00:00+00:00
[2026-01-03T14:54:21.444+0000] {processor.py:183} INFO - Processing /opt/airflow/dags/pakakumi_scraper.py took 0.207 seconds
[2026-01-03T14:54:51.555+0000] {processor.py:161} INFO - Started process (PID=580) to work on /opt/airflow/dags/pakakumi_scraper.py
[2026-01-03T14:54:51.558+0000] {processor.py:830} INFO - Processing file /opt/airflow/dags/pakakumi_scraper.py for tasks to queue
[2026-01-03T14:54:51.562+0000] {logging_mixin.py:188} INFO - [2026-01-03T14:54:51.561+0000] {dagbag.py:540} INFO - Filling up the DagBag from /opt/airflow/dags/pakakumi_scraper.py
[2026-01-03T14:54:51.594+0000] {processor.py:840} INFO - DAG(s) 'pakakumi_scraper' retrieved from /opt/airflow/dags/pakakumi_scraper.py
[2026-01-03T14:54:51.640+0000] {logging_mixin.py:188} INFO - [2026-01-03T14:54:51.639+0000] {dag.py:3096} INFO - Sync 1 DAGs
[2026-01-03T14:54:51.677+0000] {logging_mixin.py:188} INFO - [2026-01-03T14:54:51.677+0000] {dag.py:3954} INFO - Setting next_dagrun for pakakumi_scraper to 2026-01-03 14:00:00+00:00, run_after=2026-01-03 15:00:00+00:00
[2026-01-03T14:54:51.702+0000] {processor.py:183} INFO - Processing /opt/airflow/dags/pakakumi_scraper.py took 0.157 seconds
[2026-01-03T14:55:21.948+0000] {processor.py:161} INFO - Started process (PID=585) to work on /opt/airflow/dags/pakakumi_scraper.py
[2026-01-03T14:55:21.950+0000] {processor.py:830} INFO - Processing file /opt/airflow/dags/pakakumi_scraper.py for tasks to queue
[2026-01-03T14:55:21.953+0000] {logging_mixin.py:188} INFO - [2026-01-03T14:55:21.952+0000] {dagbag.py:540} INFO - Filling up the DagBag from /opt/airflow/dags/pakakumi_scraper.py
[2026-01-03T14:55:21.980+0000] {processor.py:840} INFO - DAG(s) 'pakakumi_scraper' retrieved from /opt/airflow/dags/pakakumi_scraper.py
[2026-01-03T14:55:22.025+0000] {logging_mixin.py:188} INFO - [2026-01-03T14:55:22.025+0000] {dag.py:3096} INFO - Sync 1 DAGs
[2026-01-03T14:55:22.059+0000] {logging_mixin.py:188} INFO - [2026-01-03T14:55:22.059+0000] {dag.py:3954} INFO - Setting next_dagrun for pakakumi_scraper to 2026-01-03 14:00:00+00:00, run_after=2026-01-03 15:00:00+00:00
[2026-01-03T14:55:22.088+0000] {processor.py:183} INFO - Processing /opt/airflow/dags/pakakumi_scraper.py took 0.148 seconds
[2026-01-03T14:55:52.187+0000] {processor.py:161} INFO - Started process (PID=590) to work on /opt/airflow/dags/pakakumi_scraper.py
[2026-01-03T14:55:52.189+0000] {processor.py:830} INFO - Processing file /opt/airflow/dags/pakakumi_scraper.py for tasks to queue
[2026-01-03T14:55:52.193+0000] {logging_mixin.py:188} INFO - [2026-01-03T14:55:52.193+0000] {dagbag.py:540} INFO - Filling up the DagBag from /opt/airflow/dags/pakakumi_scraper.py
[2026-01-03T14:55:52.221+0000] {processor.py:840} INFO - DAG(s) 'pakakumi_scraper' retrieved from /opt/airflow/dags/pakakumi_scraper.py
[2026-01-03T14:55:52.265+0000] {logging_mixin.py:188} INFO - [2026-01-03T14:55:52.265+0000] {dag.py:3096} INFO - Sync 1 DAGs
[2026-01-03T14:55:52.300+0000] {logging_mixin.py:188} INFO - [2026-01-03T14:55:52.299+0000] {dag.py:3954} INFO - Setting next_dagrun for pakakumi_scraper to 2026-01-03 14:00:00+00:00, run_after=2026-01-03 15:00:00+00:00
[2026-01-03T14:55:52.326+0000] {processor.py:183} INFO - Processing /opt/airflow/dags/pakakumi_scraper.py took 0.150 seconds
[2026-01-03T14:56:22.510+0000] {processor.py:161} INFO - Started process (PID=595) to work on /opt/airflow/dags/pakakumi_scraper.py
[2026-01-03T14:56:22.512+0000] {processor.py:830} INFO - Processing file /opt/airflow/dags/pakakumi_scraper.py for tasks to queue
[2026-01-03T14:56:22.515+0000] {logging_mixin.py:188} INFO - [2026-01-03T14:56:22.514+0000] {dagbag.py:540} INFO - Filling up the DagBag from /opt/airflow/dags/pakakumi_scraper.py
[2026-01-03T14:56:22.545+0000] {processor.py:840} INFO - DAG(s) 'pakakumi_scraper' retrieved from /opt/airflow/dags/pakakumi_scraper.py
[2026-01-03T14:56:22.595+0000] {logging_mixin.py:188} INFO - [2026-01-03T14:56:22.595+0000] {dag.py:3096} INFO - Sync 1 DAGs
[2026-01-03T14:56:22.628+0000] {logging_mixin.py:188} INFO - [2026-01-03T14:56:22.628+0000] {dag.py:3954} INFO - Setting next_dagrun for pakakumi_scraper to 2026-01-03 14:00:00+00:00, run_after=2026-01-03 15:00:00+00:00
[2026-01-03T14:56:22.655+0000] {processor.py:183} INFO - Processing /opt/airflow/dags/pakakumi_scraper.py took 0.157 seconds
[2026-01-03T14:56:52.785+0000] {processor.py:161} INFO - Started process (PID=600) to work on /opt/airflow/dags/pakakumi_scraper.py
[2026-01-03T14:56:52.787+0000] {processor.py:830} INFO - Processing file /opt/airflow/dags/pakakumi_scraper.py for tasks to queue
[2026-01-03T14:56:52.791+0000] {logging_mixin.py:188} INFO - [2026-01-03T14:56:52.790+0000] {dagbag.py:540} INFO - Filling up the DagBag from /opt/airflow/dags/pakakumi_scraper.py
[2026-01-03T14:56:52.820+0000] {processor.py:840} INFO - DAG(s) 'pakakumi_scraper' retrieved from /opt/airflow/dags/pakakumi_scraper.py
[2026-01-03T14:56:52.862+0000] {logging_mixin.py:188} INFO - [2026-01-03T14:56:52.862+0000] {dag.py:3096} INFO - Sync 1 DAGs
[2026-01-03T14:56:52.896+0000] {logging_mixin.py:188} INFO - [2026-01-03T14:56:52.896+0000] {dag.py:3954} INFO - Setting next_dagrun for pakakumi_scraper to 2026-01-03 14:00:00+00:00, run_after=2026-01-03 15:00:00+00:00
[2026-01-03T14:56:52.934+0000] {processor.py:183} INFO - Processing /opt/airflow/dags/pakakumi_scraper.py took 0.161 seconds
[2026-01-03T14:57:23.117+0000] {processor.py:161} INFO - Started process (PID=605) to work on /opt/airflow/dags/pakakumi_scraper.py
[2026-01-03T14:57:23.118+0000] {processor.py:830} INFO - Processing file /opt/airflow/dags/pakakumi_scraper.py for tasks to queue
[2026-01-03T14:57:23.122+0000] {logging_mixin.py:188} INFO - [2026-01-03T14:57:23.121+0000] {dagbag.py:540} INFO - Filling up the DagBag from /opt/airflow/dags/pakakumi_scraper.py
[2026-01-03T14:57:23.154+0000] {processor.py:840} INFO - DAG(s) 'pakakumi_scraper' retrieved from /opt/airflow/dags/pakakumi_scraper.py
[2026-01-03T14:57:23.204+0000] {logging_mixin.py:188} INFO - [2026-01-03T14:57:23.203+0000] {dag.py:3096} INFO - Sync 1 DAGs
[2026-01-03T14:57:23.243+0000] {logging_mixin.py:188} INFO - [2026-01-03T14:57:23.243+0000] {dag.py:3954} INFO - Setting next_dagrun for pakakumi_scraper to 2026-01-03 14:00:00+00:00, run_after=2026-01-03 15:00:00+00:00
[2026-01-03T14:57:23.276+0000] {processor.py:183} INFO - Processing /opt/airflow/dags/pakakumi_scraper.py took 0.172 seconds
[2026-01-03T14:57:53.486+0000] {processor.py:161} INFO - Started process (PID=610) to work on /opt/airflow/dags/pakakumi_scraper.py
[2026-01-03T14:57:53.489+0000] {processor.py:830} INFO - Processing file /opt/airflow/dags/pakakumi_scraper.py for tasks to queue
[2026-01-03T14:57:53.493+0000] {logging_mixin.py:188} INFO - [2026-01-03T14:57:53.492+0000] {dagbag.py:540} INFO - Filling up the DagBag from /opt/airflow/dags/pakakumi_scraper.py
[2026-01-03T14:57:53.524+0000] {processor.py:840} INFO - DAG(s) 'pakakumi_scraper' retrieved from /opt/airflow/dags/pakakumi_scraper.py
[2026-01-03T14:57:53.564+0000] {logging_mixin.py:188} INFO - [2026-01-03T14:57:53.564+0000] {dag.py:3096} INFO - Sync 1 DAGs
[2026-01-03T14:57:53.598+0000] {logging_mixin.py:188} INFO - [2026-01-03T14:57:53.597+0000] {dag.py:3954} INFO - Setting next_dagrun for pakakumi_scraper to 2026-01-03 14:00:00+00:00, run_after=2026-01-03 15:00:00+00:00
[2026-01-03T14:57:53.625+0000] {processor.py:183} INFO - Processing /opt/airflow/dags/pakakumi_scraper.py took 0.159 seconds
[2026-01-03T14:58:23.742+0000] {processor.py:161} INFO - Started process (PID=615) to work on /opt/airflow/dags/pakakumi_scraper.py
[2026-01-03T14:58:23.744+0000] {processor.py:830} INFO - Processing file /opt/airflow/dags/pakakumi_scraper.py for tasks to queue
[2026-01-03T14:58:23.746+0000] {logging_mixin.py:188} INFO - [2026-01-03T14:58:23.746+0000] {dagbag.py:540} INFO - Filling up the DagBag from /opt/airflow/dags/pakakumi_scraper.py
[2026-01-03T14:58:23.774+0000] {processor.py:840} INFO - DAG(s) 'pakakumi_scraper' retrieved from /opt/airflow/dags/pakakumi_scraper.py
[2026-01-03T14:58:23.816+0000] {logging_mixin.py:188} INFO - [2026-01-03T14:58:23.816+0000] {dag.py:3096} INFO - Sync 1 DAGs
[2026-01-03T14:58:23.849+0000] {logging_mixin.py:188} INFO - [2026-01-03T14:58:23.849+0000] {dag.py:3954} INFO - Setting next_dagrun for pakakumi_scraper to 2026-01-03 14:00:00+00:00, run_after=2026-01-03 15:00:00+00:00
[2026-01-03T14:58:23.873+0000] {processor.py:183} INFO - Processing /opt/airflow/dags/pakakumi_scraper.py took 0.143 seconds
[2026-01-03T14:58:54.158+0000] {processor.py:161} INFO - Started process (PID=620) to work on /opt/airflow/dags/pakakumi_scraper.py
[2026-01-03T14:58:54.159+0000] {processor.py:830} INFO - Processing file /opt/airflow/dags/pakakumi_scraper.py for tasks to queue
[2026-01-03T14:58:54.162+0000] {logging_mixin.py:188} INFO - [2026-01-03T14:58:54.162+0000] {dagbag.py:540} INFO - Filling up the DagBag from /opt/airflow/dags/pakakumi_scraper.py
[2026-01-03T14:58:54.193+0000] {processor.py:840} INFO - DAG(s) 'pakakumi_scraper' retrieved from /opt/airflow/dags/pakakumi_scraper.py
[2026-01-03T14:58:54.244+0000] {logging_mixin.py:188} INFO - [2026-01-03T14:58:54.244+0000] {dag.py:3096} INFO - Sync 1 DAGs
[2026-01-03T14:58:54.284+0000] {logging_mixin.py:188} INFO - [2026-01-03T14:58:54.284+0000] {dag.py:3954} INFO - Setting next_dagrun for pakakumi_scraper to 2026-01-03 14:00:00+00:00, run_after=2026-01-03 15:00:00+00:00
[2026-01-03T14:58:54.315+0000] {processor.py:183} INFO - Processing /opt/airflow/dags/pakakumi_scraper.py took 0.169 seconds
[2026-01-03T14:59:24.385+0000] {processor.py:161} INFO - Started process (PID=625) to work on /opt/airflow/dags/pakakumi_scraper.py
[2026-01-03T14:59:24.386+0000] {processor.py:830} INFO - Processing file /opt/airflow/dags/pakakumi_scraper.py for tasks to queue
[2026-01-03T14:59:24.389+0000] {logging_mixin.py:188} INFO - [2026-01-03T14:59:24.389+0000] {dagbag.py:540} INFO - Filling up the DagBag from /opt/airflow/dags/pakakumi_scraper.py
[2026-01-03T14:59:24.418+0000] {processor.py:840} INFO - DAG(s) 'pakakumi_scraper' retrieved from /opt/airflow/dags/pakakumi_scraper.py
[2026-01-03T14:59:24.460+0000] {logging_mixin.py:188} INFO - [2026-01-03T14:59:24.460+0000] {dag.py:3096} INFO - Sync 1 DAGs
[2026-01-03T14:59:24.495+0000] {logging_mixin.py:188} INFO - [2026-01-03T14:59:24.494+0000] {dag.py:3954} INFO - Setting next_dagrun for pakakumi_scraper to 2026-01-03 14:00:00+00:00, run_after=2026-01-03 15:00:00+00:00
[2026-01-03T14:59:24.522+0000] {processor.py:183} INFO - Processing /opt/airflow/dags/pakakumi_scraper.py took 0.147 seconds
[2026-01-03T14:59:54.613+0000] {processor.py:161} INFO - Started process (PID=630) to work on /opt/airflow/dags/pakakumi_scraper.py
[2026-01-03T14:59:54.615+0000] {processor.py:830} INFO - Processing file /opt/airflow/dags/pakakumi_scraper.py for tasks to queue
[2026-01-03T14:59:54.619+0000] {logging_mixin.py:188} INFO - [2026-01-03T14:59:54.618+0000] {dagbag.py:540} INFO - Filling up the DagBag from /opt/airflow/dags/pakakumi_scraper.py
[2026-01-03T14:59:54.647+0000] {processor.py:840} INFO - DAG(s) 'pakakumi_scraper' retrieved from /opt/airflow/dags/pakakumi_scraper.py
[2026-01-03T14:59:54.688+0000] {logging_mixin.py:188} INFO - [2026-01-03T14:59:54.688+0000] {dag.py:3096} INFO - Sync 1 DAGs
[2026-01-03T14:59:54.723+0000] {logging_mixin.py:188} INFO - [2026-01-03T14:59:54.723+0000] {dag.py:3954} INFO - Setting next_dagrun for pakakumi_scraper to 2026-01-03 14:00:00+00:00, run_after=2026-01-03 15:00:00+00:00
[2026-01-03T14:59:54.750+0000] {processor.py:183} INFO - Processing /opt/airflow/dags/pakakumi_scraper.py took 0.146 seconds
[2026-01-03T15:00:24.976+0000] {processor.py:161} INFO - Started process (PID=638) to work on /opt/airflow/dags/pakakumi_scraper.py
[2026-01-03T15:00:24.978+0000] {processor.py:830} INFO - Processing file /opt/airflow/dags/pakakumi_scraper.py for tasks to queue
[2026-01-03T15:00:24.981+0000] {logging_mixin.py:188} INFO - [2026-01-03T15:00:24.981+0000] {dagbag.py:540} INFO - Filling up the DagBag from /opt/airflow/dags/pakakumi_scraper.py
[2026-01-03T15:00:25.008+0000] {processor.py:840} INFO - DAG(s) 'pakakumi_scraper' retrieved from /opt/airflow/dags/pakakumi_scraper.py
[2026-01-03T15:00:25.049+0000] {logging_mixin.py:188} INFO - [2026-01-03T15:00:25.049+0000] {dag.py:3096} INFO - Sync 1 DAGs
[2026-01-03T15:00:25.084+0000] {logging_mixin.py:188} INFO - [2026-01-03T15:00:25.084+0000] {dag.py:3954} INFO - Setting next_dagrun for pakakumi_scraper to 2026-01-03 15:00:00+00:00, run_after=2026-01-03 16:00:00+00:00
[2026-01-03T15:00:25.113+0000] {processor.py:183} INFO - Processing /opt/airflow/dags/pakakumi_scraper.py took 0.149 seconds
[2026-01-03T15:00:55.213+0000] {processor.py:161} INFO - Started process (PID=643) to work on /opt/airflow/dags/pakakumi_scraper.py
[2026-01-03T15:00:55.214+0000] {processor.py:830} INFO - Processing file /opt/airflow/dags/pakakumi_scraper.py for tasks to queue
[2026-01-03T15:00:55.218+0000] {logging_mixin.py:188} INFO - [2026-01-03T15:00:55.217+0000] {dagbag.py:540} INFO - Filling up the DagBag from /opt/airflow/dags/pakakumi_scraper.py
[2026-01-03T15:00:55.248+0000] {processor.py:840} INFO - DAG(s) 'pakakumi_scraper' retrieved from /opt/airflow/dags/pakakumi_scraper.py
[2026-01-03T15:00:55.298+0000] {logging_mixin.py:188} INFO - [2026-01-03T15:00:55.298+0000] {dag.py:3096} INFO - Sync 1 DAGs
[2026-01-03T15:00:55.336+0000] {logging_mixin.py:188} INFO - [2026-01-03T15:00:55.336+0000] {dag.py:3954} INFO - Setting next_dagrun for pakakumi_scraper to 2026-01-03 15:00:00+00:00, run_after=2026-01-03 16:00:00+00:00
[2026-01-03T15:00:55.364+0000] {processor.py:183} INFO - Processing /opt/airflow/dags/pakakumi_scraper.py took 0.162 seconds
[2026-01-03T15:01:25.590+0000] {processor.py:161} INFO - Started process (PID=648) to work on /opt/airflow/dags/pakakumi_scraper.py
[2026-01-03T15:01:25.593+0000] {processor.py:830} INFO - Processing file /opt/airflow/dags/pakakumi_scraper.py for tasks to queue
[2026-01-03T15:01:25.597+0000] {logging_mixin.py:188} INFO - [2026-01-03T15:01:25.596+0000] {dagbag.py:540} INFO - Filling up the DagBag from /opt/airflow/dags/pakakumi_scraper.py
[2026-01-03T15:01:25.624+0000] {processor.py:840} INFO - DAG(s) 'pakakumi_scraper' retrieved from /opt/airflow/dags/pakakumi_scraper.py
[2026-01-03T15:01:25.666+0000] {logging_mixin.py:188} INFO - [2026-01-03T15:01:25.665+0000] {dag.py:3096} INFO - Sync 1 DAGs
[2026-01-03T15:01:25.699+0000] {logging_mixin.py:188} INFO - [2026-01-03T15:01:25.698+0000] {dag.py:3954} INFO - Setting next_dagrun for pakakumi_scraper to 2026-01-03 15:00:00+00:00, run_after=2026-01-03 16:00:00+00:00
[2026-01-03T15:01:25.725+0000] {processor.py:183} INFO - Processing /opt/airflow/dags/pakakumi_scraper.py took 0.148 seconds
[2026-01-03T15:01:55.906+0000] {processor.py:161} INFO - Started process (PID=653) to work on /opt/airflow/dags/pakakumi_scraper.py
[2026-01-03T15:01:55.908+0000] {processor.py:830} INFO - Processing file /opt/airflow/dags/pakakumi_scraper.py for tasks to queue
[2026-01-03T15:01:55.910+0000] {logging_mixin.py:188} INFO - [2026-01-03T15:01:55.910+0000] {dagbag.py:540} INFO - Filling up the DagBag from /opt/airflow/dags/pakakumi_scraper.py
[2026-01-03T15:01:55.939+0000] {processor.py:840} INFO - DAG(s) 'pakakumi_scraper' retrieved from /opt/airflow/dags/pakakumi_scraper.py
[2026-01-03T15:01:55.980+0000] {logging_mixin.py:188} INFO - [2026-01-03T15:01:55.980+0000] {dag.py:3096} INFO - Sync 1 DAGs
[2026-01-03T15:01:56.018+0000] {logging_mixin.py:188} INFO - [2026-01-03T15:01:56.017+0000] {dag.py:3954} INFO - Setting next_dagrun for pakakumi_scraper to 2026-01-03 15:00:00+00:00, run_after=2026-01-03 16:00:00+00:00
[2026-01-03T15:01:56.045+0000] {processor.py:183} INFO - Processing /opt/airflow/dags/pakakumi_scraper.py took 0.152 seconds
[2026-01-03T15:02:26.164+0000] {processor.py:161} INFO - Started process (PID=658) to work on /opt/airflow/dags/pakakumi_scraper.py
[2026-01-03T15:02:26.166+0000] {processor.py:830} INFO - Processing file /opt/airflow/dags/pakakumi_scraper.py for tasks to queue
[2026-01-03T15:02:26.169+0000] {logging_mixin.py:188} INFO - [2026-01-03T15:02:26.169+0000] {dagbag.py:540} INFO - Filling up the DagBag from /opt/airflow/dags/pakakumi_scraper.py
[2026-01-03T15:02:26.198+0000] {processor.py:840} INFO - DAG(s) 'pakakumi_scraper' retrieved from /opt/airflow/dags/pakakumi_scraper.py
[2026-01-03T15:02:26.242+0000] {logging_mixin.py:188} INFO - [2026-01-03T15:02:26.242+0000] {dag.py:3096} INFO - Sync 1 DAGs
[2026-01-03T15:02:26.278+0000] {logging_mixin.py:188} INFO - [2026-01-03T15:02:26.278+0000] {dag.py:3954} INFO - Setting next_dagrun for pakakumi_scraper to 2026-01-03 15:00:00+00:00, run_after=2026-01-03 16:00:00+00:00
[2026-01-03T15:02:26.305+0000] {processor.py:183} INFO - Processing /opt/airflow/dags/pakakumi_scraper.py took 0.152 seconds
[2026-01-03T15:02:56.515+0000] {processor.py:161} INFO - Started process (PID=663) to work on /opt/airflow/dags/pakakumi_scraper.py
[2026-01-03T15:02:56.517+0000] {processor.py:830} INFO - Processing file /opt/airflow/dags/pakakumi_scraper.py for tasks to queue
[2026-01-03T15:02:56.519+0000] {logging_mixin.py:188} INFO - [2026-01-03T15:02:56.519+0000] {dagbag.py:540} INFO - Filling up the DagBag from /opt/airflow/dags/pakakumi_scraper.py
[2026-01-03T15:02:56.547+0000] {processor.py:840} INFO - DAG(s) 'pakakumi_scraper' retrieved from /opt/airflow/dags/pakakumi_scraper.py
[2026-01-03T15:02:56.589+0000] {logging_mixin.py:188} INFO - [2026-01-03T15:02:56.589+0000] {dag.py:3096} INFO - Sync 1 DAGs
[2026-01-03T15:02:56.621+0000] {logging_mixin.py:188} INFO - [2026-01-03T15:02:56.621+0000] {dag.py:3954} INFO - Setting next_dagrun for pakakumi_scraper to 2026-01-03 15:00:00+00:00, run_after=2026-01-03 16:00:00+00:00
[2026-01-03T15:02:56.650+0000] {processor.py:183} INFO - Processing /opt/airflow/dags/pakakumi_scraper.py took 0.145 seconds
[2026-01-03T15:03:26.857+0000] {processor.py:161} INFO - Started process (PID=668) to work on /opt/airflow/dags/pakakumi_scraper.py
[2026-01-03T15:03:26.859+0000] {processor.py:830} INFO - Processing file /opt/airflow/dags/pakakumi_scraper.py for tasks to queue
[2026-01-03T15:03:26.862+0000] {logging_mixin.py:188} INFO - [2026-01-03T15:03:26.862+0000] {dagbag.py:540} INFO - Filling up the DagBag from /opt/airflow/dags/pakakumi_scraper.py
[2026-01-03T15:03:26.916+0000] {processor.py:840} INFO - DAG(s) 'pakakumi_scraper' retrieved from /opt/airflow/dags/pakakumi_scraper.py
[2026-01-03T15:03:26.986+0000] {logging_mixin.py:188} INFO - [2026-01-03T15:03:26.986+0000] {dag.py:3096} INFO - Sync 1 DAGs
[2026-01-03T15:03:27.045+0000] {logging_mixin.py:188} INFO - [2026-01-03T15:03:27.044+0000] {dag.py:3954} INFO - Setting next_dagrun for pakakumi_scraper to 2026-01-03 15:00:00+00:00, run_after=2026-01-03 16:00:00+00:00
[2026-01-03T15:03:27.073+0000] {processor.py:183} INFO - Processing /opt/airflow/dags/pakakumi_scraper.py took 0.225 seconds
[2026-01-03T15:03:57.316+0000] {processor.py:161} INFO - Started process (PID=673) to work on /opt/airflow/dags/pakakumi_scraper.py
[2026-01-03T15:03:57.318+0000] {processor.py:830} INFO - Processing file /opt/airflow/dags/pakakumi_scraper.py for tasks to queue
[2026-01-03T15:03:57.321+0000] {logging_mixin.py:188} INFO - [2026-01-03T15:03:57.321+0000] {dagbag.py:540} INFO - Filling up the DagBag from /opt/airflow/dags/pakakumi_scraper.py
[2026-01-03T15:03:57.349+0000] {processor.py:840} INFO - DAG(s) 'pakakumi_scraper' retrieved from /opt/airflow/dags/pakakumi_scraper.py
[2026-01-03T15:03:57.392+0000] {logging_mixin.py:188} INFO - [2026-01-03T15:03:57.392+0000] {dag.py:3096} INFO - Sync 1 DAGs
[2026-01-03T15:03:57.428+0000] {logging_mixin.py:188} INFO - [2026-01-03T15:03:57.428+0000] {dag.py:3954} INFO - Setting next_dagrun for pakakumi_scraper to 2026-01-03 15:00:00+00:00, run_after=2026-01-03 16:00:00+00:00
[2026-01-03T15:03:57.461+0000] {processor.py:183} INFO - Processing /opt/airflow/dags/pakakumi_scraper.py took 0.154 seconds
[2026-01-03T15:04:27.580+0000] {processor.py:161} INFO - Started process (PID=678) to work on /opt/airflow/dags/pakakumi_scraper.py
[2026-01-03T15:04:27.582+0000] {processor.py:830} INFO - Processing file /opt/airflow/dags/pakakumi_scraper.py for tasks to queue
[2026-01-03T15:04:27.585+0000] {logging_mixin.py:188} INFO - [2026-01-03T15:04:27.585+0000] {dagbag.py:540} INFO - Filling up the DagBag from /opt/airflow/dags/pakakumi_scraper.py
[2026-01-03T15:04:27.616+0000] {processor.py:840} INFO - DAG(s) 'pakakumi_scraper' retrieved from /opt/airflow/dags/pakakumi_scraper.py
[2026-01-03T15:04:27.668+0000] {logging_mixin.py:188} INFO - [2026-01-03T15:04:27.668+0000] {dag.py:3096} INFO - Sync 1 DAGs
[2026-01-03T15:04:27.704+0000] {logging_mixin.py:188} INFO - [2026-01-03T15:04:27.704+0000] {dag.py:3954} INFO - Setting next_dagrun for pakakumi_scraper to 2026-01-03 15:00:00+00:00, run_after=2026-01-03 16:00:00+00:00
[2026-01-03T15:04:27.731+0000] {processor.py:183} INFO - Processing /opt/airflow/dags/pakakumi_scraper.py took 0.178 seconds
[2026-01-03T15:04:57.915+0000] {processor.py:161} INFO - Started process (PID=683) to work on /opt/airflow/dags/pakakumi_scraper.py
[2026-01-03T15:04:57.917+0000] {processor.py:830} INFO - Processing file /opt/airflow/dags/pakakumi_scraper.py for tasks to queue
[2026-01-03T15:04:57.920+0000] {logging_mixin.py:188} INFO - [2026-01-03T15:04:57.919+0000] {dagbag.py:540} INFO - Filling up the DagBag from /opt/airflow/dags/pakakumi_scraper.py
[2026-01-03T15:04:57.954+0000] {processor.py:840} INFO - DAG(s) 'pakakumi_scraper' retrieved from /opt/airflow/dags/pakakumi_scraper.py
[2026-01-03T15:04:57.999+0000] {logging_mixin.py:188} INFO - [2026-01-03T15:04:57.999+0000] {dag.py:3096} INFO - Sync 1 DAGs
[2026-01-03T15:04:58.035+0000] {logging_mixin.py:188} INFO - [2026-01-03T15:04:58.034+0000] {dag.py:3954} INFO - Setting next_dagrun for pakakumi_scraper to 2026-01-03 15:00:00+00:00, run_after=2026-01-03 16:00:00+00:00
[2026-01-03T15:04:58.062+0000] {processor.py:183} INFO - Processing /opt/airflow/dags/pakakumi_scraper.py took 0.157 seconds
[2026-01-03T15:05:28.153+0000] {processor.py:161} INFO - Started process (PID=688) to work on /opt/airflow/dags/pakakumi_scraper.py
[2026-01-03T15:05:28.155+0000] {processor.py:830} INFO - Processing file /opt/airflow/dags/pakakumi_scraper.py for tasks to queue
[2026-01-03T15:05:28.158+0000] {logging_mixin.py:188} INFO - [2026-01-03T15:05:28.157+0000] {dagbag.py:540} INFO - Filling up the DagBag from /opt/airflow/dags/pakakumi_scraper.py
[2026-01-03T15:05:28.187+0000] {processor.py:840} INFO - DAG(s) 'pakakumi_scraper' retrieved from /opt/airflow/dags/pakakumi_scraper.py
[2026-01-03T15:05:28.233+0000] {logging_mixin.py:188} INFO - [2026-01-03T15:05:28.232+0000] {dag.py:3096} INFO - Sync 1 DAGs
[2026-01-03T15:05:28.267+0000] {logging_mixin.py:188} INFO - [2026-01-03T15:05:28.267+0000] {dag.py:3954} INFO - Setting next_dagrun for pakakumi_scraper to 2026-01-03 15:00:00+00:00, run_after=2026-01-03 16:00:00+00:00
[2026-01-03T15:05:28.296+0000] {processor.py:183} INFO - Processing /opt/airflow/dags/pakakumi_scraper.py took 0.153 seconds
[2026-01-03T15:05:58.419+0000] {processor.py:161} INFO - Started process (PID=693) to work on /opt/airflow/dags/pakakumi_scraper.py
[2026-01-03T15:05:58.425+0000] {processor.py:830} INFO - Processing file /opt/airflow/dags/pakakumi_scraper.py for tasks to queue
[2026-01-03T15:05:58.433+0000] {logging_mixin.py:188} INFO - [2026-01-03T15:05:58.432+0000] {dagbag.py:540} INFO - Filling up the DagBag from /opt/airflow/dags/pakakumi_scraper.py
[2026-01-03T15:05:58.471+0000] {processor.py:840} INFO - DAG(s) 'pakakumi_scraper' retrieved from /opt/airflow/dags/pakakumi_scraper.py
[2026-01-03T15:05:58.516+0000] {logging_mixin.py:188} INFO - [2026-01-03T15:05:58.516+0000] {dag.py:3096} INFO - Sync 1 DAGs
[2026-01-03T15:05:58.551+0000] {logging_mixin.py:188} INFO - [2026-01-03T15:05:58.551+0000] {dag.py:3954} INFO - Setting next_dagrun for pakakumi_scraper to 2026-01-03 15:00:00+00:00, run_after=2026-01-03 16:00:00+00:00
[2026-01-03T15:05:58.580+0000] {processor.py:183} INFO - Processing /opt/airflow/dags/pakakumi_scraper.py took 0.183 seconds
[2026-01-03T15:06:28.802+0000] {processor.py:161} INFO - Started process (PID=698) to work on /opt/airflow/dags/pakakumi_scraper.py
[2026-01-03T15:06:28.804+0000] {processor.py:830} INFO - Processing file /opt/airflow/dags/pakakumi_scraper.py for tasks to queue
[2026-01-03T15:06:28.808+0000] {logging_mixin.py:188} INFO - [2026-01-03T15:06:28.807+0000] {dagbag.py:540} INFO - Filling up the DagBag from /opt/airflow/dags/pakakumi_scraper.py
[2026-01-03T15:06:28.841+0000] {processor.py:840} INFO - DAG(s) 'pakakumi_scraper' retrieved from /opt/airflow/dags/pakakumi_scraper.py
[2026-01-03T15:06:28.884+0000] {logging_mixin.py:188} INFO - [2026-01-03T15:06:28.884+0000] {dag.py:3096} INFO - Sync 1 DAGs
[2026-01-03T15:06:28.920+0000] {logging_mixin.py:188} INFO - [2026-01-03T15:06:28.920+0000] {dag.py:3954} INFO - Setting next_dagrun for pakakumi_scraper to 2026-01-03 15:00:00+00:00, run_after=2026-01-03 16:00:00+00:00
[2026-01-03T15:06:28.946+0000] {processor.py:183} INFO - Processing /opt/airflow/dags/pakakumi_scraper.py took 0.163 seconds
[2026-01-03T15:06:59.131+0000] {processor.py:161} INFO - Started process (PID=703) to work on /opt/airflow/dags/pakakumi_scraper.py
[2026-01-03T15:06:59.134+0000] {processor.py:830} INFO - Processing file /opt/airflow/dags/pakakumi_scraper.py for tasks to queue
[2026-01-03T15:06:59.137+0000] {logging_mixin.py:188} INFO - [2026-01-03T15:06:59.137+0000] {dagbag.py:540} INFO - Filling up the DagBag from /opt/airflow/dags/pakakumi_scraper.py
[2026-01-03T15:06:59.206+0000] {processor.py:840} INFO - DAG(s) 'pakakumi_scraper' retrieved from /opt/airflow/dags/pakakumi_scraper.py
[2026-01-03T15:06:59.253+0000] {logging_mixin.py:188} INFO - [2026-01-03T15:06:59.253+0000] {dag.py:3096} INFO - Sync 1 DAGs
[2026-01-03T15:06:59.289+0000] {logging_mixin.py:188} INFO - [2026-01-03T15:06:59.289+0000] {dag.py:3954} INFO - Setting next_dagrun for pakakumi_scraper to 2026-01-03 15:00:00+00:00, run_after=2026-01-03 16:00:00+00:00
[2026-01-03T15:06:59.314+0000] {processor.py:183} INFO - Processing /opt/airflow/dags/pakakumi_scraper.py took 0.200 seconds
[2026-01-03T15:07:29.497+0000] {processor.py:161} INFO - Started process (PID=708) to work on /opt/airflow/dags/pakakumi_scraper.py
[2026-01-03T15:07:29.500+0000] {processor.py:830} INFO - Processing file /opt/airflow/dags/pakakumi_scraper.py for tasks to queue
[2026-01-03T15:07:29.503+0000] {logging_mixin.py:188} INFO - [2026-01-03T15:07:29.502+0000] {dagbag.py:540} INFO - Filling up the DagBag from /opt/airflow/dags/pakakumi_scraper.py
[2026-01-03T15:07:29.536+0000] {processor.py:840} INFO - DAG(s) 'pakakumi_scraper' retrieved from /opt/airflow/dags/pakakumi_scraper.py
[2026-01-03T15:07:29.577+0000] {logging_mixin.py:188} INFO - [2026-01-03T15:07:29.577+0000] {dag.py:3096} INFO - Sync 1 DAGs
[2026-01-03T15:07:29.610+0000] {logging_mixin.py:188} INFO - [2026-01-03T15:07:29.609+0000] {dag.py:3954} INFO - Setting next_dagrun for pakakumi_scraper to 2026-01-03 15:00:00+00:00, run_after=2026-01-03 16:00:00+00:00
[2026-01-03T15:07:29.638+0000] {processor.py:183} INFO - Processing /opt/airflow/dags/pakakumi_scraper.py took 0.155 seconds
[2026-01-03T15:07:59.756+0000] {processor.py:161} INFO - Started process (PID=713) to work on /opt/airflow/dags/pakakumi_scraper.py
[2026-01-03T15:07:59.758+0000] {processor.py:830} INFO - Processing file /opt/airflow/dags/pakakumi_scraper.py for tasks to queue
[2026-01-03T15:07:59.761+0000] {logging_mixin.py:188} INFO - [2026-01-03T15:07:59.760+0000] {dagbag.py:540} INFO - Filling up the DagBag from /opt/airflow/dags/pakakumi_scraper.py
[2026-01-03T15:07:59.788+0000] {processor.py:840} INFO - DAG(s) 'pakakumi_scraper' retrieved from /opt/airflow/dags/pakakumi_scraper.py
[2026-01-03T15:07:59.830+0000] {logging_mixin.py:188} INFO - [2026-01-03T15:07:59.830+0000] {dag.py:3096} INFO - Sync 1 DAGs
[2026-01-03T15:07:59.865+0000] {logging_mixin.py:188} INFO - [2026-01-03T15:07:59.864+0000] {dag.py:3954} INFO - Setting next_dagrun for pakakumi_scraper to 2026-01-03 15:00:00+00:00, run_after=2026-01-03 16:00:00+00:00
[2026-01-03T15:07:59.893+0000] {processor.py:183} INFO - Processing /opt/airflow/dags/pakakumi_scraper.py took 0.148 seconds
[2026-01-03T15:08:30.153+0000] {processor.py:161} INFO - Started process (PID=718) to work on /opt/airflow/dags/pakakumi_scraper.py
[2026-01-03T15:08:30.154+0000] {processor.py:830} INFO - Processing file /opt/airflow/dags/pakakumi_scraper.py for tasks to queue
[2026-01-03T15:08:30.158+0000] {logging_mixin.py:188} INFO - [2026-01-03T15:08:30.157+0000] {dagbag.py:540} INFO - Filling up the DagBag from /opt/airflow/dags/pakakumi_scraper.py
[2026-01-03T15:08:30.193+0000] {processor.py:840} INFO - DAG(s) 'pakakumi_scraper' retrieved from /opt/airflow/dags/pakakumi_scraper.py
[2026-01-03T15:08:30.242+0000] {logging_mixin.py:188} INFO - [2026-01-03T15:08:30.242+0000] {dag.py:3096} INFO - Sync 1 DAGs
[2026-01-03T15:08:30.278+0000] {logging_mixin.py:188} INFO - [2026-01-03T15:08:30.278+0000] {dag.py:3954} INFO - Setting next_dagrun for pakakumi_scraper to 2026-01-03 15:00:00+00:00, run_after=2026-01-03 16:00:00+00:00
[2026-01-03T15:08:30.309+0000] {processor.py:183} INFO - Processing /opt/airflow/dags/pakakumi_scraper.py took 0.165 seconds
[2026-01-03T15:09:00.386+0000] {processor.py:161} INFO - Started process (PID=723) to work on /opt/airflow/dags/pakakumi_scraper.py
[2026-01-03T15:09:00.388+0000] {processor.py:830} INFO - Processing file /opt/airflow/dags/pakakumi_scraper.py for tasks to queue
[2026-01-03T15:09:00.391+0000] {logging_mixin.py:188} INFO - [2026-01-03T15:09:00.390+0000] {dagbag.py:540} INFO - Filling up the DagBag from /opt/airflow/dags/pakakumi_scraper.py
[2026-01-03T15:09:00.422+0000] {processor.py:840} INFO - DAG(s) 'pakakumi_scraper' retrieved from /opt/airflow/dags/pakakumi_scraper.py
[2026-01-03T15:09:00.465+0000] {logging_mixin.py:188} INFO - [2026-01-03T15:09:00.464+0000] {dag.py:3096} INFO - Sync 1 DAGs
[2026-01-03T15:09:00.501+0000] {logging_mixin.py:188} INFO - [2026-01-03T15:09:00.500+0000] {dag.py:3954} INFO - Setting next_dagrun for pakakumi_scraper to 2026-01-03 15:00:00+00:00, run_after=2026-01-03 16:00:00+00:00
[2026-01-03T15:09:00.527+0000] {processor.py:183} INFO - Processing /opt/airflow/dags/pakakumi_scraper.py took 0.151 seconds
[2026-01-03T15:09:30.825+0000] {processor.py:161} INFO - Started process (PID=728) to work on /opt/airflow/dags/pakakumi_scraper.py
[2026-01-03T15:09:30.826+0000] {processor.py:830} INFO - Processing file /opt/airflow/dags/pakakumi_scraper.py for tasks to queue
[2026-01-03T15:09:30.830+0000] {logging_mixin.py:188} INFO - [2026-01-03T15:09:30.829+0000] {dagbag.py:540} INFO - Filling up the DagBag from /opt/airflow/dags/pakakumi_scraper.py
[2026-01-03T15:09:30.865+0000] {processor.py:840} INFO - DAG(s) 'pakakumi_scraper' retrieved from /opt/airflow/dags/pakakumi_scraper.py
[2026-01-03T15:09:30.910+0000] {logging_mixin.py:188} INFO - [2026-01-03T15:09:30.910+0000] {dag.py:3096} INFO - Sync 1 DAGs
[2026-01-03T15:09:30.945+0000] {logging_mixin.py:188} INFO - [2026-01-03T15:09:30.945+0000] {dag.py:3954} INFO - Setting next_dagrun for pakakumi_scraper to 2026-01-03 15:00:00+00:00, run_after=2026-01-03 16:00:00+00:00
[2026-01-03T15:09:30.979+0000] {processor.py:183} INFO - Processing /opt/airflow/dags/pakakumi_scraper.py took 0.165 seconds
[2026-01-03T15:10:01.066+0000] {processor.py:161} INFO - Started process (PID=733) to work on /opt/airflow/dags/pakakumi_scraper.py
[2026-01-03T15:10:01.068+0000] {processor.py:830} INFO - Processing file /opt/airflow/dags/pakakumi_scraper.py for tasks to queue
[2026-01-03T15:10:01.071+0000] {logging_mixin.py:188} INFO - [2026-01-03T15:10:01.071+0000] {dagbag.py:540} INFO - Filling up the DagBag from /opt/airflow/dags/pakakumi_scraper.py
[2026-01-03T15:10:01.101+0000] {processor.py:840} INFO - DAG(s) 'pakakumi_scraper' retrieved from /opt/airflow/dags/pakakumi_scraper.py
[2026-01-03T15:10:01.148+0000] {logging_mixin.py:188} INFO - [2026-01-03T15:10:01.147+0000] {dag.py:3096} INFO - Sync 1 DAGs
[2026-01-03T15:10:01.185+0000] {logging_mixin.py:188} INFO - [2026-01-03T15:10:01.185+0000] {dag.py:3954} INFO - Setting next_dagrun for pakakumi_scraper to 2026-01-03 15:00:00+00:00, run_after=2026-01-03 16:00:00+00:00
[2026-01-03T15:10:01.213+0000] {processor.py:183} INFO - Processing /opt/airflow/dags/pakakumi_scraper.py took 0.156 seconds
[2026-01-03T15:10:31.478+0000] {processor.py:161} INFO - Started process (PID=738) to work on /opt/airflow/dags/pakakumi_scraper.py
[2026-01-03T15:10:31.480+0000] {processor.py:830} INFO - Processing file /opt/airflow/dags/pakakumi_scraper.py for tasks to queue
[2026-01-03T15:10:31.483+0000] {logging_mixin.py:188} INFO - [2026-01-03T15:10:31.482+0000] {dagbag.py:540} INFO - Filling up the DagBag from /opt/airflow/dags/pakakumi_scraper.py
[2026-01-03T15:10:31.510+0000] {processor.py:840} INFO - DAG(s) 'pakakumi_scraper' retrieved from /opt/airflow/dags/pakakumi_scraper.py
[2026-01-03T15:10:31.556+0000] {logging_mixin.py:188} INFO - [2026-01-03T15:10:31.555+0000] {dag.py:3096} INFO - Sync 1 DAGs
[2026-01-03T15:10:31.613+0000] {logging_mixin.py:188} INFO - [2026-01-03T15:10:31.613+0000] {dag.py:3954} INFO - Setting next_dagrun for pakakumi_scraper to 2026-01-03 15:00:00+00:00, run_after=2026-01-03 16:00:00+00:00
[2026-01-03T15:10:31.648+0000] {processor.py:183} INFO - Processing /opt/airflow/dags/pakakumi_scraper.py took 0.181 seconds
[2026-01-03T15:11:01.734+0000] {processor.py:161} INFO - Started process (PID=743) to work on /opt/airflow/dags/pakakumi_scraper.py
[2026-01-03T15:11:01.736+0000] {processor.py:830} INFO - Processing file /opt/airflow/dags/pakakumi_scraper.py for tasks to queue
[2026-01-03T15:11:01.740+0000] {logging_mixin.py:188} INFO - [2026-01-03T15:11:01.740+0000] {dagbag.py:540} INFO - Filling up the DagBag from /opt/airflow/dags/pakakumi_scraper.py
[2026-01-03T15:11:01.771+0000] {processor.py:840} INFO - DAG(s) 'pakakumi_scraper' retrieved from /opt/airflow/dags/pakakumi_scraper.py
[2026-01-03T15:11:01.814+0000] {logging_mixin.py:188} INFO - [2026-01-03T15:11:01.813+0000] {dag.py:3096} INFO - Sync 1 DAGs
[2026-01-03T15:11:01.847+0000] {logging_mixin.py:188} INFO - [2026-01-03T15:11:01.847+0000] {dag.py:3954} INFO - Setting next_dagrun for pakakumi_scraper to 2026-01-03 15:00:00+00:00, run_after=2026-01-03 16:00:00+00:00
[2026-01-03T15:11:01.873+0000] {processor.py:183} INFO - Processing /opt/airflow/dags/pakakumi_scraper.py took 0.152 seconds
[2026-01-03T15:11:32.118+0000] {processor.py:161} INFO - Started process (PID=748) to work on /opt/airflow/dags/pakakumi_scraper.py
[2026-01-03T15:11:32.120+0000] {processor.py:830} INFO - Processing file /opt/airflow/dags/pakakumi_scraper.py for tasks to queue
[2026-01-03T15:11:32.123+0000] {logging_mixin.py:188} INFO - [2026-01-03T15:11:32.123+0000] {dagbag.py:540} INFO - Filling up the DagBag from /opt/airflow/dags/pakakumi_scraper.py
[2026-01-03T15:11:32.160+0000] {processor.py:840} INFO - DAG(s) 'pakakumi_scraper' retrieved from /opt/airflow/dags/pakakumi_scraper.py
[2026-01-03T15:11:32.206+0000] {logging_mixin.py:188} INFO - [2026-01-03T15:11:32.205+0000] {dag.py:3096} INFO - Sync 1 DAGs
[2026-01-03T15:11:32.260+0000] {logging_mixin.py:188} INFO - [2026-01-03T15:11:32.260+0000] {dag.py:3954} INFO - Setting next_dagrun for pakakumi_scraper to 2026-01-03 15:00:00+00:00, run_after=2026-01-03 16:00:00+00:00
[2026-01-03T15:11:32.442+0000] {processor.py:183} INFO - Processing /opt/airflow/dags/pakakumi_scraper.py took 0.334 seconds
[2026-01-03T15:12:02.757+0000] {processor.py:161} INFO - Started process (PID=753) to work on /opt/airflow/dags/pakakumi_scraper.py
[2026-01-03T15:12:02.759+0000] {processor.py:830} INFO - Processing file /opt/airflow/dags/pakakumi_scraper.py for tasks to queue
[2026-01-03T15:12:02.763+0000] {logging_mixin.py:188} INFO - [2026-01-03T15:12:02.762+0000] {dagbag.py:540} INFO - Filling up the DagBag from /opt/airflow/dags/pakakumi_scraper.py
[2026-01-03T15:12:02.792+0000] {processor.py:840} INFO - DAG(s) 'pakakumi_scraper' retrieved from /opt/airflow/dags/pakakumi_scraper.py
[2026-01-03T15:12:02.836+0000] {logging_mixin.py:188} INFO - [2026-01-03T15:12:02.836+0000] {dag.py:3096} INFO - Sync 1 DAGs
[2026-01-03T15:12:02.869+0000] {logging_mixin.py:188} INFO - [2026-01-03T15:12:02.869+0000] {dag.py:3954} INFO - Setting next_dagrun for pakakumi_scraper to 2026-01-03 15:00:00+00:00, run_after=2026-01-03 16:00:00+00:00
[2026-01-03T15:12:02.896+0000] {processor.py:183} INFO - Processing /opt/airflow/dags/pakakumi_scraper.py took 0.155 seconds
[2026-01-03T15:12:33.129+0000] {processor.py:161} INFO - Started process (PID=758) to work on /opt/airflow/dags/pakakumi_scraper.py
[2026-01-03T15:12:33.131+0000] {processor.py:830} INFO - Processing file /opt/airflow/dags/pakakumi_scraper.py for tasks to queue
[2026-01-03T15:12:33.134+0000] {logging_mixin.py:188} INFO - [2026-01-03T15:12:33.133+0000] {dagbag.py:540} INFO - Filling up the DagBag from /opt/airflow/dags/pakakumi_scraper.py
[2026-01-03T15:12:33.179+0000] {processor.py:840} INFO - DAG(s) 'pakakumi_scraper' retrieved from /opt/airflow/dags/pakakumi_scraper.py
[2026-01-03T15:12:33.228+0000] {logging_mixin.py:188} INFO - [2026-01-03T15:12:33.227+0000] {dag.py:3096} INFO - Sync 1 DAGs
[2026-01-03T15:12:33.267+0000] {logging_mixin.py:188} INFO - [2026-01-03T15:12:33.267+0000] {dag.py:3954} INFO - Setting next_dagrun for pakakumi_scraper to 2026-01-03 15:00:00+00:00, run_after=2026-01-03 16:00:00+00:00
[2026-01-03T15:12:33.301+0000] {processor.py:183} INFO - Processing /opt/airflow/dags/pakakumi_scraper.py took 0.183 seconds
[2026-01-03T15:13:03.414+0000] {processor.py:161} INFO - Started process (PID=763) to work on /opt/airflow/dags/pakakumi_scraper.py
[2026-01-03T15:13:03.416+0000] {processor.py:830} INFO - Processing file /opt/airflow/dags/pakakumi_scraper.py for tasks to queue
[2026-01-03T15:13:03.421+0000] {logging_mixin.py:188} INFO - [2026-01-03T15:13:03.420+0000] {dagbag.py:540} INFO - Filling up the DagBag from /opt/airflow/dags/pakakumi_scraper.py
[2026-01-03T15:13:03.452+0000] {processor.py:840} INFO - DAG(s) 'pakakumi_scraper' retrieved from /opt/airflow/dags/pakakumi_scraper.py
[2026-01-03T15:13:03.494+0000] {logging_mixin.py:188} INFO - [2026-01-03T15:13:03.494+0000] {dag.py:3096} INFO - Sync 1 DAGs
[2026-01-03T15:13:03.530+0000] {logging_mixin.py:188} INFO - [2026-01-03T15:13:03.530+0000] {dag.py:3954} INFO - Setting next_dagrun for pakakumi_scraper to 2026-01-03 15:00:00+00:00, run_after=2026-01-03 16:00:00+00:00
[2026-01-03T15:13:03.555+0000] {processor.py:183} INFO - Processing /opt/airflow/dags/pakakumi_scraper.py took 0.151 seconds
[2026-01-03T15:13:33.872+0000] {processor.py:161} INFO - Started process (PID=768) to work on /opt/airflow/dags/pakakumi_scraper.py
[2026-01-03T15:13:33.874+0000] {processor.py:830} INFO - Processing file /opt/airflow/dags/pakakumi_scraper.py for tasks to queue
[2026-01-03T15:13:33.877+0000] {logging_mixin.py:188} INFO - [2026-01-03T15:13:33.876+0000] {dagbag.py:540} INFO - Filling up the DagBag from /opt/airflow/dags/pakakumi_scraper.py
[2026-01-03T15:13:33.904+0000] {processor.py:840} INFO - DAG(s) 'pakakumi_scraper' retrieved from /opt/airflow/dags/pakakumi_scraper.py
[2026-01-03T15:13:33.945+0000] {logging_mixin.py:188} INFO - [2026-01-03T15:13:33.945+0000] {dag.py:3096} INFO - Sync 1 DAGs
[2026-01-03T15:13:33.977+0000] {logging_mixin.py:188} INFO - [2026-01-03T15:13:33.977+0000] {dag.py:3954} INFO - Setting next_dagrun for pakakumi_scraper to 2026-01-03 15:00:00+00:00, run_after=2026-01-03 16:00:00+00:00
[2026-01-03T15:13:34.003+0000] {processor.py:183} INFO - Processing /opt/airflow/dags/pakakumi_scraper.py took 0.140 seconds
[2026-01-03T15:14:04.147+0000] {processor.py:161} INFO - Started process (PID=773) to work on /opt/airflow/dags/pakakumi_scraper.py
[2026-01-03T15:14:04.149+0000] {processor.py:830} INFO - Processing file /opt/airflow/dags/pakakumi_scraper.py for tasks to queue
[2026-01-03T15:14:04.153+0000] {logging_mixin.py:188} INFO - [2026-01-03T15:14:04.152+0000] {dagbag.py:540} INFO - Filling up the DagBag from /opt/airflow/dags/pakakumi_scraper.py
[2026-01-03T15:14:04.180+0000] {processor.py:840} INFO - DAG(s) 'pakakumi_scraper' retrieved from /opt/airflow/dags/pakakumi_scraper.py
[2026-01-03T15:14:04.222+0000] {logging_mixin.py:188} INFO - [2026-01-03T15:14:04.222+0000] {dag.py:3096} INFO - Sync 1 DAGs
[2026-01-03T15:14:04.259+0000] {logging_mixin.py:188} INFO - [2026-01-03T15:14:04.259+0000] {dag.py:3954} INFO - Setting next_dagrun for pakakumi_scraper to 2026-01-03 15:00:00+00:00, run_after=2026-01-03 16:00:00+00:00
[2026-01-03T15:14:04.288+0000] {processor.py:183} INFO - Processing /opt/airflow/dags/pakakumi_scraper.py took 0.154 seconds
[2026-01-03T15:14:34.490+0000] {processor.py:161} INFO - Started process (PID=778) to work on /opt/airflow/dags/pakakumi_scraper.py
[2026-01-03T15:14:34.492+0000] {processor.py:830} INFO - Processing file /opt/airflow/dags/pakakumi_scraper.py for tasks to queue
[2026-01-03T15:14:34.495+0000] {logging_mixin.py:188} INFO - [2026-01-03T15:14:34.494+0000] {dagbag.py:540} INFO - Filling up the DagBag from /opt/airflow/dags/pakakumi_scraper.py
[2026-01-03T15:14:34.534+0000] {processor.py:840} INFO - DAG(s) 'pakakumi_scraper' retrieved from /opt/airflow/dags/pakakumi_scraper.py
[2026-01-03T15:14:34.575+0000] {logging_mixin.py:188} INFO - [2026-01-03T15:14:34.575+0000] {dag.py:3096} INFO - Sync 1 DAGs
[2026-01-03T15:14:34.608+0000] {logging_mixin.py:188} INFO - [2026-01-03T15:14:34.608+0000] {dag.py:3954} INFO - Setting next_dagrun for pakakumi_scraper to 2026-01-03 15:00:00+00:00, run_after=2026-01-03 16:00:00+00:00
[2026-01-03T15:14:34.632+0000] {processor.py:183} INFO - Processing /opt/airflow/dags/pakakumi_scraper.py took 0.156 seconds
[2026-01-03T15:15:04.766+0000] {processor.py:161} INFO - Started process (PID=783) to work on /opt/airflow/dags/pakakumi_scraper.py
[2026-01-03T15:15:04.768+0000] {processor.py:830} INFO - Processing file /opt/airflow/dags/pakakumi_scraper.py for tasks to queue
[2026-01-03T15:15:04.771+0000] {logging_mixin.py:188} INFO - [2026-01-03T15:15:04.771+0000] {dagbag.py:540} INFO - Filling up the DagBag from /opt/airflow/dags/pakakumi_scraper.py
[2026-01-03T15:15:04.799+0000] {processor.py:840} INFO - DAG(s) 'pakakumi_scraper' retrieved from /opt/airflow/dags/pakakumi_scraper.py
[2026-01-03T15:15:04.846+0000] {logging_mixin.py:188} INFO - [2026-01-03T15:15:04.846+0000] {dag.py:3096} INFO - Sync 1 DAGs
[2026-01-03T15:15:04.880+0000] {logging_mixin.py:188} INFO - [2026-01-03T15:15:04.879+0000] {dag.py:3954} INFO - Setting next_dagrun for pakakumi_scraper to 2026-01-03 15:00:00+00:00, run_after=2026-01-03 16:00:00+00:00
[2026-01-03T15:15:04.904+0000] {processor.py:183} INFO - Processing /opt/airflow/dags/pakakumi_scraper.py took 0.157 seconds
[2026-01-03T15:15:35.134+0000] {processor.py:161} INFO - Started process (PID=788) to work on /opt/airflow/dags/pakakumi_scraper.py
[2026-01-03T15:15:35.136+0000] {processor.py:830} INFO - Processing file /opt/airflow/dags/pakakumi_scraper.py for tasks to queue
[2026-01-03T15:15:35.141+0000] {logging_mixin.py:188} INFO - [2026-01-03T15:15:35.140+0000] {dagbag.py:540} INFO - Filling up the DagBag from /opt/airflow/dags/pakakumi_scraper.py
[2026-01-03T15:15:35.170+0000] {processor.py:840} INFO - DAG(s) 'pakakumi_scraper' retrieved from /opt/airflow/dags/pakakumi_scraper.py
[2026-01-03T15:15:35.212+0000] {logging_mixin.py:188} INFO - [2026-01-03T15:15:35.211+0000] {dag.py:3096} INFO - Sync 1 DAGs
[2026-01-03T15:15:35.243+0000] {logging_mixin.py:188} INFO - [2026-01-03T15:15:35.243+0000] {dag.py:3954} INFO - Setting next_dagrun for pakakumi_scraper to 2026-01-03 15:00:00+00:00, run_after=2026-01-03 16:00:00+00:00
[2026-01-03T15:15:35.268+0000] {processor.py:183} INFO - Processing /opt/airflow/dags/pakakumi_scraper.py took 0.141 seconds
[2026-01-03T15:16:05.435+0000] {processor.py:161} INFO - Started process (PID=793) to work on /opt/airflow/dags/pakakumi_scraper.py
[2026-01-03T15:16:05.437+0000] {processor.py:830} INFO - Processing file /opt/airflow/dags/pakakumi_scraper.py for tasks to queue
[2026-01-03T15:16:05.440+0000] {logging_mixin.py:188} INFO - [2026-01-03T15:16:05.440+0000] {dagbag.py:540} INFO - Filling up the DagBag from /opt/airflow/dags/pakakumi_scraper.py
[2026-01-03T15:16:05.480+0000] {processor.py:840} INFO - DAG(s) 'pakakumi_scraper' retrieved from /opt/airflow/dags/pakakumi_scraper.py
[2026-01-03T15:16:05.520+0000] {logging_mixin.py:188} INFO - [2026-01-03T15:16:05.520+0000] {dag.py:3096} INFO - Sync 1 DAGs
[2026-01-03T15:16:05.557+0000] {logging_mixin.py:188} INFO - [2026-01-03T15:16:05.556+0000] {dag.py:3954} INFO - Setting next_dagrun for pakakumi_scraper to 2026-01-03 15:00:00+00:00, run_after=2026-01-03 16:00:00+00:00
[2026-01-03T15:16:05.581+0000] {processor.py:183} INFO - Processing /opt/airflow/dags/pakakumi_scraper.py took 0.158 seconds
[2026-01-03T15:16:35.733+0000] {processor.py:161} INFO - Started process (PID=798) to work on /opt/airflow/dags/pakakumi_scraper.py
[2026-01-03T15:16:35.735+0000] {processor.py:830} INFO - Processing file /opt/airflow/dags/pakakumi_scraper.py for tasks to queue
[2026-01-03T15:16:35.738+0000] {logging_mixin.py:188} INFO - [2026-01-03T15:16:35.737+0000] {dagbag.py:540} INFO - Filling up the DagBag from /opt/airflow/dags/pakakumi_scraper.py
[2026-01-03T15:16:35.766+0000] {processor.py:840} INFO - DAG(s) 'pakakumi_scraper' retrieved from /opt/airflow/dags/pakakumi_scraper.py
[2026-01-03T15:16:35.809+0000] {logging_mixin.py:188} INFO - [2026-01-03T15:16:35.808+0000] {dag.py:3096} INFO - Sync 1 DAGs
[2026-01-03T15:16:35.843+0000] {logging_mixin.py:188} INFO - [2026-01-03T15:16:35.842+0000] {dag.py:3954} INFO - Setting next_dagrun for pakakumi_scraper to 2026-01-03 15:00:00+00:00, run_after=2026-01-03 16:00:00+00:00
[2026-01-03T15:16:35.871+0000] {processor.py:183} INFO - Processing /opt/airflow/dags/pakakumi_scraper.py took 0.150 seconds
[2026-01-03T15:17:06.035+0000] {processor.py:161} INFO - Started process (PID=803) to work on /opt/airflow/dags/pakakumi_scraper.py
[2026-01-03T15:17:06.036+0000] {processor.py:830} INFO - Processing file /opt/airflow/dags/pakakumi_scraper.py for tasks to queue
[2026-01-03T15:17:06.040+0000] {logging_mixin.py:188} INFO - [2026-01-03T15:17:06.039+0000] {dagbag.py:540} INFO - Filling up the DagBag from /opt/airflow/dags/pakakumi_scraper.py
[2026-01-03T15:17:06.067+0000] {processor.py:840} INFO - DAG(s) 'pakakumi_scraper' retrieved from /opt/airflow/dags/pakakumi_scraper.py
[2026-01-03T15:17:06.123+0000] {logging_mixin.py:188} INFO - [2026-01-03T15:17:06.122+0000] {dag.py:3096} INFO - Sync 1 DAGs
[2026-01-03T15:17:06.159+0000] {logging_mixin.py:188} INFO - [2026-01-03T15:17:06.158+0000] {dag.py:3954} INFO - Setting next_dagrun for pakakumi_scraper to 2026-01-03 15:00:00+00:00, run_after=2026-01-03 16:00:00+00:00
[2026-01-03T15:17:06.186+0000] {processor.py:183} INFO - Processing /opt/airflow/dags/pakakumi_scraper.py took 0.162 seconds
[2026-01-03T15:17:36.336+0000] {processor.py:161} INFO - Started process (PID=808) to work on /opt/airflow/dags/pakakumi_scraper.py
[2026-01-03T15:17:36.338+0000] {processor.py:830} INFO - Processing file /opt/airflow/dags/pakakumi_scraper.py for tasks to queue
[2026-01-03T15:17:36.341+0000] {logging_mixin.py:188} INFO - [2026-01-03T15:17:36.340+0000] {dagbag.py:540} INFO - Filling up the DagBag from /opt/airflow/dags/pakakumi_scraper.py
[2026-01-03T15:17:36.368+0000] {processor.py:840} INFO - DAG(s) 'pakakumi_scraper' retrieved from /opt/airflow/dags/pakakumi_scraper.py
[2026-01-03T15:17:36.413+0000] {logging_mixin.py:188} INFO - [2026-01-03T15:17:36.412+0000] {dag.py:3096} INFO - Sync 1 DAGs
[2026-01-03T15:17:36.448+0000] {logging_mixin.py:188} INFO - [2026-01-03T15:17:36.448+0000] {dag.py:3954} INFO - Setting next_dagrun for pakakumi_scraper to 2026-01-03 15:00:00+00:00, run_after=2026-01-03 16:00:00+00:00
[2026-01-03T15:17:36.477+0000] {processor.py:183} INFO - Processing /opt/airflow/dags/pakakumi_scraper.py took 0.152 seconds
[2026-01-03T15:18:06.660+0000] {processor.py:161} INFO - Started process (PID=813) to work on /opt/airflow/dags/pakakumi_scraper.py
[2026-01-03T15:18:06.662+0000] {processor.py:830} INFO - Processing file /opt/airflow/dags/pakakumi_scraper.py for tasks to queue
[2026-01-03T15:18:06.665+0000] {logging_mixin.py:188} INFO - [2026-01-03T15:18:06.664+0000] {dagbag.py:540} INFO - Filling up the DagBag from /opt/airflow/dags/pakakumi_scraper.py
[2026-01-03T15:18:06.693+0000] {processor.py:840} INFO - DAG(s) 'pakakumi_scraper' retrieved from /opt/airflow/dags/pakakumi_scraper.py
[2026-01-03T15:18:06.739+0000] {logging_mixin.py:188} INFO - [2026-01-03T15:18:06.738+0000] {dag.py:3096} INFO - Sync 1 DAGs
[2026-01-03T15:18:06.774+0000] {logging_mixin.py:188} INFO - [2026-01-03T15:18:06.773+0000] {dag.py:3954} INFO - Setting next_dagrun for pakakumi_scraper to 2026-01-03 15:00:00+00:00, run_after=2026-01-03 16:00:00+00:00
[2026-01-03T15:18:06.798+0000] {processor.py:183} INFO - Processing /opt/airflow/dags/pakakumi_scraper.py took 0.150 seconds
[2026-01-03T15:18:36.963+0000] {processor.py:161} INFO - Started process (PID=818) to work on /opt/airflow/dags/pakakumi_scraper.py
[2026-01-03T15:18:36.966+0000] {processor.py:830} INFO - Processing file /opt/airflow/dags/pakakumi_scraper.py for tasks to queue
[2026-01-03T15:18:36.969+0000] {logging_mixin.py:188} INFO - [2026-01-03T15:18:36.968+0000] {dagbag.py:540} INFO - Filling up the DagBag from /opt/airflow/dags/pakakumi_scraper.py
[2026-01-03T15:18:36.993+0000] {processor.py:840} INFO - DAG(s) 'pakakumi_scraper' retrieved from /opt/airflow/dags/pakakumi_scraper.py
[2026-01-03T15:18:37.036+0000] {logging_mixin.py:188} INFO - [2026-01-03T15:18:37.036+0000] {dag.py:3096} INFO - Sync 1 DAGs
[2026-01-03T15:18:37.068+0000] {logging_mixin.py:188} INFO - [2026-01-03T15:18:37.068+0000] {dag.py:3954} INFO - Setting next_dagrun for pakakumi_scraper to 2026-01-03 15:00:00+00:00, run_after=2026-01-03 16:00:00+00:00
[2026-01-03T15:18:37.094+0000] {processor.py:183} INFO - Processing /opt/airflow/dags/pakakumi_scraper.py took 0.143 seconds
[2026-01-03T15:19:07.262+0000] {processor.py:161} INFO - Started process (PID=823) to work on /opt/airflow/dags/pakakumi_scraper.py
[2026-01-03T15:19:07.264+0000] {processor.py:830} INFO - Processing file /opt/airflow/dags/pakakumi_scraper.py for tasks to queue
[2026-01-03T15:19:07.269+0000] {logging_mixin.py:188} INFO - [2026-01-03T15:19:07.268+0000] {dagbag.py:540} INFO - Filling up the DagBag from /opt/airflow/dags/pakakumi_scraper.py
[2026-01-03T15:19:07.311+0000] {processor.py:840} INFO - DAG(s) 'pakakumi_scraper' retrieved from /opt/airflow/dags/pakakumi_scraper.py
[2026-01-03T15:19:07.354+0000] {logging_mixin.py:188} INFO - [2026-01-03T15:19:07.353+0000] {dag.py:3096} INFO - Sync 1 DAGs
[2026-01-03T15:19:07.396+0000] {logging_mixin.py:188} INFO - [2026-01-03T15:19:07.396+0000] {dag.py:3954} INFO - Setting next_dagrun for pakakumi_scraper to 2026-01-03 15:00:00+00:00, run_after=2026-01-03 16:00:00+00:00
[2026-01-03T15:19:07.428+0000] {processor.py:183} INFO - Processing /opt/airflow/dags/pakakumi_scraper.py took 0.181 seconds
[2026-01-03T15:19:37.571+0000] {processor.py:161} INFO - Started process (PID=828) to work on /opt/airflow/dags/pakakumi_scraper.py
[2026-01-03T15:19:37.574+0000] {processor.py:830} INFO - Processing file /opt/airflow/dags/pakakumi_scraper.py for tasks to queue
[2026-01-03T15:19:37.578+0000] {logging_mixin.py:188} INFO - [2026-01-03T15:19:37.577+0000] {dagbag.py:540} INFO - Filling up the DagBag from /opt/airflow/dags/pakakumi_scraper.py
[2026-01-03T15:19:37.611+0000] {processor.py:840} INFO - DAG(s) 'pakakumi_scraper' retrieved from /opt/airflow/dags/pakakumi_scraper.py
[2026-01-03T15:19:37.659+0000] {logging_mixin.py:188} INFO - [2026-01-03T15:19:37.659+0000] {dag.py:3096} INFO - Sync 1 DAGs
[2026-01-03T15:19:37.695+0000] {logging_mixin.py:188} INFO - [2026-01-03T15:19:37.695+0000] {dag.py:3954} INFO - Setting next_dagrun for pakakumi_scraper to 2026-01-03 15:00:00+00:00, run_after=2026-01-03 16:00:00+00:00
[2026-01-03T15:19:37.721+0000] {processor.py:183} INFO - Processing /opt/airflow/dags/pakakumi_scraper.py took 0.163 seconds
[2026-01-03T15:20:07.913+0000] {processor.py:161} INFO - Started process (PID=833) to work on /opt/airflow/dags/pakakumi_scraper.py
[2026-01-03T15:20:07.915+0000] {processor.py:830} INFO - Processing file /opt/airflow/dags/pakakumi_scraper.py for tasks to queue
[2026-01-03T15:20:07.919+0000] {logging_mixin.py:188} INFO - [2026-01-03T15:20:07.918+0000] {dagbag.py:540} INFO - Filling up the DagBag from /opt/airflow/dags/pakakumi_scraper.py
[2026-01-03T15:20:07.950+0000] {processor.py:840} INFO - DAG(s) 'pakakumi_scraper' retrieved from /opt/airflow/dags/pakakumi_scraper.py
[2026-01-03T15:20:07.993+0000] {logging_mixin.py:188} INFO - [2026-01-03T15:20:07.993+0000] {dag.py:3096} INFO - Sync 1 DAGs
[2026-01-03T15:20:08.028+0000] {logging_mixin.py:188} INFO - [2026-01-03T15:20:08.027+0000] {dag.py:3954} INFO - Setting next_dagrun for pakakumi_scraper to 2026-01-03 15:00:00+00:00, run_after=2026-01-03 16:00:00+00:00
[2026-01-03T15:20:08.056+0000] {processor.py:183} INFO - Processing /opt/airflow/dags/pakakumi_scraper.py took 0.154 seconds
[2026-01-03T15:20:38.207+0000] {processor.py:161} INFO - Started process (PID=838) to work on /opt/airflow/dags/pakakumi_scraper.py
[2026-01-03T15:20:38.209+0000] {processor.py:830} INFO - Processing file /opt/airflow/dags/pakakumi_scraper.py for tasks to queue
[2026-01-03T15:20:38.212+0000] {logging_mixin.py:188} INFO - [2026-01-03T15:20:38.211+0000] {dagbag.py:540} INFO - Filling up the DagBag from /opt/airflow/dags/pakakumi_scraper.py
[2026-01-03T15:20:38.241+0000] {processor.py:840} INFO - DAG(s) 'pakakumi_scraper' retrieved from /opt/airflow/dags/pakakumi_scraper.py
[2026-01-03T15:20:38.284+0000] {logging_mixin.py:188} INFO - [2026-01-03T15:20:38.284+0000] {dag.py:3096} INFO - Sync 1 DAGs
[2026-01-03T15:20:38.320+0000] {logging_mixin.py:188} INFO - [2026-01-03T15:20:38.320+0000] {dag.py:3954} INFO - Setting next_dagrun for pakakumi_scraper to 2026-01-03 15:00:00+00:00, run_after=2026-01-03 16:00:00+00:00
[2026-01-03T15:20:38.348+0000] {processor.py:183} INFO - Processing /opt/airflow/dags/pakakumi_scraper.py took 0.151 seconds
[2026-01-03T15:21:08.531+0000] {processor.py:161} INFO - Started process (PID=843) to work on /opt/airflow/dags/pakakumi_scraper.py
[2026-01-03T15:21:08.533+0000] {processor.py:830} INFO - Processing file /opt/airflow/dags/pakakumi_scraper.py for tasks to queue
[2026-01-03T15:21:08.536+0000] {logging_mixin.py:188} INFO - [2026-01-03T15:21:08.535+0000] {dagbag.py:540} INFO - Filling up the DagBag from /opt/airflow/dags/pakakumi_scraper.py
[2026-01-03T15:21:08.566+0000] {processor.py:840} INFO - DAG(s) 'pakakumi_scraper' retrieved from /opt/airflow/dags/pakakumi_scraper.py
[2026-01-03T15:21:08.606+0000] {logging_mixin.py:188} INFO - [2026-01-03T15:21:08.606+0000] {dag.py:3096} INFO - Sync 1 DAGs
[2026-01-03T15:21:08.643+0000] {logging_mixin.py:188} INFO - [2026-01-03T15:21:08.643+0000] {dag.py:3954} INFO - Setting next_dagrun for pakakumi_scraper to 2026-01-03 15:00:00+00:00, run_after=2026-01-03 16:00:00+00:00
[2026-01-03T15:21:08.673+0000] {processor.py:183} INFO - Processing /opt/airflow/dags/pakakumi_scraper.py took 0.152 seconds
[2026-01-03T15:21:38.832+0000] {processor.py:161} INFO - Started process (PID=848) to work on /opt/airflow/dags/pakakumi_scraper.py
[2026-01-03T15:21:38.836+0000] {processor.py:830} INFO - Processing file /opt/airflow/dags/pakakumi_scraper.py for tasks to queue
[2026-01-03T15:21:38.845+0000] {logging_mixin.py:188} INFO - [2026-01-03T15:21:38.844+0000] {dagbag.py:540} INFO - Filling up the DagBag from /opt/airflow/dags/pakakumi_scraper.py
[2026-01-03T15:21:38.886+0000] {processor.py:840} INFO - DAG(s) 'pakakumi_scraper' retrieved from /opt/airflow/dags/pakakumi_scraper.py
[2026-01-03T15:21:38.943+0000] {logging_mixin.py:188} INFO - [2026-01-03T15:21:38.943+0000] {dag.py:3096} INFO - Sync 1 DAGs
[2026-01-03T15:21:38.982+0000] {logging_mixin.py:188} INFO - [2026-01-03T15:21:38.982+0000] {dag.py:3954} INFO - Setting next_dagrun for pakakumi_scraper to 2026-01-03 15:00:00+00:00, run_after=2026-01-03 16:00:00+00:00
[2026-01-03T15:21:39.011+0000] {processor.py:183} INFO - Processing /opt/airflow/dags/pakakumi_scraper.py took 0.191 seconds
[2026-01-03T15:22:09.114+0000] {processor.py:161} INFO - Started process (PID=853) to work on /opt/airflow/dags/pakakumi_scraper.py
[2026-01-03T15:22:09.116+0000] {processor.py:830} INFO - Processing file /opt/airflow/dags/pakakumi_scraper.py for tasks to queue
[2026-01-03T15:22:09.120+0000] {logging_mixin.py:188} INFO - [2026-01-03T15:22:09.119+0000] {dagbag.py:540} INFO - Filling up the DagBag from /opt/airflow/dags/pakakumi_scraper.py
[2026-01-03T15:22:09.149+0000] {processor.py:840} INFO - DAG(s) 'pakakumi_scraper' retrieved from /opt/airflow/dags/pakakumi_scraper.py
[2026-01-03T15:22:09.191+0000] {logging_mixin.py:188} INFO - [2026-01-03T15:22:09.191+0000] {dag.py:3096} INFO - Sync 1 DAGs
[2026-01-03T15:22:09.229+0000] {logging_mixin.py:188} INFO - [2026-01-03T15:22:09.229+0000] {dag.py:3954} INFO - Setting next_dagrun for pakakumi_scraper to 2026-01-03 15:00:00+00:00, run_after=2026-01-03 16:00:00+00:00
[2026-01-03T15:22:09.254+0000] {processor.py:183} INFO - Processing /opt/airflow/dags/pakakumi_scraper.py took 0.152 seconds
[2026-01-03T15:22:39.495+0000] {processor.py:161} INFO - Started process (PID=858) to work on /opt/airflow/dags/pakakumi_scraper.py
[2026-01-03T15:22:39.497+0000] {processor.py:830} INFO - Processing file /opt/airflow/dags/pakakumi_scraper.py for tasks to queue
[2026-01-03T15:22:39.500+0000] {logging_mixin.py:188} INFO - [2026-01-03T15:22:39.500+0000] {dagbag.py:540} INFO - Filling up the DagBag from /opt/airflow/dags/pakakumi_scraper.py
[2026-01-03T15:22:39.537+0000] {processor.py:840} INFO - DAG(s) 'pakakumi_scraper' retrieved from /opt/airflow/dags/pakakumi_scraper.py
[2026-01-03T15:22:39.602+0000] {logging_mixin.py:188} INFO - [2026-01-03T15:22:39.602+0000] {dag.py:3096} INFO - Sync 1 DAGs
[2026-01-03T15:22:39.639+0000] {logging_mixin.py:188} INFO - [2026-01-03T15:22:39.639+0000] {dag.py:3954} INFO - Setting next_dagrun for pakakumi_scraper to 2026-01-03 15:00:00+00:00, run_after=2026-01-03 16:00:00+00:00
[2026-01-03T15:22:39.669+0000] {processor.py:183} INFO - Processing /opt/airflow/dags/pakakumi_scraper.py took 0.188 seconds
[2026-01-03T15:23:09.945+0000] {processor.py:161} INFO - Started process (PID=863) to work on /opt/airflow/dags/pakakumi_scraper.py
[2026-01-03T15:23:09.947+0000] {processor.py:830} INFO - Processing file /opt/airflow/dags/pakakumi_scraper.py for tasks to queue
[2026-01-03T15:23:09.951+0000] {logging_mixin.py:188} INFO - [2026-01-03T15:23:09.951+0000] {dagbag.py:540} INFO - Filling up the DagBag from /opt/airflow/dags/pakakumi_scraper.py
[2026-01-03T15:23:09.987+0000] {processor.py:840} INFO - DAG(s) 'pakakumi_scraper' retrieved from /opt/airflow/dags/pakakumi_scraper.py
[2026-01-03T15:23:10.028+0000] {logging_mixin.py:188} INFO - [2026-01-03T15:23:10.027+0000] {dag.py:3096} INFO - Sync 1 DAGs
[2026-01-03T15:23:10.060+0000] {logging_mixin.py:188} INFO - [2026-01-03T15:23:10.059+0000] {dag.py:3954} INFO - Setting next_dagrun for pakakumi_scraper to 2026-01-03 15:00:00+00:00, run_after=2026-01-03 16:00:00+00:00
[2026-01-03T15:23:10.087+0000] {processor.py:183} INFO - Processing /opt/airflow/dags/pakakumi_scraper.py took 0.156 seconds
[2026-01-03T15:23:40.227+0000] {processor.py:161} INFO - Started process (PID=868) to work on /opt/airflow/dags/pakakumi_scraper.py
[2026-01-03T15:23:40.229+0000] {processor.py:830} INFO - Processing file /opt/airflow/dags/pakakumi_scraper.py for tasks to queue
[2026-01-03T15:23:40.234+0000] {logging_mixin.py:188} INFO - [2026-01-03T15:23:40.233+0000] {dagbag.py:540} INFO - Filling up the DagBag from /opt/airflow/dags/pakakumi_scraper.py
[2026-01-03T15:23:40.271+0000] {processor.py:840} INFO - DAG(s) 'pakakumi_scraper' retrieved from /opt/airflow/dags/pakakumi_scraper.py
[2026-01-03T15:23:40.318+0000] {logging_mixin.py:188} INFO - [2026-01-03T15:23:40.317+0000] {dag.py:3096} INFO - Sync 1 DAGs
[2026-01-03T15:23:40.356+0000] {logging_mixin.py:188} INFO - [2026-01-03T15:23:40.356+0000] {dag.py:3954} INFO - Setting next_dagrun for pakakumi_scraper to 2026-01-03 15:00:00+00:00, run_after=2026-01-03 16:00:00+00:00
[2026-01-03T15:23:40.388+0000] {processor.py:183} INFO - Processing /opt/airflow/dags/pakakumi_scraper.py took 0.176 seconds
[2026-01-03T15:24:10.523+0000] {processor.py:161} INFO - Started process (PID=873) to work on /opt/airflow/dags/pakakumi_scraper.py
[2026-01-03T15:24:10.525+0000] {processor.py:830} INFO - Processing file /opt/airflow/dags/pakakumi_scraper.py for tasks to queue
[2026-01-03T15:24:10.528+0000] {logging_mixin.py:188} INFO - [2026-01-03T15:24:10.528+0000] {dagbag.py:540} INFO - Filling up the DagBag from /opt/airflow/dags/pakakumi_scraper.py
[2026-01-03T15:24:10.559+0000] {processor.py:840} INFO - DAG(s) 'pakakumi_scraper' retrieved from /opt/airflow/dags/pakakumi_scraper.py
[2026-01-03T15:24:10.604+0000] {logging_mixin.py:188} INFO - [2026-01-03T15:24:10.604+0000] {dag.py:3096} INFO - Sync 1 DAGs
[2026-01-03T15:24:10.638+0000] {logging_mixin.py:188} INFO - [2026-01-03T15:24:10.638+0000] {dag.py:3954} INFO - Setting next_dagrun for pakakumi_scraper to 2026-01-03 15:00:00+00:00, run_after=2026-01-03 16:00:00+00:00
[2026-01-03T15:24:10.665+0000] {processor.py:183} INFO - Processing /opt/airflow/dags/pakakumi_scraper.py took 0.152 seconds
[2026-01-03T15:24:40.860+0000] {processor.py:161} INFO - Started process (PID=878) to work on /opt/airflow/dags/pakakumi_scraper.py
[2026-01-03T15:24:40.861+0000] {processor.py:830} INFO - Processing file /opt/airflow/dags/pakakumi_scraper.py for tasks to queue
[2026-01-03T15:24:40.864+0000] {logging_mixin.py:188} INFO - [2026-01-03T15:24:40.864+0000] {dagbag.py:540} INFO - Filling up the DagBag from /opt/airflow/dags/pakakumi_scraper.py
[2026-01-03T15:24:40.893+0000] {processor.py:840} INFO - DAG(s) 'pakakumi_scraper' retrieved from /opt/airflow/dags/pakakumi_scraper.py
[2026-01-03T15:24:40.933+0000] {logging_mixin.py:188} INFO - [2026-01-03T15:24:40.933+0000] {dag.py:3096} INFO - Sync 1 DAGs
[2026-01-03T15:24:40.970+0000] {logging_mixin.py:188} INFO - [2026-01-03T15:24:40.970+0000] {dag.py:3954} INFO - Setting next_dagrun for pakakumi_scraper to 2026-01-03 15:00:00+00:00, run_after=2026-01-03 16:00:00+00:00
[2026-01-03T15:24:40.999+0000] {processor.py:183} INFO - Processing /opt/airflow/dags/pakakumi_scraper.py took 0.150 seconds
[2026-01-03T15:25:11.153+0000] {processor.py:161} INFO - Started process (PID=883) to work on /opt/airflow/dags/pakakumi_scraper.py
[2026-01-03T15:25:11.155+0000] {processor.py:830} INFO - Processing file /opt/airflow/dags/pakakumi_scraper.py for tasks to queue
[2026-01-03T15:25:11.159+0000] {logging_mixin.py:188} INFO - [2026-01-03T15:25:11.158+0000] {dagbag.py:540} INFO - Filling up the DagBag from /opt/airflow/dags/pakakumi_scraper.py
[2026-01-03T15:25:11.194+0000] {processor.py:840} INFO - DAG(s) 'pakakumi_scraper' retrieved from /opt/airflow/dags/pakakumi_scraper.py
[2026-01-03T15:25:11.239+0000] {logging_mixin.py:188} INFO - [2026-01-03T15:25:11.239+0000] {dag.py:3096} INFO - Sync 1 DAGs
[2026-01-03T15:25:11.279+0000] {logging_mixin.py:188} INFO - [2026-01-03T15:25:11.279+0000] {dag.py:3954} INFO - Setting next_dagrun for pakakumi_scraper to 2026-01-03 15:00:00+00:00, run_after=2026-01-03 16:00:00+00:00
[2026-01-03T15:25:11.307+0000] {processor.py:183} INFO - Processing /opt/airflow/dags/pakakumi_scraper.py took 0.169 seconds
[2026-01-03T15:25:41.434+0000] {processor.py:161} INFO - Started process (PID=888) to work on /opt/airflow/dags/pakakumi_scraper.py
[2026-01-03T15:25:41.436+0000] {processor.py:830} INFO - Processing file /opt/airflow/dags/pakakumi_scraper.py for tasks to queue
[2026-01-03T15:25:41.439+0000] {logging_mixin.py:188} INFO - [2026-01-03T15:25:41.439+0000] {dagbag.py:540} INFO - Filling up the DagBag from /opt/airflow/dags/pakakumi_scraper.py
[2026-01-03T15:25:41.470+0000] {processor.py:840} INFO - DAG(s) 'pakakumi_scraper' retrieved from /opt/airflow/dags/pakakumi_scraper.py
[2026-01-03T15:25:41.518+0000] {logging_mixin.py:188} INFO - [2026-01-03T15:25:41.517+0000] {dag.py:3096} INFO - Sync 1 DAGs
[2026-01-03T15:25:41.551+0000] {logging_mixin.py:188} INFO - [2026-01-03T15:25:41.550+0000] {dag.py:3954} INFO - Setting next_dagrun for pakakumi_scraper to 2026-01-03 15:00:00+00:00, run_after=2026-01-03 16:00:00+00:00
[2026-01-03T15:25:41.576+0000] {processor.py:183} INFO - Processing /opt/airflow/dags/pakakumi_scraper.py took 0.156 seconds
[2026-01-03T15:26:11.798+0000] {processor.py:161} INFO - Started process (PID=893) to work on /opt/airflow/dags/pakakumi_scraper.py
[2026-01-03T15:26:11.800+0000] {processor.py:830} INFO - Processing file /opt/airflow/dags/pakakumi_scraper.py for tasks to queue
[2026-01-03T15:26:11.803+0000] {logging_mixin.py:188} INFO - [2026-01-03T15:26:11.803+0000] {dagbag.py:540} INFO - Filling up the DagBag from /opt/airflow/dags/pakakumi_scraper.py
[2026-01-03T15:26:11.834+0000] {processor.py:840} INFO - DAG(s) 'pakakumi_scraper' retrieved from /opt/airflow/dags/pakakumi_scraper.py
[2026-01-03T15:26:11.878+0000] {logging_mixin.py:188} INFO - [2026-01-03T15:26:11.877+0000] {dag.py:3096} INFO - Sync 1 DAGs
[2026-01-03T15:26:11.911+0000] {logging_mixin.py:188} INFO - [2026-01-03T15:26:11.911+0000] {dag.py:3954} INFO - Setting next_dagrun for pakakumi_scraper to 2026-01-03 15:00:00+00:00, run_after=2026-01-03 16:00:00+00:00
[2026-01-03T15:26:11.953+0000] {processor.py:183} INFO - Processing /opt/airflow/dags/pakakumi_scraper.py took 0.165 seconds
[2026-01-03T15:26:42.056+0000] {processor.py:161} INFO - Started process (PID=898) to work on /opt/airflow/dags/pakakumi_scraper.py
[2026-01-03T15:26:42.058+0000] {processor.py:830} INFO - Processing file /opt/airflow/dags/pakakumi_scraper.py for tasks to queue
[2026-01-03T15:26:42.063+0000] {logging_mixin.py:188} INFO - [2026-01-03T15:26:42.062+0000] {dagbag.py:540} INFO - Filling up the DagBag from /opt/airflow/dags/pakakumi_scraper.py
[2026-01-03T15:26:42.103+0000] {processor.py:840} INFO - DAG(s) 'pakakumi_scraper' retrieved from /opt/airflow/dags/pakakumi_scraper.py
[2026-01-03T15:26:42.162+0000] {logging_mixin.py:188} INFO - [2026-01-03T15:26:42.162+0000] {dag.py:3096} INFO - Sync 1 DAGs
[2026-01-03T15:26:42.210+0000] {logging_mixin.py:188} INFO - [2026-01-03T15:26:42.210+0000] {dag.py:3954} INFO - Setting next_dagrun for pakakumi_scraper to 2026-01-03 15:00:00+00:00, run_after=2026-01-03 16:00:00+00:00
[2026-01-03T15:26:42.242+0000] {processor.py:183} INFO - Processing /opt/airflow/dags/pakakumi_scraper.py took 0.203 seconds
[2026-01-03T15:27:12.518+0000] {processor.py:161} INFO - Started process (PID=903) to work on /opt/airflow/dags/pakakumi_scraper.py
[2026-01-03T15:27:12.521+0000] {processor.py:830} INFO - Processing file /opt/airflow/dags/pakakumi_scraper.py for tasks to queue
[2026-01-03T15:27:12.525+0000] {logging_mixin.py:188} INFO - [2026-01-03T15:27:12.524+0000] {dagbag.py:540} INFO - Filling up the DagBag from /opt/airflow/dags/pakakumi_scraper.py
[2026-01-03T15:27:12.566+0000] {processor.py:840} INFO - DAG(s) 'pakakumi_scraper' retrieved from /opt/airflow/dags/pakakumi_scraper.py
[2026-01-03T15:27:12.618+0000] {logging_mixin.py:188} INFO - [2026-01-03T15:27:12.617+0000] {dag.py:3096} INFO - Sync 1 DAGs
[2026-01-03T15:27:12.672+0000] {logging_mixin.py:188} INFO - [2026-01-03T15:27:12.672+0000] {dag.py:3954} INFO - Setting next_dagrun for pakakumi_scraper to 2026-01-03 15:00:00+00:00, run_after=2026-01-03 16:00:00+00:00
[2026-01-03T15:27:12.699+0000] {processor.py:183} INFO - Processing /opt/airflow/dags/pakakumi_scraper.py took 0.197 seconds
[2026-01-03T15:27:42.959+0000] {processor.py:161} INFO - Started process (PID=908) to work on /opt/airflow/dags/pakakumi_scraper.py
[2026-01-03T15:27:42.961+0000] {processor.py:830} INFO - Processing file /opt/airflow/dags/pakakumi_scraper.py for tasks to queue
[2026-01-03T15:27:42.964+0000] {logging_mixin.py:188} INFO - [2026-01-03T15:27:42.963+0000] {dagbag.py:540} INFO - Filling up the DagBag from /opt/airflow/dags/pakakumi_scraper.py
[2026-01-03T15:27:42.994+0000] {processor.py:840} INFO - DAG(s) 'pakakumi_scraper' retrieved from /opt/airflow/dags/pakakumi_scraper.py
[2026-01-03T15:27:43.045+0000] {logging_mixin.py:188} INFO - [2026-01-03T15:27:43.044+0000] {dag.py:3096} INFO - Sync 1 DAGs
[2026-01-03T15:27:43.092+0000] {logging_mixin.py:188} INFO - [2026-01-03T15:27:43.092+0000] {dag.py:3954} INFO - Setting next_dagrun for pakakumi_scraper to 2026-01-03 15:00:00+00:00, run_after=2026-01-03 16:00:00+00:00
[2026-01-03T15:27:43.138+0000] {processor.py:183} INFO - Processing /opt/airflow/dags/pakakumi_scraper.py took 0.190 seconds
[2026-01-03T15:28:13.389+0000] {processor.py:161} INFO - Started process (PID=913) to work on /opt/airflow/dags/pakakumi_scraper.py
[2026-01-03T15:28:13.390+0000] {processor.py:830} INFO - Processing file /opt/airflow/dags/pakakumi_scraper.py for tasks to queue
[2026-01-03T15:28:13.394+0000] {logging_mixin.py:188} INFO - [2026-01-03T15:28:13.393+0000] {dagbag.py:540} INFO - Filling up the DagBag from /opt/airflow/dags/pakakumi_scraper.py
[2026-01-03T15:28:13.421+0000] {processor.py:840} INFO - DAG(s) 'pakakumi_scraper' retrieved from /opt/airflow/dags/pakakumi_scraper.py
[2026-01-03T15:28:13.465+0000] {logging_mixin.py:188} INFO - [2026-01-03T15:28:13.464+0000] {dag.py:3096} INFO - Sync 1 DAGs
[2026-01-03T15:28:13.502+0000] {logging_mixin.py:188} INFO - [2026-01-03T15:28:13.502+0000] {dag.py:3954} INFO - Setting next_dagrun for pakakumi_scraper to 2026-01-03 15:00:00+00:00, run_after=2026-01-03 16:00:00+00:00
[2026-01-03T15:28:13.530+0000] {processor.py:183} INFO - Processing /opt/airflow/dags/pakakumi_scraper.py took 0.153 seconds
[2026-01-03T15:29:12.585+0000] {processor.py:161} INFO - Started process (PID=165) to work on /opt/airflow/dags/pakakumi_scraper.py
[2026-01-03T15:29:12.587+0000] {processor.py:830} INFO - Processing file /opt/airflow/dags/pakakumi_scraper.py for tasks to queue
[2026-01-03T15:29:12.590+0000] {logging_mixin.py:188} INFO - [2026-01-03T15:29:12.590+0000] {dagbag.py:540} INFO - Filling up the DagBag from /opt/airflow/dags/pakakumi_scraper.py
[2026-01-03T15:29:12.633+0000] {processor.py:840} INFO - DAG(s) 'pakakumi_scraper' retrieved from /opt/airflow/dags/pakakumi_scraper.py
[2026-01-03T15:29:12.731+0000] {logging_mixin.py:188} INFO - [2026-01-03T15:29:12.731+0000] {dag.py:3096} INFO - Sync 1 DAGs
[2026-01-03T15:29:12.786+0000] {logging_mixin.py:188} INFO - [2026-01-03T15:29:12.785+0000] {dag.py:3954} INFO - Setting next_dagrun for pakakumi_scraper to 2026-01-03 15:00:00+00:00, run_after=2026-01-03 16:00:00+00:00
[2026-01-03T15:29:12.812+0000] {processor.py:183} INFO - Processing /opt/airflow/dags/pakakumi_scraper.py took 0.244 seconds
[2026-01-03T15:29:43.042+0000] {processor.py:161} INFO - Started process (PID=170) to work on /opt/airflow/dags/pakakumi_scraper.py
[2026-01-03T15:29:43.044+0000] {processor.py:830} INFO - Processing file /opt/airflow/dags/pakakumi_scraper.py for tasks to queue
[2026-01-03T15:29:43.048+0000] {logging_mixin.py:188} INFO - [2026-01-03T15:29:43.047+0000] {dagbag.py:540} INFO - Filling up the DagBag from /opt/airflow/dags/pakakumi_scraper.py
[2026-01-03T15:29:43.082+0000] {processor.py:840} INFO - DAG(s) 'pakakumi_scraper' retrieved from /opt/airflow/dags/pakakumi_scraper.py
[2026-01-03T15:29:43.132+0000] {logging_mixin.py:188} INFO - [2026-01-03T15:29:43.131+0000] {dag.py:3096} INFO - Sync 1 DAGs
[2026-01-03T15:29:43.171+0000] {logging_mixin.py:188} INFO - [2026-01-03T15:29:43.170+0000] {dag.py:3954} INFO - Setting next_dagrun for pakakumi_scraper to 2026-01-03 15:00:00+00:00, run_after=2026-01-03 16:00:00+00:00
[2026-01-03T15:29:43.200+0000] {processor.py:183} INFO - Processing /opt/airflow/dags/pakakumi_scraper.py took 0.169 seconds
[2026-01-03T15:30:13.262+0000] {processor.py:161} INFO - Started process (PID=175) to work on /opt/airflow/dags/pakakumi_scraper.py
[2026-01-03T15:30:13.263+0000] {processor.py:830} INFO - Processing file /opt/airflow/dags/pakakumi_scraper.py for tasks to queue
[2026-01-03T15:30:13.267+0000] {logging_mixin.py:188} INFO - [2026-01-03T15:30:13.267+0000] {dagbag.py:540} INFO - Filling up the DagBag from /opt/airflow/dags/pakakumi_scraper.py
[2026-01-03T15:30:13.315+0000] {processor.py:840} INFO - DAG(s) 'pakakumi_scraper' retrieved from /opt/airflow/dags/pakakumi_scraper.py
[2026-01-03T15:30:13.366+0000] {logging_mixin.py:188} INFO - [2026-01-03T15:30:13.365+0000] {dag.py:3096} INFO - Sync 1 DAGs
[2026-01-03T15:30:13.416+0000] {logging_mixin.py:188} INFO - [2026-01-03T15:30:13.416+0000] {dag.py:3954} INFO - Setting next_dagrun for pakakumi_scraper to 2026-01-03 15:00:00+00:00, run_after=2026-01-03 16:00:00+00:00
[2026-01-03T15:30:13.473+0000] {processor.py:183} INFO - Processing /opt/airflow/dags/pakakumi_scraper.py took 0.221 seconds
[2026-01-03T15:30:43.651+0000] {processor.py:161} INFO - Started process (PID=180) to work on /opt/airflow/dags/pakakumi_scraper.py
[2026-01-03T15:30:43.653+0000] {processor.py:830} INFO - Processing file /opt/airflow/dags/pakakumi_scraper.py for tasks to queue
[2026-01-03T15:30:43.655+0000] {logging_mixin.py:188} INFO - [2026-01-03T15:30:43.655+0000] {dagbag.py:540} INFO - Filling up the DagBag from /opt/airflow/dags/pakakumi_scraper.py
[2026-01-03T15:30:43.702+0000] {processor.py:840} INFO - DAG(s) 'pakakumi_scraper' retrieved from /opt/airflow/dags/pakakumi_scraper.py
[2026-01-03T15:30:43.751+0000] {logging_mixin.py:188} INFO - [2026-01-03T15:30:43.750+0000] {dag.py:3096} INFO - Sync 1 DAGs
[2026-01-03T15:30:43.789+0000] {logging_mixin.py:188} INFO - [2026-01-03T15:30:43.789+0000] {dag.py:3954} INFO - Setting next_dagrun for pakakumi_scraper to 2026-01-03 15:00:00+00:00, run_after=2026-01-03 16:00:00+00:00
[2026-01-03T15:30:43.822+0000] {processor.py:183} INFO - Processing /opt/airflow/dags/pakakumi_scraper.py took 0.180 seconds
[2026-01-03T15:31:13.918+0000] {processor.py:161} INFO - Started process (PID=185) to work on /opt/airflow/dags/pakakumi_scraper.py
[2026-01-03T15:31:13.920+0000] {processor.py:830} INFO - Processing file /opt/airflow/dags/pakakumi_scraper.py for tasks to queue
[2026-01-03T15:31:13.923+0000] {logging_mixin.py:188} INFO - [2026-01-03T15:31:13.923+0000] {dagbag.py:540} INFO - Filling up the DagBag from /opt/airflow/dags/pakakumi_scraper.py
[2026-01-03T15:31:13.956+0000] {processor.py:840} INFO - DAG(s) 'pakakumi_scraper' retrieved from /opt/airflow/dags/pakakumi_scraper.py
[2026-01-03T15:31:14.007+0000] {logging_mixin.py:188} INFO - [2026-01-03T15:31:14.007+0000] {dag.py:3096} INFO - Sync 1 DAGs
[2026-01-03T15:31:14.047+0000] {logging_mixin.py:188} INFO - [2026-01-03T15:31:14.046+0000] {dag.py:3954} INFO - Setting next_dagrun for pakakumi_scraper to 2026-01-03 15:00:00+00:00, run_after=2026-01-03 16:00:00+00:00
[2026-01-03T15:31:14.076+0000] {processor.py:183} INFO - Processing /opt/airflow/dags/pakakumi_scraper.py took 0.169 seconds
[2026-01-03T15:31:44.288+0000] {processor.py:161} INFO - Started process (PID=190) to work on /opt/airflow/dags/pakakumi_scraper.py
[2026-01-03T15:31:44.289+0000] {processor.py:830} INFO - Processing file /opt/airflow/dags/pakakumi_scraper.py for tasks to queue
[2026-01-03T15:31:44.293+0000] {logging_mixin.py:188} INFO - [2026-01-03T15:31:44.292+0000] {dagbag.py:540} INFO - Filling up the DagBag from /opt/airflow/dags/pakakumi_scraper.py
[2026-01-03T15:31:44.323+0000] {processor.py:840} INFO - DAG(s) 'pakakumi_scraper' retrieved from /opt/airflow/dags/pakakumi_scraper.py
[2026-01-03T15:31:44.399+0000] {logging_mixin.py:188} INFO - [2026-01-03T15:31:44.399+0000] {dag.py:3096} INFO - Sync 1 DAGs
[2026-01-03T15:31:44.439+0000] {logging_mixin.py:188} INFO - [2026-01-03T15:31:44.438+0000] {dag.py:3954} INFO - Setting next_dagrun for pakakumi_scraper to 2026-01-03 15:00:00+00:00, run_after=2026-01-03 16:00:00+00:00
[2026-01-03T15:31:44.465+0000] {processor.py:183} INFO - Processing /opt/airflow/dags/pakakumi_scraper.py took 0.188 seconds
[2026-01-03T15:32:14.538+0000] {processor.py:161} INFO - Started process (PID=195) to work on /opt/airflow/dags/pakakumi_scraper.py
[2026-01-03T15:32:14.540+0000] {processor.py:830} INFO - Processing file /opt/airflow/dags/pakakumi_scraper.py for tasks to queue
[2026-01-03T15:32:14.544+0000] {logging_mixin.py:188} INFO - [2026-01-03T15:32:14.543+0000] {dagbag.py:540} INFO - Filling up the DagBag from /opt/airflow/dags/pakakumi_scraper.py
[2026-01-03T15:32:14.585+0000] {processor.py:840} INFO - DAG(s) 'pakakumi_scraper' retrieved from /opt/airflow/dags/pakakumi_scraper.py
[2026-01-03T15:32:14.636+0000] {logging_mixin.py:188} INFO - [2026-01-03T15:32:14.636+0000] {dag.py:3096} INFO - Sync 1 DAGs
[2026-01-03T15:32:14.674+0000] {logging_mixin.py:188} INFO - [2026-01-03T15:32:14.673+0000] {dag.py:3954} INFO - Setting next_dagrun for pakakumi_scraper to 2026-01-03 15:00:00+00:00, run_after=2026-01-03 16:00:00+00:00
[2026-01-03T15:32:14.702+0000] {processor.py:183} INFO - Processing /opt/airflow/dags/pakakumi_scraper.py took 0.177 seconds
[2026-01-03T15:32:44.950+0000] {processor.py:161} INFO - Started process (PID=200) to work on /opt/airflow/dags/pakakumi_scraper.py
[2026-01-03T15:32:44.952+0000] {processor.py:830} INFO - Processing file /opt/airflow/dags/pakakumi_scraper.py for tasks to queue
[2026-01-03T15:32:44.954+0000] {logging_mixin.py:188} INFO - [2026-01-03T15:32:44.954+0000] {dagbag.py:540} INFO - Filling up the DagBag from /opt/airflow/dags/pakakumi_scraper.py
[2026-01-03T15:32:44.982+0000] {processor.py:840} INFO - DAG(s) 'pakakumi_scraper' retrieved from /opt/airflow/dags/pakakumi_scraper.py
[2026-01-03T15:32:45.026+0000] {logging_mixin.py:188} INFO - [2026-01-03T15:32:45.026+0000] {dag.py:3096} INFO - Sync 1 DAGs
[2026-01-03T15:32:45.066+0000] {logging_mixin.py:188} INFO - [2026-01-03T15:32:45.066+0000] {dag.py:3954} INFO - Setting next_dagrun for pakakumi_scraper to 2026-01-03 15:00:00+00:00, run_after=2026-01-03 16:00:00+00:00
[2026-01-03T15:32:45.096+0000] {processor.py:183} INFO - Processing /opt/airflow/dags/pakakumi_scraper.py took 0.154 seconds
[2026-01-03T15:33:15.195+0000] {processor.py:161} INFO - Started process (PID=205) to work on /opt/airflow/dags/pakakumi_scraper.py
[2026-01-03T15:33:15.196+0000] {processor.py:830} INFO - Processing file /opt/airflow/dags/pakakumi_scraper.py for tasks to queue
[2026-01-03T15:33:15.200+0000] {logging_mixin.py:188} INFO - [2026-01-03T15:33:15.199+0000] {dagbag.py:540} INFO - Filling up the DagBag from /opt/airflow/dags/pakakumi_scraper.py
[2026-01-03T15:33:15.227+0000] {processor.py:840} INFO - DAG(s) 'pakakumi_scraper' retrieved from /opt/airflow/dags/pakakumi_scraper.py
[2026-01-03T15:33:15.271+0000] {logging_mixin.py:188} INFO - [2026-01-03T15:33:15.271+0000] {dag.py:3096} INFO - Sync 1 DAGs
[2026-01-03T15:33:15.306+0000] {logging_mixin.py:188} INFO - [2026-01-03T15:33:15.306+0000] {dag.py:3954} INFO - Setting next_dagrun for pakakumi_scraper to 2026-01-03 15:00:00+00:00, run_after=2026-01-03 16:00:00+00:00
[2026-01-03T15:33:15.335+0000] {processor.py:183} INFO - Processing /opt/airflow/dags/pakakumi_scraper.py took 0.150 seconds
[2026-01-03T15:33:45.574+0000] {processor.py:161} INFO - Started process (PID=210) to work on /opt/airflow/dags/pakakumi_scraper.py
[2026-01-03T15:33:45.575+0000] {processor.py:830} INFO - Processing file /opt/airflow/dags/pakakumi_scraper.py for tasks to queue
[2026-01-03T15:33:45.579+0000] {logging_mixin.py:188} INFO - [2026-01-03T15:33:45.578+0000] {dagbag.py:540} INFO - Filling up the DagBag from /opt/airflow/dags/pakakumi_scraper.py
[2026-01-03T15:33:45.610+0000] {processor.py:840} INFO - DAG(s) 'pakakumi_scraper' retrieved from /opt/airflow/dags/pakakumi_scraper.py
[2026-01-03T15:33:45.649+0000] {logging_mixin.py:188} INFO - [2026-01-03T15:33:45.649+0000] {dag.py:3096} INFO - Sync 1 DAGs
[2026-01-03T15:33:45.682+0000] {logging_mixin.py:188} INFO - [2026-01-03T15:33:45.682+0000] {dag.py:3954} INFO - Setting next_dagrun for pakakumi_scraper to 2026-01-03 15:00:00+00:00, run_after=2026-01-03 16:00:00+00:00
[2026-01-03T15:33:45.712+0000] {processor.py:183} INFO - Processing /opt/airflow/dags/pakakumi_scraper.py took 0.149 seconds
[2026-01-03T15:34:15.898+0000] {processor.py:161} INFO - Started process (PID=215) to work on /opt/airflow/dags/pakakumi_scraper.py
[2026-01-03T15:34:15.900+0000] {processor.py:830} INFO - Processing file /opt/airflow/dags/pakakumi_scraper.py for tasks to queue
[2026-01-03T15:34:15.902+0000] {logging_mixin.py:188} INFO - [2026-01-03T15:34:15.902+0000] {dagbag.py:540} INFO - Filling up the DagBag from /opt/airflow/dags/pakakumi_scraper.py
[2026-01-03T15:34:15.929+0000] {processor.py:840} INFO - DAG(s) 'pakakumi_scraper' retrieved from /opt/airflow/dags/pakakumi_scraper.py
[2026-01-03T15:34:15.970+0000] {logging_mixin.py:188} INFO - [2026-01-03T15:34:15.970+0000] {dag.py:3096} INFO - Sync 1 DAGs
[2026-01-03T15:34:16.009+0000] {logging_mixin.py:188} INFO - [2026-01-03T15:34:16.008+0000] {dag.py:3954} INFO - Setting next_dagrun for pakakumi_scraper to 2026-01-03 15:00:00+00:00, run_after=2026-01-03 16:00:00+00:00
[2026-01-03T15:34:16.039+0000] {processor.py:183} INFO - Processing /opt/airflow/dags/pakakumi_scraper.py took 0.152 seconds
[2026-01-03T15:34:46.144+0000] {processor.py:161} INFO - Started process (PID=220) to work on /opt/airflow/dags/pakakumi_scraper.py
[2026-01-03T15:34:46.146+0000] {processor.py:830} INFO - Processing file /opt/airflow/dags/pakakumi_scraper.py for tasks to queue
[2026-01-03T15:34:46.149+0000] {logging_mixin.py:188} INFO - [2026-01-03T15:34:46.148+0000] {dagbag.py:540} INFO - Filling up the DagBag from /opt/airflow/dags/pakakumi_scraper.py
[2026-01-03T15:34:46.176+0000] {processor.py:840} INFO - DAG(s) 'pakakumi_scraper' retrieved from /opt/airflow/dags/pakakumi_scraper.py
[2026-01-03T15:34:46.220+0000] {logging_mixin.py:188} INFO - [2026-01-03T15:34:46.220+0000] {dag.py:3096} INFO - Sync 1 DAGs
[2026-01-03T15:34:46.255+0000] {logging_mixin.py:188} INFO - [2026-01-03T15:34:46.254+0000] {dag.py:3954} INFO - Setting next_dagrun for pakakumi_scraper to 2026-01-03 15:00:00+00:00, run_after=2026-01-03 16:00:00+00:00
[2026-01-03T15:34:46.282+0000] {processor.py:183} INFO - Processing /opt/airflow/dags/pakakumi_scraper.py took 0.146 seconds
[2026-01-03T15:35:16.512+0000] {processor.py:161} INFO - Started process (PID=225) to work on /opt/airflow/dags/pakakumi_scraper.py
[2026-01-03T15:35:16.513+0000] {processor.py:830} INFO - Processing file /opt/airflow/dags/pakakumi_scraper.py for tasks to queue
[2026-01-03T15:35:16.516+0000] {logging_mixin.py:188} INFO - [2026-01-03T15:35:16.516+0000] {dagbag.py:540} INFO - Filling up the DagBag from /opt/airflow/dags/pakakumi_scraper.py
[2026-01-03T15:35:16.544+0000] {processor.py:840} INFO - DAG(s) 'pakakumi_scraper' retrieved from /opt/airflow/dags/pakakumi_scraper.py
[2026-01-03T15:35:16.585+0000] {logging_mixin.py:188} INFO - [2026-01-03T15:35:16.585+0000] {dag.py:3096} INFO - Sync 1 DAGs
[2026-01-03T15:35:16.618+0000] {logging_mixin.py:188} INFO - [2026-01-03T15:35:16.618+0000] {dag.py:3954} INFO - Setting next_dagrun for pakakumi_scraper to 2026-01-03 15:00:00+00:00, run_after=2026-01-03 16:00:00+00:00
[2026-01-03T15:35:16.645+0000] {processor.py:183} INFO - Processing /opt/airflow/dags/pakakumi_scraper.py took 0.143 seconds
[2026-01-03T15:35:46.730+0000] {processor.py:161} INFO - Started process (PID=230) to work on /opt/airflow/dags/pakakumi_scraper.py
[2026-01-03T15:35:46.731+0000] {processor.py:830} INFO - Processing file /opt/airflow/dags/pakakumi_scraper.py for tasks to queue
[2026-01-03T15:35:46.734+0000] {logging_mixin.py:188} INFO - [2026-01-03T15:35:46.733+0000] {dagbag.py:540} INFO - Filling up the DagBag from /opt/airflow/dags/pakakumi_scraper.py
[2026-01-03T15:35:46.758+0000] {processor.py:840} INFO - DAG(s) 'pakakumi_scraper' retrieved from /opt/airflow/dags/pakakumi_scraper.py
[2026-01-03T15:35:46.801+0000] {logging_mixin.py:188} INFO - [2026-01-03T15:35:46.800+0000] {dag.py:3096} INFO - Sync 1 DAGs
[2026-01-03T15:35:46.834+0000] {logging_mixin.py:188} INFO - [2026-01-03T15:35:46.833+0000] {dag.py:3954} INFO - Setting next_dagrun for pakakumi_scraper to 2026-01-03 15:00:00+00:00, run_after=2026-01-03 16:00:00+00:00
[2026-01-03T15:35:46.860+0000] {processor.py:183} INFO - Processing /opt/airflow/dags/pakakumi_scraper.py took 0.141 seconds
[2026-01-03T15:36:17.123+0000] {processor.py:161} INFO - Started process (PID=235) to work on /opt/airflow/dags/pakakumi_scraper.py
[2026-01-03T15:36:17.124+0000] {processor.py:830} INFO - Processing file /opt/airflow/dags/pakakumi_scraper.py for tasks to queue
[2026-01-03T15:36:17.127+0000] {logging_mixin.py:188} INFO - [2026-01-03T15:36:17.126+0000] {dagbag.py:540} INFO - Filling up the DagBag from /opt/airflow/dags/pakakumi_scraper.py
[2026-01-03T15:36:17.154+0000] {processor.py:840} INFO - DAG(s) 'pakakumi_scraper' retrieved from /opt/airflow/dags/pakakumi_scraper.py
[2026-01-03T15:36:17.199+0000] {logging_mixin.py:188} INFO - [2026-01-03T15:36:17.199+0000] {dag.py:3096} INFO - Sync 1 DAGs
[2026-01-03T15:36:17.237+0000] {logging_mixin.py:188} INFO - [2026-01-03T15:36:17.237+0000] {dag.py:3954} INFO - Setting next_dagrun for pakakumi_scraper to 2026-01-03 15:00:00+00:00, run_after=2026-01-03 16:00:00+00:00
[2026-01-03T15:36:17.264+0000] {processor.py:183} INFO - Processing /opt/airflow/dags/pakakumi_scraper.py took 0.151 seconds
[2026-01-03T15:36:47.363+0000] {processor.py:161} INFO - Started process (PID=240) to work on /opt/airflow/dags/pakakumi_scraper.py
[2026-01-03T15:36:47.365+0000] {processor.py:830} INFO - Processing file /opt/airflow/dags/pakakumi_scraper.py for tasks to queue
[2026-01-03T15:36:47.369+0000] {logging_mixin.py:188} INFO - [2026-01-03T15:36:47.368+0000] {dagbag.py:540} INFO - Filling up the DagBag from /opt/airflow/dags/pakakumi_scraper.py
[2026-01-03T15:36:47.400+0000] {processor.py:840} INFO - DAG(s) 'pakakumi_scraper' retrieved from /opt/airflow/dags/pakakumi_scraper.py
[2026-01-03T15:36:47.443+0000] {logging_mixin.py:188} INFO - [2026-01-03T15:36:47.443+0000] {dag.py:3096} INFO - Sync 1 DAGs
[2026-01-03T15:36:47.483+0000] {logging_mixin.py:188} INFO - [2026-01-03T15:36:47.482+0000] {dag.py:3954} INFO - Setting next_dagrun for pakakumi_scraper to 2026-01-03 15:00:00+00:00, run_after=2026-01-03 16:00:00+00:00
[2026-01-03T15:36:47.515+0000] {processor.py:183} INFO - Processing /opt/airflow/dags/pakakumi_scraper.py took 0.160 seconds
[2026-01-03T15:37:17.716+0000] {processor.py:161} INFO - Started process (PID=245) to work on /opt/airflow/dags/pakakumi_scraper.py
[2026-01-03T15:37:17.717+0000] {processor.py:830} INFO - Processing file /opt/airflow/dags/pakakumi_scraper.py for tasks to queue
[2026-01-03T15:37:17.720+0000] {logging_mixin.py:188} INFO - [2026-01-03T15:37:17.720+0000] {dagbag.py:540} INFO - Filling up the DagBag from /opt/airflow/dags/pakakumi_scraper.py
[2026-01-03T15:37:17.748+0000] {processor.py:840} INFO - DAG(s) 'pakakumi_scraper' retrieved from /opt/airflow/dags/pakakumi_scraper.py
[2026-01-03T15:37:17.793+0000] {logging_mixin.py:188} INFO - [2026-01-03T15:37:17.792+0000] {dag.py:3096} INFO - Sync 1 DAGs
[2026-01-03T15:37:17.839+0000] {logging_mixin.py:188} INFO - [2026-01-03T15:37:17.839+0000] {dag.py:3954} INFO - Setting next_dagrun for pakakumi_scraper to 2026-01-03 15:00:00+00:00, run_after=2026-01-03 16:00:00+00:00
[2026-01-03T15:37:17.869+0000] {processor.py:183} INFO - Processing /opt/airflow/dags/pakakumi_scraper.py took 0.163 seconds
[2026-01-03T15:37:47.996+0000] {processor.py:161} INFO - Started process (PID=250) to work on /opt/airflow/dags/pakakumi_scraper.py
[2026-01-03T15:37:47.998+0000] {processor.py:830} INFO - Processing file /opt/airflow/dags/pakakumi_scraper.py for tasks to queue
[2026-01-03T15:37:48.001+0000] {logging_mixin.py:188} INFO - [2026-01-03T15:37:48.000+0000] {dagbag.py:540} INFO - Filling up the DagBag from /opt/airflow/dags/pakakumi_scraper.py
[2026-01-03T15:37:48.039+0000] {processor.py:840} INFO - DAG(s) 'pakakumi_scraper' retrieved from /opt/airflow/dags/pakakumi_scraper.py
[2026-01-03T15:37:48.082+0000] {logging_mixin.py:188} INFO - [2026-01-03T15:37:48.082+0000] {dag.py:3096} INFO - Sync 1 DAGs
[2026-01-03T15:37:48.117+0000] {logging_mixin.py:188} INFO - [2026-01-03T15:37:48.117+0000] {dag.py:3954} INFO - Setting next_dagrun for pakakumi_scraper to 2026-01-03 15:00:00+00:00, run_after=2026-01-03 16:00:00+00:00
[2026-01-03T15:37:48.145+0000] {processor.py:183} INFO - Processing /opt/airflow/dags/pakakumi_scraper.py took 0.158 seconds
[2026-01-03T15:38:18.324+0000] {processor.py:161} INFO - Started process (PID=255) to work on /opt/airflow/dags/pakakumi_scraper.py
[2026-01-03T15:38:18.326+0000] {processor.py:830} INFO - Processing file /opt/airflow/dags/pakakumi_scraper.py for tasks to queue
[2026-01-03T15:38:18.329+0000] {logging_mixin.py:188} INFO - [2026-01-03T15:38:18.329+0000] {dagbag.py:540} INFO - Filling up the DagBag from /opt/airflow/dags/pakakumi_scraper.py
[2026-01-03T15:38:18.359+0000] {processor.py:840} INFO - DAG(s) 'pakakumi_scraper' retrieved from /opt/airflow/dags/pakakumi_scraper.py
[2026-01-03T15:38:18.402+0000] {logging_mixin.py:188} INFO - [2026-01-03T15:38:18.401+0000] {dag.py:3096} INFO - Sync 1 DAGs
[2026-01-03T15:38:18.436+0000] {logging_mixin.py:188} INFO - [2026-01-03T15:38:18.436+0000] {dag.py:3954} INFO - Setting next_dagrun for pakakumi_scraper to 2026-01-03 15:00:00+00:00, run_after=2026-01-03 16:00:00+00:00
[2026-01-03T15:38:18.464+0000] {processor.py:183} INFO - Processing /opt/airflow/dags/pakakumi_scraper.py took 0.150 seconds
[2026-01-03T15:38:48.580+0000] {processor.py:161} INFO - Started process (PID=260) to work on /opt/airflow/dags/pakakumi_scraper.py
[2026-01-03T15:38:48.582+0000] {processor.py:830} INFO - Processing file /opt/airflow/dags/pakakumi_scraper.py for tasks to queue
[2026-01-03T15:38:48.585+0000] {logging_mixin.py:188} INFO - [2026-01-03T15:38:48.584+0000] {dagbag.py:540} INFO - Filling up the DagBag from /opt/airflow/dags/pakakumi_scraper.py
[2026-01-03T15:38:48.613+0000] {processor.py:840} INFO - DAG(s) 'pakakumi_scraper' retrieved from /opt/airflow/dags/pakakumi_scraper.py
[2026-01-03T15:38:48.659+0000] {logging_mixin.py:188} INFO - [2026-01-03T15:38:48.659+0000] {dag.py:3096} INFO - Sync 1 DAGs
[2026-01-03T15:38:48.692+0000] {logging_mixin.py:188} INFO - [2026-01-03T15:38:48.692+0000] {dag.py:3954} INFO - Setting next_dagrun for pakakumi_scraper to 2026-01-03 15:00:00+00:00, run_after=2026-01-03 16:00:00+00:00
[2026-01-03T15:38:48.720+0000] {processor.py:183} INFO - Processing /opt/airflow/dags/pakakumi_scraper.py took 0.151 seconds
[2026-01-03T15:39:18.979+0000] {processor.py:161} INFO - Started process (PID=265) to work on /opt/airflow/dags/pakakumi_scraper.py
[2026-01-03T15:39:18.981+0000] {processor.py:830} INFO - Processing file /opt/airflow/dags/pakakumi_scraper.py for tasks to queue
[2026-01-03T15:39:18.984+0000] {logging_mixin.py:188} INFO - [2026-01-03T15:39:18.983+0000] {dagbag.py:540} INFO - Filling up the DagBag from /opt/airflow/dags/pakakumi_scraper.py
[2026-01-03T15:39:19.013+0000] {processor.py:840} INFO - DAG(s) 'pakakumi_scraper' retrieved from /opt/airflow/dags/pakakumi_scraper.py
[2026-01-03T15:39:19.056+0000] {logging_mixin.py:188} INFO - [2026-01-03T15:39:19.056+0000] {dag.py:3096} INFO - Sync 1 DAGs
[2026-01-03T15:39:19.094+0000] {logging_mixin.py:188} INFO - [2026-01-03T15:39:19.094+0000] {dag.py:3954} INFO - Setting next_dagrun for pakakumi_scraper to 2026-01-03 15:00:00+00:00, run_after=2026-01-03 16:00:00+00:00
[2026-01-03T15:39:19.131+0000] {processor.py:183} INFO - Processing /opt/airflow/dags/pakakumi_scraper.py took 0.161 seconds
[2026-01-03T15:39:49.218+0000] {processor.py:161} INFO - Started process (PID=270) to work on /opt/airflow/dags/pakakumi_scraper.py
[2026-01-03T15:39:49.219+0000] {processor.py:830} INFO - Processing file /opt/airflow/dags/pakakumi_scraper.py for tasks to queue
[2026-01-03T15:39:49.223+0000] {logging_mixin.py:188} INFO - [2026-01-03T15:39:49.222+0000] {dagbag.py:540} INFO - Filling up the DagBag from /opt/airflow/dags/pakakumi_scraper.py
[2026-01-03T15:39:49.252+0000] {processor.py:840} INFO - DAG(s) 'pakakumi_scraper' retrieved from /opt/airflow/dags/pakakumi_scraper.py
[2026-01-03T15:39:49.300+0000] {logging_mixin.py:188} INFO - [2026-01-03T15:39:49.300+0000] {dag.py:3096} INFO - Sync 1 DAGs
[2026-01-03T15:39:49.339+0000] {logging_mixin.py:188} INFO - [2026-01-03T15:39:49.339+0000] {dag.py:3954} INFO - Setting next_dagrun for pakakumi_scraper to 2026-01-03 15:00:00+00:00, run_after=2026-01-03 16:00:00+00:00
[2026-01-03T15:39:49.369+0000] {processor.py:183} INFO - Processing /opt/airflow/dags/pakakumi_scraper.py took 0.161 seconds
[2026-01-03T15:40:19.561+0000] {processor.py:161} INFO - Started process (PID=275) to work on /opt/airflow/dags/pakakumi_scraper.py
[2026-01-03T15:40:19.563+0000] {processor.py:830} INFO - Processing file /opt/airflow/dags/pakakumi_scraper.py for tasks to queue
[2026-01-03T15:40:19.566+0000] {logging_mixin.py:188} INFO - [2026-01-03T15:40:19.565+0000] {dagbag.py:540} INFO - Filling up the DagBag from /opt/airflow/dags/pakakumi_scraper.py
[2026-01-03T15:40:19.595+0000] {processor.py:840} INFO - DAG(s) 'pakakumi_scraper' retrieved from /opt/airflow/dags/pakakumi_scraper.py
[2026-01-03T15:40:19.637+0000] {logging_mixin.py:188} INFO - [2026-01-03T15:40:19.637+0000] {dag.py:3096} INFO - Sync 1 DAGs
[2026-01-03T15:40:19.676+0000] {logging_mixin.py:188} INFO - [2026-01-03T15:40:19.676+0000] {dag.py:3954} INFO - Setting next_dagrun for pakakumi_scraper to 2026-01-03 15:00:00+00:00, run_after=2026-01-03 16:00:00+00:00
[2026-01-03T15:40:19.706+0000] {processor.py:183} INFO - Processing /opt/airflow/dags/pakakumi_scraper.py took 0.156 seconds
[2026-01-03T15:40:49.807+0000] {processor.py:161} INFO - Started process (PID=280) to work on /opt/airflow/dags/pakakumi_scraper.py
[2026-01-03T15:40:49.809+0000] {processor.py:830} INFO - Processing file /opt/airflow/dags/pakakumi_scraper.py for tasks to queue
[2026-01-03T15:40:49.813+0000] {logging_mixin.py:188} INFO - [2026-01-03T15:40:49.812+0000] {dagbag.py:540} INFO - Filling up the DagBag from /opt/airflow/dags/pakakumi_scraper.py
[2026-01-03T15:40:49.841+0000] {processor.py:840} INFO - DAG(s) 'pakakumi_scraper' retrieved from /opt/airflow/dags/pakakumi_scraper.py
[2026-01-03T15:40:49.885+0000] {logging_mixin.py:188} INFO - [2026-01-03T15:40:49.885+0000] {dag.py:3096} INFO - Sync 1 DAGs
[2026-01-03T15:40:49.920+0000] {logging_mixin.py:188} INFO - [2026-01-03T15:40:49.920+0000] {dag.py:3954} INFO - Setting next_dagrun for pakakumi_scraper to 2026-01-03 15:00:00+00:00, run_after=2026-01-03 16:00:00+00:00
[2026-01-03T15:40:49.946+0000] {processor.py:183} INFO - Processing /opt/airflow/dags/pakakumi_scraper.py took 0.149 seconds
[2026-01-03T15:41:20.155+0000] {processor.py:161} INFO - Started process (PID=285) to work on /opt/airflow/dags/pakakumi_scraper.py
[2026-01-03T15:41:20.157+0000] {processor.py:830} INFO - Processing file /opt/airflow/dags/pakakumi_scraper.py for tasks to queue
[2026-01-03T15:41:20.160+0000] {logging_mixin.py:188} INFO - [2026-01-03T15:41:20.159+0000] {dagbag.py:540} INFO - Filling up the DagBag from /opt/airflow/dags/pakakumi_scraper.py
[2026-01-03T15:41:20.187+0000] {processor.py:840} INFO - DAG(s) 'pakakumi_scraper' retrieved from /opt/airflow/dags/pakakumi_scraper.py
[2026-01-03T15:41:20.231+0000] {logging_mixin.py:188} INFO - [2026-01-03T15:41:20.230+0000] {dag.py:3096} INFO - Sync 1 DAGs
[2026-01-03T15:41:20.268+0000] {logging_mixin.py:188} INFO - [2026-01-03T15:41:20.267+0000] {dag.py:3954} INFO - Setting next_dagrun for pakakumi_scraper to 2026-01-03 15:00:00+00:00, run_after=2026-01-03 16:00:00+00:00
[2026-01-03T15:41:20.299+0000] {processor.py:183} INFO - Processing /opt/airflow/dags/pakakumi_scraper.py took 0.152 seconds
[2026-01-03T15:41:50.417+0000] {processor.py:161} INFO - Started process (PID=290) to work on /opt/airflow/dags/pakakumi_scraper.py
[2026-01-03T15:41:50.418+0000] {processor.py:830} INFO - Processing file /opt/airflow/dags/pakakumi_scraper.py for tasks to queue
[2026-01-03T15:41:50.421+0000] {logging_mixin.py:188} INFO - [2026-01-03T15:41:50.421+0000] {dagbag.py:540} INFO - Filling up the DagBag from /opt/airflow/dags/pakakumi_scraper.py
[2026-01-03T15:41:50.450+0000] {processor.py:840} INFO - DAG(s) 'pakakumi_scraper' retrieved from /opt/airflow/dags/pakakumi_scraper.py
[2026-01-03T15:41:50.493+0000] {logging_mixin.py:188} INFO - [2026-01-03T15:41:50.493+0000] {dag.py:3096} INFO - Sync 1 DAGs
[2026-01-03T15:41:50.528+0000] {logging_mixin.py:188} INFO - [2026-01-03T15:41:50.527+0000] {dag.py:3954} INFO - Setting next_dagrun for pakakumi_scraper to 2026-01-03 15:00:00+00:00, run_after=2026-01-03 16:00:00+00:00
[2026-01-03T15:41:50.552+0000] {processor.py:183} INFO - Processing /opt/airflow/dags/pakakumi_scraper.py took 0.146 seconds
[2026-01-03T15:42:20.780+0000] {processor.py:161} INFO - Started process (PID=295) to work on /opt/airflow/dags/pakakumi_scraper.py
[2026-01-03T15:42:20.782+0000] {processor.py:830} INFO - Processing file /opt/airflow/dags/pakakumi_scraper.py for tasks to queue
[2026-01-03T15:42:20.785+0000] {logging_mixin.py:188} INFO - [2026-01-03T15:42:20.784+0000] {dagbag.py:540} INFO - Filling up the DagBag from /opt/airflow/dags/pakakumi_scraper.py
[2026-01-03T15:42:20.815+0000] {processor.py:840} INFO - DAG(s) 'pakakumi_scraper' retrieved from /opt/airflow/dags/pakakumi_scraper.py
[2026-01-03T15:42:20.858+0000] {logging_mixin.py:188} INFO - [2026-01-03T15:42:20.857+0000] {dag.py:3096} INFO - Sync 1 DAGs
[2026-01-03T15:42:20.897+0000] {logging_mixin.py:188} INFO - [2026-01-03T15:42:20.897+0000] {dag.py:3954} INFO - Setting next_dagrun for pakakumi_scraper to 2026-01-03 15:00:00+00:00, run_after=2026-01-03 16:00:00+00:00
[2026-01-03T15:42:20.922+0000] {processor.py:183} INFO - Processing /opt/airflow/dags/pakakumi_scraper.py took 0.151 seconds
[2026-01-03T15:42:51.047+0000] {processor.py:161} INFO - Started process (PID=300) to work on /opt/airflow/dags/pakakumi_scraper.py
[2026-01-03T15:42:51.048+0000] {processor.py:830} INFO - Processing file /opt/airflow/dags/pakakumi_scraper.py for tasks to queue
[2026-01-03T15:42:51.052+0000] {logging_mixin.py:188} INFO - [2026-01-03T15:42:51.052+0000] {dagbag.py:540} INFO - Filling up the DagBag from /opt/airflow/dags/pakakumi_scraper.py
[2026-01-03T15:42:51.091+0000] {processor.py:840} INFO - DAG(s) 'pakakumi_scraper' retrieved from /opt/airflow/dags/pakakumi_scraper.py
[2026-01-03T15:42:51.141+0000] {logging_mixin.py:188} INFO - [2026-01-03T15:42:51.141+0000] {dag.py:3096} INFO - Sync 1 DAGs
[2026-01-03T15:42:51.176+0000] {logging_mixin.py:188} INFO - [2026-01-03T15:42:51.175+0000] {dag.py:3954} INFO - Setting next_dagrun for pakakumi_scraper to 2026-01-03 15:00:00+00:00, run_after=2026-01-03 16:00:00+00:00
[2026-01-03T15:42:51.202+0000] {processor.py:183} INFO - Processing /opt/airflow/dags/pakakumi_scraper.py took 0.170 seconds
[2026-01-03T15:43:21.430+0000] {processor.py:161} INFO - Started process (PID=305) to work on /opt/airflow/dags/pakakumi_scraper.py
[2026-01-03T15:43:21.431+0000] {processor.py:830} INFO - Processing file /opt/airflow/dags/pakakumi_scraper.py for tasks to queue
[2026-01-03T15:43:21.437+0000] {logging_mixin.py:188} INFO - [2026-01-03T15:43:21.436+0000] {dagbag.py:540} INFO - Filling up the DagBag from /opt/airflow/dags/pakakumi_scraper.py
[2026-01-03T15:43:21.464+0000] {processor.py:840} INFO - DAG(s) 'pakakumi_scraper' retrieved from /opt/airflow/dags/pakakumi_scraper.py
[2026-01-03T15:43:21.506+0000] {logging_mixin.py:188} INFO - [2026-01-03T15:43:21.505+0000] {dag.py:3096} INFO - Sync 1 DAGs
[2026-01-03T15:43:21.547+0000] {logging_mixin.py:188} INFO - [2026-01-03T15:43:21.547+0000] {dag.py:3954} INFO - Setting next_dagrun for pakakumi_scraper to 2026-01-03 15:00:00+00:00, run_after=2026-01-03 16:00:00+00:00
[2026-01-03T15:43:21.592+0000] {processor.py:183} INFO - Processing /opt/airflow/dags/pakakumi_scraper.py took 0.178 seconds
[2026-01-03T15:43:51.733+0000] {processor.py:161} INFO - Started process (PID=310) to work on /opt/airflow/dags/pakakumi_scraper.py
[2026-01-03T15:43:51.734+0000] {processor.py:830} INFO - Processing file /opt/airflow/dags/pakakumi_scraper.py for tasks to queue
[2026-01-03T15:43:51.739+0000] {logging_mixin.py:188} INFO - [2026-01-03T15:43:51.738+0000] {dagbag.py:540} INFO - Filling up the DagBag from /opt/airflow/dags/pakakumi_scraper.py
[2026-01-03T15:43:51.767+0000] {processor.py:840} INFO - DAG(s) 'pakakumi_scraper' retrieved from /opt/airflow/dags/pakakumi_scraper.py
[2026-01-03T15:43:51.810+0000] {logging_mixin.py:188} INFO - [2026-01-03T15:43:51.810+0000] {dag.py:3096} INFO - Sync 1 DAGs
[2026-01-03T15:43:51.844+0000] {logging_mixin.py:188} INFO - [2026-01-03T15:43:51.843+0000] {dag.py:3954} INFO - Setting next_dagrun for pakakumi_scraper to 2026-01-03 15:00:00+00:00, run_after=2026-01-03 16:00:00+00:00
[2026-01-03T15:43:51.869+0000] {processor.py:183} INFO - Processing /opt/airflow/dags/pakakumi_scraper.py took 0.150 seconds
[2026-01-03T15:44:22.154+0000] {processor.py:161} INFO - Started process (PID=315) to work on /opt/airflow/dags/pakakumi_scraper.py
[2026-01-03T15:44:22.155+0000] {processor.py:830} INFO - Processing file /opt/airflow/dags/pakakumi_scraper.py for tasks to queue
[2026-01-03T15:44:22.158+0000] {logging_mixin.py:188} INFO - [2026-01-03T15:44:22.157+0000] {dagbag.py:540} INFO - Filling up the DagBag from /opt/airflow/dags/pakakumi_scraper.py
[2026-01-03T15:44:22.187+0000] {processor.py:840} INFO - DAG(s) 'pakakumi_scraper' retrieved from /opt/airflow/dags/pakakumi_scraper.py
[2026-01-03T15:44:22.228+0000] {logging_mixin.py:188} INFO - [2026-01-03T15:44:22.228+0000] {dag.py:3096} INFO - Sync 1 DAGs
[2026-01-03T15:44:22.263+0000] {logging_mixin.py:188} INFO - [2026-01-03T15:44:22.262+0000] {dag.py:3954} INFO - Setting next_dagrun for pakakumi_scraper to 2026-01-03 15:00:00+00:00, run_after=2026-01-03 16:00:00+00:00
[2026-01-03T15:44:22.287+0000] {processor.py:183} INFO - Processing /opt/airflow/dags/pakakumi_scraper.py took 0.142 seconds
[2026-01-03T15:44:52.382+0000] {processor.py:161} INFO - Started process (PID=320) to work on /opt/airflow/dags/pakakumi_scraper.py
[2026-01-03T15:44:52.383+0000] {processor.py:830} INFO - Processing file /opt/airflow/dags/pakakumi_scraper.py for tasks to queue
[2026-01-03T15:44:52.386+0000] {logging_mixin.py:188} INFO - [2026-01-03T15:44:52.385+0000] {dagbag.py:540} INFO - Filling up the DagBag from /opt/airflow/dags/pakakumi_scraper.py
[2026-01-03T15:44:52.415+0000] {processor.py:840} INFO - DAG(s) 'pakakumi_scraper' retrieved from /opt/airflow/dags/pakakumi_scraper.py
[2026-01-03T15:44:52.458+0000] {logging_mixin.py:188} INFO - [2026-01-03T15:44:52.458+0000] {dag.py:3096} INFO - Sync 1 DAGs
[2026-01-03T15:44:52.493+0000] {logging_mixin.py:188} INFO - [2026-01-03T15:44:52.493+0000] {dag.py:3954} INFO - Setting next_dagrun for pakakumi_scraper to 2026-01-03 15:00:00+00:00, run_after=2026-01-03 16:00:00+00:00
[2026-01-03T15:44:52.522+0000] {processor.py:183} INFO - Processing /opt/airflow/dags/pakakumi_scraper.py took 0.150 seconds
[2026-01-03T15:45:22.752+0000] {processor.py:161} INFO - Started process (PID=325) to work on /opt/airflow/dags/pakakumi_scraper.py
[2026-01-03T15:45:22.753+0000] {processor.py:830} INFO - Processing file /opt/airflow/dags/pakakumi_scraper.py for tasks to queue
[2026-01-03T15:45:22.756+0000] {logging_mixin.py:188} INFO - [2026-01-03T15:45:22.755+0000] {dagbag.py:540} INFO - Filling up the DagBag from /opt/airflow/dags/pakakumi_scraper.py
[2026-01-03T15:45:22.782+0000] {processor.py:840} INFO - DAG(s) 'pakakumi_scraper' retrieved from /opt/airflow/dags/pakakumi_scraper.py
[2026-01-03T15:45:22.846+0000] {logging_mixin.py:188} INFO - [2026-01-03T15:45:22.845+0000] {dag.py:3096} INFO - Sync 1 DAGs
[2026-01-03T15:45:22.879+0000] {logging_mixin.py:188} INFO - [2026-01-03T15:45:22.878+0000] {dag.py:3954} INFO - Setting next_dagrun for pakakumi_scraper to 2026-01-03 15:00:00+00:00, run_after=2026-01-03 16:00:00+00:00
[2026-01-03T15:45:22.905+0000] {processor.py:183} INFO - Processing /opt/airflow/dags/pakakumi_scraper.py took 0.161 seconds
[2026-01-03T15:45:53.020+0000] {processor.py:161} INFO - Started process (PID=330) to work on /opt/airflow/dags/pakakumi_scraper.py
[2026-01-03T15:45:53.022+0000] {processor.py:830} INFO - Processing file /opt/airflow/dags/pakakumi_scraper.py for tasks to queue
[2026-01-03T15:45:53.026+0000] {logging_mixin.py:188} INFO - [2026-01-03T15:45:53.026+0000] {dagbag.py:540} INFO - Filling up the DagBag from /opt/airflow/dags/pakakumi_scraper.py
[2026-01-03T15:45:53.057+0000] {processor.py:840} INFO - DAG(s) 'pakakumi_scraper' retrieved from /opt/airflow/dags/pakakumi_scraper.py
[2026-01-03T15:45:53.099+0000] {logging_mixin.py:188} INFO - [2026-01-03T15:45:53.099+0000] {dag.py:3096} INFO - Sync 1 DAGs
[2026-01-03T15:45:53.138+0000] {logging_mixin.py:188} INFO - [2026-01-03T15:45:53.138+0000] {dag.py:3954} INFO - Setting next_dagrun for pakakumi_scraper to 2026-01-03 15:00:00+00:00, run_after=2026-01-03 16:00:00+00:00
[2026-01-03T15:45:53.167+0000] {processor.py:183} INFO - Processing /opt/airflow/dags/pakakumi_scraper.py took 0.158 seconds
[2026-01-03T15:46:23.427+0000] {processor.py:161} INFO - Started process (PID=335) to work on /opt/airflow/dags/pakakumi_scraper.py
[2026-01-03T15:46:23.428+0000] {processor.py:830} INFO - Processing file /opt/airflow/dags/pakakumi_scraper.py for tasks to queue
[2026-01-03T15:46:23.432+0000] {logging_mixin.py:188} INFO - [2026-01-03T15:46:23.431+0000] {dagbag.py:540} INFO - Filling up the DagBag from /opt/airflow/dags/pakakumi_scraper.py
[2026-01-03T15:46:23.466+0000] {processor.py:840} INFO - DAG(s) 'pakakumi_scraper' retrieved from /opt/airflow/dags/pakakumi_scraper.py
[2026-01-03T15:46:23.513+0000] {logging_mixin.py:188} INFO - [2026-01-03T15:46:23.513+0000] {dag.py:3096} INFO - Sync 1 DAGs
[2026-01-03T15:46:23.551+0000] {logging_mixin.py:188} INFO - [2026-01-03T15:46:23.551+0000] {dag.py:3954} INFO - Setting next_dagrun for pakakumi_scraper to 2026-01-03 15:00:00+00:00, run_after=2026-01-03 16:00:00+00:00
[2026-01-03T15:46:23.586+0000] {processor.py:183} INFO - Processing /opt/airflow/dags/pakakumi_scraper.py took 0.169 seconds
[2026-01-03T15:46:53.645+0000] {processor.py:161} INFO - Started process (PID=340) to work on /opt/airflow/dags/pakakumi_scraper.py
[2026-01-03T15:46:53.646+0000] {processor.py:830} INFO - Processing file /opt/airflow/dags/pakakumi_scraper.py for tasks to queue
[2026-01-03T15:46:53.649+0000] {logging_mixin.py:188} INFO - [2026-01-03T15:46:53.649+0000] {dagbag.py:540} INFO - Filling up the DagBag from /opt/airflow/dags/pakakumi_scraper.py
[2026-01-03T15:46:53.685+0000] {processor.py:840} INFO - DAG(s) 'pakakumi_scraper' retrieved from /opt/airflow/dags/pakakumi_scraper.py
[2026-01-03T15:46:53.729+0000] {logging_mixin.py:188} INFO - [2026-01-03T15:46:53.728+0000] {dag.py:3096} INFO - Sync 1 DAGs
[2026-01-03T15:46:53.763+0000] {logging_mixin.py:188} INFO - [2026-01-03T15:46:53.763+0000] {dag.py:3954} INFO - Setting next_dagrun for pakakumi_scraper to 2026-01-03 15:00:00+00:00, run_after=2026-01-03 16:00:00+00:00
[2026-01-03T15:46:53.791+0000] {processor.py:183} INFO - Processing /opt/airflow/dags/pakakumi_scraper.py took 0.157 seconds
[2026-01-03T15:47:24.060+0000] {processor.py:161} INFO - Started process (PID=345) to work on /opt/airflow/dags/pakakumi_scraper.py
[2026-01-03T15:47:24.062+0000] {processor.py:830} INFO - Processing file /opt/airflow/dags/pakakumi_scraper.py for tasks to queue
[2026-01-03T15:47:24.065+0000] {logging_mixin.py:188} INFO - [2026-01-03T15:47:24.064+0000] {dagbag.py:540} INFO - Filling up the DagBag from /opt/airflow/dags/pakakumi_scraper.py
[2026-01-03T15:47:24.095+0000] {processor.py:840} INFO - DAG(s) 'pakakumi_scraper' retrieved from /opt/airflow/dags/pakakumi_scraper.py
[2026-01-03T15:47:24.137+0000] {logging_mixin.py:188} INFO - [2026-01-03T15:47:24.136+0000] {dag.py:3096} INFO - Sync 1 DAGs
[2026-01-03T15:47:24.170+0000] {logging_mixin.py:188} INFO - [2026-01-03T15:47:24.170+0000] {dag.py:3954} INFO - Setting next_dagrun for pakakumi_scraper to 2026-01-03 15:00:00+00:00, run_after=2026-01-03 16:00:00+00:00
[2026-01-03T15:47:24.195+0000] {processor.py:183} INFO - Processing /opt/airflow/dags/pakakumi_scraper.py took 0.145 seconds
[2026-01-03T15:47:54.328+0000] {processor.py:161} INFO - Started process (PID=350) to work on /opt/airflow/dags/pakakumi_scraper.py
[2026-01-03T15:47:54.329+0000] {processor.py:830} INFO - Processing file /opt/airflow/dags/pakakumi_scraper.py for tasks to queue
[2026-01-03T15:47:54.333+0000] {logging_mixin.py:188} INFO - [2026-01-03T15:47:54.332+0000] {dagbag.py:540} INFO - Filling up the DagBag from /opt/airflow/dags/pakakumi_scraper.py
[2026-01-03T15:47:54.364+0000] {processor.py:840} INFO - DAG(s) 'pakakumi_scraper' retrieved from /opt/airflow/dags/pakakumi_scraper.py
[2026-01-03T15:47:54.410+0000] {logging_mixin.py:188} INFO - [2026-01-03T15:47:54.410+0000] {dag.py:3096} INFO - Sync 1 DAGs
[2026-01-03T15:47:54.444+0000] {logging_mixin.py:188} INFO - [2026-01-03T15:47:54.444+0000] {dag.py:3954} INFO - Setting next_dagrun for pakakumi_scraper to 2026-01-03 15:00:00+00:00, run_after=2026-01-03 16:00:00+00:00
[2026-01-03T15:47:54.472+0000] {processor.py:183} INFO - Processing /opt/airflow/dags/pakakumi_scraper.py took 0.159 seconds
[2026-01-03T15:48:24.712+0000] {processor.py:161} INFO - Started process (PID=355) to work on /opt/airflow/dags/pakakumi_scraper.py
[2026-01-03T15:48:24.713+0000] {processor.py:830} INFO - Processing file /opt/airflow/dags/pakakumi_scraper.py for tasks to queue
[2026-01-03T15:48:24.717+0000] {logging_mixin.py:188} INFO - [2026-01-03T15:48:24.717+0000] {dagbag.py:540} INFO - Filling up the DagBag from /opt/airflow/dags/pakakumi_scraper.py
[2026-01-03T15:48:24.752+0000] {processor.py:840} INFO - DAG(s) 'pakakumi_scraper' retrieved from /opt/airflow/dags/pakakumi_scraper.py
[2026-01-03T15:48:24.805+0000] {logging_mixin.py:188} INFO - [2026-01-03T15:48:24.804+0000] {dag.py:3096} INFO - Sync 1 DAGs
[2026-01-03T15:48:24.843+0000] {logging_mixin.py:188} INFO - [2026-01-03T15:48:24.842+0000] {dag.py:3954} INFO - Setting next_dagrun for pakakumi_scraper to 2026-01-03 15:00:00+00:00, run_after=2026-01-03 16:00:00+00:00
[2026-01-03T15:48:24.874+0000] {processor.py:183} INFO - Processing /opt/airflow/dags/pakakumi_scraper.py took 0.172 seconds
[2026-01-03T15:48:54.969+0000] {processor.py:161} INFO - Started process (PID=360) to work on /opt/airflow/dags/pakakumi_scraper.py
[2026-01-03T15:48:54.971+0000] {processor.py:830} INFO - Processing file /opt/airflow/dags/pakakumi_scraper.py for tasks to queue
[2026-01-03T15:48:54.977+0000] {logging_mixin.py:188} INFO - [2026-01-03T15:48:54.976+0000] {dagbag.py:540} INFO - Filling up the DagBag from /opt/airflow/dags/pakakumi_scraper.py
[2026-01-03T15:48:55.013+0000] {processor.py:840} INFO - DAG(s) 'pakakumi_scraper' retrieved from /opt/airflow/dags/pakakumi_scraper.py
[2026-01-03T15:48:55.058+0000] {logging_mixin.py:188} INFO - [2026-01-03T15:48:55.058+0000] {dag.py:3096} INFO - Sync 1 DAGs
[2026-01-03T15:48:55.100+0000] {logging_mixin.py:188} INFO - [2026-01-03T15:48:55.100+0000] {dag.py:3954} INFO - Setting next_dagrun for pakakumi_scraper to 2026-01-03 15:00:00+00:00, run_after=2026-01-03 16:00:00+00:00
[2026-01-03T15:48:55.128+0000] {processor.py:183} INFO - Processing /opt/airflow/dags/pakakumi_scraper.py took 0.182 seconds
[2026-01-03T15:49:25.428+0000] {processor.py:161} INFO - Started process (PID=365) to work on /opt/airflow/dags/pakakumi_scraper.py
[2026-01-03T15:49:25.446+0000] {processor.py:830} INFO - Processing file /opt/airflow/dags/pakakumi_scraper.py for tasks to queue
[2026-01-03T15:49:25.458+0000] {logging_mixin.py:188} INFO - [2026-01-03T15:49:25.457+0000] {dagbag.py:540} INFO - Filling up the DagBag from /opt/airflow/dags/pakakumi_scraper.py
[2026-01-03T15:49:25.524+0000] {processor.py:840} INFO - DAG(s) 'pakakumi_scraper' retrieved from /opt/airflow/dags/pakakumi_scraper.py
[2026-01-03T15:49:25.567+0000] {logging_mixin.py:188} INFO - [2026-01-03T15:49:25.567+0000] {dag.py:3096} INFO - Sync 1 DAGs
[2026-01-03T15:49:25.603+0000] {logging_mixin.py:188} INFO - [2026-01-03T15:49:25.603+0000] {dag.py:3954} INFO - Setting next_dagrun for pakakumi_scraper to 2026-01-03 15:00:00+00:00, run_after=2026-01-03 16:00:00+00:00
[2026-01-03T15:49:25.630+0000] {processor.py:183} INFO - Processing /opt/airflow/dags/pakakumi_scraper.py took 0.228 seconds
[2026-01-03T15:49:55.911+0000] {processor.py:161} INFO - Started process (PID=370) to work on /opt/airflow/dags/pakakumi_scraper.py
[2026-01-03T15:49:55.913+0000] {processor.py:830} INFO - Processing file /opt/airflow/dags/pakakumi_scraper.py for tasks to queue
[2026-01-03T15:49:55.916+0000] {logging_mixin.py:188} INFO - [2026-01-03T15:49:55.916+0000] {dagbag.py:540} INFO - Filling up the DagBag from /opt/airflow/dags/pakakumi_scraper.py
[2026-01-03T15:49:55.944+0000] {processor.py:840} INFO - DAG(s) 'pakakumi_scraper' retrieved from /opt/airflow/dags/pakakumi_scraper.py
[2026-01-03T15:49:55.989+0000] {logging_mixin.py:188} INFO - [2026-01-03T15:49:55.989+0000] {dag.py:3096} INFO - Sync 1 DAGs
[2026-01-03T15:49:56.025+0000] {logging_mixin.py:188} INFO - [2026-01-03T15:49:56.025+0000] {dag.py:3954} INFO - Setting next_dagrun for pakakumi_scraper to 2026-01-03 15:00:00+00:00, run_after=2026-01-03 16:00:00+00:00
[2026-01-03T15:49:56.054+0000] {processor.py:183} INFO - Processing /opt/airflow/dags/pakakumi_scraper.py took 0.155 seconds
[2026-01-03T15:50:26.123+0000] {processor.py:161} INFO - Started process (PID=375) to work on /opt/airflow/dags/pakakumi_scraper.py
[2026-01-03T15:50:26.125+0000] {processor.py:830} INFO - Processing file /opt/airflow/dags/pakakumi_scraper.py for tasks to queue
[2026-01-03T15:50:26.129+0000] {logging_mixin.py:188} INFO - [2026-01-03T15:50:26.128+0000] {dagbag.py:540} INFO - Filling up the DagBag from /opt/airflow/dags/pakakumi_scraper.py
[2026-01-03T15:50:26.156+0000] {processor.py:840} INFO - DAG(s) 'pakakumi_scraper' retrieved from /opt/airflow/dags/pakakumi_scraper.py
[2026-01-03T15:50:26.198+0000] {logging_mixin.py:188} INFO - [2026-01-03T15:50:26.198+0000] {dag.py:3096} INFO - Sync 1 DAGs
[2026-01-03T15:50:26.232+0000] {logging_mixin.py:188} INFO - [2026-01-03T15:50:26.231+0000] {dag.py:3954} INFO - Setting next_dagrun for pakakumi_scraper to 2026-01-03 15:00:00+00:00, run_after=2026-01-03 16:00:00+00:00
[2026-01-03T15:50:26.256+0000] {processor.py:183} INFO - Processing /opt/airflow/dags/pakakumi_scraper.py took 0.143 seconds
[2026-01-03T15:50:56.569+0000] {processor.py:161} INFO - Started process (PID=380) to work on /opt/airflow/dags/pakakumi_scraper.py
[2026-01-03T15:50:56.571+0000] {processor.py:830} INFO - Processing file /opt/airflow/dags/pakakumi_scraper.py for tasks to queue
[2026-01-03T15:50:56.574+0000] {logging_mixin.py:188} INFO - [2026-01-03T15:50:56.573+0000] {dagbag.py:540} INFO - Filling up the DagBag from /opt/airflow/dags/pakakumi_scraper.py
[2026-01-03T15:50:56.602+0000] {processor.py:840} INFO - DAG(s) 'pakakumi_scraper' retrieved from /opt/airflow/dags/pakakumi_scraper.py
[2026-01-03T15:50:56.644+0000] {logging_mixin.py:188} INFO - [2026-01-03T15:50:56.644+0000] {dag.py:3096} INFO - Sync 1 DAGs
[2026-01-03T15:50:56.677+0000] {logging_mixin.py:188} INFO - [2026-01-03T15:50:56.677+0000] {dag.py:3954} INFO - Setting next_dagrun for pakakumi_scraper to 2026-01-03 15:00:00+00:00, run_after=2026-01-03 16:00:00+00:00
[2026-01-03T15:50:56.705+0000] {processor.py:183} INFO - Processing /opt/airflow/dags/pakakumi_scraper.py took 0.148 seconds
[2026-01-03T15:51:26.833+0000] {processor.py:161} INFO - Started process (PID=385) to work on /opt/airflow/dags/pakakumi_scraper.py
[2026-01-03T15:51:26.835+0000] {processor.py:830} INFO - Processing file /opt/airflow/dags/pakakumi_scraper.py for tasks to queue
[2026-01-03T15:51:26.838+0000] {logging_mixin.py:188} INFO - [2026-01-03T15:51:26.837+0000] {dagbag.py:540} INFO - Filling up the DagBag from /opt/airflow/dags/pakakumi_scraper.py
[2026-01-03T15:51:26.877+0000] {processor.py:840} INFO - DAG(s) 'pakakumi_scraper' retrieved from /opt/airflow/dags/pakakumi_scraper.py
[2026-01-03T15:51:26.918+0000] {logging_mixin.py:188} INFO - [2026-01-03T15:51:26.918+0000] {dag.py:3096} INFO - Sync 1 DAGs
[2026-01-03T15:51:26.954+0000] {logging_mixin.py:188} INFO - [2026-01-03T15:51:26.953+0000] {dag.py:3954} INFO - Setting next_dagrun for pakakumi_scraper to 2026-01-03 15:00:00+00:00, run_after=2026-01-03 16:00:00+00:00
[2026-01-03T15:51:26.980+0000] {processor.py:183} INFO - Processing /opt/airflow/dags/pakakumi_scraper.py took 0.159 seconds
[2026-01-03T15:51:57.180+0000] {processor.py:161} INFO - Started process (PID=390) to work on /opt/airflow/dags/pakakumi_scraper.py
[2026-01-03T15:51:57.182+0000] {processor.py:830} INFO - Processing file /opt/airflow/dags/pakakumi_scraper.py for tasks to queue
[2026-01-03T15:51:57.185+0000] {logging_mixin.py:188} INFO - [2026-01-03T15:51:57.185+0000] {dagbag.py:540} INFO - Filling up the DagBag from /opt/airflow/dags/pakakumi_scraper.py
[2026-01-03T15:51:57.220+0000] {processor.py:840} INFO - DAG(s) 'pakakumi_scraper' retrieved from /opt/airflow/dags/pakakumi_scraper.py
[2026-01-03T15:51:57.269+0000] {logging_mixin.py:188} INFO - [2026-01-03T15:51:57.268+0000] {dag.py:3096} INFO - Sync 1 DAGs
[2026-01-03T15:51:57.305+0000] {logging_mixin.py:188} INFO - [2026-01-03T15:51:57.305+0000] {dag.py:3954} INFO - Setting next_dagrun for pakakumi_scraper to 2026-01-03 15:00:00+00:00, run_after=2026-01-03 16:00:00+00:00
[2026-01-03T15:51:57.335+0000] {processor.py:183} INFO - Processing /opt/airflow/dags/pakakumi_scraper.py took 0.166 seconds
[2026-01-03T15:52:27.449+0000] {processor.py:161} INFO - Started process (PID=395) to work on /opt/airflow/dags/pakakumi_scraper.py
[2026-01-03T15:52:27.451+0000] {processor.py:830} INFO - Processing file /opt/airflow/dags/pakakumi_scraper.py for tasks to queue
[2026-01-03T15:52:27.455+0000] {logging_mixin.py:188} INFO - [2026-01-03T15:52:27.455+0000] {dagbag.py:540} INFO - Filling up the DagBag from /opt/airflow/dags/pakakumi_scraper.py
[2026-01-03T15:52:27.488+0000] {processor.py:840} INFO - DAG(s) 'pakakumi_scraper' retrieved from /opt/airflow/dags/pakakumi_scraper.py
[2026-01-03T15:52:27.535+0000] {logging_mixin.py:188} INFO - [2026-01-03T15:52:27.535+0000] {dag.py:3096} INFO - Sync 1 DAGs
[2026-01-03T15:52:27.571+0000] {logging_mixin.py:188} INFO - [2026-01-03T15:52:27.571+0000] {dag.py:3954} INFO - Setting next_dagrun for pakakumi_scraper to 2026-01-03 15:00:00+00:00, run_after=2026-01-03 16:00:00+00:00
[2026-01-03T15:52:27.600+0000] {processor.py:183} INFO - Processing /opt/airflow/dags/pakakumi_scraper.py took 0.165 seconds
[2026-01-03T15:52:57.821+0000] {processor.py:161} INFO - Started process (PID=400) to work on /opt/airflow/dags/pakakumi_scraper.py
[2026-01-03T15:52:57.823+0000] {processor.py:830} INFO - Processing file /opt/airflow/dags/pakakumi_scraper.py for tasks to queue
[2026-01-03T15:52:57.826+0000] {logging_mixin.py:188} INFO - [2026-01-03T15:52:57.825+0000] {dagbag.py:540} INFO - Filling up the DagBag from /opt/airflow/dags/pakakumi_scraper.py
[2026-01-03T15:52:57.856+0000] {processor.py:840} INFO - DAG(s) 'pakakumi_scraper' retrieved from /opt/airflow/dags/pakakumi_scraper.py
[2026-01-03T15:52:57.900+0000] {logging_mixin.py:188} INFO - [2026-01-03T15:52:57.900+0000] {dag.py:3096} INFO - Sync 1 DAGs
[2026-01-03T15:52:57.936+0000] {logging_mixin.py:188} INFO - [2026-01-03T15:52:57.936+0000] {dag.py:3954} INFO - Setting next_dagrun for pakakumi_scraper to 2026-01-03 15:00:00+00:00, run_after=2026-01-03 16:00:00+00:00
[2026-01-03T15:52:57.964+0000] {processor.py:183} INFO - Processing /opt/airflow/dags/pakakumi_scraper.py took 0.153 seconds
[2026-01-03T15:53:28.060+0000] {processor.py:161} INFO - Started process (PID=405) to work on /opt/airflow/dags/pakakumi_scraper.py
[2026-01-03T15:53:28.061+0000] {processor.py:830} INFO - Processing file /opt/airflow/dags/pakakumi_scraper.py for tasks to queue
[2026-01-03T15:53:28.064+0000] {logging_mixin.py:188} INFO - [2026-01-03T15:53:28.064+0000] {dagbag.py:540} INFO - Filling up the DagBag from /opt/airflow/dags/pakakumi_scraper.py
[2026-01-03T15:53:28.095+0000] {processor.py:840} INFO - DAG(s) 'pakakumi_scraper' retrieved from /opt/airflow/dags/pakakumi_scraper.py
[2026-01-03T15:53:28.139+0000] {logging_mixin.py:188} INFO - [2026-01-03T15:53:28.138+0000] {dag.py:3096} INFO - Sync 1 DAGs
[2026-01-03T15:53:28.173+0000] {logging_mixin.py:188} INFO - [2026-01-03T15:53:28.173+0000] {dag.py:3954} INFO - Setting next_dagrun for pakakumi_scraper to 2026-01-03 15:00:00+00:00, run_after=2026-01-03 16:00:00+00:00
[2026-01-03T15:53:28.201+0000] {processor.py:183} INFO - Processing /opt/airflow/dags/pakakumi_scraper.py took 0.151 seconds
[2026-01-03T15:53:58.421+0000] {processor.py:161} INFO - Started process (PID=410) to work on /opt/airflow/dags/pakakumi_scraper.py
[2026-01-03T15:53:58.422+0000] {processor.py:830} INFO - Processing file /opt/airflow/dags/pakakumi_scraper.py for tasks to queue
[2026-01-03T15:53:58.425+0000] {logging_mixin.py:188} INFO - [2026-01-03T15:53:58.424+0000] {dagbag.py:540} INFO - Filling up the DagBag from /opt/airflow/dags/pakakumi_scraper.py
[2026-01-03T15:53:58.454+0000] {processor.py:840} INFO - DAG(s) 'pakakumi_scraper' retrieved from /opt/airflow/dags/pakakumi_scraper.py
[2026-01-03T15:53:58.497+0000] {logging_mixin.py:188} INFO - [2026-01-03T15:53:58.496+0000] {dag.py:3096} INFO - Sync 1 DAGs
[2026-01-03T15:53:58.535+0000] {logging_mixin.py:188} INFO - [2026-01-03T15:53:58.534+0000] {dag.py:3954} INFO - Setting next_dagrun for pakakumi_scraper to 2026-01-03 15:00:00+00:00, run_after=2026-01-03 16:00:00+00:00
[2026-01-03T15:53:58.566+0000] {processor.py:183} INFO - Processing /opt/airflow/dags/pakakumi_scraper.py took 0.155 seconds
[2026-01-03T15:54:28.750+0000] {processor.py:161} INFO - Started process (PID=415) to work on /opt/airflow/dags/pakakumi_scraper.py
[2026-01-03T15:54:28.751+0000] {processor.py:830} INFO - Processing file /opt/airflow/dags/pakakumi_scraper.py for tasks to queue
[2026-01-03T15:54:28.755+0000] {logging_mixin.py:188} INFO - [2026-01-03T15:54:28.755+0000] {dagbag.py:540} INFO - Filling up the DagBag from /opt/airflow/dags/pakakumi_scraper.py
[2026-01-03T15:54:28.785+0000] {processor.py:840} INFO - DAG(s) 'pakakumi_scraper' retrieved from /opt/airflow/dags/pakakumi_scraper.py
[2026-01-03T15:54:28.828+0000] {logging_mixin.py:188} INFO - [2026-01-03T15:54:28.827+0000] {dag.py:3096} INFO - Sync 1 DAGs
[2026-01-03T15:54:28.864+0000] {logging_mixin.py:188} INFO - [2026-01-03T15:54:28.864+0000] {dag.py:3954} INFO - Setting next_dagrun for pakakumi_scraper to 2026-01-03 15:00:00+00:00, run_after=2026-01-03 16:00:00+00:00
[2026-01-03T15:54:28.897+0000] {processor.py:183} INFO - Processing /opt/airflow/dags/pakakumi_scraper.py took 0.160 seconds
[2026-01-03T15:54:59.004+0000] {processor.py:161} INFO - Started process (PID=420) to work on /opt/airflow/dags/pakakumi_scraper.py
[2026-01-03T15:54:59.005+0000] {processor.py:830} INFO - Processing file /opt/airflow/dags/pakakumi_scraper.py for tasks to queue
[2026-01-03T15:54:59.009+0000] {logging_mixin.py:188} INFO - [2026-01-03T15:54:59.008+0000] {dagbag.py:540} INFO - Filling up the DagBag from /opt/airflow/dags/pakakumi_scraper.py
[2026-01-03T15:54:59.040+0000] {processor.py:840} INFO - DAG(s) 'pakakumi_scraper' retrieved from /opt/airflow/dags/pakakumi_scraper.py
[2026-01-03T15:54:59.092+0000] {logging_mixin.py:188} INFO - [2026-01-03T15:54:59.091+0000] {dag.py:3096} INFO - Sync 1 DAGs
[2026-01-03T15:54:59.131+0000] {logging_mixin.py:188} INFO - [2026-01-03T15:54:59.130+0000] {dag.py:3954} INFO - Setting next_dagrun for pakakumi_scraper to 2026-01-03 15:00:00+00:00, run_after=2026-01-03 16:00:00+00:00
[2026-01-03T15:54:59.158+0000] {processor.py:183} INFO - Processing /opt/airflow/dags/pakakumi_scraper.py took 0.167 seconds
[2026-01-03T15:55:29.330+0000] {processor.py:161} INFO - Started process (PID=425) to work on /opt/airflow/dags/pakakumi_scraper.py
[2026-01-03T15:55:29.331+0000] {processor.py:830} INFO - Processing file /opt/airflow/dags/pakakumi_scraper.py for tasks to queue
[2026-01-03T15:55:29.335+0000] {logging_mixin.py:188} INFO - [2026-01-03T15:55:29.334+0000] {dagbag.py:540} INFO - Filling up the DagBag from /opt/airflow/dags/pakakumi_scraper.py
[2026-01-03T15:55:29.371+0000] {processor.py:840} INFO - DAG(s) 'pakakumi_scraper' retrieved from /opt/airflow/dags/pakakumi_scraper.py
[2026-01-03T15:55:29.414+0000] {logging_mixin.py:188} INFO - [2026-01-03T15:55:29.414+0000] {dag.py:3096} INFO - Sync 1 DAGs
[2026-01-03T15:55:29.452+0000] {logging_mixin.py:188} INFO - [2026-01-03T15:55:29.452+0000] {dag.py:3954} INFO - Setting next_dagrun for pakakumi_scraper to 2026-01-03 15:00:00+00:00, run_after=2026-01-03 16:00:00+00:00
[2026-01-03T15:55:29.481+0000] {processor.py:183} INFO - Processing /opt/airflow/dags/pakakumi_scraper.py took 0.162 seconds
[2026-01-03T15:55:59.569+0000] {processor.py:161} INFO - Started process (PID=430) to work on /opt/airflow/dags/pakakumi_scraper.py
[2026-01-03T15:55:59.570+0000] {processor.py:830} INFO - Processing file /opt/airflow/dags/pakakumi_scraper.py for tasks to queue
[2026-01-03T15:55:59.573+0000] {logging_mixin.py:188} INFO - [2026-01-03T15:55:59.572+0000] {dagbag.py:540} INFO - Filling up the DagBag from /opt/airflow/dags/pakakumi_scraper.py
[2026-01-03T15:55:59.600+0000] {processor.py:840} INFO - DAG(s) 'pakakumi_scraper' retrieved from /opt/airflow/dags/pakakumi_scraper.py
[2026-01-03T15:55:59.644+0000] {logging_mixin.py:188} INFO - [2026-01-03T15:55:59.644+0000] {dag.py:3096} INFO - Sync 1 DAGs
[2026-01-03T15:55:59.680+0000] {logging_mixin.py:188} INFO - [2026-01-03T15:55:59.680+0000] {dag.py:3954} INFO - Setting next_dagrun for pakakumi_scraper to 2026-01-03 15:00:00+00:00, run_after=2026-01-03 16:00:00+00:00
[2026-01-03T15:55:59.709+0000] {processor.py:183} INFO - Processing /opt/airflow/dags/pakakumi_scraper.py took 0.151 seconds
[2026-01-03T15:56:29.950+0000] {processor.py:161} INFO - Started process (PID=435) to work on /opt/airflow/dags/pakakumi_scraper.py
[2026-01-03T15:56:29.952+0000] {processor.py:830} INFO - Processing file /opt/airflow/dags/pakakumi_scraper.py for tasks to queue
[2026-01-03T15:56:29.955+0000] {logging_mixin.py:188} INFO - [2026-01-03T15:56:29.954+0000] {dagbag.py:540} INFO - Filling up the DagBag from /opt/airflow/dags/pakakumi_scraper.py
[2026-01-03T15:56:29.983+0000] {processor.py:840} INFO - DAG(s) 'pakakumi_scraper' retrieved from /opt/airflow/dags/pakakumi_scraper.py
[2026-01-03T15:56:30.026+0000] {logging_mixin.py:188} INFO - [2026-01-03T15:56:30.025+0000] {dag.py:3096} INFO - Sync 1 DAGs
[2026-01-03T15:56:30.062+0000] {logging_mixin.py:188} INFO - [2026-01-03T15:56:30.062+0000] {dag.py:3954} INFO - Setting next_dagrun for pakakumi_scraper to 2026-01-03 15:00:00+00:00, run_after=2026-01-03 16:00:00+00:00
[2026-01-03T15:56:30.087+0000] {processor.py:183} INFO - Processing /opt/airflow/dags/pakakumi_scraper.py took 0.146 seconds
[2026-01-03T15:57:00.166+0000] {processor.py:161} INFO - Started process (PID=440) to work on /opt/airflow/dags/pakakumi_scraper.py
[2026-01-03T15:57:00.167+0000] {processor.py:830} INFO - Processing file /opt/airflow/dags/pakakumi_scraper.py for tasks to queue
[2026-01-03T15:57:00.171+0000] {logging_mixin.py:188} INFO - [2026-01-03T15:57:00.171+0000] {dagbag.py:540} INFO - Filling up the DagBag from /opt/airflow/dags/pakakumi_scraper.py
[2026-01-03T15:57:00.204+0000] {processor.py:840} INFO - DAG(s) 'pakakumi_scraper' retrieved from /opt/airflow/dags/pakakumi_scraper.py
[2026-01-03T15:57:00.249+0000] {logging_mixin.py:188} INFO - [2026-01-03T15:57:00.249+0000] {dag.py:3096} INFO - Sync 1 DAGs
[2026-01-03T15:57:00.293+0000] {logging_mixin.py:188} INFO - [2026-01-03T15:57:00.293+0000] {dag.py:3954} INFO - Setting next_dagrun for pakakumi_scraper to 2026-01-03 15:00:00+00:00, run_after=2026-01-03 16:00:00+00:00
[2026-01-03T15:57:00.326+0000] {processor.py:183} INFO - Processing /opt/airflow/dags/pakakumi_scraper.py took 0.171 seconds
[2026-01-03T15:57:30.506+0000] {processor.py:161} INFO - Started process (PID=445) to work on /opt/airflow/dags/pakakumi_scraper.py
[2026-01-03T15:57:30.508+0000] {processor.py:830} INFO - Processing file /opt/airflow/dags/pakakumi_scraper.py for tasks to queue
[2026-01-03T15:57:30.511+0000] {logging_mixin.py:188} INFO - [2026-01-03T15:57:30.510+0000] {dagbag.py:540} INFO - Filling up the DagBag from /opt/airflow/dags/pakakumi_scraper.py
[2026-01-03T15:57:30.538+0000] {processor.py:840} INFO - DAG(s) 'pakakumi_scraper' retrieved from /opt/airflow/dags/pakakumi_scraper.py
[2026-01-03T15:57:30.583+0000] {logging_mixin.py:188} INFO - [2026-01-03T15:57:30.583+0000] {dag.py:3096} INFO - Sync 1 DAGs
[2026-01-03T15:57:30.620+0000] {logging_mixin.py:188} INFO - [2026-01-03T15:57:30.620+0000] {dag.py:3954} INFO - Setting next_dagrun for pakakumi_scraper to 2026-01-03 15:00:00+00:00, run_after=2026-01-03 16:00:00+00:00
[2026-01-03T15:57:30.647+0000] {processor.py:183} INFO - Processing /opt/airflow/dags/pakakumi_scraper.py took 0.153 seconds
[2026-01-03T15:58:00.758+0000] {processor.py:161} INFO - Started process (PID=450) to work on /opt/airflow/dags/pakakumi_scraper.py
[2026-01-03T15:58:00.765+0000] {processor.py:830} INFO - Processing file /opt/airflow/dags/pakakumi_scraper.py for tasks to queue
[2026-01-03T15:58:00.770+0000] {logging_mixin.py:188} INFO - [2026-01-03T15:58:00.770+0000] {dagbag.py:540} INFO - Filling up the DagBag from /opt/airflow/dags/pakakumi_scraper.py
[2026-01-03T15:58:00.800+0000] {processor.py:840} INFO - DAG(s) 'pakakumi_scraper' retrieved from /opt/airflow/dags/pakakumi_scraper.py
[2026-01-03T15:58:00.850+0000] {logging_mixin.py:188} INFO - [2026-01-03T15:58:00.849+0000] {dag.py:3096} INFO - Sync 1 DAGs
[2026-01-03T15:58:00.888+0000] {logging_mixin.py:188} INFO - [2026-01-03T15:58:00.888+0000] {dag.py:3954} INFO - Setting next_dagrun for pakakumi_scraper to 2026-01-03 15:00:00+00:00, run_after=2026-01-03 16:00:00+00:00
[2026-01-03T15:58:00.920+0000] {processor.py:183} INFO - Processing /opt/airflow/dags/pakakumi_scraper.py took 0.172 seconds
[2026-01-03T15:58:31.104+0000] {processor.py:161} INFO - Started process (PID=455) to work on /opt/airflow/dags/pakakumi_scraper.py
[2026-01-03T15:58:31.106+0000] {processor.py:830} INFO - Processing file /opt/airflow/dags/pakakumi_scraper.py for tasks to queue
[2026-01-03T15:58:31.111+0000] {logging_mixin.py:188} INFO - [2026-01-03T15:58:31.110+0000] {dagbag.py:540} INFO - Filling up the DagBag from /opt/airflow/dags/pakakumi_scraper.py
[2026-01-03T15:58:31.144+0000] {processor.py:840} INFO - DAG(s) 'pakakumi_scraper' retrieved from /opt/airflow/dags/pakakumi_scraper.py
[2026-01-03T15:58:31.191+0000] {logging_mixin.py:188} INFO - [2026-01-03T15:58:31.190+0000] {dag.py:3096} INFO - Sync 1 DAGs
[2026-01-03T15:58:31.249+0000] {logging_mixin.py:188} INFO - [2026-01-03T15:58:31.248+0000] {dag.py:3954} INFO - Setting next_dagrun for pakakumi_scraper to 2026-01-03 15:00:00+00:00, run_after=2026-01-03 16:00:00+00:00
[2026-01-03T15:58:31.291+0000] {processor.py:183} INFO - Processing /opt/airflow/dags/pakakumi_scraper.py took 0.201 seconds
[2026-01-03T15:59:01.513+0000] {processor.py:161} INFO - Started process (PID=460) to work on /opt/airflow/dags/pakakumi_scraper.py
[2026-01-03T15:59:01.515+0000] {processor.py:830} INFO - Processing file /opt/airflow/dags/pakakumi_scraper.py for tasks to queue
[2026-01-03T15:59:01.519+0000] {logging_mixin.py:188} INFO - [2026-01-03T15:59:01.519+0000] {dagbag.py:540} INFO - Filling up the DagBag from /opt/airflow/dags/pakakumi_scraper.py
[2026-01-03T15:59:01.547+0000] {processor.py:840} INFO - DAG(s) 'pakakumi_scraper' retrieved from /opt/airflow/dags/pakakumi_scraper.py
[2026-01-03T15:59:01.590+0000] {logging_mixin.py:188} INFO - [2026-01-03T15:59:01.590+0000] {dag.py:3096} INFO - Sync 1 DAGs
[2026-01-03T15:59:01.622+0000] {logging_mixin.py:188} INFO - [2026-01-03T15:59:01.622+0000] {dag.py:3954} INFO - Setting next_dagrun for pakakumi_scraper to 2026-01-03 15:00:00+00:00, run_after=2026-01-03 16:00:00+00:00
[2026-01-03T15:59:01.649+0000] {processor.py:183} INFO - Processing /opt/airflow/dags/pakakumi_scraper.py took 0.145 seconds
[2026-01-03T15:59:31.768+0000] {processor.py:161} INFO - Started process (PID=465) to work on /opt/airflow/dags/pakakumi_scraper.py
[2026-01-03T15:59:31.770+0000] {processor.py:830} INFO - Processing file /opt/airflow/dags/pakakumi_scraper.py for tasks to queue
[2026-01-03T15:59:31.773+0000] {logging_mixin.py:188} INFO - [2026-01-03T15:59:31.773+0000] {dagbag.py:540} INFO - Filling up the DagBag from /opt/airflow/dags/pakakumi_scraper.py
[2026-01-03T15:59:31.811+0000] {processor.py:840} INFO - DAG(s) 'pakakumi_scraper' retrieved from /opt/airflow/dags/pakakumi_scraper.py
[2026-01-03T15:59:31.864+0000] {logging_mixin.py:188} INFO - [2026-01-03T15:59:31.864+0000] {dag.py:3096} INFO - Sync 1 DAGs
[2026-01-03T15:59:31.900+0000] {logging_mixin.py:188} INFO - [2026-01-03T15:59:31.900+0000] {dag.py:3954} INFO - Setting next_dagrun for pakakumi_scraper to 2026-01-03 15:00:00+00:00, run_after=2026-01-03 16:00:00+00:00
[2026-01-03T15:59:31.925+0000] {processor.py:183} INFO - Processing /opt/airflow/dags/pakakumi_scraper.py took 0.169 seconds
[2026-01-03T16:00:02.181+0000] {processor.py:161} INFO - Started process (PID=472) to work on /opt/airflow/dags/pakakumi_scraper.py
[2026-01-03T16:00:02.184+0000] {processor.py:830} INFO - Processing file /opt/airflow/dags/pakakumi_scraper.py for tasks to queue
[2026-01-03T16:00:02.190+0000] {logging_mixin.py:188} INFO - [2026-01-03T16:00:02.190+0000] {dagbag.py:540} INFO - Filling up the DagBag from /opt/airflow/dags/pakakumi_scraper.py
[2026-01-03T16:00:02.254+0000] {processor.py:840} INFO - DAG(s) 'pakakumi_scraper' retrieved from /opt/airflow/dags/pakakumi_scraper.py
[2026-01-03T16:00:02.315+0000] {logging_mixin.py:188} INFO - [2026-01-03T16:00:02.314+0000] {dag.py:3096} INFO - Sync 1 DAGs
[2026-01-03T16:00:02.367+0000] {logging_mixin.py:188} INFO - [2026-01-03T16:00:02.367+0000] {dag.py:3954} INFO - Setting next_dagrun for pakakumi_scraper to 2026-01-03 16:00:00+00:00, run_after=2026-01-03 17:00:00+00:00
[2026-01-03T16:00:02.403+0000] {processor.py:183} INFO - Processing /opt/airflow/dags/pakakumi_scraper.py took 0.252 seconds
[2026-01-03T16:00:32.636+0000] {processor.py:161} INFO - Started process (PID=478) to work on /opt/airflow/dags/pakakumi_scraper.py
[2026-01-03T16:00:32.637+0000] {processor.py:830} INFO - Processing file /opt/airflow/dags/pakakumi_scraper.py for tasks to queue
[2026-01-03T16:00:32.640+0000] {logging_mixin.py:188} INFO - [2026-01-03T16:00:32.640+0000] {dagbag.py:540} INFO - Filling up the DagBag from /opt/airflow/dags/pakakumi_scraper.py
[2026-01-03T16:00:32.668+0000] {processor.py:840} INFO - DAG(s) 'pakakumi_scraper' retrieved from /opt/airflow/dags/pakakumi_scraper.py
[2026-01-03T16:00:32.709+0000] {logging_mixin.py:188} INFO - [2026-01-03T16:00:32.709+0000] {dag.py:3096} INFO - Sync 1 DAGs
[2026-01-03T16:00:32.743+0000] {logging_mixin.py:188} INFO - [2026-01-03T16:00:32.743+0000] {dag.py:3954} INFO - Setting next_dagrun for pakakumi_scraper to 2026-01-03 16:00:00+00:00, run_after=2026-01-03 17:00:00+00:00
[2026-01-03T16:00:32.770+0000] {processor.py:183} INFO - Processing /opt/airflow/dags/pakakumi_scraper.py took 0.147 seconds
[2026-01-03T16:01:02.840+0000] {processor.py:161} INFO - Started process (PID=483) to work on /opt/airflow/dags/pakakumi_scraper.py
[2026-01-03T16:01:02.842+0000] {processor.py:830} INFO - Processing file /opt/airflow/dags/pakakumi_scraper.py for tasks to queue
[2026-01-03T16:01:02.845+0000] {logging_mixin.py:188} INFO - [2026-01-03T16:01:02.844+0000] {dagbag.py:540} INFO - Filling up the DagBag from /opt/airflow/dags/pakakumi_scraper.py
[2026-01-03T16:01:02.873+0000] {processor.py:840} INFO - DAG(s) 'pakakumi_scraper' retrieved from /opt/airflow/dags/pakakumi_scraper.py
[2026-01-03T16:01:02.917+0000] {logging_mixin.py:188} INFO - [2026-01-03T16:01:02.916+0000] {dag.py:3096} INFO - Sync 1 DAGs
[2026-01-03T16:01:02.952+0000] {logging_mixin.py:188} INFO - [2026-01-03T16:01:02.952+0000] {dag.py:3954} INFO - Setting next_dagrun for pakakumi_scraper to 2026-01-03 16:00:00+00:00, run_after=2026-01-03 17:00:00+00:00
[2026-01-03T16:01:02.983+0000] {processor.py:183} INFO - Processing /opt/airflow/dags/pakakumi_scraper.py took 0.154 seconds
[2026-01-03T16:01:33.192+0000] {processor.py:161} INFO - Started process (PID=488) to work on /opt/airflow/dags/pakakumi_scraper.py
[2026-01-03T16:01:33.193+0000] {processor.py:830} INFO - Processing file /opt/airflow/dags/pakakumi_scraper.py for tasks to queue
[2026-01-03T16:01:33.197+0000] {logging_mixin.py:188} INFO - [2026-01-03T16:01:33.197+0000] {dagbag.py:540} INFO - Filling up the DagBag from /opt/airflow/dags/pakakumi_scraper.py
[2026-01-03T16:01:33.231+0000] {processor.py:840} INFO - DAG(s) 'pakakumi_scraper' retrieved from /opt/airflow/dags/pakakumi_scraper.py
[2026-01-03T16:01:33.273+0000] {logging_mixin.py:188} INFO - [2026-01-03T16:01:33.273+0000] {dag.py:3096} INFO - Sync 1 DAGs
[2026-01-03T16:01:33.310+0000] {logging_mixin.py:188} INFO - [2026-01-03T16:01:33.310+0000] {dag.py:3954} INFO - Setting next_dagrun for pakakumi_scraper to 2026-01-03 16:00:00+00:00, run_after=2026-01-03 17:00:00+00:00
[2026-01-03T16:01:33.340+0000] {processor.py:183} INFO - Processing /opt/airflow/dags/pakakumi_scraper.py took 0.159 seconds
[2026-01-03T16:02:03.397+0000] {processor.py:161} INFO - Started process (PID=493) to work on /opt/airflow/dags/pakakumi_scraper.py
[2026-01-03T16:02:03.399+0000] {processor.py:830} INFO - Processing file /opt/airflow/dags/pakakumi_scraper.py for tasks to queue
[2026-01-03T16:02:03.403+0000] {logging_mixin.py:188} INFO - [2026-01-03T16:02:03.403+0000] {dagbag.py:540} INFO - Filling up the DagBag from /opt/airflow/dags/pakakumi_scraper.py
[2026-01-03T16:02:03.433+0000] {processor.py:840} INFO - DAG(s) 'pakakumi_scraper' retrieved from /opt/airflow/dags/pakakumi_scraper.py
[2026-01-03T16:02:03.478+0000] {logging_mixin.py:188} INFO - [2026-01-03T16:02:03.478+0000] {dag.py:3096} INFO - Sync 1 DAGs
[2026-01-03T16:02:03.516+0000] {logging_mixin.py:188} INFO - [2026-01-03T16:02:03.515+0000] {dag.py:3954} INFO - Setting next_dagrun for pakakumi_scraper to 2026-01-03 16:00:00+00:00, run_after=2026-01-03 17:00:00+00:00
[2026-01-03T16:02:03.543+0000] {processor.py:183} INFO - Processing /opt/airflow/dags/pakakumi_scraper.py took 0.155 seconds
[2026-01-03T16:02:33.777+0000] {processor.py:161} INFO - Started process (PID=498) to work on /opt/airflow/dags/pakakumi_scraper.py
[2026-01-03T16:02:33.778+0000] {processor.py:830} INFO - Processing file /opt/airflow/dags/pakakumi_scraper.py for tasks to queue
[2026-01-03T16:02:33.783+0000] {logging_mixin.py:188} INFO - [2026-01-03T16:02:33.782+0000] {dagbag.py:540} INFO - Filling up the DagBag from /opt/airflow/dags/pakakumi_scraper.py
[2026-01-03T16:02:33.811+0000] {processor.py:840} INFO - DAG(s) 'pakakumi_scraper' retrieved from /opt/airflow/dags/pakakumi_scraper.py
[2026-01-03T16:02:33.857+0000] {logging_mixin.py:188} INFO - [2026-01-03T16:02:33.856+0000] {dag.py:3096} INFO - Sync 1 DAGs
[2026-01-03T16:02:33.896+0000] {logging_mixin.py:188} INFO - [2026-01-03T16:02:33.895+0000] {dag.py:3954} INFO - Setting next_dagrun for pakakumi_scraper to 2026-01-03 16:00:00+00:00, run_after=2026-01-03 17:00:00+00:00
[2026-01-03T16:02:33.922+0000] {processor.py:183} INFO - Processing /opt/airflow/dags/pakakumi_scraper.py took 0.156 seconds
[2026-01-03T16:03:04.036+0000] {processor.py:161} INFO - Started process (PID=503) to work on /opt/airflow/dags/pakakumi_scraper.py
[2026-01-03T16:03:04.038+0000] {processor.py:830} INFO - Processing file /opt/airflow/dags/pakakumi_scraper.py for tasks to queue
[2026-01-03T16:03:04.044+0000] {logging_mixin.py:188} INFO - [2026-01-03T16:03:04.043+0000] {dagbag.py:540} INFO - Filling up the DagBag from /opt/airflow/dags/pakakumi_scraper.py
[2026-01-03T16:03:04.077+0000] {processor.py:840} INFO - DAG(s) 'pakakumi_scraper' retrieved from /opt/airflow/dags/pakakumi_scraper.py
[2026-01-03T16:03:04.122+0000] {logging_mixin.py:188} INFO - [2026-01-03T16:03:04.122+0000] {dag.py:3096} INFO - Sync 1 DAGs
[2026-01-03T16:03:04.160+0000] {logging_mixin.py:188} INFO - [2026-01-03T16:03:04.160+0000] {dag.py:3954} INFO - Setting next_dagrun for pakakumi_scraper to 2026-01-03 16:00:00+00:00, run_after=2026-01-03 17:00:00+00:00
[2026-01-03T16:03:04.189+0000] {processor.py:183} INFO - Processing /opt/airflow/dags/pakakumi_scraper.py took 0.170 seconds
[2026-01-03T16:03:34.382+0000] {processor.py:161} INFO - Started process (PID=508) to work on /opt/airflow/dags/pakakumi_scraper.py
[2026-01-03T16:03:34.383+0000] {processor.py:830} INFO - Processing file /opt/airflow/dags/pakakumi_scraper.py for tasks to queue
[2026-01-03T16:03:34.387+0000] {logging_mixin.py:188} INFO - [2026-01-03T16:03:34.386+0000] {dagbag.py:540} INFO - Filling up the DagBag from /opt/airflow/dags/pakakumi_scraper.py
[2026-01-03T16:03:34.418+0000] {processor.py:840} INFO - DAG(s) 'pakakumi_scraper' retrieved from /opt/airflow/dags/pakakumi_scraper.py
[2026-01-03T16:03:34.461+0000] {logging_mixin.py:188} INFO - [2026-01-03T16:03:34.460+0000] {dag.py:3096} INFO - Sync 1 DAGs
[2026-01-03T16:03:34.495+0000] {logging_mixin.py:188} INFO - [2026-01-03T16:03:34.495+0000] {dag.py:3954} INFO - Setting next_dagrun for pakakumi_scraper to 2026-01-03 16:00:00+00:00, run_after=2026-01-03 17:00:00+00:00
[2026-01-03T16:03:34.524+0000] {processor.py:183} INFO - Processing /opt/airflow/dags/pakakumi_scraper.py took 0.152 seconds
[2026-01-03T16:04:04.643+0000] {processor.py:161} INFO - Started process (PID=513) to work on /opt/airflow/dags/pakakumi_scraper.py
[2026-01-03T16:04:04.645+0000] {processor.py:830} INFO - Processing file /opt/airflow/dags/pakakumi_scraper.py for tasks to queue
[2026-01-03T16:04:04.649+0000] {logging_mixin.py:188} INFO - [2026-01-03T16:04:04.649+0000] {dagbag.py:540} INFO - Filling up the DagBag from /opt/airflow/dags/pakakumi_scraper.py
[2026-01-03T16:04:04.677+0000] {processor.py:840} INFO - DAG(s) 'pakakumi_scraper' retrieved from /opt/airflow/dags/pakakumi_scraper.py
[2026-01-03T16:04:04.723+0000] {logging_mixin.py:188} INFO - [2026-01-03T16:04:04.722+0000] {dag.py:3096} INFO - Sync 1 DAGs
[2026-01-03T16:04:04.758+0000] {logging_mixin.py:188} INFO - [2026-01-03T16:04:04.758+0000] {dag.py:3954} INFO - Setting next_dagrun for pakakumi_scraper to 2026-01-03 16:00:00+00:00, run_after=2026-01-03 17:00:00+00:00
[2026-01-03T16:04:04.790+0000] {processor.py:183} INFO - Processing /opt/airflow/dags/pakakumi_scraper.py took 0.156 seconds
[2026-01-03T16:04:35.020+0000] {processor.py:161} INFO - Started process (PID=518) to work on /opt/airflow/dags/pakakumi_scraper.py
[2026-01-03T16:04:35.021+0000] {processor.py:830} INFO - Processing file /opt/airflow/dags/pakakumi_scraper.py for tasks to queue
[2026-01-03T16:04:35.025+0000] {logging_mixin.py:188} INFO - [2026-01-03T16:04:35.024+0000] {dagbag.py:540} INFO - Filling up the DagBag from /opt/airflow/dags/pakakumi_scraper.py
[2026-01-03T16:04:35.054+0000] {processor.py:840} INFO - DAG(s) 'pakakumi_scraper' retrieved from /opt/airflow/dags/pakakumi_scraper.py
[2026-01-03T16:04:35.097+0000] {logging_mixin.py:188} INFO - [2026-01-03T16:04:35.096+0000] {dag.py:3096} INFO - Sync 1 DAGs
[2026-01-03T16:04:35.132+0000] {logging_mixin.py:188} INFO - [2026-01-03T16:04:35.131+0000] {dag.py:3954} INFO - Setting next_dagrun for pakakumi_scraper to 2026-01-03 16:00:00+00:00, run_after=2026-01-03 17:00:00+00:00
[2026-01-03T16:04:35.159+0000] {processor.py:183} INFO - Processing /opt/airflow/dags/pakakumi_scraper.py took 0.149 seconds
[2026-01-03T16:05:05.258+0000] {processor.py:161} INFO - Started process (PID=523) to work on /opt/airflow/dags/pakakumi_scraper.py
[2026-01-03T16:05:05.260+0000] {processor.py:830} INFO - Processing file /opt/airflow/dags/pakakumi_scraper.py for tasks to queue
[2026-01-03T16:05:05.264+0000] {logging_mixin.py:188} INFO - [2026-01-03T16:05:05.264+0000] {dagbag.py:540} INFO - Filling up the DagBag from /opt/airflow/dags/pakakumi_scraper.py
[2026-01-03T16:05:05.294+0000] {processor.py:840} INFO - DAG(s) 'pakakumi_scraper' retrieved from /opt/airflow/dags/pakakumi_scraper.py
[2026-01-03T16:05:05.339+0000] {logging_mixin.py:188} INFO - [2026-01-03T16:05:05.339+0000] {dag.py:3096} INFO - Sync 1 DAGs
[2026-01-03T16:05:05.375+0000] {logging_mixin.py:188} INFO - [2026-01-03T16:05:05.374+0000] {dag.py:3954} INFO - Setting next_dagrun for pakakumi_scraper to 2026-01-03 16:00:00+00:00, run_after=2026-01-03 17:00:00+00:00
[2026-01-03T16:05:05.403+0000] {processor.py:183} INFO - Processing /opt/airflow/dags/pakakumi_scraper.py took 0.156 seconds
[2026-01-03T16:05:35.645+0000] {processor.py:161} INFO - Started process (PID=528) to work on /opt/airflow/dags/pakakumi_scraper.py
[2026-01-03T16:05:35.646+0000] {processor.py:830} INFO - Processing file /opt/airflow/dags/pakakumi_scraper.py for tasks to queue
[2026-01-03T16:05:35.650+0000] {logging_mixin.py:188} INFO - [2026-01-03T16:05:35.650+0000] {dagbag.py:540} INFO - Filling up the DagBag from /opt/airflow/dags/pakakumi_scraper.py
[2026-01-03T16:05:35.681+0000] {processor.py:840} INFO - DAG(s) 'pakakumi_scraper' retrieved from /opt/airflow/dags/pakakumi_scraper.py
[2026-01-03T16:05:35.728+0000] {logging_mixin.py:188} INFO - [2026-01-03T16:05:35.728+0000] {dag.py:3096} INFO - Sync 1 DAGs
[2026-01-03T16:05:35.766+0000] {logging_mixin.py:188} INFO - [2026-01-03T16:05:35.766+0000] {dag.py:3954} INFO - Setting next_dagrun for pakakumi_scraper to 2026-01-03 16:00:00+00:00, run_after=2026-01-03 17:00:00+00:00
[2026-01-03T16:05:35.795+0000] {processor.py:183} INFO - Processing /opt/airflow/dags/pakakumi_scraper.py took 0.162 seconds
[2026-01-03T16:06:05.940+0000] {processor.py:161} INFO - Started process (PID=533) to work on /opt/airflow/dags/pakakumi_scraper.py
[2026-01-03T16:06:05.942+0000] {processor.py:830} INFO - Processing file /opt/airflow/dags/pakakumi_scraper.py for tasks to queue
[2026-01-03T16:06:05.946+0000] {logging_mixin.py:188} INFO - [2026-01-03T16:06:05.945+0000] {dagbag.py:540} INFO - Filling up the DagBag from /opt/airflow/dags/pakakumi_scraper.py
[2026-01-03T16:06:05.975+0000] {processor.py:840} INFO - DAG(s) 'pakakumi_scraper' retrieved from /opt/airflow/dags/pakakumi_scraper.py
[2026-01-03T16:06:06.019+0000] {logging_mixin.py:188} INFO - [2026-01-03T16:06:06.018+0000] {dag.py:3096} INFO - Sync 1 DAGs
[2026-01-03T16:06:06.053+0000] {logging_mixin.py:188} INFO - [2026-01-03T16:06:06.053+0000] {dag.py:3954} INFO - Setting next_dagrun for pakakumi_scraper to 2026-01-03 16:00:00+00:00, run_after=2026-01-03 17:00:00+00:00
[2026-01-03T16:06:06.085+0000] {processor.py:183} INFO - Processing /opt/airflow/dags/pakakumi_scraper.py took 0.153 seconds
[2026-01-03T16:06:36.258+0000] {processor.py:161} INFO - Started process (PID=538) to work on /opt/airflow/dags/pakakumi_scraper.py
[2026-01-03T16:06:36.259+0000] {processor.py:830} INFO - Processing file /opt/airflow/dags/pakakumi_scraper.py for tasks to queue
[2026-01-03T16:06:36.263+0000] {logging_mixin.py:188} INFO - [2026-01-03T16:06:36.263+0000] {dagbag.py:540} INFO - Filling up the DagBag from /opt/airflow/dags/pakakumi_scraper.py
[2026-01-03T16:06:36.291+0000] {processor.py:840} INFO - DAG(s) 'pakakumi_scraper' retrieved from /opt/airflow/dags/pakakumi_scraper.py
[2026-01-03T16:06:36.333+0000] {logging_mixin.py:188} INFO - [2026-01-03T16:06:36.333+0000] {dag.py:3096} INFO - Sync 1 DAGs
[2026-01-03T16:06:36.367+0000] {logging_mixin.py:188} INFO - [2026-01-03T16:06:36.366+0000] {dag.py:3954} INFO - Setting next_dagrun for pakakumi_scraper to 2026-01-03 16:00:00+00:00, run_after=2026-01-03 17:00:00+00:00
[2026-01-03T16:06:36.394+0000] {processor.py:183} INFO - Processing /opt/airflow/dags/pakakumi_scraper.py took 0.146 seconds
[2026-01-03T16:07:06.556+0000] {processor.py:161} INFO - Started process (PID=543) to work on /opt/airflow/dags/pakakumi_scraper.py
[2026-01-03T16:07:06.557+0000] {processor.py:830} INFO - Processing file /opt/airflow/dags/pakakumi_scraper.py for tasks to queue
[2026-01-03T16:07:06.561+0000] {logging_mixin.py:188} INFO - [2026-01-03T16:07:06.560+0000] {dagbag.py:540} INFO - Filling up the DagBag from /opt/airflow/dags/pakakumi_scraper.py
[2026-01-03T16:07:06.588+0000] {processor.py:840} INFO - DAG(s) 'pakakumi_scraper' retrieved from /opt/airflow/dags/pakakumi_scraper.py
[2026-01-03T16:07:06.628+0000] {logging_mixin.py:188} INFO - [2026-01-03T16:07:06.627+0000] {dag.py:3096} INFO - Sync 1 DAGs
[2026-01-03T16:07:06.663+0000] {logging_mixin.py:188} INFO - [2026-01-03T16:07:06.662+0000] {dag.py:3954} INFO - Setting next_dagrun for pakakumi_scraper to 2026-01-03 16:00:00+00:00, run_after=2026-01-03 17:00:00+00:00
[2026-01-03T16:07:06.694+0000] {processor.py:183} INFO - Processing /opt/airflow/dags/pakakumi_scraper.py took 0.147 seconds
[2026-01-03T16:07:36.830+0000] {processor.py:161} INFO - Started process (PID=548) to work on /opt/airflow/dags/pakakumi_scraper.py
[2026-01-03T16:07:36.832+0000] {processor.py:830} INFO - Processing file /opt/airflow/dags/pakakumi_scraper.py for tasks to queue
[2026-01-03T16:07:36.837+0000] {logging_mixin.py:188} INFO - [2026-01-03T16:07:36.836+0000] {dagbag.py:540} INFO - Filling up the DagBag from /opt/airflow/dags/pakakumi_scraper.py
[2026-01-03T16:07:36.866+0000] {processor.py:840} INFO - DAG(s) 'pakakumi_scraper' retrieved from /opt/airflow/dags/pakakumi_scraper.py
[2026-01-03T16:07:36.938+0000] {logging_mixin.py:188} INFO - [2026-01-03T16:07:36.937+0000] {dag.py:3096} INFO - Sync 1 DAGs
[2026-01-03T16:07:36.986+0000] {logging_mixin.py:188} INFO - [2026-01-03T16:07:36.985+0000] {dag.py:3954} INFO - Setting next_dagrun for pakakumi_scraper to 2026-01-03 16:00:00+00:00, run_after=2026-01-03 17:00:00+00:00
[2026-01-03T16:07:37.012+0000] {processor.py:183} INFO - Processing /opt/airflow/dags/pakakumi_scraper.py took 0.193 seconds
[2026-01-03T16:08:07.164+0000] {processor.py:161} INFO - Started process (PID=553) to work on /opt/airflow/dags/pakakumi_scraper.py
[2026-01-03T16:08:07.165+0000] {processor.py:830} INFO - Processing file /opt/airflow/dags/pakakumi_scraper.py for tasks to queue
[2026-01-03T16:08:07.170+0000] {logging_mixin.py:188} INFO - [2026-01-03T16:08:07.169+0000] {dagbag.py:540} INFO - Filling up the DagBag from /opt/airflow/dags/pakakumi_scraper.py
[2026-01-03T16:08:07.202+0000] {processor.py:840} INFO - DAG(s) 'pakakumi_scraper' retrieved from /opt/airflow/dags/pakakumi_scraper.py
[2026-01-03T16:08:07.250+0000] {logging_mixin.py:188} INFO - [2026-01-03T16:08:07.249+0000] {dag.py:3096} INFO - Sync 1 DAGs
[2026-01-03T16:08:07.291+0000] {logging_mixin.py:188} INFO - [2026-01-03T16:08:07.290+0000] {dag.py:3954} INFO - Setting next_dagrun for pakakumi_scraper to 2026-01-03 16:00:00+00:00, run_after=2026-01-03 17:00:00+00:00
[2026-01-03T16:08:07.316+0000] {processor.py:183} INFO - Processing /opt/airflow/dags/pakakumi_scraper.py took 0.168 seconds
[2026-01-03T16:08:37.478+0000] {processor.py:161} INFO - Started process (PID=558) to work on /opt/airflow/dags/pakakumi_scraper.py
[2026-01-03T16:08:37.480+0000] {processor.py:830} INFO - Processing file /opt/airflow/dags/pakakumi_scraper.py for tasks to queue
[2026-01-03T16:08:37.482+0000] {logging_mixin.py:188} INFO - [2026-01-03T16:08:37.482+0000] {dagbag.py:540} INFO - Filling up the DagBag from /opt/airflow/dags/pakakumi_scraper.py
[2026-01-03T16:08:37.511+0000] {processor.py:840} INFO - DAG(s) 'pakakumi_scraper' retrieved from /opt/airflow/dags/pakakumi_scraper.py
[2026-01-03T16:08:37.551+0000] {logging_mixin.py:188} INFO - [2026-01-03T16:08:37.551+0000] {dag.py:3096} INFO - Sync 1 DAGs
[2026-01-03T16:08:37.587+0000] {logging_mixin.py:188} INFO - [2026-01-03T16:08:37.587+0000] {dag.py:3954} INFO - Setting next_dagrun for pakakumi_scraper to 2026-01-03 16:00:00+00:00, run_after=2026-01-03 17:00:00+00:00
[2026-01-03T16:08:37.613+0000] {processor.py:183} INFO - Processing /opt/airflow/dags/pakakumi_scraper.py took 0.144 seconds
[2026-01-03T16:09:07.804+0000] {processor.py:161} INFO - Started process (PID=563) to work on /opt/airflow/dags/pakakumi_scraper.py
[2026-01-03T16:09:07.805+0000] {processor.py:830} INFO - Processing file /opt/airflow/dags/pakakumi_scraper.py for tasks to queue
[2026-01-03T16:09:07.808+0000] {logging_mixin.py:188} INFO - [2026-01-03T16:09:07.808+0000] {dagbag.py:540} INFO - Filling up the DagBag from /opt/airflow/dags/pakakumi_scraper.py
[2026-01-03T16:09:07.836+0000] {processor.py:840} INFO - DAG(s) 'pakakumi_scraper' retrieved from /opt/airflow/dags/pakakumi_scraper.py
[2026-01-03T16:09:07.878+0000] {logging_mixin.py:188} INFO - [2026-01-03T16:09:07.878+0000] {dag.py:3096} INFO - Sync 1 DAGs
[2026-01-03T16:09:07.918+0000] {logging_mixin.py:188} INFO - [2026-01-03T16:09:07.918+0000] {dag.py:3954} INFO - Setting next_dagrun for pakakumi_scraper to 2026-01-03 16:00:00+00:00, run_after=2026-01-03 17:00:00+00:00
[2026-01-03T16:09:07.950+0000] {processor.py:183} INFO - Processing /opt/airflow/dags/pakakumi_scraper.py took 0.157 seconds
[2026-01-03T16:09:38.090+0000] {processor.py:161} INFO - Started process (PID=568) to work on /opt/airflow/dags/pakakumi_scraper.py
[2026-01-03T16:09:38.091+0000] {processor.py:830} INFO - Processing file /opt/airflow/dags/pakakumi_scraper.py for tasks to queue
[2026-01-03T16:09:38.095+0000] {logging_mixin.py:188} INFO - [2026-01-03T16:09:38.095+0000] {dagbag.py:540} INFO - Filling up the DagBag from /opt/airflow/dags/pakakumi_scraper.py
[2026-01-03T16:09:38.121+0000] {processor.py:840} INFO - DAG(s) 'pakakumi_scraper' retrieved from /opt/airflow/dags/pakakumi_scraper.py
[2026-01-03T16:09:38.163+0000] {logging_mixin.py:188} INFO - [2026-01-03T16:09:38.162+0000] {dag.py:3096} INFO - Sync 1 DAGs
[2026-01-03T16:09:38.196+0000] {logging_mixin.py:188} INFO - [2026-01-03T16:09:38.196+0000] {dag.py:3954} INFO - Setting next_dagrun for pakakumi_scraper to 2026-01-03 16:00:00+00:00, run_after=2026-01-03 17:00:00+00:00
[2026-01-03T16:09:38.223+0000] {processor.py:183} INFO - Processing /opt/airflow/dags/pakakumi_scraper.py took 0.142 seconds
[2026-01-03T16:10:08.388+0000] {processor.py:161} INFO - Started process (PID=573) to work on /opt/airflow/dags/pakakumi_scraper.py
[2026-01-03T16:10:08.389+0000] {processor.py:830} INFO - Processing file /opt/airflow/dags/pakakumi_scraper.py for tasks to queue
[2026-01-03T16:10:08.393+0000] {logging_mixin.py:188} INFO - [2026-01-03T16:10:08.393+0000] {dagbag.py:540} INFO - Filling up the DagBag from /opt/airflow/dags/pakakumi_scraper.py
[2026-01-03T16:10:08.419+0000] {processor.py:840} INFO - DAG(s) 'pakakumi_scraper' retrieved from /opt/airflow/dags/pakakumi_scraper.py
[2026-01-03T16:10:08.460+0000] {logging_mixin.py:188} INFO - [2026-01-03T16:10:08.460+0000] {dag.py:3096} INFO - Sync 1 DAGs
[2026-01-03T16:10:08.496+0000] {logging_mixin.py:188} INFO - [2026-01-03T16:10:08.495+0000] {dag.py:3954} INFO - Setting next_dagrun for pakakumi_scraper to 2026-01-03 16:00:00+00:00, run_after=2026-01-03 17:00:00+00:00
[2026-01-03T16:10:08.522+0000] {processor.py:183} INFO - Processing /opt/airflow/dags/pakakumi_scraper.py took 0.146 seconds
[2026-01-03T16:10:38.712+0000] {processor.py:161} INFO - Started process (PID=578) to work on /opt/airflow/dags/pakakumi_scraper.py
[2026-01-03T16:10:38.714+0000] {processor.py:830} INFO - Processing file /opt/airflow/dags/pakakumi_scraper.py for tasks to queue
[2026-01-03T16:10:38.718+0000] {logging_mixin.py:188} INFO - [2026-01-03T16:10:38.718+0000] {dagbag.py:540} INFO - Filling up the DagBag from /opt/airflow/dags/pakakumi_scraper.py
[2026-01-03T16:10:38.750+0000] {processor.py:840} INFO - DAG(s) 'pakakumi_scraper' retrieved from /opt/airflow/dags/pakakumi_scraper.py
[2026-01-03T16:10:38.799+0000] {logging_mixin.py:188} INFO - [2026-01-03T16:10:38.798+0000] {dag.py:3096} INFO - Sync 1 DAGs
[2026-01-03T16:10:38.832+0000] {logging_mixin.py:188} INFO - [2026-01-03T16:10:38.832+0000] {dag.py:3954} INFO - Setting next_dagrun for pakakumi_scraper to 2026-01-03 16:00:00+00:00, run_after=2026-01-03 17:00:00+00:00
[2026-01-03T16:10:38.861+0000] {processor.py:183} INFO - Processing /opt/airflow/dags/pakakumi_scraper.py took 0.159 seconds
[2026-01-03T16:11:08.997+0000] {processor.py:161} INFO - Started process (PID=583) to work on /opt/airflow/dags/pakakumi_scraper.py
[2026-01-03T16:11:08.999+0000] {processor.py:830} INFO - Processing file /opt/airflow/dags/pakakumi_scraper.py for tasks to queue
[2026-01-03T16:11:09.002+0000] {logging_mixin.py:188} INFO - [2026-01-03T16:11:09.001+0000] {dagbag.py:540} INFO - Filling up the DagBag from /opt/airflow/dags/pakakumi_scraper.py
[2026-01-03T16:11:09.031+0000] {processor.py:840} INFO - DAG(s) 'pakakumi_scraper' retrieved from /opt/airflow/dags/pakakumi_scraper.py
[2026-01-03T16:11:09.078+0000] {logging_mixin.py:188} INFO - [2026-01-03T16:11:09.078+0000] {dag.py:3096} INFO - Sync 1 DAGs
[2026-01-03T16:11:09.111+0000] {logging_mixin.py:188} INFO - [2026-01-03T16:11:09.111+0000] {dag.py:3954} INFO - Setting next_dagrun for pakakumi_scraper to 2026-01-03 16:00:00+00:00, run_after=2026-01-03 17:00:00+00:00
[2026-01-03T16:11:09.143+0000] {processor.py:183} INFO - Processing /opt/airflow/dags/pakakumi_scraper.py took 0.155 seconds
[2026-01-03T16:11:39.366+0000] {processor.py:161} INFO - Started process (PID=588) to work on /opt/airflow/dags/pakakumi_scraper.py
[2026-01-03T16:11:39.367+0000] {processor.py:830} INFO - Processing file /opt/airflow/dags/pakakumi_scraper.py for tasks to queue
[2026-01-03T16:11:39.370+0000] {logging_mixin.py:188} INFO - [2026-01-03T16:11:39.370+0000] {dagbag.py:540} INFO - Filling up the DagBag from /opt/airflow/dags/pakakumi_scraper.py
[2026-01-03T16:11:39.399+0000] {processor.py:840} INFO - DAG(s) 'pakakumi_scraper' retrieved from /opt/airflow/dags/pakakumi_scraper.py
[2026-01-03T16:11:39.446+0000] {logging_mixin.py:188} INFO - [2026-01-03T16:11:39.445+0000] {dag.py:3096} INFO - Sync 1 DAGs
[2026-01-03T16:11:39.481+0000] {logging_mixin.py:188} INFO - [2026-01-03T16:11:39.481+0000] {dag.py:3954} INFO - Setting next_dagrun for pakakumi_scraper to 2026-01-03 16:00:00+00:00, run_after=2026-01-03 17:00:00+00:00
[2026-01-03T16:11:39.681+0000] {processor.py:183} INFO - Processing /opt/airflow/dags/pakakumi_scraper.py took 0.324 seconds
[2026-01-03T16:12:09.985+0000] {processor.py:161} INFO - Started process (PID=593) to work on /opt/airflow/dags/pakakumi_scraper.py
[2026-01-03T16:12:09.987+0000] {processor.py:830} INFO - Processing file /opt/airflow/dags/pakakumi_scraper.py for tasks to queue
[2026-01-03T16:12:09.990+0000] {logging_mixin.py:188} INFO - [2026-01-03T16:12:09.990+0000] {dagbag.py:540} INFO - Filling up the DagBag from /opt/airflow/dags/pakakumi_scraper.py
[2026-01-03T16:12:10.020+0000] {processor.py:840} INFO - DAG(s) 'pakakumi_scraper' retrieved from /opt/airflow/dags/pakakumi_scraper.py
[2026-01-03T16:12:10.064+0000] {logging_mixin.py:188} INFO - [2026-01-03T16:12:10.063+0000] {dag.py:3096} INFO - Sync 1 DAGs
[2026-01-03T16:12:10.098+0000] {logging_mixin.py:188} INFO - [2026-01-03T16:12:10.098+0000] {dag.py:3954} INFO - Setting next_dagrun for pakakumi_scraper to 2026-01-03 16:00:00+00:00, run_after=2026-01-03 17:00:00+00:00
[2026-01-03T16:12:10.125+0000] {processor.py:183} INFO - Processing /opt/airflow/dags/pakakumi_scraper.py took 0.151 seconds
[2026-01-03T16:12:40.244+0000] {processor.py:161} INFO - Started process (PID=598) to work on /opt/airflow/dags/pakakumi_scraper.py
[2026-01-03T16:12:40.245+0000] {processor.py:830} INFO - Processing file /opt/airflow/dags/pakakumi_scraper.py for tasks to queue
[2026-01-03T16:12:40.249+0000] {logging_mixin.py:188} INFO - [2026-01-03T16:12:40.248+0000] {dagbag.py:540} INFO - Filling up the DagBag from /opt/airflow/dags/pakakumi_scraper.py
[2026-01-03T16:12:40.277+0000] {processor.py:840} INFO - DAG(s) 'pakakumi_scraper' retrieved from /opt/airflow/dags/pakakumi_scraper.py
[2026-01-03T16:12:40.319+0000] {logging_mixin.py:188} INFO - [2026-01-03T16:12:40.319+0000] {dag.py:3096} INFO - Sync 1 DAGs
[2026-01-03T16:12:40.353+0000] {logging_mixin.py:188} INFO - [2026-01-03T16:12:40.353+0000] {dag.py:3954} INFO - Setting next_dagrun for pakakumi_scraper to 2026-01-03 16:00:00+00:00, run_after=2026-01-03 17:00:00+00:00
[2026-01-03T16:12:40.382+0000] {processor.py:183} INFO - Processing /opt/airflow/dags/pakakumi_scraper.py took 0.148 seconds
[2026-01-03T16:13:10.636+0000] {processor.py:161} INFO - Started process (PID=603) to work on /opt/airflow/dags/pakakumi_scraper.py
[2026-01-03T16:13:10.638+0000] {processor.py:830} INFO - Processing file /opt/airflow/dags/pakakumi_scraper.py for tasks to queue
[2026-01-03T16:13:10.641+0000] {logging_mixin.py:188} INFO - [2026-01-03T16:13:10.640+0000] {dagbag.py:540} INFO - Filling up the DagBag from /opt/airflow/dags/pakakumi_scraper.py
[2026-01-03T16:13:10.670+0000] {processor.py:840} INFO - DAG(s) 'pakakumi_scraper' retrieved from /opt/airflow/dags/pakakumi_scraper.py
[2026-01-03T16:13:10.710+0000] {logging_mixin.py:188} INFO - [2026-01-03T16:13:10.710+0000] {dag.py:3096} INFO - Sync 1 DAGs
[2026-01-03T16:13:10.745+0000] {logging_mixin.py:188} INFO - [2026-01-03T16:13:10.745+0000] {dag.py:3954} INFO - Setting next_dagrun for pakakumi_scraper to 2026-01-03 16:00:00+00:00, run_after=2026-01-03 17:00:00+00:00
[2026-01-03T16:13:10.771+0000] {processor.py:183} INFO - Processing /opt/airflow/dags/pakakumi_scraper.py took 0.145 seconds
[2026-01-03T16:13:40.911+0000] {processor.py:161} INFO - Started process (PID=608) to work on /opt/airflow/dags/pakakumi_scraper.py
[2026-01-03T16:13:40.913+0000] {processor.py:830} INFO - Processing file /opt/airflow/dags/pakakumi_scraper.py for tasks to queue
[2026-01-03T16:13:40.917+0000] {logging_mixin.py:188} INFO - [2026-01-03T16:13:40.916+0000] {dagbag.py:540} INFO - Filling up the DagBag from /opt/airflow/dags/pakakumi_scraper.py
[2026-01-03T16:13:40.953+0000] {processor.py:840} INFO - DAG(s) 'pakakumi_scraper' retrieved from /opt/airflow/dags/pakakumi_scraper.py
[2026-01-03T16:13:40.998+0000] {logging_mixin.py:188} INFO - [2026-01-03T16:13:40.998+0000] {dag.py:3096} INFO - Sync 1 DAGs
[2026-01-03T16:13:41.033+0000] {logging_mixin.py:188} INFO - [2026-01-03T16:13:41.033+0000] {dag.py:3954} INFO - Setting next_dagrun for pakakumi_scraper to 2026-01-03 16:00:00+00:00, run_after=2026-01-03 17:00:00+00:00
[2026-01-03T16:13:41.060+0000] {processor.py:183} INFO - Processing /opt/airflow/dags/pakakumi_scraper.py took 0.160 seconds
[2026-01-03T16:14:11.259+0000] {processor.py:161} INFO - Started process (PID=613) to work on /opt/airflow/dags/pakakumi_scraper.py
[2026-01-03T16:14:11.262+0000] {processor.py:830} INFO - Processing file /opt/airflow/dags/pakakumi_scraper.py for tasks to queue
[2026-01-03T16:14:11.267+0000] {logging_mixin.py:188} INFO - [2026-01-03T16:14:11.266+0000] {dagbag.py:540} INFO - Filling up the DagBag from /opt/airflow/dags/pakakumi_scraper.py
[2026-01-03T16:14:11.297+0000] {processor.py:840} INFO - DAG(s) 'pakakumi_scraper' retrieved from /opt/airflow/dags/pakakumi_scraper.py
[2026-01-03T16:14:11.340+0000] {logging_mixin.py:188} INFO - [2026-01-03T16:14:11.339+0000] {dag.py:3096} INFO - Sync 1 DAGs
[2026-01-03T16:14:11.380+0000] {logging_mixin.py:188} INFO - [2026-01-03T16:14:11.379+0000] {dag.py:3954} INFO - Setting next_dagrun for pakakumi_scraper to 2026-01-03 16:00:00+00:00, run_after=2026-01-03 17:00:00+00:00
[2026-01-03T16:14:11.408+0000] {processor.py:183} INFO - Processing /opt/airflow/dags/pakakumi_scraper.py took 0.161 seconds
[2026-01-03T16:14:41.656+0000] {processor.py:161} INFO - Started process (PID=618) to work on /opt/airflow/dags/pakakumi_scraper.py
[2026-01-03T16:14:41.657+0000] {processor.py:830} INFO - Processing file /opt/airflow/dags/pakakumi_scraper.py for tasks to queue
[2026-01-03T16:14:41.661+0000] {logging_mixin.py:188} INFO - [2026-01-03T16:14:41.660+0000] {dagbag.py:540} INFO - Filling up the DagBag from /opt/airflow/dags/pakakumi_scraper.py
[2026-01-03T16:14:41.688+0000] {processor.py:840} INFO - DAG(s) 'pakakumi_scraper' retrieved from /opt/airflow/dags/pakakumi_scraper.py
[2026-01-03T16:14:41.729+0000] {logging_mixin.py:188} INFO - [2026-01-03T16:14:41.728+0000] {dag.py:3096} INFO - Sync 1 DAGs
[2026-01-03T16:14:41.763+0000] {logging_mixin.py:188} INFO - [2026-01-03T16:14:41.762+0000] {dag.py:3954} INFO - Setting next_dagrun for pakakumi_scraper to 2026-01-03 16:00:00+00:00, run_after=2026-01-03 17:00:00+00:00
[2026-01-03T16:14:41.791+0000] {processor.py:183} INFO - Processing /opt/airflow/dags/pakakumi_scraper.py took 0.146 seconds
[2026-01-03T16:15:11.920+0000] {processor.py:161} INFO - Started process (PID=623) to work on /opt/airflow/dags/pakakumi_scraper.py
[2026-01-03T16:15:11.921+0000] {processor.py:830} INFO - Processing file /opt/airflow/dags/pakakumi_scraper.py for tasks to queue
[2026-01-03T16:15:11.924+0000] {logging_mixin.py:188} INFO - [2026-01-03T16:15:11.924+0000] {dagbag.py:540} INFO - Filling up the DagBag from /opt/airflow/dags/pakakumi_scraper.py
[2026-01-03T16:15:11.951+0000] {processor.py:840} INFO - DAG(s) 'pakakumi_scraper' retrieved from /opt/airflow/dags/pakakumi_scraper.py
[2026-01-03T16:15:11.995+0000] {logging_mixin.py:188} INFO - [2026-01-03T16:15:11.994+0000] {dag.py:3096} INFO - Sync 1 DAGs
[2026-01-03T16:15:12.027+0000] {logging_mixin.py:188} INFO - [2026-01-03T16:15:12.027+0000] {dag.py:3954} INFO - Setting next_dagrun for pakakumi_scraper to 2026-01-03 16:00:00+00:00, run_after=2026-01-03 17:00:00+00:00
[2026-01-03T16:15:12.054+0000] {processor.py:183} INFO - Processing /opt/airflow/dags/pakakumi_scraper.py took 0.145 seconds
[2026-01-03T16:15:42.282+0000] {processor.py:161} INFO - Started process (PID=628) to work on /opt/airflow/dags/pakakumi_scraper.py
[2026-01-03T16:15:42.284+0000] {processor.py:830} INFO - Processing file /opt/airflow/dags/pakakumi_scraper.py for tasks to queue
[2026-01-03T16:15:42.287+0000] {logging_mixin.py:188} INFO - [2026-01-03T16:15:42.287+0000] {dagbag.py:540} INFO - Filling up the DagBag from /opt/airflow/dags/pakakumi_scraper.py
[2026-01-03T16:15:42.315+0000] {processor.py:840} INFO - DAG(s) 'pakakumi_scraper' retrieved from /opt/airflow/dags/pakakumi_scraper.py
[2026-01-03T16:15:42.355+0000] {logging_mixin.py:188} INFO - [2026-01-03T16:15:42.355+0000] {dag.py:3096} INFO - Sync 1 DAGs
[2026-01-03T16:15:42.388+0000] {logging_mixin.py:188} INFO - [2026-01-03T16:15:42.387+0000] {dag.py:3954} INFO - Setting next_dagrun for pakakumi_scraper to 2026-01-03 16:00:00+00:00, run_after=2026-01-03 17:00:00+00:00
[2026-01-03T16:15:42.414+0000] {processor.py:183} INFO - Processing /opt/airflow/dags/pakakumi_scraper.py took 0.142 seconds
[2026-01-03T16:16:12.556+0000] {processor.py:161} INFO - Started process (PID=633) to work on /opt/airflow/dags/pakakumi_scraper.py
[2026-01-03T16:16:12.558+0000] {processor.py:830} INFO - Processing file /opt/airflow/dags/pakakumi_scraper.py for tasks to queue
[2026-01-03T16:16:12.560+0000] {logging_mixin.py:188} INFO - [2026-01-03T16:16:12.560+0000] {dagbag.py:540} INFO - Filling up the DagBag from /opt/airflow/dags/pakakumi_scraper.py
[2026-01-03T16:16:12.588+0000] {processor.py:840} INFO - DAG(s) 'pakakumi_scraper' retrieved from /opt/airflow/dags/pakakumi_scraper.py
[2026-01-03T16:16:12.629+0000] {logging_mixin.py:188} INFO - [2026-01-03T16:16:12.628+0000] {dag.py:3096} INFO - Sync 1 DAGs
[2026-01-03T16:16:12.663+0000] {logging_mixin.py:188} INFO - [2026-01-03T16:16:12.663+0000] {dag.py:3954} INFO - Setting next_dagrun for pakakumi_scraper to 2026-01-03 16:00:00+00:00, run_after=2026-01-03 17:00:00+00:00
[2026-01-03T16:16:12.690+0000] {processor.py:183} INFO - Processing /opt/airflow/dags/pakakumi_scraper.py took 0.143 seconds
[2026-01-03T16:16:42.926+0000] {processor.py:161} INFO - Started process (PID=638) to work on /opt/airflow/dags/pakakumi_scraper.py
[2026-01-03T16:16:42.928+0000] {processor.py:830} INFO - Processing file /opt/airflow/dags/pakakumi_scraper.py for tasks to queue
[2026-01-03T16:16:42.933+0000] {logging_mixin.py:188} INFO - [2026-01-03T16:16:42.932+0000] {dagbag.py:540} INFO - Filling up the DagBag from /opt/airflow/dags/pakakumi_scraper.py
[2026-01-03T16:16:42.978+0000] {processor.py:840} INFO - DAG(s) 'pakakumi_scraper' retrieved from /opt/airflow/dags/pakakumi_scraper.py
[2026-01-03T16:16:43.023+0000] {logging_mixin.py:188} INFO - [2026-01-03T16:16:43.023+0000] {dag.py:3096} INFO - Sync 1 DAGs
[2026-01-03T16:16:43.062+0000] {logging_mixin.py:188} INFO - [2026-01-03T16:16:43.062+0000] {dag.py:3954} INFO - Setting next_dagrun for pakakumi_scraper to 2026-01-03 16:00:00+00:00, run_after=2026-01-03 17:00:00+00:00
[2026-01-03T16:16:43.089+0000] {processor.py:183} INFO - Processing /opt/airflow/dags/pakakumi_scraper.py took 0.178 seconds
[2026-01-03T16:17:13.181+0000] {processor.py:161} INFO - Started process (PID=643) to work on /opt/airflow/dags/pakakumi_scraper.py
[2026-01-03T16:17:13.183+0000] {processor.py:830} INFO - Processing file /opt/airflow/dags/pakakumi_scraper.py for tasks to queue
[2026-01-03T16:17:13.185+0000] {logging_mixin.py:188} INFO - [2026-01-03T16:17:13.185+0000] {dagbag.py:540} INFO - Filling up the DagBag from /opt/airflow/dags/pakakumi_scraper.py
[2026-01-03T16:17:13.213+0000] {processor.py:840} INFO - DAG(s) 'pakakumi_scraper' retrieved from /opt/airflow/dags/pakakumi_scraper.py
[2026-01-03T16:17:13.255+0000] {logging_mixin.py:188} INFO - [2026-01-03T16:17:13.254+0000] {dag.py:3096} INFO - Sync 1 DAGs
[2026-01-03T16:17:13.289+0000] {logging_mixin.py:188} INFO - [2026-01-03T16:17:13.289+0000] {dag.py:3954} INFO - Setting next_dagrun for pakakumi_scraper to 2026-01-03 16:00:00+00:00, run_after=2026-01-03 17:00:00+00:00
[2026-01-03T16:17:13.316+0000] {processor.py:183} INFO - Processing /opt/airflow/dags/pakakumi_scraper.py took 0.144 seconds
[2026-01-03T16:17:43.618+0000] {processor.py:161} INFO - Started process (PID=648) to work on /opt/airflow/dags/pakakumi_scraper.py
[2026-01-03T16:17:43.620+0000] {processor.py:830} INFO - Processing file /opt/airflow/dags/pakakumi_scraper.py for tasks to queue
[2026-01-03T16:17:43.622+0000] {logging_mixin.py:188} INFO - [2026-01-03T16:17:43.622+0000] {dagbag.py:540} INFO - Filling up the DagBag from /opt/airflow/dags/pakakumi_scraper.py
[2026-01-03T16:17:43.650+0000] {processor.py:840} INFO - DAG(s) 'pakakumi_scraper' retrieved from /opt/airflow/dags/pakakumi_scraper.py
[2026-01-03T16:17:43.691+0000] {logging_mixin.py:188} INFO - [2026-01-03T16:17:43.690+0000] {dag.py:3096} INFO - Sync 1 DAGs
[2026-01-03T16:17:43.725+0000] {logging_mixin.py:188} INFO - [2026-01-03T16:17:43.725+0000] {dag.py:3954} INFO - Setting next_dagrun for pakakumi_scraper to 2026-01-03 16:00:00+00:00, run_after=2026-01-03 17:00:00+00:00
[2026-01-03T16:17:43.751+0000] {processor.py:183} INFO - Processing /opt/airflow/dags/pakakumi_scraper.py took 0.143 seconds
[2026-01-03T16:18:13.854+0000] {processor.py:161} INFO - Started process (PID=653) to work on /opt/airflow/dags/pakakumi_scraper.py
[2026-01-03T16:18:13.856+0000] {processor.py:830} INFO - Processing file /opt/airflow/dags/pakakumi_scraper.py for tasks to queue
[2026-01-03T16:18:13.860+0000] {logging_mixin.py:188} INFO - [2026-01-03T16:18:13.860+0000] {dagbag.py:540} INFO - Filling up the DagBag from /opt/airflow/dags/pakakumi_scraper.py
[2026-01-03T16:18:13.901+0000] {processor.py:840} INFO - DAG(s) 'pakakumi_scraper' retrieved from /opt/airflow/dags/pakakumi_scraper.py
[2026-01-03T16:18:13.958+0000] {logging_mixin.py:188} INFO - [2026-01-03T16:18:13.958+0000] {dag.py:3096} INFO - Sync 1 DAGs
[2026-01-03T16:18:13.999+0000] {logging_mixin.py:188} INFO - [2026-01-03T16:18:13.999+0000] {dag.py:3954} INFO - Setting next_dagrun for pakakumi_scraper to 2026-01-03 16:00:00+00:00, run_after=2026-01-03 17:00:00+00:00
[2026-01-03T16:18:14.027+0000] {processor.py:183} INFO - Processing /opt/airflow/dags/pakakumi_scraper.py took 0.183 seconds
[2026-01-03T16:18:44.227+0000] {processor.py:161} INFO - Started process (PID=658) to work on /opt/airflow/dags/pakakumi_scraper.py
[2026-01-03T16:18:44.228+0000] {processor.py:830} INFO - Processing file /opt/airflow/dags/pakakumi_scraper.py for tasks to queue
[2026-01-03T16:18:44.232+0000] {logging_mixin.py:188} INFO - [2026-01-03T16:18:44.231+0000] {dagbag.py:540} INFO - Filling up the DagBag from /opt/airflow/dags/pakakumi_scraper.py
[2026-01-03T16:18:44.258+0000] {processor.py:840} INFO - DAG(s) 'pakakumi_scraper' retrieved from /opt/airflow/dags/pakakumi_scraper.py
[2026-01-03T16:18:44.303+0000] {logging_mixin.py:188} INFO - [2026-01-03T16:18:44.302+0000] {dag.py:3096} INFO - Sync 1 DAGs
[2026-01-03T16:18:44.338+0000] {logging_mixin.py:188} INFO - [2026-01-03T16:18:44.338+0000] {dag.py:3954} INFO - Setting next_dagrun for pakakumi_scraper to 2026-01-03 16:00:00+00:00, run_after=2026-01-03 17:00:00+00:00
[2026-01-03T16:18:44.368+0000] {processor.py:183} INFO - Processing /opt/airflow/dags/pakakumi_scraper.py took 0.151 seconds
[2026-01-03T16:19:14.494+0000] {processor.py:161} INFO - Started process (PID=663) to work on /opt/airflow/dags/pakakumi_scraper.py
[2026-01-03T16:19:14.496+0000] {processor.py:830} INFO - Processing file /opt/airflow/dags/pakakumi_scraper.py for tasks to queue
[2026-01-03T16:19:14.498+0000] {logging_mixin.py:188} INFO - [2026-01-03T16:19:14.498+0000] {dagbag.py:540} INFO - Filling up the DagBag from /opt/airflow/dags/pakakumi_scraper.py
[2026-01-03T16:19:14.535+0000] {processor.py:840} INFO - DAG(s) 'pakakumi_scraper' retrieved from /opt/airflow/dags/pakakumi_scraper.py
[2026-01-03T16:19:14.580+0000] {logging_mixin.py:188} INFO - [2026-01-03T16:19:14.580+0000] {dag.py:3096} INFO - Sync 1 DAGs
[2026-01-03T16:19:14.617+0000] {logging_mixin.py:188} INFO - [2026-01-03T16:19:14.616+0000] {dag.py:3954} INFO - Setting next_dagrun for pakakumi_scraper to 2026-01-03 16:00:00+00:00, run_after=2026-01-03 17:00:00+00:00
[2026-01-03T16:19:14.647+0000] {processor.py:183} INFO - Processing /opt/airflow/dags/pakakumi_scraper.py took 0.163 seconds
[2026-01-03T16:19:44.866+0000] {processor.py:161} INFO - Started process (PID=668) to work on /opt/airflow/dags/pakakumi_scraper.py
[2026-01-03T16:19:44.867+0000] {processor.py:830} INFO - Processing file /opt/airflow/dags/pakakumi_scraper.py for tasks to queue
[2026-01-03T16:19:44.871+0000] {logging_mixin.py:188} INFO - [2026-01-03T16:19:44.870+0000] {dagbag.py:540} INFO - Filling up the DagBag from /opt/airflow/dags/pakakumi_scraper.py
[2026-01-03T16:19:44.897+0000] {processor.py:840} INFO - DAG(s) 'pakakumi_scraper' retrieved from /opt/airflow/dags/pakakumi_scraper.py
[2026-01-03T16:19:44.937+0000] {logging_mixin.py:188} INFO - [2026-01-03T16:19:44.936+0000] {dag.py:3096} INFO - Sync 1 DAGs
[2026-01-03T16:19:44.974+0000] {logging_mixin.py:188} INFO - [2026-01-03T16:19:44.973+0000] {dag.py:3954} INFO - Setting next_dagrun for pakakumi_scraper to 2026-01-03 16:00:00+00:00, run_after=2026-01-03 17:00:00+00:00
[2026-01-03T16:19:45.005+0000] {processor.py:183} INFO - Processing /opt/airflow/dags/pakakumi_scraper.py took 0.149 seconds
[2026-01-03T16:20:15.124+0000] {processor.py:161} INFO - Started process (PID=673) to work on /opt/airflow/dags/pakakumi_scraper.py
[2026-01-03T16:20:15.125+0000] {processor.py:830} INFO - Processing file /opt/airflow/dags/pakakumi_scraper.py for tasks to queue
[2026-01-03T16:20:15.128+0000] {logging_mixin.py:188} INFO - [2026-01-03T16:20:15.128+0000] {dagbag.py:540} INFO - Filling up the DagBag from /opt/airflow/dags/pakakumi_scraper.py
[2026-01-03T16:20:15.166+0000] {processor.py:840} INFO - DAG(s) 'pakakumi_scraper' retrieved from /opt/airflow/dags/pakakumi_scraper.py
[2026-01-03T16:20:15.214+0000] {logging_mixin.py:188} INFO - [2026-01-03T16:20:15.214+0000] {dag.py:3096} INFO - Sync 1 DAGs
[2026-01-03T16:20:15.251+0000] {logging_mixin.py:188} INFO - [2026-01-03T16:20:15.251+0000] {dag.py:3954} INFO - Setting next_dagrun for pakakumi_scraper to 2026-01-03 16:00:00+00:00, run_after=2026-01-03 17:00:00+00:00
[2026-01-03T16:20:15.279+0000] {processor.py:183} INFO - Processing /opt/airflow/dags/pakakumi_scraper.py took 0.165 seconds
[2026-01-03T16:20:45.443+0000] {processor.py:161} INFO - Started process (PID=678) to work on /opt/airflow/dags/pakakumi_scraper.py
[2026-01-03T16:20:45.444+0000] {processor.py:830} INFO - Processing file /opt/airflow/dags/pakakumi_scraper.py for tasks to queue
[2026-01-03T16:20:45.447+0000] {logging_mixin.py:188} INFO - [2026-01-03T16:20:45.446+0000] {dagbag.py:540} INFO - Filling up the DagBag from /opt/airflow/dags/pakakumi_scraper.py
[2026-01-03T16:20:45.477+0000] {processor.py:840} INFO - DAG(s) 'pakakumi_scraper' retrieved from /opt/airflow/dags/pakakumi_scraper.py
[2026-01-03T16:20:45.521+0000] {logging_mixin.py:188} INFO - [2026-01-03T16:20:45.521+0000] {dag.py:3096} INFO - Sync 1 DAGs
[2026-01-03T16:20:45.555+0000] {logging_mixin.py:188} INFO - [2026-01-03T16:20:45.555+0000] {dag.py:3954} INFO - Setting next_dagrun for pakakumi_scraper to 2026-01-03 16:00:00+00:00, run_after=2026-01-03 17:00:00+00:00
[2026-01-03T16:20:45.582+0000] {processor.py:183} INFO - Processing /opt/airflow/dags/pakakumi_scraper.py took 0.149 seconds
[2026-01-03T16:21:15.733+0000] {processor.py:161} INFO - Started process (PID=683) to work on /opt/airflow/dags/pakakumi_scraper.py
[2026-01-03T16:21:15.734+0000] {processor.py:830} INFO - Processing file /opt/airflow/dags/pakakumi_scraper.py for tasks to queue
[2026-01-03T16:21:15.737+0000] {logging_mixin.py:188} INFO - [2026-01-03T16:21:15.737+0000] {dagbag.py:540} INFO - Filling up the DagBag from /opt/airflow/dags/pakakumi_scraper.py
[2026-01-03T16:21:15.764+0000] {processor.py:840} INFO - DAG(s) 'pakakumi_scraper' retrieved from /opt/airflow/dags/pakakumi_scraper.py
[2026-01-03T16:21:15.807+0000] {logging_mixin.py:188} INFO - [2026-01-03T16:21:15.806+0000] {dag.py:3096} INFO - Sync 1 DAGs
[2026-01-03T16:21:15.843+0000] {logging_mixin.py:188} INFO - [2026-01-03T16:21:15.843+0000] {dag.py:3954} INFO - Setting next_dagrun for pakakumi_scraper to 2026-01-03 16:00:00+00:00, run_after=2026-01-03 17:00:00+00:00
[2026-01-03T16:21:15.870+0000] {processor.py:183} INFO - Processing /opt/airflow/dags/pakakumi_scraper.py took 0.147 seconds
[2026-01-03T16:21:46.071+0000] {processor.py:161} INFO - Started process (PID=688) to work on /opt/airflow/dags/pakakumi_scraper.py
[2026-01-03T16:21:46.073+0000] {processor.py:830} INFO - Processing file /opt/airflow/dags/pakakumi_scraper.py for tasks to queue
[2026-01-03T16:21:46.076+0000] {logging_mixin.py:188} INFO - [2026-01-03T16:21:46.075+0000] {dagbag.py:540} INFO - Filling up the DagBag from /opt/airflow/dags/pakakumi_scraper.py
[2026-01-03T16:21:46.104+0000] {processor.py:840} INFO - DAG(s) 'pakakumi_scraper' retrieved from /opt/airflow/dags/pakakumi_scraper.py
[2026-01-03T16:21:46.145+0000] {logging_mixin.py:188} INFO - [2026-01-03T16:21:46.145+0000] {dag.py:3096} INFO - Sync 1 DAGs
[2026-01-03T16:21:46.179+0000] {logging_mixin.py:188} INFO - [2026-01-03T16:21:46.178+0000] {dag.py:3954} INFO - Setting next_dagrun for pakakumi_scraper to 2026-01-03 16:00:00+00:00, run_after=2026-01-03 17:00:00+00:00
[2026-01-03T16:21:46.207+0000] {processor.py:183} INFO - Processing /opt/airflow/dags/pakakumi_scraper.py took 0.147 seconds
[2026-01-03T16:22:16.360+0000] {processor.py:161} INFO - Started process (PID=693) to work on /opt/airflow/dags/pakakumi_scraper.py
[2026-01-03T16:22:16.361+0000] {processor.py:830} INFO - Processing file /opt/airflow/dags/pakakumi_scraper.py for tasks to queue
[2026-01-03T16:22:16.365+0000] {logging_mixin.py:188} INFO - [2026-01-03T16:22:16.364+0000] {dagbag.py:540} INFO - Filling up the DagBag from /opt/airflow/dags/pakakumi_scraper.py
[2026-01-03T16:22:16.394+0000] {processor.py:840} INFO - DAG(s) 'pakakumi_scraper' retrieved from /opt/airflow/dags/pakakumi_scraper.py
[2026-01-03T16:22:16.435+0000] {logging_mixin.py:188} INFO - [2026-01-03T16:22:16.435+0000] {dag.py:3096} INFO - Sync 1 DAGs
[2026-01-03T16:22:16.468+0000] {logging_mixin.py:188} INFO - [2026-01-03T16:22:16.467+0000] {dag.py:3954} INFO - Setting next_dagrun for pakakumi_scraper to 2026-01-03 16:00:00+00:00, run_after=2026-01-03 17:00:00+00:00
[2026-01-03T16:22:16.495+0000] {processor.py:183} INFO - Processing /opt/airflow/dags/pakakumi_scraper.py took 0.148 seconds
[2026-01-03T16:22:46.663+0000] {processor.py:161} INFO - Started process (PID=698) to work on /opt/airflow/dags/pakakumi_scraper.py
[2026-01-03T16:22:46.665+0000] {processor.py:830} INFO - Processing file /opt/airflow/dags/pakakumi_scraper.py for tasks to queue
[2026-01-03T16:22:46.668+0000] {logging_mixin.py:188} INFO - [2026-01-03T16:22:46.667+0000] {dagbag.py:540} INFO - Filling up the DagBag from /opt/airflow/dags/pakakumi_scraper.py
[2026-01-03T16:22:46.695+0000] {processor.py:840} INFO - DAG(s) 'pakakumi_scraper' retrieved from /opt/airflow/dags/pakakumi_scraper.py
[2026-01-03T16:22:46.735+0000] {logging_mixin.py:188} INFO - [2026-01-03T16:22:46.735+0000] {dag.py:3096} INFO - Sync 1 DAGs
[2026-01-03T16:22:46.769+0000] {logging_mixin.py:188} INFO - [2026-01-03T16:22:46.769+0000] {dag.py:3954} INFO - Setting next_dagrun for pakakumi_scraper to 2026-01-03 16:00:00+00:00, run_after=2026-01-03 17:00:00+00:00
[2026-01-03T16:22:46.796+0000] {processor.py:183} INFO - Processing /opt/airflow/dags/pakakumi_scraper.py took 0.142 seconds
[2026-01-03T16:23:16.933+0000] {processor.py:161} INFO - Started process (PID=703) to work on /opt/airflow/dags/pakakumi_scraper.py
[2026-01-03T16:23:16.935+0000] {processor.py:830} INFO - Processing file /opt/airflow/dags/pakakumi_scraper.py for tasks to queue
[2026-01-03T16:23:16.938+0000] {logging_mixin.py:188} INFO - [2026-01-03T16:23:16.937+0000] {dagbag.py:540} INFO - Filling up the DagBag from /opt/airflow/dags/pakakumi_scraper.py
[2026-01-03T16:23:16.967+0000] {processor.py:840} INFO - DAG(s) 'pakakumi_scraper' retrieved from /opt/airflow/dags/pakakumi_scraper.py
[2026-01-03T16:23:17.011+0000] {logging_mixin.py:188} INFO - [2026-01-03T16:23:17.010+0000] {dag.py:3096} INFO - Sync 1 DAGs
[2026-01-03T16:23:17.048+0000] {logging_mixin.py:188} INFO - [2026-01-03T16:23:17.048+0000] {dag.py:3954} INFO - Setting next_dagrun for pakakumi_scraper to 2026-01-03 16:00:00+00:00, run_after=2026-01-03 17:00:00+00:00
[2026-01-03T16:23:17.081+0000] {processor.py:183} INFO - Processing /opt/airflow/dags/pakakumi_scraper.py took 0.159 seconds
[2026-01-03T16:23:47.243+0000] {processor.py:161} INFO - Started process (PID=708) to work on /opt/airflow/dags/pakakumi_scraper.py
[2026-01-03T16:23:47.245+0000] {processor.py:830} INFO - Processing file /opt/airflow/dags/pakakumi_scraper.py for tasks to queue
[2026-01-03T16:23:47.247+0000] {logging_mixin.py:188} INFO - [2026-01-03T16:23:47.247+0000] {dagbag.py:540} INFO - Filling up the DagBag from /opt/airflow/dags/pakakumi_scraper.py
[2026-01-03T16:23:47.275+0000] {processor.py:840} INFO - DAG(s) 'pakakumi_scraper' retrieved from /opt/airflow/dags/pakakumi_scraper.py
[2026-01-03T16:23:47.315+0000] {logging_mixin.py:188} INFO - [2026-01-03T16:23:47.315+0000] {dag.py:3096} INFO - Sync 1 DAGs
[2026-01-03T16:23:47.347+0000] {logging_mixin.py:188} INFO - [2026-01-03T16:23:47.347+0000] {dag.py:3954} INFO - Setting next_dagrun for pakakumi_scraper to 2026-01-03 16:00:00+00:00, run_after=2026-01-03 17:00:00+00:00
[2026-01-03T16:23:47.371+0000] {processor.py:183} INFO - Processing /opt/airflow/dags/pakakumi_scraper.py took 0.139 seconds
[2026-01-03T16:24:17.608+0000] {processor.py:161} INFO - Started process (PID=713) to work on /opt/airflow/dags/pakakumi_scraper.py
[2026-01-03T16:24:17.609+0000] {processor.py:830} INFO - Processing file /opt/airflow/dags/pakakumi_scraper.py for tasks to queue
[2026-01-03T16:24:17.613+0000] {logging_mixin.py:188} INFO - [2026-01-03T16:24:17.612+0000] {dagbag.py:540} INFO - Filling up the DagBag from /opt/airflow/dags/pakakumi_scraper.py
[2026-01-03T16:24:17.644+0000] {processor.py:840} INFO - DAG(s) 'pakakumi_scraper' retrieved from /opt/airflow/dags/pakakumi_scraper.py
[2026-01-03T16:24:17.683+0000] {logging_mixin.py:188} INFO - [2026-01-03T16:24:17.683+0000] {dag.py:3096} INFO - Sync 1 DAGs
[2026-01-03T16:24:17.718+0000] {logging_mixin.py:188} INFO - [2026-01-03T16:24:17.718+0000] {dag.py:3954} INFO - Setting next_dagrun for pakakumi_scraper to 2026-01-03 16:00:00+00:00, run_after=2026-01-03 17:00:00+00:00
[2026-01-03T16:24:17.746+0000] {processor.py:183} INFO - Processing /opt/airflow/dags/pakakumi_scraper.py took 0.149 seconds
[2026-01-03T16:24:47.841+0000] {processor.py:161} INFO - Started process (PID=718) to work on /opt/airflow/dags/pakakumi_scraper.py
[2026-01-03T16:24:47.842+0000] {processor.py:830} INFO - Processing file /opt/airflow/dags/pakakumi_scraper.py for tasks to queue
[2026-01-03T16:24:47.846+0000] {logging_mixin.py:188} INFO - [2026-01-03T16:24:47.845+0000] {dagbag.py:540} INFO - Filling up the DagBag from /opt/airflow/dags/pakakumi_scraper.py
[2026-01-03T16:24:47.881+0000] {processor.py:840} INFO - DAG(s) 'pakakumi_scraper' retrieved from /opt/airflow/dags/pakakumi_scraper.py
[2026-01-03T16:24:47.935+0000] {logging_mixin.py:188} INFO - [2026-01-03T16:24:47.934+0000] {dag.py:3096} INFO - Sync 1 DAGs
[2026-01-03T16:24:47.977+0000] {logging_mixin.py:188} INFO - [2026-01-03T16:24:47.977+0000] {dag.py:3954} INFO - Setting next_dagrun for pakakumi_scraper to 2026-01-03 16:00:00+00:00, run_after=2026-01-03 17:00:00+00:00
[2026-01-03T16:24:48.009+0000] {processor.py:183} INFO - Processing /opt/airflow/dags/pakakumi_scraper.py took 0.182 seconds
[2026-01-03T16:25:18.222+0000] {processor.py:161} INFO - Started process (PID=723) to work on /opt/airflow/dags/pakakumi_scraper.py
[2026-01-03T16:25:18.224+0000] {processor.py:830} INFO - Processing file /opt/airflow/dags/pakakumi_scraper.py for tasks to queue
[2026-01-03T16:25:18.226+0000] {logging_mixin.py:188} INFO - [2026-01-03T16:25:18.226+0000] {dagbag.py:540} INFO - Filling up the DagBag from /opt/airflow/dags/pakakumi_scraper.py
[2026-01-03T16:25:18.258+0000] {processor.py:840} INFO - DAG(s) 'pakakumi_scraper' retrieved from /opt/airflow/dags/pakakumi_scraper.py
[2026-01-03T16:25:18.303+0000] {logging_mixin.py:188} INFO - [2026-01-03T16:25:18.303+0000] {dag.py:3096} INFO - Sync 1 DAGs
[2026-01-03T16:25:18.341+0000] {logging_mixin.py:188} INFO - [2026-01-03T16:25:18.341+0000] {dag.py:3954} INFO - Setting next_dagrun for pakakumi_scraper to 2026-01-03 16:00:00+00:00, run_after=2026-01-03 17:00:00+00:00
[2026-01-03T16:25:18.373+0000] {processor.py:183} INFO - Processing /opt/airflow/dags/pakakumi_scraper.py took 0.162 seconds
[2026-01-03T16:25:48.464+0000] {processor.py:161} INFO - Started process (PID=728) to work on /opt/airflow/dags/pakakumi_scraper.py
[2026-01-03T16:25:48.465+0000] {processor.py:830} INFO - Processing file /opt/airflow/dags/pakakumi_scraper.py for tasks to queue
[2026-01-03T16:25:48.469+0000] {logging_mixin.py:188} INFO - [2026-01-03T16:25:48.468+0000] {dagbag.py:540} INFO - Filling up the DagBag from /opt/airflow/dags/pakakumi_scraper.py
[2026-01-03T16:25:48.501+0000] {processor.py:840} INFO - DAG(s) 'pakakumi_scraper' retrieved from /opt/airflow/dags/pakakumi_scraper.py
[2026-01-03T16:25:48.548+0000] {logging_mixin.py:188} INFO - [2026-01-03T16:25:48.547+0000] {dag.py:3096} INFO - Sync 1 DAGs
[2026-01-03T16:25:48.588+0000] {logging_mixin.py:188} INFO - [2026-01-03T16:25:48.588+0000] {dag.py:3954} INFO - Setting next_dagrun for pakakumi_scraper to 2026-01-03 16:00:00+00:00, run_after=2026-01-03 17:00:00+00:00
[2026-01-03T16:25:48.618+0000] {processor.py:183} INFO - Processing /opt/airflow/dags/pakakumi_scraper.py took 0.165 seconds
[2026-01-03T16:26:18.843+0000] {processor.py:161} INFO - Started process (PID=733) to work on /opt/airflow/dags/pakakumi_scraper.py
[2026-01-03T16:26:18.844+0000] {processor.py:830} INFO - Processing file /opt/airflow/dags/pakakumi_scraper.py for tasks to queue
[2026-01-03T16:26:18.848+0000] {logging_mixin.py:188} INFO - [2026-01-03T16:26:18.847+0000] {dagbag.py:540} INFO - Filling up the DagBag from /opt/airflow/dags/pakakumi_scraper.py
[2026-01-03T16:26:18.874+0000] {processor.py:840} INFO - DAG(s) 'pakakumi_scraper' retrieved from /opt/airflow/dags/pakakumi_scraper.py
[2026-01-03T16:26:18.915+0000] {logging_mixin.py:188} INFO - [2026-01-03T16:26:18.915+0000] {dag.py:3096} INFO - Sync 1 DAGs
[2026-01-03T16:26:18.949+0000] {logging_mixin.py:188} INFO - [2026-01-03T16:26:18.949+0000] {dag.py:3954} INFO - Setting next_dagrun for pakakumi_scraper to 2026-01-03 16:00:00+00:00, run_after=2026-01-03 17:00:00+00:00
[2026-01-03T16:26:18.977+0000] {processor.py:183} INFO - Processing /opt/airflow/dags/pakakumi_scraper.py took 0.144 seconds
[2026-01-03T16:26:49.132+0000] {processor.py:161} INFO - Started process (PID=738) to work on /opt/airflow/dags/pakakumi_scraper.py
[2026-01-03T16:26:49.133+0000] {processor.py:830} INFO - Processing file /opt/airflow/dags/pakakumi_scraper.py for tasks to queue
[2026-01-03T16:26:49.136+0000] {logging_mixin.py:188} INFO - [2026-01-03T16:26:49.136+0000] {dagbag.py:540} INFO - Filling up the DagBag from /opt/airflow/dags/pakakumi_scraper.py
[2026-01-03T16:26:49.165+0000] {processor.py:840} INFO - DAG(s) 'pakakumi_scraper' retrieved from /opt/airflow/dags/pakakumi_scraper.py
[2026-01-03T16:26:49.208+0000] {logging_mixin.py:188} INFO - [2026-01-03T16:26:49.207+0000] {dag.py:3096} INFO - Sync 1 DAGs
[2026-01-03T16:26:49.240+0000] {logging_mixin.py:188} INFO - [2026-01-03T16:26:49.240+0000] {dag.py:3954} INFO - Setting next_dagrun for pakakumi_scraper to 2026-01-03 16:00:00+00:00, run_after=2026-01-03 17:00:00+00:00
[2026-01-03T16:26:49.265+0000] {processor.py:183} INFO - Processing /opt/airflow/dags/pakakumi_scraper.py took 0.143 seconds
[2026-01-03T16:27:19.501+0000] {processor.py:161} INFO - Started process (PID=743) to work on /opt/airflow/dags/pakakumi_scraper.py
[2026-01-03T16:27:19.502+0000] {processor.py:830} INFO - Processing file /opt/airflow/dags/pakakumi_scraper.py for tasks to queue
[2026-01-03T16:27:19.506+0000] {logging_mixin.py:188} INFO - [2026-01-03T16:27:19.505+0000] {dagbag.py:540} INFO - Filling up the DagBag from /opt/airflow/dags/pakakumi_scraper.py
[2026-01-03T16:27:19.541+0000] {processor.py:840} INFO - DAG(s) 'pakakumi_scraper' retrieved from /opt/airflow/dags/pakakumi_scraper.py
[2026-01-03T16:27:19.583+0000] {logging_mixin.py:188} INFO - [2026-01-03T16:27:19.582+0000] {dag.py:3096} INFO - Sync 1 DAGs
[2026-01-03T16:27:19.616+0000] {logging_mixin.py:188} INFO - [2026-01-03T16:27:19.616+0000] {dag.py:3954} INFO - Setting next_dagrun for pakakumi_scraper to 2026-01-03 16:00:00+00:00, run_after=2026-01-03 17:00:00+00:00
[2026-01-03T16:27:19.641+0000] {processor.py:183} INFO - Processing /opt/airflow/dags/pakakumi_scraper.py took 0.151 seconds
[2026-01-03T16:27:49.749+0000] {processor.py:161} INFO - Started process (PID=748) to work on /opt/airflow/dags/pakakumi_scraper.py
[2026-01-03T16:27:49.750+0000] {processor.py:830} INFO - Processing file /opt/airflow/dags/pakakumi_scraper.py for tasks to queue
[2026-01-03T16:27:49.753+0000] {logging_mixin.py:188} INFO - [2026-01-03T16:27:49.753+0000] {dagbag.py:540} INFO - Filling up the DagBag from /opt/airflow/dags/pakakumi_scraper.py
[2026-01-03T16:27:49.782+0000] {processor.py:840} INFO - DAG(s) 'pakakumi_scraper' retrieved from /opt/airflow/dags/pakakumi_scraper.py
[2026-01-03T16:27:49.826+0000] {logging_mixin.py:188} INFO - [2026-01-03T16:27:49.825+0000] {dag.py:3096} INFO - Sync 1 DAGs
[2026-01-03T16:27:49.863+0000] {logging_mixin.py:188} INFO - [2026-01-03T16:27:49.862+0000] {dag.py:3954} INFO - Setting next_dagrun for pakakumi_scraper to 2026-01-03 16:00:00+00:00, run_after=2026-01-03 17:00:00+00:00
[2026-01-03T16:27:49.887+0000] {processor.py:183} INFO - Processing /opt/airflow/dags/pakakumi_scraper.py took 0.148 seconds
[2026-01-03T16:28:20.198+0000] {processor.py:161} INFO - Started process (PID=753) to work on /opt/airflow/dags/pakakumi_scraper.py
[2026-01-03T16:28:20.199+0000] {processor.py:830} INFO - Processing file /opt/airflow/dags/pakakumi_scraper.py for tasks to queue
[2026-01-03T16:28:20.202+0000] {logging_mixin.py:188} INFO - [2026-01-03T16:28:20.202+0000] {dagbag.py:540} INFO - Filling up the DagBag from /opt/airflow/dags/pakakumi_scraper.py
[2026-01-03T16:28:20.230+0000] {processor.py:840} INFO - DAG(s) 'pakakumi_scraper' retrieved from /opt/airflow/dags/pakakumi_scraper.py
[2026-01-03T16:28:20.271+0000] {logging_mixin.py:188} INFO - [2026-01-03T16:28:20.271+0000] {dag.py:3096} INFO - Sync 1 DAGs
[2026-01-03T16:28:20.305+0000] {logging_mixin.py:188} INFO - [2026-01-03T16:28:20.305+0000] {dag.py:3954} INFO - Setting next_dagrun for pakakumi_scraper to 2026-01-03 16:00:00+00:00, run_after=2026-01-03 17:00:00+00:00
[2026-01-03T16:28:20.334+0000] {processor.py:183} INFO - Processing /opt/airflow/dags/pakakumi_scraper.py took 0.146 seconds
[2026-01-03T16:28:50.467+0000] {processor.py:161} INFO - Started process (PID=758) to work on /opt/airflow/dags/pakakumi_scraper.py
[2026-01-03T16:28:50.469+0000] {processor.py:830} INFO - Processing file /opt/airflow/dags/pakakumi_scraper.py for tasks to queue
[2026-01-03T16:28:50.473+0000] {logging_mixin.py:188} INFO - [2026-01-03T16:28:50.472+0000] {dagbag.py:540} INFO - Filling up the DagBag from /opt/airflow/dags/pakakumi_scraper.py
[2026-01-03T16:28:50.502+0000] {processor.py:840} INFO - DAG(s) 'pakakumi_scraper' retrieved from /opt/airflow/dags/pakakumi_scraper.py
[2026-01-03T16:28:50.543+0000] {logging_mixin.py:188} INFO - [2026-01-03T16:28:50.543+0000] {dag.py:3096} INFO - Sync 1 DAGs
[2026-01-03T16:28:50.578+0000] {logging_mixin.py:188} INFO - [2026-01-03T16:28:50.578+0000] {dag.py:3954} INFO - Setting next_dagrun for pakakumi_scraper to 2026-01-03 16:00:00+00:00, run_after=2026-01-03 17:00:00+00:00
[2026-01-03T16:28:50.603+0000] {processor.py:183} INFO - Processing /opt/airflow/dags/pakakumi_scraper.py took 0.147 seconds
[2026-01-03T16:29:20.956+0000] {processor.py:161} INFO - Started process (PID=763) to work on /opt/airflow/dags/pakakumi_scraper.py
[2026-01-03T16:29:20.957+0000] {processor.py:830} INFO - Processing file /opt/airflow/dags/pakakumi_scraper.py for tasks to queue
[2026-01-03T16:29:20.960+0000] {logging_mixin.py:188} INFO - [2026-01-03T16:29:20.960+0000] {dagbag.py:540} INFO - Filling up the DagBag from /opt/airflow/dags/pakakumi_scraper.py
[2026-01-03T16:29:20.988+0000] {processor.py:840} INFO - DAG(s) 'pakakumi_scraper' retrieved from /opt/airflow/dags/pakakumi_scraper.py
[2026-01-03T16:29:21.028+0000] {logging_mixin.py:188} INFO - [2026-01-03T16:29:21.028+0000] {dag.py:3096} INFO - Sync 1 DAGs
[2026-01-03T16:29:21.065+0000] {logging_mixin.py:188} INFO - [2026-01-03T16:29:21.064+0000] {dag.py:3954} INFO - Setting next_dagrun for pakakumi_scraper to 2026-01-03 16:00:00+00:00, run_after=2026-01-03 17:00:00+00:00
[2026-01-03T16:29:21.089+0000] {processor.py:183} INFO - Processing /opt/airflow/dags/pakakumi_scraper.py took 0.144 seconds
[2026-01-03T16:29:51.230+0000] {processor.py:161} INFO - Started process (PID=768) to work on /opt/airflow/dags/pakakumi_scraper.py
[2026-01-03T16:29:51.231+0000] {processor.py:830} INFO - Processing file /opt/airflow/dags/pakakumi_scraper.py for tasks to queue
[2026-01-03T16:29:51.234+0000] {logging_mixin.py:188} INFO - [2026-01-03T16:29:51.234+0000] {dagbag.py:540} INFO - Filling up the DagBag from /opt/airflow/dags/pakakumi_scraper.py
[2026-01-03T16:29:51.263+0000] {processor.py:840} INFO - DAG(s) 'pakakumi_scraper' retrieved from /opt/airflow/dags/pakakumi_scraper.py
[2026-01-03T16:29:51.307+0000] {logging_mixin.py:188} INFO - [2026-01-03T16:29:51.306+0000] {dag.py:3096} INFO - Sync 1 DAGs
[2026-01-03T16:29:51.342+0000] {logging_mixin.py:188} INFO - [2026-01-03T16:29:51.341+0000] {dag.py:3954} INFO - Setting next_dagrun for pakakumi_scraper to 2026-01-03 16:00:00+00:00, run_after=2026-01-03 17:00:00+00:00
[2026-01-03T16:29:51.372+0000] {processor.py:183} INFO - Processing /opt/airflow/dags/pakakumi_scraper.py took 0.151 seconds
[2026-01-03T16:30:21.599+0000] {processor.py:161} INFO - Started process (PID=773) to work on /opt/airflow/dags/pakakumi_scraper.py
[2026-01-03T16:30:21.600+0000] {processor.py:830} INFO - Processing file /opt/airflow/dags/pakakumi_scraper.py for tasks to queue
[2026-01-03T16:30:21.603+0000] {logging_mixin.py:188} INFO - [2026-01-03T16:30:21.603+0000] {dagbag.py:540} INFO - Filling up the DagBag from /opt/airflow/dags/pakakumi_scraper.py
[2026-01-03T16:30:21.638+0000] {processor.py:840} INFO - DAG(s) 'pakakumi_scraper' retrieved from /opt/airflow/dags/pakakumi_scraper.py
[2026-01-03T16:30:21.687+0000] {logging_mixin.py:188} INFO - [2026-01-03T16:30:21.687+0000] {dag.py:3096} INFO - Sync 1 DAGs
[2026-01-03T16:30:21.731+0000] {logging_mixin.py:188} INFO - [2026-01-03T16:30:21.731+0000] {dag.py:3954} INFO - Setting next_dagrun for pakakumi_scraper to 2026-01-03 16:00:00+00:00, run_after=2026-01-03 17:00:00+00:00
[2026-01-03T16:30:21.761+0000] {processor.py:183} INFO - Processing /opt/airflow/dags/pakakumi_scraper.py took 0.173 seconds
[2026-01-03T16:30:51.899+0000] {processor.py:161} INFO - Started process (PID=778) to work on /opt/airflow/dags/pakakumi_scraper.py
[2026-01-03T16:30:51.900+0000] {processor.py:830} INFO - Processing file /opt/airflow/dags/pakakumi_scraper.py for tasks to queue
[2026-01-03T16:30:51.904+0000] {logging_mixin.py:188} INFO - [2026-01-03T16:30:51.903+0000] {dagbag.py:540} INFO - Filling up the DagBag from /opt/airflow/dags/pakakumi_scraper.py
[2026-01-03T16:30:51.937+0000] {processor.py:840} INFO - DAG(s) 'pakakumi_scraper' retrieved from /opt/airflow/dags/pakakumi_scraper.py
[2026-01-03T16:30:51.988+0000] {logging_mixin.py:188} INFO - [2026-01-03T16:30:51.988+0000] {dag.py:3096} INFO - Sync 1 DAGs
[2026-01-03T16:30:52.034+0000] {logging_mixin.py:188} INFO - [2026-01-03T16:30:52.033+0000] {dag.py:3954} INFO - Setting next_dagrun for pakakumi_scraper to 2026-01-03 16:00:00+00:00, run_after=2026-01-03 17:00:00+00:00
[2026-01-03T16:30:52.065+0000] {processor.py:183} INFO - Processing /opt/airflow/dags/pakakumi_scraper.py took 0.177 seconds
[2026-01-03T16:31:22.251+0000] {processor.py:161} INFO - Started process (PID=783) to work on /opt/airflow/dags/pakakumi_scraper.py
[2026-01-03T16:31:22.253+0000] {processor.py:830} INFO - Processing file /opt/airflow/dags/pakakumi_scraper.py for tasks to queue
[2026-01-03T16:31:22.255+0000] {logging_mixin.py:188} INFO - [2026-01-03T16:31:22.255+0000] {dagbag.py:540} INFO - Filling up the DagBag from /opt/airflow/dags/pakakumi_scraper.py
[2026-01-03T16:31:22.283+0000] {processor.py:840} INFO - DAG(s) 'pakakumi_scraper' retrieved from /opt/airflow/dags/pakakumi_scraper.py
[2026-01-03T16:31:22.326+0000] {logging_mixin.py:188} INFO - [2026-01-03T16:31:22.325+0000] {dag.py:3096} INFO - Sync 1 DAGs
[2026-01-03T16:31:22.361+0000] {logging_mixin.py:188} INFO - [2026-01-03T16:31:22.361+0000] {dag.py:3954} INFO - Setting next_dagrun for pakakumi_scraper to 2026-01-03 16:00:00+00:00, run_after=2026-01-03 17:00:00+00:00
[2026-01-03T16:31:22.391+0000] {processor.py:183} INFO - Processing /opt/airflow/dags/pakakumi_scraper.py took 0.148 seconds
[2026-01-03T16:31:52.484+0000] {processor.py:161} INFO - Started process (PID=788) to work on /opt/airflow/dags/pakakumi_scraper.py
[2026-01-03T16:31:52.485+0000] {processor.py:830} INFO - Processing file /opt/airflow/dags/pakakumi_scraper.py for tasks to queue
[2026-01-03T16:31:52.489+0000] {logging_mixin.py:188} INFO - [2026-01-03T16:31:52.488+0000] {dagbag.py:540} INFO - Filling up the DagBag from /opt/airflow/dags/pakakumi_scraper.py
[2026-01-03T16:31:52.529+0000] {processor.py:840} INFO - DAG(s) 'pakakumi_scraper' retrieved from /opt/airflow/dags/pakakumi_scraper.py
[2026-01-03T16:31:52.588+0000] {logging_mixin.py:188} INFO - [2026-01-03T16:31:52.588+0000] {dag.py:3096} INFO - Sync 1 DAGs
[2026-01-03T16:31:52.640+0000] {logging_mixin.py:188} INFO - [2026-01-03T16:31:52.640+0000] {dag.py:3954} INFO - Setting next_dagrun for pakakumi_scraper to 2026-01-03 16:00:00+00:00, run_after=2026-01-03 17:00:00+00:00
[2026-01-03T16:31:52.670+0000] {processor.py:183} INFO - Processing /opt/airflow/dags/pakakumi_scraper.py took 0.196 seconds
[2026-01-03T16:32:22.864+0000] {processor.py:161} INFO - Started process (PID=793) to work on /opt/airflow/dags/pakakumi_scraper.py
[2026-01-03T16:32:22.865+0000] {processor.py:830} INFO - Processing file /opt/airflow/dags/pakakumi_scraper.py for tasks to queue
[2026-01-03T16:32:22.869+0000] {logging_mixin.py:188} INFO - [2026-01-03T16:32:22.869+0000] {dagbag.py:540} INFO - Filling up the DagBag from /opt/airflow/dags/pakakumi_scraper.py
[2026-01-03T16:32:22.933+0000] {processor.py:840} INFO - DAG(s) 'pakakumi_scraper' retrieved from /opt/airflow/dags/pakakumi_scraper.py
[2026-01-03T16:32:22.977+0000] {logging_mixin.py:188} INFO - [2026-01-03T16:32:22.977+0000] {dag.py:3096} INFO - Sync 1 DAGs
[2026-01-03T16:32:23.011+0000] {logging_mixin.py:188} INFO - [2026-01-03T16:32:23.011+0000] {dag.py:3954} INFO - Setting next_dagrun for pakakumi_scraper to 2026-01-03 16:00:00+00:00, run_after=2026-01-03 17:00:00+00:00
[2026-01-03T16:32:23.039+0000] {processor.py:183} INFO - Processing /opt/airflow/dags/pakakumi_scraper.py took 0.192 seconds
[2026-01-03T16:32:53.163+0000] {processor.py:161} INFO - Started process (PID=798) to work on /opt/airflow/dags/pakakumi_scraper.py
[2026-01-03T16:32:53.166+0000] {processor.py:830} INFO - Processing file /opt/airflow/dags/pakakumi_scraper.py for tasks to queue
[2026-01-03T16:32:53.176+0000] {logging_mixin.py:188} INFO - [2026-01-03T16:32:53.175+0000] {dagbag.py:540} INFO - Filling up the DagBag from /opt/airflow/dags/pakakumi_scraper.py
[2026-01-03T16:32:53.215+0000] {processor.py:840} INFO - DAG(s) 'pakakumi_scraper' retrieved from /opt/airflow/dags/pakakumi_scraper.py
[2026-01-03T16:32:53.259+0000] {logging_mixin.py:188} INFO - [2026-01-03T16:32:53.259+0000] {dag.py:3096} INFO - Sync 1 DAGs
[2026-01-03T16:32:53.292+0000] {logging_mixin.py:188} INFO - [2026-01-03T16:32:53.291+0000] {dag.py:3954} INFO - Setting next_dagrun for pakakumi_scraper to 2026-01-03 16:00:00+00:00, run_after=2026-01-03 17:00:00+00:00
[2026-01-03T16:32:53.317+0000] {processor.py:183} INFO - Processing /opt/airflow/dags/pakakumi_scraper.py took 0.178 seconds
[2026-01-03T16:33:23.519+0000] {processor.py:161} INFO - Started process (PID=803) to work on /opt/airflow/dags/pakakumi_scraper.py
[2026-01-03T16:33:23.520+0000] {processor.py:830} INFO - Processing file /opt/airflow/dags/pakakumi_scraper.py for tasks to queue
[2026-01-03T16:33:23.523+0000] {logging_mixin.py:188} INFO - [2026-01-03T16:33:23.523+0000] {dagbag.py:540} INFO - Filling up the DagBag from /opt/airflow/dags/pakakumi_scraper.py
[2026-01-03T16:33:23.552+0000] {processor.py:840} INFO - DAG(s) 'pakakumi_scraper' retrieved from /opt/airflow/dags/pakakumi_scraper.py
[2026-01-03T16:33:23.595+0000] {logging_mixin.py:188} INFO - [2026-01-03T16:33:23.594+0000] {dag.py:3096} INFO - Sync 1 DAGs
[2026-01-03T16:33:23.634+0000] {logging_mixin.py:188} INFO - [2026-01-03T16:33:23.634+0000] {dag.py:3954} INFO - Setting next_dagrun for pakakumi_scraper to 2026-01-03 16:00:00+00:00, run_after=2026-01-03 17:00:00+00:00
[2026-01-03T16:33:23.664+0000] {processor.py:183} INFO - Processing /opt/airflow/dags/pakakumi_scraper.py took 0.155 seconds
[2026-01-03T16:33:53.784+0000] {processor.py:161} INFO - Started process (PID=808) to work on /opt/airflow/dags/pakakumi_scraper.py
[2026-01-03T16:33:53.787+0000] {processor.py:830} INFO - Processing file /opt/airflow/dags/pakakumi_scraper.py for tasks to queue
[2026-01-03T16:33:53.791+0000] {logging_mixin.py:188} INFO - [2026-01-03T16:33:53.791+0000] {dagbag.py:540} INFO - Filling up the DagBag from /opt/airflow/dags/pakakumi_scraper.py
[2026-01-03T16:33:53.830+0000] {processor.py:840} INFO - DAG(s) 'pakakumi_scraper' retrieved from /opt/airflow/dags/pakakumi_scraper.py
[2026-01-03T16:33:53.875+0000] {logging_mixin.py:188} INFO - [2026-01-03T16:33:53.874+0000] {dag.py:3096} INFO - Sync 1 DAGs
[2026-01-03T16:33:53.910+0000] {logging_mixin.py:188} INFO - [2026-01-03T16:33:53.910+0000] {dag.py:3954} INFO - Setting next_dagrun for pakakumi_scraper to 2026-01-03 16:00:00+00:00, run_after=2026-01-03 17:00:00+00:00
[2026-01-03T16:33:53.935+0000] {processor.py:183} INFO - Processing /opt/airflow/dags/pakakumi_scraper.py took 0.167 seconds
[2026-01-03T16:34:24.164+0000] {processor.py:161} INFO - Started process (PID=813) to work on /opt/airflow/dags/pakakumi_scraper.py
[2026-01-03T16:34:24.165+0000] {processor.py:830} INFO - Processing file /opt/airflow/dags/pakakumi_scraper.py for tasks to queue
[2026-01-03T16:34:24.168+0000] {logging_mixin.py:188} INFO - [2026-01-03T16:34:24.168+0000] {dagbag.py:540} INFO - Filling up the DagBag from /opt/airflow/dags/pakakumi_scraper.py
[2026-01-03T16:34:24.199+0000] {processor.py:840} INFO - DAG(s) 'pakakumi_scraper' retrieved from /opt/airflow/dags/pakakumi_scraper.py
[2026-01-03T16:34:24.245+0000] {logging_mixin.py:188} INFO - [2026-01-03T16:34:24.244+0000] {dag.py:3096} INFO - Sync 1 DAGs
[2026-01-03T16:34:24.289+0000] {logging_mixin.py:188} INFO - [2026-01-03T16:34:24.288+0000] {dag.py:3954} INFO - Setting next_dagrun for pakakumi_scraper to 2026-01-03 16:00:00+00:00, run_after=2026-01-03 17:00:00+00:00
[2026-01-03T16:34:24.322+0000] {processor.py:183} INFO - Processing /opt/airflow/dags/pakakumi_scraper.py took 0.170 seconds
[2026-01-03T16:34:54.423+0000] {processor.py:161} INFO - Started process (PID=818) to work on /opt/airflow/dags/pakakumi_scraper.py
[2026-01-03T16:34:54.425+0000] {processor.py:830} INFO - Processing file /opt/airflow/dags/pakakumi_scraper.py for tasks to queue
[2026-01-03T16:34:54.428+0000] {logging_mixin.py:188} INFO - [2026-01-03T16:34:54.427+0000] {dagbag.py:540} INFO - Filling up the DagBag from /opt/airflow/dags/pakakumi_scraper.py
[2026-01-03T16:34:54.455+0000] {processor.py:840} INFO - DAG(s) 'pakakumi_scraper' retrieved from /opt/airflow/dags/pakakumi_scraper.py
[2026-01-03T16:34:54.500+0000] {logging_mixin.py:188} INFO - [2026-01-03T16:34:54.499+0000] {dag.py:3096} INFO - Sync 1 DAGs
[2026-01-03T16:34:54.535+0000] {logging_mixin.py:188} INFO - [2026-01-03T16:34:54.535+0000] {dag.py:3954} INFO - Setting next_dagrun for pakakumi_scraper to 2026-01-03 16:00:00+00:00, run_after=2026-01-03 17:00:00+00:00
[2026-01-03T16:34:54.561+0000] {processor.py:183} INFO - Processing /opt/airflow/dags/pakakumi_scraper.py took 0.148 seconds
[2026-01-03T16:35:24.784+0000] {processor.py:161} INFO - Started process (PID=823) to work on /opt/airflow/dags/pakakumi_scraper.py
[2026-01-03T16:35:24.785+0000] {processor.py:830} INFO - Processing file /opt/airflow/dags/pakakumi_scraper.py for tasks to queue
[2026-01-03T16:35:24.788+0000] {logging_mixin.py:188} INFO - [2026-01-03T16:35:24.788+0000] {dagbag.py:540} INFO - Filling up the DagBag from /opt/airflow/dags/pakakumi_scraper.py
[2026-01-03T16:35:24.817+0000] {processor.py:840} INFO - DAG(s) 'pakakumi_scraper' retrieved from /opt/airflow/dags/pakakumi_scraper.py
[2026-01-03T16:35:24.861+0000] {logging_mixin.py:188} INFO - [2026-01-03T16:35:24.861+0000] {dag.py:3096} INFO - Sync 1 DAGs
[2026-01-03T16:35:24.899+0000] {logging_mixin.py:188} INFO - [2026-01-03T16:35:24.899+0000] {dag.py:3954} INFO - Setting next_dagrun for pakakumi_scraper to 2026-01-03 16:00:00+00:00, run_after=2026-01-03 17:00:00+00:00
[2026-01-03T16:35:24.932+0000] {processor.py:183} INFO - Processing /opt/airflow/dags/pakakumi_scraper.py took 0.160 seconds
[2026-01-03T16:35:55.078+0000] {processor.py:161} INFO - Started process (PID=828) to work on /opt/airflow/dags/pakakumi_scraper.py
[2026-01-03T16:35:55.079+0000] {processor.py:830} INFO - Processing file /opt/airflow/dags/pakakumi_scraper.py for tasks to queue
[2026-01-03T16:35:55.082+0000] {logging_mixin.py:188} INFO - [2026-01-03T16:35:55.081+0000] {dagbag.py:540} INFO - Filling up the DagBag from /opt/airflow/dags/pakakumi_scraper.py
[2026-01-03T16:35:55.111+0000] {processor.py:840} INFO - DAG(s) 'pakakumi_scraper' retrieved from /opt/airflow/dags/pakakumi_scraper.py
[2026-01-03T16:35:55.155+0000] {logging_mixin.py:188} INFO - [2026-01-03T16:35:55.154+0000] {dag.py:3096} INFO - Sync 1 DAGs
[2026-01-03T16:35:55.192+0000] {logging_mixin.py:188} INFO - [2026-01-03T16:35:55.192+0000] {dag.py:3954} INFO - Setting next_dagrun for pakakumi_scraper to 2026-01-03 16:00:00+00:00, run_after=2026-01-03 17:00:00+00:00
[2026-01-03T16:35:55.222+0000] {processor.py:183} INFO - Processing /opt/airflow/dags/pakakumi_scraper.py took 0.154 seconds
[2026-01-03T16:36:25.419+0000] {processor.py:161} INFO - Started process (PID=833) to work on /opt/airflow/dags/pakakumi_scraper.py
[2026-01-03T16:36:25.421+0000] {processor.py:830} INFO - Processing file /opt/airflow/dags/pakakumi_scraper.py for tasks to queue
[2026-01-03T16:36:25.425+0000] {logging_mixin.py:188} INFO - [2026-01-03T16:36:25.424+0000] {dagbag.py:540} INFO - Filling up the DagBag from /opt/airflow/dags/pakakumi_scraper.py
[2026-01-03T16:36:25.456+0000] {processor.py:840} INFO - DAG(s) 'pakakumi_scraper' retrieved from /opt/airflow/dags/pakakumi_scraper.py
[2026-01-03T16:36:25.504+0000] {logging_mixin.py:188} INFO - [2026-01-03T16:36:25.504+0000] {dag.py:3096} INFO - Sync 1 DAGs
[2026-01-03T16:36:25.542+0000] {logging_mixin.py:188} INFO - [2026-01-03T16:36:25.541+0000] {dag.py:3954} INFO - Setting next_dagrun for pakakumi_scraper to 2026-01-03 16:00:00+00:00, run_after=2026-01-03 17:00:00+00:00
[2026-01-03T16:36:25.568+0000] {processor.py:183} INFO - Processing /opt/airflow/dags/pakakumi_scraper.py took 0.162 seconds
[2026-01-03T16:36:55.691+0000] {processor.py:161} INFO - Started process (PID=838) to work on /opt/airflow/dags/pakakumi_scraper.py
[2026-01-03T16:36:55.692+0000] {processor.py:830} INFO - Processing file /opt/airflow/dags/pakakumi_scraper.py for tasks to queue
[2026-01-03T16:36:55.698+0000] {logging_mixin.py:188} INFO - [2026-01-03T16:36:55.697+0000] {dagbag.py:540} INFO - Filling up the DagBag from /opt/airflow/dags/pakakumi_scraper.py
[2026-01-03T16:36:55.742+0000] {processor.py:840} INFO - DAG(s) 'pakakumi_scraper' retrieved from /opt/airflow/dags/pakakumi_scraper.py
[2026-01-03T16:36:55.807+0000] {logging_mixin.py:188} INFO - [2026-01-03T16:36:55.807+0000] {dag.py:3096} INFO - Sync 1 DAGs
[2026-01-03T16:36:55.855+0000] {logging_mixin.py:188} INFO - [2026-01-03T16:36:55.854+0000] {dag.py:3954} INFO - Setting next_dagrun for pakakumi_scraper to 2026-01-03 16:00:00+00:00, run_after=2026-01-03 17:00:00+00:00
[2026-01-03T16:36:55.903+0000] {processor.py:183} INFO - Processing /opt/airflow/dags/pakakumi_scraper.py took 0.225 seconds
[2026-01-03T16:37:25.995+0000] {processor.py:161} INFO - Started process (PID=843) to work on /opt/airflow/dags/pakakumi_scraper.py
[2026-01-03T16:37:25.997+0000] {processor.py:830} INFO - Processing file /opt/airflow/dags/pakakumi_scraper.py for tasks to queue
[2026-01-03T16:37:26.001+0000] {logging_mixin.py:188} INFO - [2026-01-03T16:37:26.000+0000] {dagbag.py:540} INFO - Filling up the DagBag from /opt/airflow/dags/pakakumi_scraper.py
[2026-01-03T16:37:26.053+0000] {processor.py:840} INFO - DAG(s) 'pakakumi_scraper' retrieved from /opt/airflow/dags/pakakumi_scraper.py
[2026-01-03T16:37:26.108+0000] {logging_mixin.py:188} INFO - [2026-01-03T16:37:26.108+0000] {dag.py:3096} INFO - Sync 1 DAGs
[2026-01-03T16:37:26.146+0000] {logging_mixin.py:188} INFO - [2026-01-03T16:37:26.146+0000] {dag.py:3954} INFO - Setting next_dagrun for pakakumi_scraper to 2026-01-03 16:00:00+00:00, run_after=2026-01-03 17:00:00+00:00
[2026-01-03T16:37:26.176+0000] {processor.py:183} INFO - Processing /opt/airflow/dags/pakakumi_scraper.py took 0.191 seconds
[2026-01-03T16:37:56.314+0000] {processor.py:161} INFO - Started process (PID=848) to work on /opt/airflow/dags/pakakumi_scraper.py
[2026-01-03T16:37:56.315+0000] {processor.py:830} INFO - Processing file /opt/airflow/dags/pakakumi_scraper.py for tasks to queue
[2026-01-03T16:37:56.318+0000] {logging_mixin.py:188} INFO - [2026-01-03T16:37:56.317+0000] {dagbag.py:540} INFO - Filling up the DagBag from /opt/airflow/dags/pakakumi_scraper.py
[2026-01-03T16:37:56.348+0000] {processor.py:840} INFO - DAG(s) 'pakakumi_scraper' retrieved from /opt/airflow/dags/pakakumi_scraper.py
[2026-01-03T16:37:56.391+0000] {logging_mixin.py:188} INFO - [2026-01-03T16:37:56.391+0000] {dag.py:3096} INFO - Sync 1 DAGs
[2026-01-03T16:37:56.428+0000] {logging_mixin.py:188} INFO - [2026-01-03T16:37:56.428+0000] {dag.py:3954} INFO - Setting next_dagrun for pakakumi_scraper to 2026-01-03 16:00:00+00:00, run_after=2026-01-03 17:00:00+00:00
[2026-01-03T16:37:56.453+0000] {processor.py:183} INFO - Processing /opt/airflow/dags/pakakumi_scraper.py took 0.149 seconds
[2026-01-03T16:38:26.658+0000] {processor.py:161} INFO - Started process (PID=853) to work on /opt/airflow/dags/pakakumi_scraper.py
[2026-01-03T16:38:26.660+0000] {processor.py:830} INFO - Processing file /opt/airflow/dags/pakakumi_scraper.py for tasks to queue
[2026-01-03T16:38:26.663+0000] {logging_mixin.py:188} INFO - [2026-01-03T16:38:26.662+0000] {dagbag.py:540} INFO - Filling up the DagBag from /opt/airflow/dags/pakakumi_scraper.py
[2026-01-03T16:38:26.690+0000] {processor.py:840} INFO - DAG(s) 'pakakumi_scraper' retrieved from /opt/airflow/dags/pakakumi_scraper.py
[2026-01-03T16:38:26.732+0000] {logging_mixin.py:188} INFO - [2026-01-03T16:38:26.731+0000] {dag.py:3096} INFO - Sync 1 DAGs
[2026-01-03T16:38:26.768+0000] {logging_mixin.py:188} INFO - [2026-01-03T16:38:26.768+0000] {dag.py:3954} INFO - Setting next_dagrun for pakakumi_scraper to 2026-01-03 16:00:00+00:00, run_after=2026-01-03 17:00:00+00:00
[2026-01-03T16:38:26.798+0000] {processor.py:183} INFO - Processing /opt/airflow/dags/pakakumi_scraper.py took 0.148 seconds
[2026-01-03T16:38:56.945+0000] {processor.py:161} INFO - Started process (PID=858) to work on /opt/airflow/dags/pakakumi_scraper.py
[2026-01-03T16:38:56.946+0000] {processor.py:830} INFO - Processing file /opt/airflow/dags/pakakumi_scraper.py for tasks to queue
[2026-01-03T16:38:56.949+0000] {logging_mixin.py:188} INFO - [2026-01-03T16:38:56.948+0000] {dagbag.py:540} INFO - Filling up the DagBag from /opt/airflow/dags/pakakumi_scraper.py
[2026-01-03T16:38:56.976+0000] {processor.py:840} INFO - DAG(s) 'pakakumi_scraper' retrieved from /opt/airflow/dags/pakakumi_scraper.py
[2026-01-03T16:38:57.019+0000] {logging_mixin.py:188} INFO - [2026-01-03T16:38:57.019+0000] {dag.py:3096} INFO - Sync 1 DAGs
[2026-01-03T16:38:57.051+0000] {logging_mixin.py:188} INFO - [2026-01-03T16:38:57.051+0000] {dag.py:3954} INFO - Setting next_dagrun for pakakumi_scraper to 2026-01-03 16:00:00+00:00, run_after=2026-01-03 17:00:00+00:00
[2026-01-03T16:38:57.084+0000] {processor.py:183} INFO - Processing /opt/airflow/dags/pakakumi_scraper.py took 0.152 seconds
[2026-01-03T16:39:27.320+0000] {processor.py:161} INFO - Started process (PID=863) to work on /opt/airflow/dags/pakakumi_scraper.py
[2026-01-03T16:39:27.321+0000] {processor.py:830} INFO - Processing file /opt/airflow/dags/pakakumi_scraper.py for tasks to queue
[2026-01-03T16:39:27.325+0000] {logging_mixin.py:188} INFO - [2026-01-03T16:39:27.324+0000] {dagbag.py:540} INFO - Filling up the DagBag from /opt/airflow/dags/pakakumi_scraper.py
[2026-01-03T16:39:27.353+0000] {processor.py:840} INFO - DAG(s) 'pakakumi_scraper' retrieved from /opt/airflow/dags/pakakumi_scraper.py
[2026-01-03T16:39:27.396+0000] {logging_mixin.py:188} INFO - [2026-01-03T16:39:27.396+0000] {dag.py:3096} INFO - Sync 1 DAGs
[2026-01-03T16:39:27.443+0000] {logging_mixin.py:188} INFO - [2026-01-03T16:39:27.443+0000] {dag.py:3954} INFO - Setting next_dagrun for pakakumi_scraper to 2026-01-03 16:00:00+00:00, run_after=2026-01-03 17:00:00+00:00
[2026-01-03T16:39:27.473+0000] {processor.py:183} INFO - Processing /opt/airflow/dags/pakakumi_scraper.py took 0.162 seconds
[2026-01-03T16:39:57.601+0000] {processor.py:161} INFO - Started process (PID=868) to work on /opt/airflow/dags/pakakumi_scraper.py
[2026-01-03T16:39:57.602+0000] {processor.py:830} INFO - Processing file /opt/airflow/dags/pakakumi_scraper.py for tasks to queue
[2026-01-03T16:39:57.606+0000] {logging_mixin.py:188} INFO - [2026-01-03T16:39:57.606+0000] {dagbag.py:540} INFO - Filling up the DagBag from /opt/airflow/dags/pakakumi_scraper.py
[2026-01-03T16:39:57.646+0000] {processor.py:840} INFO - DAG(s) 'pakakumi_scraper' retrieved from /opt/airflow/dags/pakakumi_scraper.py
[2026-01-03T16:39:57.693+0000] {logging_mixin.py:188} INFO - [2026-01-03T16:39:57.692+0000] {dag.py:3096} INFO - Sync 1 DAGs
[2026-01-03T16:39:57.728+0000] {logging_mixin.py:188} INFO - [2026-01-03T16:39:57.727+0000] {dag.py:3954} INFO - Setting next_dagrun for pakakumi_scraper to 2026-01-03 16:00:00+00:00, run_after=2026-01-03 17:00:00+00:00
[2026-01-03T16:39:57.753+0000] {processor.py:183} INFO - Processing /opt/airflow/dags/pakakumi_scraper.py took 0.166 seconds
[2026-01-03T16:40:27.993+0000] {processor.py:161} INFO - Started process (PID=873) to work on /opt/airflow/dags/pakakumi_scraper.py
[2026-01-03T16:40:27.994+0000] {processor.py:830} INFO - Processing file /opt/airflow/dags/pakakumi_scraper.py for tasks to queue
[2026-01-03T16:40:27.997+0000] {logging_mixin.py:188} INFO - [2026-01-03T16:40:27.996+0000] {dagbag.py:540} INFO - Filling up the DagBag from /opt/airflow/dags/pakakumi_scraper.py
[2026-01-03T16:40:28.057+0000] {processor.py:840} INFO - DAG(s) 'pakakumi_scraper' retrieved from /opt/airflow/dags/pakakumi_scraper.py
[2026-01-03T16:40:28.103+0000] {logging_mixin.py:188} INFO - [2026-01-03T16:40:28.102+0000] {dag.py:3096} INFO - Sync 1 DAGs
[2026-01-03T16:40:28.138+0000] {logging_mixin.py:188} INFO - [2026-01-03T16:40:28.138+0000] {dag.py:3954} INFO - Setting next_dagrun for pakakumi_scraper to 2026-01-03 16:00:00+00:00, run_after=2026-01-03 17:00:00+00:00
[2026-01-03T16:40:28.167+0000] {processor.py:183} INFO - Processing /opt/airflow/dags/pakakumi_scraper.py took 0.187 seconds
[2026-01-03T16:40:58.265+0000] {processor.py:161} INFO - Started process (PID=878) to work on /opt/airflow/dags/pakakumi_scraper.py
[2026-01-03T16:40:58.267+0000] {processor.py:830} INFO - Processing file /opt/airflow/dags/pakakumi_scraper.py for tasks to queue
[2026-01-03T16:40:58.270+0000] {logging_mixin.py:188} INFO - [2026-01-03T16:40:58.270+0000] {dagbag.py:540} INFO - Filling up the DagBag from /opt/airflow/dags/pakakumi_scraper.py
[2026-01-03T16:40:58.305+0000] {processor.py:840} INFO - DAG(s) 'pakakumi_scraper' retrieved from /opt/airflow/dags/pakakumi_scraper.py
[2026-01-03T16:40:58.384+0000] {logging_mixin.py:188} INFO - [2026-01-03T16:40:58.384+0000] {dag.py:3096} INFO - Sync 1 DAGs
[2026-01-03T16:40:58.432+0000] {logging_mixin.py:188} INFO - [2026-01-03T16:40:58.432+0000] {dag.py:3954} INFO - Setting next_dagrun for pakakumi_scraper to 2026-01-03 16:00:00+00:00, run_after=2026-01-03 17:00:00+00:00
[2026-01-03T16:40:58.466+0000] {processor.py:183} INFO - Processing /opt/airflow/dags/pakakumi_scraper.py took 0.211 seconds
[2026-01-03T16:41:28.632+0000] {processor.py:161} INFO - Started process (PID=883) to work on /opt/airflow/dags/pakakumi_scraper.py
[2026-01-03T16:41:28.634+0000] {processor.py:830} INFO - Processing file /opt/airflow/dags/pakakumi_scraper.py for tasks to queue
[2026-01-03T16:41:28.637+0000] {logging_mixin.py:188} INFO - [2026-01-03T16:41:28.636+0000] {dagbag.py:540} INFO - Filling up the DagBag from /opt/airflow/dags/pakakumi_scraper.py
[2026-01-03T16:41:28.666+0000] {processor.py:840} INFO - DAG(s) 'pakakumi_scraper' retrieved from /opt/airflow/dags/pakakumi_scraper.py
[2026-01-03T16:41:28.731+0000] {logging_mixin.py:188} INFO - [2026-01-03T16:41:28.731+0000] {dag.py:3096} INFO - Sync 1 DAGs
[2026-01-03T16:41:28.770+0000] {logging_mixin.py:188} INFO - [2026-01-03T16:41:28.770+0000] {dag.py:3954} INFO - Setting next_dagrun for pakakumi_scraper to 2026-01-03 16:00:00+00:00, run_after=2026-01-03 17:00:00+00:00
[2026-01-03T16:41:28.801+0000] {processor.py:183} INFO - Processing /opt/airflow/dags/pakakumi_scraper.py took 0.185 seconds
[2026-01-03T16:41:58.962+0000] {processor.py:161} INFO - Started process (PID=888) to work on /opt/airflow/dags/pakakumi_scraper.py
[2026-01-03T16:41:58.964+0000] {processor.py:830} INFO - Processing file /opt/airflow/dags/pakakumi_scraper.py for tasks to queue
[2026-01-03T16:41:58.968+0000] {logging_mixin.py:188} INFO - [2026-01-03T16:41:58.968+0000] {dagbag.py:540} INFO - Filling up the DagBag from /opt/airflow/dags/pakakumi_scraper.py
[2026-01-03T16:41:59.001+0000] {processor.py:840} INFO - DAG(s) 'pakakumi_scraper' retrieved from /opt/airflow/dags/pakakumi_scraper.py
[2026-01-03T16:41:59.047+0000] {logging_mixin.py:188} INFO - [2026-01-03T16:41:59.046+0000] {dag.py:3096} INFO - Sync 1 DAGs
[2026-01-03T16:41:59.084+0000] {logging_mixin.py:188} INFO - [2026-01-03T16:41:59.084+0000] {dag.py:3954} INFO - Setting next_dagrun for pakakumi_scraper to 2026-01-03 16:00:00+00:00, run_after=2026-01-03 17:00:00+00:00
[2026-01-03T16:41:59.111+0000] {processor.py:183} INFO - Processing /opt/airflow/dags/pakakumi_scraper.py took 0.163 seconds
[2026-01-03T16:42:29.265+0000] {processor.py:161} INFO - Started process (PID=893) to work on /opt/airflow/dags/pakakumi_scraper.py
[2026-01-03T16:42:29.267+0000] {processor.py:830} INFO - Processing file /opt/airflow/dags/pakakumi_scraper.py for tasks to queue
[2026-01-03T16:42:29.269+0000] {logging_mixin.py:188} INFO - [2026-01-03T16:42:29.269+0000] {dagbag.py:540} INFO - Filling up the DagBag from /opt/airflow/dags/pakakumi_scraper.py
[2026-01-03T16:42:29.297+0000] {processor.py:840} INFO - DAG(s) 'pakakumi_scraper' retrieved from /opt/airflow/dags/pakakumi_scraper.py
[2026-01-03T16:42:29.339+0000] {logging_mixin.py:188} INFO - [2026-01-03T16:42:29.338+0000] {dag.py:3096} INFO - Sync 1 DAGs
[2026-01-03T16:42:29.373+0000] {logging_mixin.py:188} INFO - [2026-01-03T16:42:29.373+0000] {dag.py:3954} INFO - Setting next_dagrun for pakakumi_scraper to 2026-01-03 16:00:00+00:00, run_after=2026-01-03 17:00:00+00:00
[2026-01-03T16:42:29.404+0000] {processor.py:183} INFO - Processing /opt/airflow/dags/pakakumi_scraper.py took 0.150 seconds
[2026-01-03T16:42:59.545+0000] {processor.py:161} INFO - Started process (PID=898) to work on /opt/airflow/dags/pakakumi_scraper.py
[2026-01-03T16:42:59.547+0000] {processor.py:830} INFO - Processing file /opt/airflow/dags/pakakumi_scraper.py for tasks to queue
[2026-01-03T16:42:59.549+0000] {logging_mixin.py:188} INFO - [2026-01-03T16:42:59.549+0000] {dagbag.py:540} INFO - Filling up the DagBag from /opt/airflow/dags/pakakumi_scraper.py
[2026-01-03T16:42:59.579+0000] {processor.py:840} INFO - DAG(s) 'pakakumi_scraper' retrieved from /opt/airflow/dags/pakakumi_scraper.py
[2026-01-03T16:42:59.629+0000] {logging_mixin.py:188} INFO - [2026-01-03T16:42:59.628+0000] {dag.py:3096} INFO - Sync 1 DAGs
[2026-01-03T16:42:59.670+0000] {logging_mixin.py:188} INFO - [2026-01-03T16:42:59.670+0000] {dag.py:3954} INFO - Setting next_dagrun for pakakumi_scraper to 2026-01-03 16:00:00+00:00, run_after=2026-01-03 17:00:00+00:00
[2026-01-03T16:42:59.701+0000] {processor.py:183} INFO - Processing /opt/airflow/dags/pakakumi_scraper.py took 0.168 seconds
[2026-01-03T16:43:29.915+0000] {processor.py:161} INFO - Started process (PID=903) to work on /opt/airflow/dags/pakakumi_scraper.py
[2026-01-03T16:43:29.917+0000] {processor.py:830} INFO - Processing file /opt/airflow/dags/pakakumi_scraper.py for tasks to queue
[2026-01-03T16:43:29.919+0000] {logging_mixin.py:188} INFO - [2026-01-03T16:43:29.919+0000] {dagbag.py:540} INFO - Filling up the DagBag from /opt/airflow/dags/pakakumi_scraper.py
[2026-01-03T16:43:29.948+0000] {processor.py:840} INFO - DAG(s) 'pakakumi_scraper' retrieved from /opt/airflow/dags/pakakumi_scraper.py
[2026-01-03T16:43:29.996+0000] {logging_mixin.py:188} INFO - [2026-01-03T16:43:29.995+0000] {dag.py:3096} INFO - Sync 1 DAGs
[2026-01-03T16:43:30.035+0000] {logging_mixin.py:188} INFO - [2026-01-03T16:43:30.034+0000] {dag.py:3954} INFO - Setting next_dagrun for pakakumi_scraper to 2026-01-03 16:00:00+00:00, run_after=2026-01-03 17:00:00+00:00
[2026-01-03T16:43:30.069+0000] {processor.py:183} INFO - Processing /opt/airflow/dags/pakakumi_scraper.py took 0.165 seconds
[2026-01-03T16:44:00.143+0000] {processor.py:161} INFO - Started process (PID=908) to work on /opt/airflow/dags/pakakumi_scraper.py
[2026-01-03T16:44:00.145+0000] {processor.py:830} INFO - Processing file /opt/airflow/dags/pakakumi_scraper.py for tasks to queue
[2026-01-03T16:44:00.150+0000] {logging_mixin.py:188} INFO - [2026-01-03T16:44:00.150+0000] {dagbag.py:540} INFO - Filling up the DagBag from /opt/airflow/dags/pakakumi_scraper.py
[2026-01-03T16:44:00.187+0000] {processor.py:840} INFO - DAG(s) 'pakakumi_scraper' retrieved from /opt/airflow/dags/pakakumi_scraper.py
[2026-01-03T16:44:00.235+0000] {logging_mixin.py:188} INFO - [2026-01-03T16:44:00.235+0000] {dag.py:3096} INFO - Sync 1 DAGs
[2026-01-03T16:44:00.275+0000] {logging_mixin.py:188} INFO - [2026-01-03T16:44:00.275+0000] {dag.py:3954} INFO - Setting next_dagrun for pakakumi_scraper to 2026-01-03 16:00:00+00:00, run_after=2026-01-03 17:00:00+00:00
[2026-01-03T16:44:00.308+0000] {processor.py:183} INFO - Processing /opt/airflow/dags/pakakumi_scraper.py took 0.175 seconds
[2026-01-03T16:44:30.636+0000] {processor.py:161} INFO - Started process (PID=913) to work on /opt/airflow/dags/pakakumi_scraper.py
[2026-01-03T16:44:30.638+0000] {processor.py:830} INFO - Processing file /opt/airflow/dags/pakakumi_scraper.py for tasks to queue
[2026-01-03T16:44:30.641+0000] {logging_mixin.py:188} INFO - [2026-01-03T16:44:30.640+0000] {dagbag.py:540} INFO - Filling up the DagBag from /opt/airflow/dags/pakakumi_scraper.py
[2026-01-03T16:44:30.673+0000] {processor.py:840} INFO - DAG(s) 'pakakumi_scraper' retrieved from /opt/airflow/dags/pakakumi_scraper.py
[2026-01-03T16:44:30.717+0000] {logging_mixin.py:188} INFO - [2026-01-03T16:44:30.717+0000] {dag.py:3096} INFO - Sync 1 DAGs
[2026-01-03T16:44:30.761+0000] {logging_mixin.py:188} INFO - [2026-01-03T16:44:30.761+0000] {dag.py:3954} INFO - Setting next_dagrun for pakakumi_scraper to 2026-01-03 16:00:00+00:00, run_after=2026-01-03 17:00:00+00:00
[2026-01-03T16:44:30.813+0000] {processor.py:183} INFO - Processing /opt/airflow/dags/pakakumi_scraper.py took 0.187 seconds
[2026-01-03T16:45:01.078+0000] {processor.py:161} INFO - Started process (PID=918) to work on /opt/airflow/dags/pakakumi_scraper.py
[2026-01-03T16:45:01.080+0000] {processor.py:830} INFO - Processing file /opt/airflow/dags/pakakumi_scraper.py for tasks to queue
[2026-01-03T16:45:01.083+0000] {logging_mixin.py:188} INFO - [2026-01-03T16:45:01.082+0000] {dagbag.py:540} INFO - Filling up the DagBag from /opt/airflow/dags/pakakumi_scraper.py
[2026-01-03T16:45:01.115+0000] {processor.py:840} INFO - DAG(s) 'pakakumi_scraper' retrieved from /opt/airflow/dags/pakakumi_scraper.py
[2026-01-03T16:45:01.160+0000] {logging_mixin.py:188} INFO - [2026-01-03T16:45:01.159+0000] {dag.py:3096} INFO - Sync 1 DAGs
[2026-01-03T16:45:01.198+0000] {logging_mixin.py:188} INFO - [2026-01-03T16:45:01.197+0000] {dag.py:3954} INFO - Setting next_dagrun for pakakumi_scraper to 2026-01-03 16:00:00+00:00, run_after=2026-01-03 17:00:00+00:00
[2026-01-03T16:45:01.228+0000] {processor.py:183} INFO - Processing /opt/airflow/dags/pakakumi_scraper.py took 0.161 seconds
[2026-01-03T16:45:31.284+0000] {processor.py:161} INFO - Started process (PID=923) to work on /opt/airflow/dags/pakakumi_scraper.py
[2026-01-03T16:45:31.286+0000] {processor.py:830} INFO - Processing file /opt/airflow/dags/pakakumi_scraper.py for tasks to queue
[2026-01-03T16:45:31.288+0000] {logging_mixin.py:188} INFO - [2026-01-03T16:45:31.288+0000] {dagbag.py:540} INFO - Filling up the DagBag from /opt/airflow/dags/pakakumi_scraper.py
[2026-01-03T16:45:31.317+0000] {processor.py:840} INFO - DAG(s) 'pakakumi_scraper' retrieved from /opt/airflow/dags/pakakumi_scraper.py
[2026-01-03T16:45:31.360+0000] {logging_mixin.py:188} INFO - [2026-01-03T16:45:31.360+0000] {dag.py:3096} INFO - Sync 1 DAGs
[2026-01-03T16:45:31.397+0000] {logging_mixin.py:188} INFO - [2026-01-03T16:45:31.397+0000] {dag.py:3954} INFO - Setting next_dagrun for pakakumi_scraper to 2026-01-03 16:00:00+00:00, run_after=2026-01-03 17:00:00+00:00
[2026-01-03T16:45:31.427+0000] {processor.py:183} INFO - Processing /opt/airflow/dags/pakakumi_scraper.py took 0.153 seconds
[2026-01-03T16:46:01.674+0000] {processor.py:161} INFO - Started process (PID=928) to work on /opt/airflow/dags/pakakumi_scraper.py
[2026-01-03T16:46:01.675+0000] {processor.py:830} INFO - Processing file /opt/airflow/dags/pakakumi_scraper.py for tasks to queue
[2026-01-03T16:46:01.678+0000] {logging_mixin.py:188} INFO - [2026-01-03T16:46:01.678+0000] {dagbag.py:540} INFO - Filling up the DagBag from /opt/airflow/dags/pakakumi_scraper.py
[2026-01-03T16:46:01.709+0000] {processor.py:840} INFO - DAG(s) 'pakakumi_scraper' retrieved from /opt/airflow/dags/pakakumi_scraper.py
[2026-01-03T16:46:01.754+0000] {logging_mixin.py:188} INFO - [2026-01-03T16:46:01.754+0000] {dag.py:3096} INFO - Sync 1 DAGs
[2026-01-03T16:46:01.792+0000] {logging_mixin.py:188} INFO - [2026-01-03T16:46:01.792+0000] {dag.py:3954} INFO - Setting next_dagrun for pakakumi_scraper to 2026-01-03 16:00:00+00:00, run_after=2026-01-03 17:00:00+00:00
[2026-01-03T16:46:01.825+0000] {processor.py:183} INFO - Processing /opt/airflow/dags/pakakumi_scraper.py took 0.161 seconds
[2026-01-03T16:46:31.954+0000] {processor.py:161} INFO - Started process (PID=933) to work on /opt/airflow/dags/pakakumi_scraper.py
[2026-01-03T16:46:31.956+0000] {processor.py:830} INFO - Processing file /opt/airflow/dags/pakakumi_scraper.py for tasks to queue
[2026-01-03T16:46:31.959+0000] {logging_mixin.py:188} INFO - [2026-01-03T16:46:31.958+0000] {dagbag.py:540} INFO - Filling up the DagBag from /opt/airflow/dags/pakakumi_scraper.py
[2026-01-03T16:46:31.989+0000] {processor.py:840} INFO - DAG(s) 'pakakumi_scraper' retrieved from /opt/airflow/dags/pakakumi_scraper.py
[2026-01-03T16:46:32.035+0000] {logging_mixin.py:188} INFO - [2026-01-03T16:46:32.034+0000] {dag.py:3096} INFO - Sync 1 DAGs
[2026-01-03T16:46:32.071+0000] {logging_mixin.py:188} INFO - [2026-01-03T16:46:32.071+0000] {dag.py:3954} INFO - Setting next_dagrun for pakakumi_scraper to 2026-01-03 16:00:00+00:00, run_after=2026-01-03 17:00:00+00:00
[2026-01-03T16:46:32.100+0000] {processor.py:183} INFO - Processing /opt/airflow/dags/pakakumi_scraper.py took 0.158 seconds
[2026-01-03T16:47:02.316+0000] {processor.py:161} INFO - Started process (PID=938) to work on /opt/airflow/dags/pakakumi_scraper.py
[2026-01-03T16:47:02.318+0000] {processor.py:830} INFO - Processing file /opt/airflow/dags/pakakumi_scraper.py for tasks to queue
[2026-01-03T16:47:02.320+0000] {logging_mixin.py:188} INFO - [2026-01-03T16:47:02.320+0000] {dagbag.py:540} INFO - Filling up the DagBag from /opt/airflow/dags/pakakumi_scraper.py
[2026-01-03T16:47:02.351+0000] {processor.py:840} INFO - DAG(s) 'pakakumi_scraper' retrieved from /opt/airflow/dags/pakakumi_scraper.py
[2026-01-03T16:47:02.391+0000] {logging_mixin.py:188} INFO - [2026-01-03T16:47:02.391+0000] {dag.py:3096} INFO - Sync 1 DAGs
[2026-01-03T16:47:02.425+0000] {logging_mixin.py:188} INFO - [2026-01-03T16:47:02.425+0000] {dag.py:3954} INFO - Setting next_dagrun for pakakumi_scraper to 2026-01-03 16:00:00+00:00, run_after=2026-01-03 17:00:00+00:00
[2026-01-03T16:47:02.451+0000] {processor.py:183} INFO - Processing /opt/airflow/dags/pakakumi_scraper.py took 0.145 seconds
[2026-01-03T16:47:32.647+0000] {processor.py:161} INFO - Started process (PID=943) to work on /opt/airflow/dags/pakakumi_scraper.py
[2026-01-03T16:47:32.648+0000] {processor.py:830} INFO - Processing file /opt/airflow/dags/pakakumi_scraper.py for tasks to queue
[2026-01-03T16:47:32.652+0000] {logging_mixin.py:188} INFO - [2026-01-03T16:47:32.651+0000] {dagbag.py:540} INFO - Filling up the DagBag from /opt/airflow/dags/pakakumi_scraper.py
[2026-01-03T16:47:32.692+0000] {processor.py:840} INFO - DAG(s) 'pakakumi_scraper' retrieved from /opt/airflow/dags/pakakumi_scraper.py
[2026-01-03T16:47:32.733+0000] {logging_mixin.py:188} INFO - [2026-01-03T16:47:32.732+0000] {dag.py:3096} INFO - Sync 1 DAGs
[2026-01-03T16:47:32.768+0000] {logging_mixin.py:188} INFO - [2026-01-03T16:47:32.768+0000] {dag.py:3954} INFO - Setting next_dagrun for pakakumi_scraper to 2026-01-03 16:00:00+00:00, run_after=2026-01-03 17:00:00+00:00
[2026-01-03T16:47:32.793+0000] {processor.py:183} INFO - Processing /opt/airflow/dags/pakakumi_scraper.py took 0.166 seconds
[2026-01-03T16:48:02.978+0000] {processor.py:161} INFO - Started process (PID=948) to work on /opt/airflow/dags/pakakumi_scraper.py
[2026-01-03T16:48:02.979+0000] {processor.py:830} INFO - Processing file /opt/airflow/dags/pakakumi_scraper.py for tasks to queue
[2026-01-03T16:48:02.983+0000] {logging_mixin.py:188} INFO - [2026-01-03T16:48:02.982+0000] {dagbag.py:540} INFO - Filling up the DagBag from /opt/airflow/dags/pakakumi_scraper.py
[2026-01-03T16:48:03.021+0000] {processor.py:840} INFO - DAG(s) 'pakakumi_scraper' retrieved from /opt/airflow/dags/pakakumi_scraper.py
[2026-01-03T16:48:03.071+0000] {logging_mixin.py:188} INFO - [2026-01-03T16:48:03.071+0000] {dag.py:3096} INFO - Sync 1 DAGs
[2026-01-03T16:48:03.113+0000] {logging_mixin.py:188} INFO - [2026-01-03T16:48:03.113+0000] {dag.py:3954} INFO - Setting next_dagrun for pakakumi_scraper to 2026-01-03 16:00:00+00:00, run_after=2026-01-03 17:00:00+00:00
[2026-01-03T16:48:03.147+0000] {processor.py:183} INFO - Processing /opt/airflow/dags/pakakumi_scraper.py took 0.182 seconds
[2026-01-03T16:48:33.246+0000] {processor.py:161} INFO - Started process (PID=953) to work on /opt/airflow/dags/pakakumi_scraper.py
[2026-01-03T16:48:33.248+0000] {processor.py:830} INFO - Processing file /opt/airflow/dags/pakakumi_scraper.py for tasks to queue
[2026-01-03T16:48:33.253+0000] {logging_mixin.py:188} INFO - [2026-01-03T16:48:33.252+0000] {dagbag.py:540} INFO - Filling up the DagBag from /opt/airflow/dags/pakakumi_scraper.py
[2026-01-03T16:48:33.281+0000] {processor.py:840} INFO - DAG(s) 'pakakumi_scraper' retrieved from /opt/airflow/dags/pakakumi_scraper.py
[2026-01-03T16:48:33.329+0000] {logging_mixin.py:188} INFO - [2026-01-03T16:48:33.329+0000] {dag.py:3096} INFO - Sync 1 DAGs
[2026-01-03T16:48:33.366+0000] {logging_mixin.py:188} INFO - [2026-01-03T16:48:33.366+0000] {dag.py:3954} INFO - Setting next_dagrun for pakakumi_scraper to 2026-01-03 16:00:00+00:00, run_after=2026-01-03 17:00:00+00:00
[2026-01-03T16:48:33.392+0000] {processor.py:183} INFO - Processing /opt/airflow/dags/pakakumi_scraper.py took 0.157 seconds
[2026-01-03T16:49:03.568+0000] {processor.py:161} INFO - Started process (PID=958) to work on /opt/airflow/dags/pakakumi_scraper.py
[2026-01-03T16:49:03.570+0000] {processor.py:830} INFO - Processing file /opt/airflow/dags/pakakumi_scraper.py for tasks to queue
[2026-01-03T16:49:03.573+0000] {logging_mixin.py:188} INFO - [2026-01-03T16:49:03.572+0000] {dagbag.py:540} INFO - Filling up the DagBag from /opt/airflow/dags/pakakumi_scraper.py
[2026-01-03T16:49:03.602+0000] {processor.py:840} INFO - DAG(s) 'pakakumi_scraper' retrieved from /opt/airflow/dags/pakakumi_scraper.py
[2026-01-03T16:49:03.644+0000] {logging_mixin.py:188} INFO - [2026-01-03T16:49:03.643+0000] {dag.py:3096} INFO - Sync 1 DAGs
[2026-01-03T16:49:03.680+0000] {logging_mixin.py:188} INFO - [2026-01-03T16:49:03.680+0000] {dag.py:3954} INFO - Setting next_dagrun for pakakumi_scraper to 2026-01-03 16:00:00+00:00, run_after=2026-01-03 17:00:00+00:00
[2026-01-03T16:49:03.707+0000] {processor.py:183} INFO - Processing /opt/airflow/dags/pakakumi_scraper.py took 0.150 seconds
[2026-01-03T16:49:33.840+0000] {processor.py:161} INFO - Started process (PID=963) to work on /opt/airflow/dags/pakakumi_scraper.py
[2026-01-03T16:49:33.841+0000] {processor.py:830} INFO - Processing file /opt/airflow/dags/pakakumi_scraper.py for tasks to queue
[2026-01-03T16:49:33.845+0000] {logging_mixin.py:188} INFO - [2026-01-03T16:49:33.844+0000] {dagbag.py:540} INFO - Filling up the DagBag from /opt/airflow/dags/pakakumi_scraper.py
[2026-01-03T16:49:33.873+0000] {processor.py:840} INFO - DAG(s) 'pakakumi_scraper' retrieved from /opt/airflow/dags/pakakumi_scraper.py
[2026-01-03T16:49:33.936+0000] {logging_mixin.py:188} INFO - [2026-01-03T16:49:33.935+0000] {dag.py:3096} INFO - Sync 1 DAGs
[2026-01-03T16:49:33.972+0000] {logging_mixin.py:188} INFO - [2026-01-03T16:49:33.972+0000] {dag.py:3954} INFO - Setting next_dagrun for pakakumi_scraper to 2026-01-03 16:00:00+00:00, run_after=2026-01-03 17:00:00+00:00
[2026-01-03T16:49:33.999+0000] {processor.py:183} INFO - Processing /opt/airflow/dags/pakakumi_scraper.py took 0.170 seconds
[2026-01-03T16:50:04.173+0000] {processor.py:161} INFO - Started process (PID=968) to work on /opt/airflow/dags/pakakumi_scraper.py
[2026-01-03T16:50:04.174+0000] {processor.py:830} INFO - Processing file /opt/airflow/dags/pakakumi_scraper.py for tasks to queue
[2026-01-03T16:50:04.177+0000] {logging_mixin.py:188} INFO - [2026-01-03T16:50:04.177+0000] {dagbag.py:540} INFO - Filling up the DagBag from /opt/airflow/dags/pakakumi_scraper.py
[2026-01-03T16:50:04.213+0000] {processor.py:840} INFO - DAG(s) 'pakakumi_scraper' retrieved from /opt/airflow/dags/pakakumi_scraper.py
[2026-01-03T16:50:04.263+0000] {logging_mixin.py:188} INFO - [2026-01-03T16:50:04.263+0000] {dag.py:3096} INFO - Sync 1 DAGs
[2026-01-03T16:50:04.302+0000] {logging_mixin.py:188} INFO - [2026-01-03T16:50:04.302+0000] {dag.py:3954} INFO - Setting next_dagrun for pakakumi_scraper to 2026-01-03 16:00:00+00:00, run_after=2026-01-03 17:00:00+00:00
[2026-01-03T16:50:04.328+0000] {processor.py:183} INFO - Processing /opt/airflow/dags/pakakumi_scraper.py took 0.165 seconds
[2026-01-03T16:50:34.449+0000] {processor.py:161} INFO - Started process (PID=973) to work on /opt/airflow/dags/pakakumi_scraper.py
[2026-01-03T16:50:34.451+0000] {processor.py:830} INFO - Processing file /opt/airflow/dags/pakakumi_scraper.py for tasks to queue
[2026-01-03T16:50:34.454+0000] {logging_mixin.py:188} INFO - [2026-01-03T16:50:34.454+0000] {dagbag.py:540} INFO - Filling up the DagBag from /opt/airflow/dags/pakakumi_scraper.py
[2026-01-03T16:50:34.488+0000] {processor.py:840} INFO - DAG(s) 'pakakumi_scraper' retrieved from /opt/airflow/dags/pakakumi_scraper.py
[2026-01-03T16:50:34.543+0000] {logging_mixin.py:188} INFO - [2026-01-03T16:50:34.542+0000] {dag.py:3096} INFO - Sync 1 DAGs
[2026-01-03T16:50:34.594+0000] {logging_mixin.py:188} INFO - [2026-01-03T16:50:34.594+0000] {dag.py:3954} INFO - Setting next_dagrun for pakakumi_scraper to 2026-01-03 16:00:00+00:00, run_after=2026-01-03 17:00:00+00:00
[2026-01-03T16:50:34.642+0000] {processor.py:183} INFO - Processing /opt/airflow/dags/pakakumi_scraper.py took 0.203 seconds
[2026-01-03T16:51:04.814+0000] {processor.py:161} INFO - Started process (PID=978) to work on /opt/airflow/dags/pakakumi_scraper.py
[2026-01-03T16:51:04.815+0000] {processor.py:830} INFO - Processing file /opt/airflow/dags/pakakumi_scraper.py for tasks to queue
[2026-01-03T16:51:04.818+0000] {logging_mixin.py:188} INFO - [2026-01-03T16:51:04.818+0000] {dagbag.py:540} INFO - Filling up the DagBag from /opt/airflow/dags/pakakumi_scraper.py
[2026-01-03T16:51:04.852+0000] {processor.py:840} INFO - DAG(s) 'pakakumi_scraper' retrieved from /opt/airflow/dags/pakakumi_scraper.py
[2026-01-03T16:51:04.896+0000] {logging_mixin.py:188} INFO - [2026-01-03T16:51:04.895+0000] {dag.py:3096} INFO - Sync 1 DAGs
[2026-01-03T16:51:04.932+0000] {logging_mixin.py:188} INFO - [2026-01-03T16:51:04.932+0000] {dag.py:3954} INFO - Setting next_dagrun for pakakumi_scraper to 2026-01-03 16:00:00+00:00, run_after=2026-01-03 17:00:00+00:00
[2026-01-03T16:51:04.961+0000] {processor.py:183} INFO - Processing /opt/airflow/dags/pakakumi_scraper.py took 0.160 seconds
[2026-01-03T16:51:35.076+0000] {processor.py:161} INFO - Started process (PID=983) to work on /opt/airflow/dags/pakakumi_scraper.py
[2026-01-03T16:51:35.077+0000] {processor.py:830} INFO - Processing file /opt/airflow/dags/pakakumi_scraper.py for tasks to queue
[2026-01-03T16:51:35.080+0000] {logging_mixin.py:188} INFO - [2026-01-03T16:51:35.080+0000] {dagbag.py:540} INFO - Filling up the DagBag from /opt/airflow/dags/pakakumi_scraper.py
[2026-01-03T16:51:35.109+0000] {processor.py:840} INFO - DAG(s) 'pakakumi_scraper' retrieved from /opt/airflow/dags/pakakumi_scraper.py
[2026-01-03T16:51:35.156+0000] {logging_mixin.py:188} INFO - [2026-01-03T16:51:35.155+0000] {dag.py:3096} INFO - Sync 1 DAGs
[2026-01-03T16:51:35.192+0000] {logging_mixin.py:188} INFO - [2026-01-03T16:51:35.192+0000] {dag.py:3954} INFO - Setting next_dagrun for pakakumi_scraper to 2026-01-03 16:00:00+00:00, run_after=2026-01-03 17:00:00+00:00
[2026-01-03T16:51:35.218+0000] {processor.py:183} INFO - Processing /opt/airflow/dags/pakakumi_scraper.py took 0.153 seconds
[2026-01-03T16:52:05.459+0000] {processor.py:161} INFO - Started process (PID=988) to work on /opt/airflow/dags/pakakumi_scraper.py
[2026-01-03T16:52:05.460+0000] {processor.py:830} INFO - Processing file /opt/airflow/dags/pakakumi_scraper.py for tasks to queue
[2026-01-03T16:52:05.463+0000] {logging_mixin.py:188} INFO - [2026-01-03T16:52:05.463+0000] {dagbag.py:540} INFO - Filling up the DagBag from /opt/airflow/dags/pakakumi_scraper.py
[2026-01-03T16:52:05.491+0000] {processor.py:840} INFO - DAG(s) 'pakakumi_scraper' retrieved from /opt/airflow/dags/pakakumi_scraper.py
[2026-01-03T16:52:05.533+0000] {logging_mixin.py:188} INFO - [2026-01-03T16:52:05.533+0000] {dag.py:3096} INFO - Sync 1 DAGs
[2026-01-03T16:52:05.571+0000] {logging_mixin.py:188} INFO - [2026-01-03T16:52:05.571+0000] {dag.py:3954} INFO - Setting next_dagrun for pakakumi_scraper to 2026-01-03 16:00:00+00:00, run_after=2026-01-03 17:00:00+00:00
[2026-01-03T16:52:05.596+0000] {processor.py:183} INFO - Processing /opt/airflow/dags/pakakumi_scraper.py took 0.146 seconds
[2026-01-03T16:52:35.699+0000] {processor.py:161} INFO - Started process (PID=993) to work on /opt/airflow/dags/pakakumi_scraper.py
[2026-01-03T16:52:35.701+0000] {processor.py:830} INFO - Processing file /opt/airflow/dags/pakakumi_scraper.py for tasks to queue
[2026-01-03T16:52:35.703+0000] {logging_mixin.py:188} INFO - [2026-01-03T16:52:35.703+0000] {dagbag.py:540} INFO - Filling up the DagBag from /opt/airflow/dags/pakakumi_scraper.py
[2026-01-03T16:52:35.731+0000] {processor.py:840} INFO - DAG(s) 'pakakumi_scraper' retrieved from /opt/airflow/dags/pakakumi_scraper.py
[2026-01-03T16:52:35.779+0000] {logging_mixin.py:188} INFO - [2026-01-03T16:52:35.779+0000] {dag.py:3096} INFO - Sync 1 DAGs
[2026-01-03T16:52:35.818+0000] {logging_mixin.py:188} INFO - [2026-01-03T16:52:35.817+0000] {dag.py:3954} INFO - Setting next_dagrun for pakakumi_scraper to 2026-01-03 16:00:00+00:00, run_after=2026-01-03 17:00:00+00:00
[2026-01-03T16:52:35.849+0000] {processor.py:183} INFO - Processing /opt/airflow/dags/pakakumi_scraper.py took 0.160 seconds
[2026-01-03T16:53:06.037+0000] {processor.py:161} INFO - Started process (PID=998) to work on /opt/airflow/dags/pakakumi_scraper.py
[2026-01-03T16:53:06.039+0000] {processor.py:830} INFO - Processing file /opt/airflow/dags/pakakumi_scraper.py for tasks to queue
[2026-01-03T16:53:06.042+0000] {logging_mixin.py:188} INFO - [2026-01-03T16:53:06.042+0000] {dagbag.py:540} INFO - Filling up the DagBag from /opt/airflow/dags/pakakumi_scraper.py
[2026-01-03T16:53:06.080+0000] {processor.py:840} INFO - DAG(s) 'pakakumi_scraper' retrieved from /opt/airflow/dags/pakakumi_scraper.py
[2026-01-03T16:53:06.126+0000] {logging_mixin.py:188} INFO - [2026-01-03T16:53:06.126+0000] {dag.py:3096} INFO - Sync 1 DAGs
[2026-01-03T16:53:06.163+0000] {logging_mixin.py:188} INFO - [2026-01-03T16:53:06.162+0000] {dag.py:3954} INFO - Setting next_dagrun for pakakumi_scraper to 2026-01-03 16:00:00+00:00, run_after=2026-01-03 17:00:00+00:00
[2026-01-03T16:53:06.190+0000] {processor.py:183} INFO - Processing /opt/airflow/dags/pakakumi_scraper.py took 0.167 seconds
[2026-01-03T16:53:36.285+0000] {processor.py:161} INFO - Started process (PID=1003) to work on /opt/airflow/dags/pakakumi_scraper.py
[2026-01-03T16:53:36.286+0000] {processor.py:830} INFO - Processing file /opt/airflow/dags/pakakumi_scraper.py for tasks to queue
[2026-01-03T16:53:36.289+0000] {logging_mixin.py:188} INFO - [2026-01-03T16:53:36.289+0000] {dagbag.py:540} INFO - Filling up the DagBag from /opt/airflow/dags/pakakumi_scraper.py
[2026-01-03T16:53:36.317+0000] {processor.py:840} INFO - DAG(s) 'pakakumi_scraper' retrieved from /opt/airflow/dags/pakakumi_scraper.py
[2026-01-03T16:53:36.365+0000] {logging_mixin.py:188} INFO - [2026-01-03T16:53:36.365+0000] {dag.py:3096} INFO - Sync 1 DAGs
[2026-01-03T16:53:36.402+0000] {logging_mixin.py:188} INFO - [2026-01-03T16:53:36.402+0000] {dag.py:3954} INFO - Setting next_dagrun for pakakumi_scraper to 2026-01-03 16:00:00+00:00, run_after=2026-01-03 17:00:00+00:00
[2026-01-03T16:53:36.430+0000] {processor.py:183} INFO - Processing /opt/airflow/dags/pakakumi_scraper.py took 0.156 seconds
[2026-01-03T16:54:06.697+0000] {processor.py:161} INFO - Started process (PID=1008) to work on /opt/airflow/dags/pakakumi_scraper.py
[2026-01-03T16:54:06.699+0000] {processor.py:830} INFO - Processing file /opt/airflow/dags/pakakumi_scraper.py for tasks to queue
[2026-01-03T16:54:06.702+0000] {logging_mixin.py:188} INFO - [2026-01-03T16:54:06.701+0000] {dagbag.py:540} INFO - Filling up the DagBag from /opt/airflow/dags/pakakumi_scraper.py
[2026-01-03T16:54:06.731+0000] {processor.py:840} INFO - DAG(s) 'pakakumi_scraper' retrieved from /opt/airflow/dags/pakakumi_scraper.py
[2026-01-03T16:54:06.783+0000] {logging_mixin.py:188} INFO - [2026-01-03T16:54:06.783+0000] {dag.py:3096} INFO - Sync 1 DAGs
[2026-01-03T16:54:06.828+0000] {logging_mixin.py:188} INFO - [2026-01-03T16:54:06.828+0000] {dag.py:3954} INFO - Setting next_dagrun for pakakumi_scraper to 2026-01-03 16:00:00+00:00, run_after=2026-01-03 17:00:00+00:00
[2026-01-03T16:54:06.857+0000] {processor.py:183} INFO - Processing /opt/airflow/dags/pakakumi_scraper.py took 0.173 seconds
[2026-01-03T16:54:37.014+0000] {processor.py:161} INFO - Started process (PID=1013) to work on /opt/airflow/dags/pakakumi_scraper.py
[2026-01-03T16:54:37.015+0000] {processor.py:830} INFO - Processing file /opt/airflow/dags/pakakumi_scraper.py for tasks to queue
[2026-01-03T16:54:37.018+0000] {logging_mixin.py:188} INFO - [2026-01-03T16:54:37.018+0000] {dagbag.py:540} INFO - Filling up the DagBag from /opt/airflow/dags/pakakumi_scraper.py
[2026-01-03T16:54:37.046+0000] {processor.py:840} INFO - DAG(s) 'pakakumi_scraper' retrieved from /opt/airflow/dags/pakakumi_scraper.py
[2026-01-03T16:54:37.091+0000] {logging_mixin.py:188} INFO - [2026-01-03T16:54:37.091+0000] {dag.py:3096} INFO - Sync 1 DAGs
[2026-01-03T16:54:37.128+0000] {logging_mixin.py:188} INFO - [2026-01-03T16:54:37.127+0000] {dag.py:3954} INFO - Setting next_dagrun for pakakumi_scraper to 2026-01-03 16:00:00+00:00, run_after=2026-01-03 17:00:00+00:00
[2026-01-03T16:54:37.158+0000] {processor.py:183} INFO - Processing /opt/airflow/dags/pakakumi_scraper.py took 0.154 seconds
[2026-01-03T16:55:07.313+0000] {processor.py:161} INFO - Started process (PID=1018) to work on /opt/airflow/dags/pakakumi_scraper.py
[2026-01-03T16:55:07.314+0000] {processor.py:830} INFO - Processing file /opt/airflow/dags/pakakumi_scraper.py for tasks to queue
[2026-01-03T16:55:07.317+0000] {logging_mixin.py:188} INFO - [2026-01-03T16:55:07.317+0000] {dagbag.py:540} INFO - Filling up the DagBag from /opt/airflow/dags/pakakumi_scraper.py
[2026-01-03T16:55:07.348+0000] {processor.py:840} INFO - DAG(s) 'pakakumi_scraper' retrieved from /opt/airflow/dags/pakakumi_scraper.py
[2026-01-03T16:55:07.394+0000] {logging_mixin.py:188} INFO - [2026-01-03T16:55:07.393+0000] {dag.py:3096} INFO - Sync 1 DAGs
[2026-01-03T16:55:07.430+0000] {logging_mixin.py:188} INFO - [2026-01-03T16:55:07.430+0000] {dag.py:3954} INFO - Setting next_dagrun for pakakumi_scraper to 2026-01-03 16:00:00+00:00, run_after=2026-01-03 17:00:00+00:00
[2026-01-03T16:55:07.458+0000] {processor.py:183} INFO - Processing /opt/airflow/dags/pakakumi_scraper.py took 0.154 seconds
[2026-01-03T16:55:37.617+0000] {processor.py:161} INFO - Started process (PID=1023) to work on /opt/airflow/dags/pakakumi_scraper.py
[2026-01-03T16:55:37.619+0000] {processor.py:830} INFO - Processing file /opt/airflow/dags/pakakumi_scraper.py for tasks to queue
[2026-01-03T16:55:37.622+0000] {logging_mixin.py:188} INFO - [2026-01-03T16:55:37.622+0000] {dagbag.py:540} INFO - Filling up the DagBag from /opt/airflow/dags/pakakumi_scraper.py
[2026-01-03T16:55:37.653+0000] {processor.py:840} INFO - DAG(s) 'pakakumi_scraper' retrieved from /opt/airflow/dags/pakakumi_scraper.py
[2026-01-03T16:55:37.702+0000] {logging_mixin.py:188} INFO - [2026-01-03T16:55:37.702+0000] {dag.py:3096} INFO - Sync 1 DAGs
[2026-01-03T16:55:37.740+0000] {logging_mixin.py:188} INFO - [2026-01-03T16:55:37.740+0000] {dag.py:3954} INFO - Setting next_dagrun for pakakumi_scraper to 2026-01-03 16:00:00+00:00, run_after=2026-01-03 17:00:00+00:00
[2026-01-03T16:55:37.769+0000] {processor.py:183} INFO - Processing /opt/airflow/dags/pakakumi_scraper.py took 0.161 seconds
[2026-01-03T16:56:07.916+0000] {processor.py:161} INFO - Started process (PID=1028) to work on /opt/airflow/dags/pakakumi_scraper.py
[2026-01-03T16:56:07.917+0000] {processor.py:830} INFO - Processing file /opt/airflow/dags/pakakumi_scraper.py for tasks to queue
[2026-01-03T16:56:07.921+0000] {logging_mixin.py:188} INFO - [2026-01-03T16:56:07.920+0000] {dagbag.py:540} INFO - Filling up the DagBag from /opt/airflow/dags/pakakumi_scraper.py
[2026-01-03T16:56:07.949+0000] {processor.py:840} INFO - DAG(s) 'pakakumi_scraper' retrieved from /opt/airflow/dags/pakakumi_scraper.py
[2026-01-03T16:56:07.993+0000] {logging_mixin.py:188} INFO - [2026-01-03T16:56:07.993+0000] {dag.py:3096} INFO - Sync 1 DAGs
[2026-01-03T16:56:08.038+0000] {logging_mixin.py:188} INFO - [2026-01-03T16:56:08.037+0000] {dag.py:3954} INFO - Setting next_dagrun for pakakumi_scraper to 2026-01-03 16:00:00+00:00, run_after=2026-01-03 17:00:00+00:00
[2026-01-03T16:56:08.069+0000] {processor.py:183} INFO - Processing /opt/airflow/dags/pakakumi_scraper.py took 0.164 seconds
[2026-01-03T16:56:38.241+0000] {processor.py:161} INFO - Started process (PID=1033) to work on /opt/airflow/dags/pakakumi_scraper.py
[2026-01-03T16:56:38.243+0000] {processor.py:830} INFO - Processing file /opt/airflow/dags/pakakumi_scraper.py for tasks to queue
[2026-01-03T16:56:38.247+0000] {logging_mixin.py:188} INFO - [2026-01-03T16:56:38.247+0000] {dagbag.py:540} INFO - Filling up the DagBag from /opt/airflow/dags/pakakumi_scraper.py
[2026-01-03T16:56:38.276+0000] {processor.py:840} INFO - DAG(s) 'pakakumi_scraper' retrieved from /opt/airflow/dags/pakakumi_scraper.py
[2026-01-03T16:56:38.319+0000] {logging_mixin.py:188} INFO - [2026-01-03T16:56:38.319+0000] {dag.py:3096} INFO - Sync 1 DAGs
[2026-01-03T16:56:38.355+0000] {logging_mixin.py:188} INFO - [2026-01-03T16:56:38.355+0000] {dag.py:3954} INFO - Setting next_dagrun for pakakumi_scraper to 2026-01-03 16:00:00+00:00, run_after=2026-01-03 17:00:00+00:00
[2026-01-03T16:56:38.383+0000] {processor.py:183} INFO - Processing /opt/airflow/dags/pakakumi_scraper.py took 0.152 seconds
[2026-01-03T16:57:08.581+0000] {processor.py:161} INFO - Started process (PID=1038) to work on /opt/airflow/dags/pakakumi_scraper.py
[2026-01-03T16:57:08.583+0000] {processor.py:830} INFO - Processing file /opt/airflow/dags/pakakumi_scraper.py for tasks to queue
[2026-01-03T16:57:08.587+0000] {logging_mixin.py:188} INFO - [2026-01-03T16:57:08.586+0000] {dagbag.py:540} INFO - Filling up the DagBag from /opt/airflow/dags/pakakumi_scraper.py
[2026-01-03T16:57:08.622+0000] {processor.py:840} INFO - DAG(s) 'pakakumi_scraper' retrieved from /opt/airflow/dags/pakakumi_scraper.py
[2026-01-03T16:57:08.666+0000] {logging_mixin.py:188} INFO - [2026-01-03T16:57:08.665+0000] {dag.py:3096} INFO - Sync 1 DAGs
[2026-01-03T16:57:08.705+0000] {logging_mixin.py:188} INFO - [2026-01-03T16:57:08.705+0000] {dag.py:3954} INFO - Setting next_dagrun for pakakumi_scraper to 2026-01-03 16:00:00+00:00, run_after=2026-01-03 17:00:00+00:00
[2026-01-03T16:57:08.731+0000] {processor.py:183} INFO - Processing /opt/airflow/dags/pakakumi_scraper.py took 0.162 seconds
[2026-01-03T16:57:38.878+0000] {processor.py:161} INFO - Started process (PID=1043) to work on /opt/airflow/dags/pakakumi_scraper.py
[2026-01-03T16:57:38.881+0000] {processor.py:830} INFO - Processing file /opt/airflow/dags/pakakumi_scraper.py for tasks to queue
[2026-01-03T16:57:38.886+0000] {logging_mixin.py:188} INFO - [2026-01-03T16:57:38.885+0000] {dagbag.py:540} INFO - Filling up the DagBag from /opt/airflow/dags/pakakumi_scraper.py
[2026-01-03T16:57:38.914+0000] {processor.py:840} INFO - DAG(s) 'pakakumi_scraper' retrieved from /opt/airflow/dags/pakakumi_scraper.py
[2026-01-03T16:57:38.958+0000] {logging_mixin.py:188} INFO - [2026-01-03T16:57:38.958+0000] {dag.py:3096} INFO - Sync 1 DAGs
[2026-01-03T16:57:38.993+0000] {logging_mixin.py:188} INFO - [2026-01-03T16:57:38.993+0000] {dag.py:3954} INFO - Setting next_dagrun for pakakumi_scraper to 2026-01-03 16:00:00+00:00, run_after=2026-01-03 17:00:00+00:00
[2026-01-03T16:57:39.022+0000] {processor.py:183} INFO - Processing /opt/airflow/dags/pakakumi_scraper.py took 0.159 seconds
[2026-01-03T16:58:09.252+0000] {processor.py:161} INFO - Started process (PID=1048) to work on /opt/airflow/dags/pakakumi_scraper.py
[2026-01-03T16:58:09.253+0000] {processor.py:830} INFO - Processing file /opt/airflow/dags/pakakumi_scraper.py for tasks to queue
[2026-01-03T16:58:09.256+0000] {logging_mixin.py:188} INFO - [2026-01-03T16:58:09.256+0000] {dagbag.py:540} INFO - Filling up the DagBag from /opt/airflow/dags/pakakumi_scraper.py
[2026-01-03T16:58:09.284+0000] {processor.py:840} INFO - DAG(s) 'pakakumi_scraper' retrieved from /opt/airflow/dags/pakakumi_scraper.py
[2026-01-03T16:58:09.325+0000] {logging_mixin.py:188} INFO - [2026-01-03T16:58:09.325+0000] {dag.py:3096} INFO - Sync 1 DAGs
[2026-01-03T16:58:09.359+0000] {logging_mixin.py:188} INFO - [2026-01-03T16:58:09.359+0000] {dag.py:3954} INFO - Setting next_dagrun for pakakumi_scraper to 2026-01-03 16:00:00+00:00, run_after=2026-01-03 17:00:00+00:00
[2026-01-03T16:58:09.388+0000] {processor.py:183} INFO - Processing /opt/airflow/dags/pakakumi_scraper.py took 0.147 seconds
[2026-01-03T16:58:39.465+0000] {processor.py:161} INFO - Started process (PID=1053) to work on /opt/airflow/dags/pakakumi_scraper.py
[2026-01-03T16:58:39.469+0000] {processor.py:830} INFO - Processing file /opt/airflow/dags/pakakumi_scraper.py for tasks to queue
[2026-01-03T16:58:39.472+0000] {logging_mixin.py:188} INFO - [2026-01-03T16:58:39.471+0000] {dagbag.py:540} INFO - Filling up the DagBag from /opt/airflow/dags/pakakumi_scraper.py
[2026-01-03T16:58:39.501+0000] {processor.py:840} INFO - DAG(s) 'pakakumi_scraper' retrieved from /opt/airflow/dags/pakakumi_scraper.py
[2026-01-03T16:58:39.544+0000] {logging_mixin.py:188} INFO - [2026-01-03T16:58:39.544+0000] {dag.py:3096} INFO - Sync 1 DAGs
[2026-01-03T16:58:39.582+0000] {logging_mixin.py:188} INFO - [2026-01-03T16:58:39.582+0000] {dag.py:3954} INFO - Setting next_dagrun for pakakumi_scraper to 2026-01-03 16:00:00+00:00, run_after=2026-01-03 17:00:00+00:00
[2026-01-03T16:58:39.610+0000] {processor.py:183} INFO - Processing /opt/airflow/dags/pakakumi_scraper.py took 0.156 seconds
[2026-01-03T16:59:09.843+0000] {processor.py:161} INFO - Started process (PID=1058) to work on /opt/airflow/dags/pakakumi_scraper.py
[2026-01-03T16:59:09.844+0000] {processor.py:830} INFO - Processing file /opt/airflow/dags/pakakumi_scraper.py for tasks to queue
[2026-01-03T16:59:09.848+0000] {logging_mixin.py:188} INFO - [2026-01-03T16:59:09.848+0000] {dagbag.py:540} INFO - Filling up the DagBag from /opt/airflow/dags/pakakumi_scraper.py
[2026-01-03T16:59:09.876+0000] {processor.py:840} INFO - DAG(s) 'pakakumi_scraper' retrieved from /opt/airflow/dags/pakakumi_scraper.py
[2026-01-03T16:59:09.917+0000] {logging_mixin.py:188} INFO - [2026-01-03T16:59:09.917+0000] {dag.py:3096} INFO - Sync 1 DAGs
[2026-01-03T16:59:09.951+0000] {logging_mixin.py:188} INFO - [2026-01-03T16:59:09.951+0000] {dag.py:3954} INFO - Setting next_dagrun for pakakumi_scraper to 2026-01-03 16:00:00+00:00, run_after=2026-01-03 17:00:00+00:00
[2026-01-03T16:59:09.980+0000] {processor.py:183} INFO - Processing /opt/airflow/dags/pakakumi_scraper.py took 0.147 seconds
[2026-01-03T16:59:40.160+0000] {processor.py:161} INFO - Started process (PID=1063) to work on /opt/airflow/dags/pakakumi_scraper.py
[2026-01-03T16:59:40.162+0000] {processor.py:830} INFO - Processing file /opt/airflow/dags/pakakumi_scraper.py for tasks to queue
[2026-01-03T16:59:40.165+0000] {logging_mixin.py:188} INFO - [2026-01-03T16:59:40.165+0000] {dagbag.py:540} INFO - Filling up the DagBag from /opt/airflow/dags/pakakumi_scraper.py
[2026-01-03T16:59:40.195+0000] {processor.py:840} INFO - DAG(s) 'pakakumi_scraper' retrieved from /opt/airflow/dags/pakakumi_scraper.py
[2026-01-03T16:59:40.237+0000] {logging_mixin.py:188} INFO - [2026-01-03T16:59:40.237+0000] {dag.py:3096} INFO - Sync 1 DAGs
[2026-01-03T16:59:40.273+0000] {logging_mixin.py:188} INFO - [2026-01-03T16:59:40.272+0000] {dag.py:3954} INFO - Setting next_dagrun for pakakumi_scraper to 2026-01-03 16:00:00+00:00, run_after=2026-01-03 17:00:00+00:00
[2026-01-03T16:59:40.303+0000] {processor.py:183} INFO - Processing /opt/airflow/dags/pakakumi_scraper.py took 0.152 seconds
[2026-01-03T17:00:10.439+0000] {processor.py:161} INFO - Started process (PID=1071) to work on /opt/airflow/dags/pakakumi_scraper.py
[2026-01-03T17:00:10.441+0000] {processor.py:830} INFO - Processing file /opt/airflow/dags/pakakumi_scraper.py for tasks to queue
[2026-01-03T17:00:10.444+0000] {logging_mixin.py:188} INFO - [2026-01-03T17:00:10.443+0000] {dagbag.py:540} INFO - Filling up the DagBag from /opt/airflow/dags/pakakumi_scraper.py
[2026-01-03T17:00:10.471+0000] {processor.py:840} INFO - DAG(s) 'pakakumi_scraper' retrieved from /opt/airflow/dags/pakakumi_scraper.py
[2026-01-03T17:00:10.515+0000] {logging_mixin.py:188} INFO - [2026-01-03T17:00:10.514+0000] {dag.py:3096} INFO - Sync 1 DAGs
[2026-01-03T17:00:10.549+0000] {logging_mixin.py:188} INFO - [2026-01-03T17:00:10.548+0000] {dag.py:3954} INFO - Setting next_dagrun for pakakumi_scraper to 2026-01-03 17:00:00+00:00, run_after=2026-01-03 18:00:00+00:00
[2026-01-03T17:00:10.577+0000] {processor.py:183} INFO - Processing /opt/airflow/dags/pakakumi_scraper.py took 0.148 seconds
[2026-01-03T17:00:40.734+0000] {processor.py:161} INFO - Started process (PID=1076) to work on /opt/airflow/dags/pakakumi_scraper.py
[2026-01-03T17:00:40.736+0000] {processor.py:830} INFO - Processing file /opt/airflow/dags/pakakumi_scraper.py for tasks to queue
[2026-01-03T17:00:40.739+0000] {logging_mixin.py:188} INFO - [2026-01-03T17:00:40.739+0000] {dagbag.py:540} INFO - Filling up the DagBag from /opt/airflow/dags/pakakumi_scraper.py
[2026-01-03T17:00:40.768+0000] {processor.py:840} INFO - DAG(s) 'pakakumi_scraper' retrieved from /opt/airflow/dags/pakakumi_scraper.py
[2026-01-03T17:00:40.824+0000] {logging_mixin.py:188} INFO - [2026-01-03T17:00:40.824+0000] {dag.py:3096} INFO - Sync 1 DAGs
[2026-01-03T17:00:40.862+0000] {logging_mixin.py:188} INFO - [2026-01-03T17:00:40.862+0000] {dag.py:3954} INFO - Setting next_dagrun for pakakumi_scraper to 2026-01-03 17:00:00+00:00, run_after=2026-01-03 18:00:00+00:00
[2026-01-03T17:00:40.889+0000] {processor.py:183} INFO - Processing /opt/airflow/dags/pakakumi_scraper.py took 0.167 seconds
[2026-01-03T17:01:11.058+0000] {processor.py:161} INFO - Started process (PID=1081) to work on /opt/airflow/dags/pakakumi_scraper.py
[2026-01-03T17:01:11.059+0000] {processor.py:830} INFO - Processing file /opt/airflow/dags/pakakumi_scraper.py for tasks to queue
[2026-01-03T17:01:11.062+0000] {logging_mixin.py:188} INFO - [2026-01-03T17:01:11.062+0000] {dagbag.py:540} INFO - Filling up the DagBag from /opt/airflow/dags/pakakumi_scraper.py
[2026-01-03T17:01:11.099+0000] {processor.py:840} INFO - DAG(s) 'pakakumi_scraper' retrieved from /opt/airflow/dags/pakakumi_scraper.py
[2026-01-03T17:01:11.140+0000] {logging_mixin.py:188} INFO - [2026-01-03T17:01:11.140+0000] {dag.py:3096} INFO - Sync 1 DAGs
[2026-01-03T17:01:11.174+0000] {logging_mixin.py:188} INFO - [2026-01-03T17:01:11.174+0000] {dag.py:3954} INFO - Setting next_dagrun for pakakumi_scraper to 2026-01-03 17:00:00+00:00, run_after=2026-01-03 18:00:00+00:00
[2026-01-03T17:01:11.211+0000] {processor.py:183} INFO - Processing /opt/airflow/dags/pakakumi_scraper.py took 0.164 seconds
[2026-01-03T17:01:41.472+0000] {processor.py:161} INFO - Started process (PID=1086) to work on /opt/airflow/dags/pakakumi_scraper.py
[2026-01-03T17:01:41.474+0000] {processor.py:830} INFO - Processing file /opt/airflow/dags/pakakumi_scraper.py for tasks to queue
[2026-01-03T17:01:41.477+0000] {logging_mixin.py:188} INFO - [2026-01-03T17:01:41.476+0000] {dagbag.py:540} INFO - Filling up the DagBag from /opt/airflow/dags/pakakumi_scraper.py
[2026-01-03T17:01:41.505+0000] {processor.py:840} INFO - DAG(s) 'pakakumi_scraper' retrieved from /opt/airflow/dags/pakakumi_scraper.py
[2026-01-03T17:01:41.547+0000] {logging_mixin.py:188} INFO - [2026-01-03T17:01:41.547+0000] {dag.py:3096} INFO - Sync 1 DAGs
[2026-01-03T17:01:41.582+0000] {logging_mixin.py:188} INFO - [2026-01-03T17:01:41.582+0000] {dag.py:3954} INFO - Setting next_dagrun for pakakumi_scraper to 2026-01-03 17:00:00+00:00, run_after=2026-01-03 18:00:00+00:00
[2026-01-03T17:01:41.608+0000] {processor.py:183} INFO - Processing /opt/airflow/dags/pakakumi_scraper.py took 0.146 seconds
[2026-01-03T17:02:11.713+0000] {processor.py:161} INFO - Started process (PID=1091) to work on /opt/airflow/dags/pakakumi_scraper.py
[2026-01-03T17:02:11.716+0000] {processor.py:830} INFO - Processing file /opt/airflow/dags/pakakumi_scraper.py for tasks to queue
[2026-01-03T17:02:11.719+0000] {logging_mixin.py:188} INFO - [2026-01-03T17:02:11.719+0000] {dagbag.py:540} INFO - Filling up the DagBag from /opt/airflow/dags/pakakumi_scraper.py
[2026-01-03T17:02:11.746+0000] {processor.py:840} INFO - DAG(s) 'pakakumi_scraper' retrieved from /opt/airflow/dags/pakakumi_scraper.py
[2026-01-03T17:02:11.789+0000] {logging_mixin.py:188} INFO - [2026-01-03T17:02:11.788+0000] {dag.py:3096} INFO - Sync 1 DAGs
[2026-01-03T17:02:11.826+0000] {logging_mixin.py:188} INFO - [2026-01-03T17:02:11.826+0000] {dag.py:3954} INFO - Setting next_dagrun for pakakumi_scraper to 2026-01-03 17:00:00+00:00, run_after=2026-01-03 18:00:00+00:00
[2026-01-03T17:02:11.854+0000] {processor.py:183} INFO - Processing /opt/airflow/dags/pakakumi_scraper.py took 0.151 seconds
[2026-01-03T17:02:42.095+0000] {processor.py:161} INFO - Started process (PID=1096) to work on /opt/airflow/dags/pakakumi_scraper.py
[2026-01-03T17:02:42.097+0000] {processor.py:830} INFO - Processing file /opt/airflow/dags/pakakumi_scraper.py for tasks to queue
[2026-01-03T17:02:42.100+0000] {logging_mixin.py:188} INFO - [2026-01-03T17:02:42.099+0000] {dagbag.py:540} INFO - Filling up the DagBag from /opt/airflow/dags/pakakumi_scraper.py
[2026-01-03T17:02:42.134+0000] {processor.py:840} INFO - DAG(s) 'pakakumi_scraper' retrieved from /opt/airflow/dags/pakakumi_scraper.py
[2026-01-03T17:02:42.183+0000] {logging_mixin.py:188} INFO - [2026-01-03T17:02:42.183+0000] {dag.py:3096} INFO - Sync 1 DAGs
[2026-01-03T17:02:42.223+0000] {logging_mixin.py:188} INFO - [2026-01-03T17:02:42.223+0000] {dag.py:3954} INFO - Setting next_dagrun for pakakumi_scraper to 2026-01-03 17:00:00+00:00, run_after=2026-01-03 18:00:00+00:00
[2026-01-03T17:02:42.251+0000] {processor.py:183} INFO - Processing /opt/airflow/dags/pakakumi_scraper.py took 0.169 seconds
[2026-01-03T17:03:12.341+0000] {processor.py:161} INFO - Started process (PID=1101) to work on /opt/airflow/dags/pakakumi_scraper.py
[2026-01-03T17:03:12.342+0000] {processor.py:830} INFO - Processing file /opt/airflow/dags/pakakumi_scraper.py for tasks to queue
[2026-01-03T17:03:12.346+0000] {logging_mixin.py:188} INFO - [2026-01-03T17:03:12.345+0000] {dagbag.py:540} INFO - Filling up the DagBag from /opt/airflow/dags/pakakumi_scraper.py
[2026-01-03T17:03:12.381+0000] {processor.py:840} INFO - DAG(s) 'pakakumi_scraper' retrieved from /opt/airflow/dags/pakakumi_scraper.py
[2026-01-03T17:03:12.429+0000] {logging_mixin.py:188} INFO - [2026-01-03T17:03:12.429+0000] {dag.py:3096} INFO - Sync 1 DAGs
[2026-01-03T17:03:12.468+0000] {logging_mixin.py:188} INFO - [2026-01-03T17:03:12.468+0000] {dag.py:3954} INFO - Setting next_dagrun for pakakumi_scraper to 2026-01-03 17:00:00+00:00, run_after=2026-01-03 18:00:00+00:00
[2026-01-03T17:03:12.502+0000] {processor.py:183} INFO - Processing /opt/airflow/dags/pakakumi_scraper.py took 0.174 seconds
[2026-01-03T17:03:42.729+0000] {processor.py:161} INFO - Started process (PID=1106) to work on /opt/airflow/dags/pakakumi_scraper.py
[2026-01-03T17:03:42.730+0000] {processor.py:830} INFO - Processing file /opt/airflow/dags/pakakumi_scraper.py for tasks to queue
[2026-01-03T17:03:42.733+0000] {logging_mixin.py:188} INFO - [2026-01-03T17:03:42.733+0000] {dagbag.py:540} INFO - Filling up the DagBag from /opt/airflow/dags/pakakumi_scraper.py
[2026-01-03T17:03:42.762+0000] {processor.py:840} INFO - DAG(s) 'pakakumi_scraper' retrieved from /opt/airflow/dags/pakakumi_scraper.py
[2026-01-03T17:03:42.803+0000] {logging_mixin.py:188} INFO - [2026-01-03T17:03:42.803+0000] {dag.py:3096} INFO - Sync 1 DAGs
[2026-01-03T17:03:42.839+0000] {logging_mixin.py:188} INFO - [2026-01-03T17:03:42.838+0000] {dag.py:3954} INFO - Setting next_dagrun for pakakumi_scraper to 2026-01-03 17:00:00+00:00, run_after=2026-01-03 18:00:00+00:00
[2026-01-03T17:03:42.865+0000] {processor.py:183} INFO - Processing /opt/airflow/dags/pakakumi_scraper.py took 0.152 seconds
[2026-01-03T17:04:12.988+0000] {processor.py:161} INFO - Started process (PID=1111) to work on /opt/airflow/dags/pakakumi_scraper.py
[2026-01-03T17:04:12.989+0000] {processor.py:830} INFO - Processing file /opt/airflow/dags/pakakumi_scraper.py for tasks to queue
[2026-01-03T17:04:12.993+0000] {logging_mixin.py:188} INFO - [2026-01-03T17:04:12.993+0000] {dagbag.py:540} INFO - Filling up the DagBag from /opt/airflow/dags/pakakumi_scraper.py
[2026-01-03T17:04:13.025+0000] {processor.py:840} INFO - DAG(s) 'pakakumi_scraper' retrieved from /opt/airflow/dags/pakakumi_scraper.py
[2026-01-03T17:04:13.069+0000] {logging_mixin.py:188} INFO - [2026-01-03T17:04:13.069+0000] {dag.py:3096} INFO - Sync 1 DAGs
[2026-01-03T17:04:13.106+0000] {logging_mixin.py:188} INFO - [2026-01-03T17:04:13.105+0000] {dag.py:3954} INFO - Setting next_dagrun for pakakumi_scraper to 2026-01-03 17:00:00+00:00, run_after=2026-01-03 18:00:00+00:00
[2026-01-03T17:04:13.133+0000] {processor.py:183} INFO - Processing /opt/airflow/dags/pakakumi_scraper.py took 0.160 seconds
[2026-01-03T17:04:43.398+0000] {processor.py:161} INFO - Started process (PID=1116) to work on /opt/airflow/dags/pakakumi_scraper.py
[2026-01-03T17:04:43.399+0000] {processor.py:830} INFO - Processing file /opt/airflow/dags/pakakumi_scraper.py for tasks to queue
[2026-01-03T17:04:43.402+0000] {logging_mixin.py:188} INFO - [2026-01-03T17:04:43.402+0000] {dagbag.py:540} INFO - Filling up the DagBag from /opt/airflow/dags/pakakumi_scraper.py
[2026-01-03T17:04:43.435+0000] {processor.py:840} INFO - DAG(s) 'pakakumi_scraper' retrieved from /opt/airflow/dags/pakakumi_scraper.py
[2026-01-03T17:04:43.478+0000] {logging_mixin.py:188} INFO - [2026-01-03T17:04:43.478+0000] {dag.py:3096} INFO - Sync 1 DAGs
[2026-01-03T17:04:43.514+0000] {logging_mixin.py:188} INFO - [2026-01-03T17:04:43.514+0000] {dag.py:3954} INFO - Setting next_dagrun for pakakumi_scraper to 2026-01-03 17:00:00+00:00, run_after=2026-01-03 18:00:00+00:00
[2026-01-03T17:04:43.539+0000] {processor.py:183} INFO - Processing /opt/airflow/dags/pakakumi_scraper.py took 0.152 seconds
[2026-01-03T17:05:13.613+0000] {processor.py:161} INFO - Started process (PID=1121) to work on /opt/airflow/dags/pakakumi_scraper.py
[2026-01-03T17:05:13.615+0000] {processor.py:830} INFO - Processing file /opt/airflow/dags/pakakumi_scraper.py for tasks to queue
[2026-01-03T17:05:13.618+0000] {logging_mixin.py:188} INFO - [2026-01-03T17:05:13.617+0000] {dagbag.py:540} INFO - Filling up the DagBag from /opt/airflow/dags/pakakumi_scraper.py
[2026-01-03T17:05:13.646+0000] {processor.py:840} INFO - DAG(s) 'pakakumi_scraper' retrieved from /opt/airflow/dags/pakakumi_scraper.py
[2026-01-03T17:05:13.691+0000] {logging_mixin.py:188} INFO - [2026-01-03T17:05:13.690+0000] {dag.py:3096} INFO - Sync 1 DAGs
[2026-01-03T17:05:13.734+0000] {logging_mixin.py:188} INFO - [2026-01-03T17:05:13.734+0000] {dag.py:3954} INFO - Setting next_dagrun for pakakumi_scraper to 2026-01-03 17:00:00+00:00, run_after=2026-01-03 18:00:00+00:00
[2026-01-03T17:05:13.771+0000] {processor.py:183} INFO - Processing /opt/airflow/dags/pakakumi_scraper.py took 0.168 seconds
[2026-01-03T17:05:43.972+0000] {processor.py:161} INFO - Started process (PID=1126) to work on /opt/airflow/dags/pakakumi_scraper.py
[2026-01-03T17:05:43.974+0000] {processor.py:830} INFO - Processing file /opt/airflow/dags/pakakumi_scraper.py for tasks to queue
[2026-01-03T17:05:43.977+0000] {logging_mixin.py:188} INFO - [2026-01-03T17:05:43.976+0000] {dagbag.py:540} INFO - Filling up the DagBag from /opt/airflow/dags/pakakumi_scraper.py
[2026-01-03T17:05:44.005+0000] {processor.py:840} INFO - DAG(s) 'pakakumi_scraper' retrieved from /opt/airflow/dags/pakakumi_scraper.py
[2026-01-03T17:05:44.049+0000] {logging_mixin.py:188} INFO - [2026-01-03T17:05:44.049+0000] {dag.py:3096} INFO - Sync 1 DAGs
[2026-01-03T17:05:44.088+0000] {logging_mixin.py:188} INFO - [2026-01-03T17:05:44.087+0000] {dag.py:3954} INFO - Setting next_dagrun for pakakumi_scraper to 2026-01-03 17:00:00+00:00, run_after=2026-01-03 18:00:00+00:00
[2026-01-03T17:05:44.117+0000] {processor.py:183} INFO - Processing /opt/airflow/dags/pakakumi_scraper.py took 0.153 seconds
[2026-01-03T17:06:14.232+0000] {processor.py:161} INFO - Started process (PID=1131) to work on /opt/airflow/dags/pakakumi_scraper.py
[2026-01-03T17:06:14.234+0000] {processor.py:830} INFO - Processing file /opt/airflow/dags/pakakumi_scraper.py for tasks to queue
[2026-01-03T17:06:14.237+0000] {logging_mixin.py:188} INFO - [2026-01-03T17:06:14.236+0000] {dagbag.py:540} INFO - Filling up the DagBag from /opt/airflow/dags/pakakumi_scraper.py
[2026-01-03T17:06:14.269+0000] {processor.py:840} INFO - DAG(s) 'pakakumi_scraper' retrieved from /opt/airflow/dags/pakakumi_scraper.py
[2026-01-03T17:06:14.323+0000] {logging_mixin.py:188} INFO - [2026-01-03T17:06:14.322+0000] {dag.py:3096} INFO - Sync 1 DAGs
[2026-01-03T17:06:14.357+0000] {logging_mixin.py:188} INFO - [2026-01-03T17:06:14.356+0000] {dag.py:3954} INFO - Setting next_dagrun for pakakumi_scraper to 2026-01-03 17:00:00+00:00, run_after=2026-01-03 18:00:00+00:00
[2026-01-03T17:06:14.385+0000] {processor.py:183} INFO - Processing /opt/airflow/dags/pakakumi_scraper.py took 0.162 seconds
[2026-01-03T17:06:44.582+0000] {processor.py:161} INFO - Started process (PID=1136) to work on /opt/airflow/dags/pakakumi_scraper.py
[2026-01-03T17:06:44.584+0000] {processor.py:830} INFO - Processing file /opt/airflow/dags/pakakumi_scraper.py for tasks to queue
[2026-01-03T17:06:44.587+0000] {logging_mixin.py:188} INFO - [2026-01-03T17:06:44.586+0000] {dagbag.py:540} INFO - Filling up the DagBag from /opt/airflow/dags/pakakumi_scraper.py
[2026-01-03T17:06:44.615+0000] {processor.py:840} INFO - DAG(s) 'pakakumi_scraper' retrieved from /opt/airflow/dags/pakakumi_scraper.py
[2026-01-03T17:06:44.658+0000] {logging_mixin.py:188} INFO - [2026-01-03T17:06:44.658+0000] {dag.py:3096} INFO - Sync 1 DAGs
[2026-01-03T17:06:44.696+0000] {logging_mixin.py:188} INFO - [2026-01-03T17:06:44.696+0000] {dag.py:3954} INFO - Setting next_dagrun for pakakumi_scraper to 2026-01-03 17:00:00+00:00, run_after=2026-01-03 18:00:00+00:00
[2026-01-03T17:06:44.724+0000] {processor.py:183} INFO - Processing /opt/airflow/dags/pakakumi_scraper.py took 0.151 seconds
[2026-01-03T17:07:14.854+0000] {processor.py:161} INFO - Started process (PID=1141) to work on /opt/airflow/dags/pakakumi_scraper.py
[2026-01-03T17:07:14.856+0000] {processor.py:830} INFO - Processing file /opt/airflow/dags/pakakumi_scraper.py for tasks to queue
[2026-01-03T17:07:14.859+0000] {logging_mixin.py:188} INFO - [2026-01-03T17:07:14.858+0000] {dagbag.py:540} INFO - Filling up the DagBag from /opt/airflow/dags/pakakumi_scraper.py
[2026-01-03T17:07:14.888+0000] {processor.py:840} INFO - DAG(s) 'pakakumi_scraper' retrieved from /opt/airflow/dags/pakakumi_scraper.py
[2026-01-03T17:07:14.934+0000] {logging_mixin.py:188} INFO - [2026-01-03T17:07:14.934+0000] {dag.py:3096} INFO - Sync 1 DAGs
[2026-01-03T17:07:14.971+0000] {logging_mixin.py:188} INFO - [2026-01-03T17:07:14.971+0000] {dag.py:3954} INFO - Setting next_dagrun for pakakumi_scraper to 2026-01-03 17:00:00+00:00, run_after=2026-01-03 18:00:00+00:00
[2026-01-03T17:07:15.001+0000] {processor.py:183} INFO - Processing /opt/airflow/dags/pakakumi_scraper.py took 0.157 seconds
[2026-01-03T17:07:45.164+0000] {processor.py:161} INFO - Started process (PID=1146) to work on /opt/airflow/dags/pakakumi_scraper.py
[2026-01-03T17:07:45.166+0000] {processor.py:830} INFO - Processing file /opt/airflow/dags/pakakumi_scraper.py for tasks to queue
[2026-01-03T17:07:45.169+0000] {logging_mixin.py:188} INFO - [2026-01-03T17:07:45.168+0000] {dagbag.py:540} INFO - Filling up the DagBag from /opt/airflow/dags/pakakumi_scraper.py
[2026-01-03T17:07:45.198+0000] {processor.py:840} INFO - DAG(s) 'pakakumi_scraper' retrieved from /opt/airflow/dags/pakakumi_scraper.py
[2026-01-03T17:07:45.243+0000] {logging_mixin.py:188} INFO - [2026-01-03T17:07:45.243+0000] {dag.py:3096} INFO - Sync 1 DAGs
[2026-01-03T17:07:45.281+0000] {logging_mixin.py:188} INFO - [2026-01-03T17:07:45.281+0000] {dag.py:3954} INFO - Setting next_dagrun for pakakumi_scraper to 2026-01-03 17:00:00+00:00, run_after=2026-01-03 18:00:00+00:00
[2026-01-03T17:07:45.313+0000] {processor.py:183} INFO - Processing /opt/airflow/dags/pakakumi_scraper.py took 0.160 seconds
[2026-01-03T17:08:15.478+0000] {processor.py:161} INFO - Started process (PID=1151) to work on /opt/airflow/dags/pakakumi_scraper.py
[2026-01-03T17:08:15.480+0000] {processor.py:830} INFO - Processing file /opt/airflow/dags/pakakumi_scraper.py for tasks to queue
[2026-01-03T17:08:15.483+0000] {logging_mixin.py:188} INFO - [2026-01-03T17:08:15.482+0000] {dagbag.py:540} INFO - Filling up the DagBag from /opt/airflow/dags/pakakumi_scraper.py
[2026-01-03T17:08:15.516+0000] {processor.py:840} INFO - DAG(s) 'pakakumi_scraper' retrieved from /opt/airflow/dags/pakakumi_scraper.py
[2026-01-03T17:08:15.559+0000] {logging_mixin.py:188} INFO - [2026-01-03T17:08:15.558+0000] {dag.py:3096} INFO - Sync 1 DAGs
[2026-01-03T17:08:15.593+0000] {logging_mixin.py:188} INFO - [2026-01-03T17:08:15.592+0000] {dag.py:3954} INFO - Setting next_dagrun for pakakumi_scraper to 2026-01-03 17:00:00+00:00, run_after=2026-01-03 18:00:00+00:00
[2026-01-03T17:08:15.619+0000] {processor.py:183} INFO - Processing /opt/airflow/dags/pakakumi_scraper.py took 0.162 seconds
[2026-01-03T17:08:45.782+0000] {processor.py:161} INFO - Started process (PID=1156) to work on /opt/airflow/dags/pakakumi_scraper.py
[2026-01-03T17:08:45.783+0000] {processor.py:830} INFO - Processing file /opt/airflow/dags/pakakumi_scraper.py for tasks to queue
[2026-01-03T17:08:45.787+0000] {logging_mixin.py:188} INFO - [2026-01-03T17:08:45.786+0000] {dagbag.py:540} INFO - Filling up the DagBag from /opt/airflow/dags/pakakumi_scraper.py
[2026-01-03T17:08:45.813+0000] {processor.py:840} INFO - DAG(s) 'pakakumi_scraper' retrieved from /opt/airflow/dags/pakakumi_scraper.py
[2026-01-03T17:08:45.857+0000] {logging_mixin.py:188} INFO - [2026-01-03T17:08:45.856+0000] {dag.py:3096} INFO - Sync 1 DAGs
[2026-01-03T17:08:45.893+0000] {logging_mixin.py:188} INFO - [2026-01-03T17:08:45.893+0000] {dag.py:3954} INFO - Setting next_dagrun for pakakumi_scraper to 2026-01-03 17:00:00+00:00, run_after=2026-01-03 18:00:00+00:00
[2026-01-03T17:08:45.920+0000] {processor.py:183} INFO - Processing /opt/airflow/dags/pakakumi_scraper.py took 0.148 seconds
[2026-01-03T17:09:16.210+0000] {processor.py:161} INFO - Started process (PID=1161) to work on /opt/airflow/dags/pakakumi_scraper.py
[2026-01-03T17:09:16.214+0000] {processor.py:830} INFO - Processing file /opt/airflow/dags/pakakumi_scraper.py for tasks to queue
[2026-01-03T17:09:16.245+0000] {logging_mixin.py:188} INFO - [2026-01-03T17:09:16.244+0000] {dagbag.py:540} INFO - Filling up the DagBag from /opt/airflow/dags/pakakumi_scraper.py
[2026-01-03T17:09:16.323+0000] {processor.py:840} INFO - DAG(s) 'pakakumi_scraper' retrieved from /opt/airflow/dags/pakakumi_scraper.py
[2026-01-03T17:09:16.410+0000] {logging_mixin.py:188} INFO - [2026-01-03T17:09:16.409+0000] {dag.py:3096} INFO - Sync 1 DAGs
[2026-01-03T17:09:16.459+0000] {logging_mixin.py:188} INFO - [2026-01-03T17:09:16.459+0000] {dag.py:3954} INFO - Setting next_dagrun for pakakumi_scraper to 2026-01-03 17:00:00+00:00, run_after=2026-01-03 18:00:00+00:00
[2026-01-03T17:09:16.503+0000] {processor.py:183} INFO - Processing /opt/airflow/dags/pakakumi_scraper.py took 0.373 seconds
[2026-01-03T17:09:46.745+0000] {processor.py:161} INFO - Started process (PID=1166) to work on /opt/airflow/dags/pakakumi_scraper.py
[2026-01-03T17:09:46.747+0000] {processor.py:830} INFO - Processing file /opt/airflow/dags/pakakumi_scraper.py for tasks to queue
[2026-01-03T17:09:46.750+0000] {logging_mixin.py:188} INFO - [2026-01-03T17:09:46.750+0000] {dagbag.py:540} INFO - Filling up the DagBag from /opt/airflow/dags/pakakumi_scraper.py
[2026-01-03T17:09:46.782+0000] {processor.py:840} INFO - DAG(s) 'pakakumi_scraper' retrieved from /opt/airflow/dags/pakakumi_scraper.py
[2026-01-03T17:09:46.829+0000] {logging_mixin.py:188} INFO - [2026-01-03T17:09:46.828+0000] {dag.py:3096} INFO - Sync 1 DAGs
[2026-01-03T17:09:46.868+0000] {logging_mixin.py:188} INFO - [2026-01-03T17:09:46.868+0000] {dag.py:3954} INFO - Setting next_dagrun for pakakumi_scraper to 2026-01-03 17:00:00+00:00, run_after=2026-01-03 18:00:00+00:00
[2026-01-03T17:09:46.900+0000] {processor.py:183} INFO - Processing /opt/airflow/dags/pakakumi_scraper.py took 0.168 seconds
[2026-01-03T17:10:17.160+0000] {processor.py:161} INFO - Started process (PID=1171) to work on /opt/airflow/dags/pakakumi_scraper.py
[2026-01-03T17:10:17.162+0000] {processor.py:830} INFO - Processing file /opt/airflow/dags/pakakumi_scraper.py for tasks to queue
[2026-01-03T17:10:17.166+0000] {logging_mixin.py:188} INFO - [2026-01-03T17:10:17.166+0000] {dagbag.py:540} INFO - Filling up the DagBag from /opt/airflow/dags/pakakumi_scraper.py
[2026-01-03T17:10:17.197+0000] {processor.py:840} INFO - DAG(s) 'pakakumi_scraper' retrieved from /opt/airflow/dags/pakakumi_scraper.py
[2026-01-03T17:10:17.244+0000] {logging_mixin.py:188} INFO - [2026-01-03T17:10:17.244+0000] {dag.py:3096} INFO - Sync 1 DAGs
[2026-01-03T17:10:17.280+0000] {logging_mixin.py:188} INFO - [2026-01-03T17:10:17.279+0000] {dag.py:3954} INFO - Setting next_dagrun for pakakumi_scraper to 2026-01-03 17:00:00+00:00, run_after=2026-01-03 18:00:00+00:00
[2026-01-03T17:10:17.311+0000] {processor.py:183} INFO - Processing /opt/airflow/dags/pakakumi_scraper.py took 0.166 seconds
[2026-01-03T17:10:47.562+0000] {processor.py:161} INFO - Started process (PID=1176) to work on /opt/airflow/dags/pakakumi_scraper.py
[2026-01-03T17:10:47.564+0000] {processor.py:830} INFO - Processing file /opt/airflow/dags/pakakumi_scraper.py for tasks to queue
[2026-01-03T17:10:47.567+0000] {logging_mixin.py:188} INFO - [2026-01-03T17:10:47.567+0000] {dagbag.py:540} INFO - Filling up the DagBag from /opt/airflow/dags/pakakumi_scraper.py
[2026-01-03T17:10:47.600+0000] {processor.py:840} INFO - DAG(s) 'pakakumi_scraper' retrieved from /opt/airflow/dags/pakakumi_scraper.py
[2026-01-03T17:10:47.657+0000] {logging_mixin.py:188} INFO - [2026-01-03T17:10:47.656+0000] {dag.py:3096} INFO - Sync 1 DAGs
[2026-01-03T17:10:47.693+0000] {logging_mixin.py:188} INFO - [2026-01-03T17:10:47.693+0000] {dag.py:3954} INFO - Setting next_dagrun for pakakumi_scraper to 2026-01-03 17:00:00+00:00, run_after=2026-01-03 18:00:00+00:00
[2026-01-03T17:10:47.721+0000] {processor.py:183} INFO - Processing /opt/airflow/dags/pakakumi_scraper.py took 0.168 seconds
[2026-01-03T17:11:17.959+0000] {processor.py:161} INFO - Started process (PID=1181) to work on /opt/airflow/dags/pakakumi_scraper.py
[2026-01-03T17:11:17.961+0000] {processor.py:830} INFO - Processing file /opt/airflow/dags/pakakumi_scraper.py for tasks to queue
[2026-01-03T17:11:17.966+0000] {logging_mixin.py:188} INFO - [2026-01-03T17:11:17.966+0000] {dagbag.py:540} INFO - Filling up the DagBag from /opt/airflow/dags/pakakumi_scraper.py
[2026-01-03T17:11:17.995+0000] {processor.py:840} INFO - DAG(s) 'pakakumi_scraper' retrieved from /opt/airflow/dags/pakakumi_scraper.py
[2026-01-03T17:11:18.047+0000] {logging_mixin.py:188} INFO - [2026-01-03T17:11:18.046+0000] {dag.py:3096} INFO - Sync 1 DAGs
[2026-01-03T17:11:18.092+0000] {logging_mixin.py:188} INFO - [2026-01-03T17:11:18.091+0000] {dag.py:3954} INFO - Setting next_dagrun for pakakumi_scraper to 2026-01-03 17:00:00+00:00, run_after=2026-01-03 18:00:00+00:00
[2026-01-03T17:11:18.123+0000] {processor.py:183} INFO - Processing /opt/airflow/dags/pakakumi_scraper.py took 0.176 seconds
[2026-01-03T17:11:48.393+0000] {processor.py:161} INFO - Started process (PID=1186) to work on /opt/airflow/dags/pakakumi_scraper.py
[2026-01-03T17:11:48.395+0000] {processor.py:830} INFO - Processing file /opt/airflow/dags/pakakumi_scraper.py for tasks to queue
[2026-01-03T17:11:48.398+0000] {logging_mixin.py:188} INFO - [2026-01-03T17:11:48.397+0000] {dagbag.py:540} INFO - Filling up the DagBag from /opt/airflow/dags/pakakumi_scraper.py
[2026-01-03T17:11:48.427+0000] {processor.py:840} INFO - DAG(s) 'pakakumi_scraper' retrieved from /opt/airflow/dags/pakakumi_scraper.py
[2026-01-03T17:11:48.470+0000] {logging_mixin.py:188} INFO - [2026-01-03T17:11:48.470+0000] {dag.py:3096} INFO - Sync 1 DAGs
[2026-01-03T17:11:48.509+0000] {logging_mixin.py:188} INFO - [2026-01-03T17:11:48.508+0000] {dag.py:3954} INFO - Setting next_dagrun for pakakumi_scraper to 2026-01-03 17:00:00+00:00, run_after=2026-01-03 18:00:00+00:00
[2026-01-03T17:11:48.537+0000] {processor.py:183} INFO - Processing /opt/airflow/dags/pakakumi_scraper.py took 0.155 seconds
[2026-01-03T17:12:18.607+0000] {processor.py:161} INFO - Started process (PID=1191) to work on /opt/airflow/dags/pakakumi_scraper.py
[2026-01-03T17:12:18.609+0000] {processor.py:830} INFO - Processing file /opt/airflow/dags/pakakumi_scraper.py for tasks to queue
[2026-01-03T17:12:18.611+0000] {logging_mixin.py:188} INFO - [2026-01-03T17:12:18.611+0000] {dagbag.py:540} INFO - Filling up the DagBag from /opt/airflow/dags/pakakumi_scraper.py
[2026-01-03T17:12:18.640+0000] {processor.py:840} INFO - DAG(s) 'pakakumi_scraper' retrieved from /opt/airflow/dags/pakakumi_scraper.py
[2026-01-03T17:12:18.683+0000] {logging_mixin.py:188} INFO - [2026-01-03T17:12:18.683+0000] {dag.py:3096} INFO - Sync 1 DAGs
[2026-01-03T17:12:18.718+0000] {logging_mixin.py:188} INFO - [2026-01-03T17:12:18.718+0000] {dag.py:3954} INFO - Setting next_dagrun for pakakumi_scraper to 2026-01-03 17:00:00+00:00, run_after=2026-01-03 18:00:00+00:00
[2026-01-03T17:12:18.896+0000] {processor.py:183} INFO - Processing /opt/airflow/dags/pakakumi_scraper.py took 0.300 seconds
[2026-01-03T17:12:49.170+0000] {processor.py:161} INFO - Started process (PID=1196) to work on /opt/airflow/dags/pakakumi_scraper.py
[2026-01-03T17:12:49.172+0000] {processor.py:830} INFO - Processing file /opt/airflow/dags/pakakumi_scraper.py for tasks to queue
[2026-01-03T17:12:49.175+0000] {logging_mixin.py:188} INFO - [2026-01-03T17:12:49.175+0000] {dagbag.py:540} INFO - Filling up the DagBag from /opt/airflow/dags/pakakumi_scraper.py
[2026-01-03T17:12:49.205+0000] {processor.py:840} INFO - DAG(s) 'pakakumi_scraper' retrieved from /opt/airflow/dags/pakakumi_scraper.py
[2026-01-03T17:12:49.250+0000] {logging_mixin.py:188} INFO - [2026-01-03T17:12:49.249+0000] {dag.py:3096} INFO - Sync 1 DAGs
[2026-01-03T17:12:49.285+0000] {logging_mixin.py:188} INFO - [2026-01-03T17:12:49.285+0000] {dag.py:3954} INFO - Setting next_dagrun for pakakumi_scraper to 2026-01-03 17:00:00+00:00, run_after=2026-01-03 18:00:00+00:00
[2026-01-03T17:12:49.465+0000] {processor.py:183} INFO - Processing /opt/airflow/dags/pakakumi_scraper.py took 0.306 seconds
[2026-01-03T17:13:19.712+0000] {processor.py:161} INFO - Started process (PID=1201) to work on /opt/airflow/dags/pakakumi_scraper.py
[2026-01-03T17:13:19.714+0000] {processor.py:830} INFO - Processing file /opt/airflow/dags/pakakumi_scraper.py for tasks to queue
[2026-01-03T17:13:19.718+0000] {logging_mixin.py:188} INFO - [2026-01-03T17:13:19.718+0000] {dagbag.py:540} INFO - Filling up the DagBag from /opt/airflow/dags/pakakumi_scraper.py
[2026-01-03T17:13:19.745+0000] {processor.py:840} INFO - DAG(s) 'pakakumi_scraper' retrieved from /opt/airflow/dags/pakakumi_scraper.py
[2026-01-03T17:13:19.790+0000] {logging_mixin.py:188} INFO - [2026-01-03T17:13:19.789+0000] {dag.py:3096} INFO - Sync 1 DAGs
[2026-01-03T17:13:19.826+0000] {logging_mixin.py:188} INFO - [2026-01-03T17:13:19.825+0000] {dag.py:3954} INFO - Setting next_dagrun for pakakumi_scraper to 2026-01-03 17:00:00+00:00, run_after=2026-01-03 18:00:00+00:00
[2026-01-03T17:13:19.853+0000] {processor.py:183} INFO - Processing /opt/airflow/dags/pakakumi_scraper.py took 0.152 seconds
[2026-01-03T17:13:49.958+0000] {processor.py:161} INFO - Started process (PID=1206) to work on /opt/airflow/dags/pakakumi_scraper.py
[2026-01-03T17:13:49.960+0000] {processor.py:830} INFO - Processing file /opt/airflow/dags/pakakumi_scraper.py for tasks to queue
[2026-01-03T17:13:49.964+0000] {logging_mixin.py:188} INFO - [2026-01-03T17:13:49.963+0000] {dagbag.py:540} INFO - Filling up the DagBag from /opt/airflow/dags/pakakumi_scraper.py
[2026-01-03T17:13:49.993+0000] {processor.py:840} INFO - DAG(s) 'pakakumi_scraper' retrieved from /opt/airflow/dags/pakakumi_scraper.py
[2026-01-03T17:13:50.038+0000] {logging_mixin.py:188} INFO - [2026-01-03T17:13:50.037+0000] {dag.py:3096} INFO - Sync 1 DAGs
[2026-01-03T17:13:50.075+0000] {logging_mixin.py:188} INFO - [2026-01-03T17:13:50.074+0000] {dag.py:3954} INFO - Setting next_dagrun for pakakumi_scraper to 2026-01-03 17:00:00+00:00, run_after=2026-01-03 18:00:00+00:00
[2026-01-03T17:13:50.103+0000] {processor.py:183} INFO - Processing /opt/airflow/dags/pakakumi_scraper.py took 0.159 seconds
[2026-01-03T17:14:20.373+0000] {processor.py:161} INFO - Started process (PID=1211) to work on /opt/airflow/dags/pakakumi_scraper.py
[2026-01-03T17:14:20.374+0000] {processor.py:830} INFO - Processing file /opt/airflow/dags/pakakumi_scraper.py for tasks to queue
[2026-01-03T17:14:20.377+0000] {logging_mixin.py:188} INFO - [2026-01-03T17:14:20.377+0000] {dagbag.py:540} INFO - Filling up the DagBag from /opt/airflow/dags/pakakumi_scraper.py
[2026-01-03T17:14:20.407+0000] {processor.py:840} INFO - DAG(s) 'pakakumi_scraper' retrieved from /opt/airflow/dags/pakakumi_scraper.py
[2026-01-03T17:14:20.449+0000] {logging_mixin.py:188} INFO - [2026-01-03T17:14:20.449+0000] {dag.py:3096} INFO - Sync 1 DAGs
[2026-01-03T17:14:20.487+0000] {logging_mixin.py:188} INFO - [2026-01-03T17:14:20.486+0000] {dag.py:3954} INFO - Setting next_dagrun for pakakumi_scraper to 2026-01-03 17:00:00+00:00, run_after=2026-01-03 18:00:00+00:00
[2026-01-03T17:14:20.514+0000] {processor.py:183} INFO - Processing /opt/airflow/dags/pakakumi_scraper.py took 0.152 seconds
[2026-01-03T17:14:50.643+0000] {processor.py:161} INFO - Started process (PID=1216) to work on /opt/airflow/dags/pakakumi_scraper.py
[2026-01-03T17:14:50.645+0000] {processor.py:830} INFO - Processing file /opt/airflow/dags/pakakumi_scraper.py for tasks to queue
[2026-01-03T17:14:50.649+0000] {logging_mixin.py:188} INFO - [2026-01-03T17:14:50.648+0000] {dagbag.py:540} INFO - Filling up the DagBag from /opt/airflow/dags/pakakumi_scraper.py
[2026-01-03T17:14:50.677+0000] {processor.py:840} INFO - DAG(s) 'pakakumi_scraper' retrieved from /opt/airflow/dags/pakakumi_scraper.py
[2026-01-03T17:14:50.722+0000] {logging_mixin.py:188} INFO - [2026-01-03T17:14:50.721+0000] {dag.py:3096} INFO - Sync 1 DAGs
[2026-01-03T17:14:50.757+0000] {logging_mixin.py:188} INFO - [2026-01-03T17:14:50.756+0000] {dag.py:3954} INFO - Setting next_dagrun for pakakumi_scraper to 2026-01-03 17:00:00+00:00, run_after=2026-01-03 18:00:00+00:00
[2026-01-03T17:14:50.782+0000] {processor.py:183} INFO - Processing /opt/airflow/dags/pakakumi_scraper.py took 0.152 seconds
[2026-01-03T17:15:20.983+0000] {processor.py:161} INFO - Started process (PID=1221) to work on /opt/airflow/dags/pakakumi_scraper.py
[2026-01-03T17:15:20.984+0000] {processor.py:830} INFO - Processing file /opt/airflow/dags/pakakumi_scraper.py for tasks to queue
[2026-01-03T17:15:20.986+0000] {logging_mixin.py:188} INFO - [2026-01-03T17:15:20.986+0000] {dagbag.py:540} INFO - Filling up the DagBag from /opt/airflow/dags/pakakumi_scraper.py
[2026-01-03T17:15:21.013+0000] {processor.py:840} INFO - DAG(s) 'pakakumi_scraper' retrieved from /opt/airflow/dags/pakakumi_scraper.py
[2026-01-03T17:15:21.055+0000] {logging_mixin.py:188} INFO - [2026-01-03T17:15:21.055+0000] {dag.py:3096} INFO - Sync 1 DAGs
[2026-01-03T17:15:21.089+0000] {logging_mixin.py:188} INFO - [2026-01-03T17:15:21.089+0000] {dag.py:3954} INFO - Setting next_dagrun for pakakumi_scraper to 2026-01-03 17:00:00+00:00, run_after=2026-01-03 18:00:00+00:00
[2026-01-03T17:15:21.118+0000] {processor.py:183} INFO - Processing /opt/airflow/dags/pakakumi_scraper.py took 0.147 seconds
[2026-01-03T17:15:51.246+0000] {processor.py:161} INFO - Started process (PID=1226) to work on /opt/airflow/dags/pakakumi_scraper.py
[2026-01-03T17:15:51.248+0000] {processor.py:830} INFO - Processing file /opt/airflow/dags/pakakumi_scraper.py for tasks to queue
[2026-01-03T17:15:51.251+0000] {logging_mixin.py:188} INFO - [2026-01-03T17:15:51.250+0000] {dagbag.py:540} INFO - Filling up the DagBag from /opt/airflow/dags/pakakumi_scraper.py
[2026-01-03T17:15:51.280+0000] {processor.py:840} INFO - DAG(s) 'pakakumi_scraper' retrieved from /opt/airflow/dags/pakakumi_scraper.py
[2026-01-03T17:15:51.323+0000] {logging_mixin.py:188} INFO - [2026-01-03T17:15:51.323+0000] {dag.py:3096} INFO - Sync 1 DAGs
[2026-01-03T17:15:51.358+0000] {logging_mixin.py:188} INFO - [2026-01-03T17:15:51.358+0000] {dag.py:3954} INFO - Setting next_dagrun for pakakumi_scraper to 2026-01-03 17:00:00+00:00, run_after=2026-01-03 18:00:00+00:00
[2026-01-03T17:15:51.387+0000] {processor.py:183} INFO - Processing /opt/airflow/dags/pakakumi_scraper.py took 0.150 seconds
[2026-01-03T17:16:21.588+0000] {processor.py:161} INFO - Started process (PID=1231) to work on /opt/airflow/dags/pakakumi_scraper.py
[2026-01-03T17:16:21.589+0000] {processor.py:830} INFO - Processing file /opt/airflow/dags/pakakumi_scraper.py for tasks to queue
[2026-01-03T17:16:21.592+0000] {logging_mixin.py:188} INFO - [2026-01-03T17:16:21.591+0000] {dagbag.py:540} INFO - Filling up the DagBag from /opt/airflow/dags/pakakumi_scraper.py
[2026-01-03T17:16:21.617+0000] {processor.py:840} INFO - DAG(s) 'pakakumi_scraper' retrieved from /opt/airflow/dags/pakakumi_scraper.py
[2026-01-03T17:16:21.658+0000] {logging_mixin.py:188} INFO - [2026-01-03T17:16:21.658+0000] {dag.py:3096} INFO - Sync 1 DAGs
[2026-01-03T17:16:21.693+0000] {logging_mixin.py:188} INFO - [2026-01-03T17:16:21.693+0000] {dag.py:3954} INFO - Setting next_dagrun for pakakumi_scraper to 2026-01-03 17:00:00+00:00, run_after=2026-01-03 18:00:00+00:00
[2026-01-03T17:16:21.723+0000] {processor.py:183} INFO - Processing /opt/airflow/dags/pakakumi_scraper.py took 0.145 seconds
[2026-01-03T17:16:51.801+0000] {processor.py:161} INFO - Started process (PID=1236) to work on /opt/airflow/dags/pakakumi_scraper.py
[2026-01-03T17:16:51.802+0000] {processor.py:830} INFO - Processing file /opt/airflow/dags/pakakumi_scraper.py for tasks to queue
[2026-01-03T17:16:51.805+0000] {logging_mixin.py:188} INFO - [2026-01-03T17:16:51.805+0000] {dagbag.py:540} INFO - Filling up the DagBag from /opt/airflow/dags/pakakumi_scraper.py
[2026-01-03T17:16:51.832+0000] {processor.py:840} INFO - DAG(s) 'pakakumi_scraper' retrieved from /opt/airflow/dags/pakakumi_scraper.py
[2026-01-03T17:16:51.876+0000] {logging_mixin.py:188} INFO - [2026-01-03T17:16:51.875+0000] {dag.py:3096} INFO - Sync 1 DAGs
[2026-01-03T17:16:51.911+0000] {logging_mixin.py:188} INFO - [2026-01-03T17:16:51.911+0000] {dag.py:3954} INFO - Setting next_dagrun for pakakumi_scraper to 2026-01-03 17:00:00+00:00, run_after=2026-01-03 18:00:00+00:00
[2026-01-03T17:16:51.985+0000] {processor.py:183} INFO - Processing /opt/airflow/dags/pakakumi_scraper.py took 0.195 seconds
[2026-01-03T17:17:22.197+0000] {processor.py:161} INFO - Started process (PID=1241) to work on /opt/airflow/dags/pakakumi_scraper.py
[2026-01-03T17:17:22.199+0000] {processor.py:830} INFO - Processing file /opt/airflow/dags/pakakumi_scraper.py for tasks to queue
[2026-01-03T17:17:22.202+0000] {logging_mixin.py:188} INFO - [2026-01-03T17:17:22.201+0000] {dagbag.py:540} INFO - Filling up the DagBag from /opt/airflow/dags/pakakumi_scraper.py
[2026-01-03T17:17:22.231+0000] {processor.py:840} INFO - DAG(s) 'pakakumi_scraper' retrieved from /opt/airflow/dags/pakakumi_scraper.py
[2026-01-03T17:17:22.274+0000] {logging_mixin.py:188} INFO - [2026-01-03T17:17:22.274+0000] {dag.py:3096} INFO - Sync 1 DAGs
[2026-01-03T17:17:22.333+0000] {logging_mixin.py:188} INFO - [2026-01-03T17:17:22.333+0000] {dag.py:3954} INFO - Setting next_dagrun for pakakumi_scraper to 2026-01-03 17:00:00+00:00, run_after=2026-01-03 18:00:00+00:00
[2026-01-03T17:17:22.363+0000] {processor.py:183} INFO - Processing /opt/airflow/dags/pakakumi_scraper.py took 0.179 seconds
[2026-01-03T17:17:52.643+0000] {processor.py:161} INFO - Started process (PID=1246) to work on /opt/airflow/dags/pakakumi_scraper.py
[2026-01-03T17:17:52.645+0000] {processor.py:830} INFO - Processing file /opt/airflow/dags/pakakumi_scraper.py for tasks to queue
[2026-01-03T17:17:52.649+0000] {logging_mixin.py:188} INFO - [2026-01-03T17:17:52.648+0000] {dagbag.py:540} INFO - Filling up the DagBag from /opt/airflow/dags/pakakumi_scraper.py
[2026-01-03T17:17:52.680+0000] {processor.py:840} INFO - DAG(s) 'pakakumi_scraper' retrieved from /opt/airflow/dags/pakakumi_scraper.py
[2026-01-03T17:17:52.726+0000] {logging_mixin.py:188} INFO - [2026-01-03T17:17:52.726+0000] {dag.py:3096} INFO - Sync 1 DAGs
[2026-01-03T17:17:52.763+0000] {logging_mixin.py:188} INFO - [2026-01-03T17:17:52.763+0000] {dag.py:3954} INFO - Setting next_dagrun for pakakumi_scraper to 2026-01-03 17:00:00+00:00, run_after=2026-01-03 18:00:00+00:00
[2026-01-03T17:17:52.800+0000] {processor.py:183} INFO - Processing /opt/airflow/dags/pakakumi_scraper.py took 0.174 seconds
[2026-01-03T17:18:23.043+0000] {processor.py:161} INFO - Started process (PID=1251) to work on /opt/airflow/dags/pakakumi_scraper.py
[2026-01-03T17:18:23.045+0000] {processor.py:830} INFO - Processing file /opt/airflow/dags/pakakumi_scraper.py for tasks to queue
[2026-01-03T17:18:23.049+0000] {logging_mixin.py:188} INFO - [2026-01-03T17:18:23.049+0000] {dagbag.py:540} INFO - Filling up the DagBag from /opt/airflow/dags/pakakumi_scraper.py
[2026-01-03T17:18:23.083+0000] {processor.py:840} INFO - DAG(s) 'pakakumi_scraper' retrieved from /opt/airflow/dags/pakakumi_scraper.py
[2026-01-03T17:18:23.129+0000] {logging_mixin.py:188} INFO - [2026-01-03T17:18:23.128+0000] {dag.py:3096} INFO - Sync 1 DAGs
[2026-01-03T17:18:23.165+0000] {logging_mixin.py:188} INFO - [2026-01-03T17:18:23.165+0000] {dag.py:3954} INFO - Setting next_dagrun for pakakumi_scraper to 2026-01-03 17:00:00+00:00, run_after=2026-01-03 18:00:00+00:00
[2026-01-03T17:18:23.194+0000] {processor.py:183} INFO - Processing /opt/airflow/dags/pakakumi_scraper.py took 0.162 seconds
[2026-01-03T17:18:53.429+0000] {processor.py:161} INFO - Started process (PID=1256) to work on /opt/airflow/dags/pakakumi_scraper.py
[2026-01-03T17:18:53.430+0000] {processor.py:830} INFO - Processing file /opt/airflow/dags/pakakumi_scraper.py for tasks to queue
[2026-01-03T17:18:53.435+0000] {logging_mixin.py:188} INFO - [2026-01-03T17:18:53.435+0000] {dagbag.py:540} INFO - Filling up the DagBag from /opt/airflow/dags/pakakumi_scraper.py
[2026-01-03T17:18:53.464+0000] {processor.py:840} INFO - DAG(s) 'pakakumi_scraper' retrieved from /opt/airflow/dags/pakakumi_scraper.py
[2026-01-03T17:18:53.512+0000] {logging_mixin.py:188} INFO - [2026-01-03T17:18:53.512+0000] {dag.py:3096} INFO - Sync 1 DAGs
[2026-01-03T17:18:53.555+0000] {logging_mixin.py:188} INFO - [2026-01-03T17:18:53.555+0000] {dag.py:3954} INFO - Setting next_dagrun for pakakumi_scraper to 2026-01-03 17:00:00+00:00, run_after=2026-01-03 18:00:00+00:00
[2026-01-03T17:18:53.585+0000] {processor.py:183} INFO - Processing /opt/airflow/dags/pakakumi_scraper.py took 0.166 seconds
[2026-01-03T17:19:23.749+0000] {processor.py:161} INFO - Started process (PID=1261) to work on /opt/airflow/dags/pakakumi_scraper.py
[2026-01-03T17:19:23.750+0000] {processor.py:830} INFO - Processing file /opt/airflow/dags/pakakumi_scraper.py for tasks to queue
[2026-01-03T17:19:23.753+0000] {logging_mixin.py:188} INFO - [2026-01-03T17:19:23.753+0000] {dagbag.py:540} INFO - Filling up the DagBag from /opt/airflow/dags/pakakumi_scraper.py
[2026-01-03T17:19:23.780+0000] {processor.py:840} INFO - DAG(s) 'pakakumi_scraper' retrieved from /opt/airflow/dags/pakakumi_scraper.py
[2026-01-03T17:19:23.820+0000] {logging_mixin.py:188} INFO - [2026-01-03T17:19:23.820+0000] {dag.py:3096} INFO - Sync 1 DAGs
[2026-01-03T17:19:23.854+0000] {logging_mixin.py:188} INFO - [2026-01-03T17:19:23.854+0000] {dag.py:3954} INFO - Setting next_dagrun for pakakumi_scraper to 2026-01-03 17:00:00+00:00, run_after=2026-01-03 18:00:00+00:00
[2026-01-03T17:19:23.883+0000] {processor.py:183} INFO - Processing /opt/airflow/dags/pakakumi_scraper.py took 0.146 seconds
[2026-01-03T17:19:54.048+0000] {processor.py:161} INFO - Started process (PID=1266) to work on /opt/airflow/dags/pakakumi_scraper.py
[2026-01-03T17:19:54.049+0000] {processor.py:830} INFO - Processing file /opt/airflow/dags/pakakumi_scraper.py for tasks to queue
[2026-01-03T17:19:54.052+0000] {logging_mixin.py:188} INFO - [2026-01-03T17:19:54.051+0000] {dagbag.py:540} INFO - Filling up the DagBag from /opt/airflow/dags/pakakumi_scraper.py
[2026-01-03T17:19:54.114+0000] {processor.py:840} INFO - DAG(s) 'pakakumi_scraper' retrieved from /opt/airflow/dags/pakakumi_scraper.py
[2026-01-03T17:19:54.155+0000] {logging_mixin.py:188} INFO - [2026-01-03T17:19:54.155+0000] {dag.py:3096} INFO - Sync 1 DAGs
[2026-01-03T17:19:54.189+0000] {logging_mixin.py:188} INFO - [2026-01-03T17:19:54.188+0000] {dag.py:3954} INFO - Setting next_dagrun for pakakumi_scraper to 2026-01-03 17:00:00+00:00, run_after=2026-01-03 18:00:00+00:00
[2026-01-03T17:19:54.219+0000] {processor.py:183} INFO - Processing /opt/airflow/dags/pakakumi_scraper.py took 0.183 seconds
[2026-01-03T17:20:24.373+0000] {processor.py:161} INFO - Started process (PID=1271) to work on /opt/airflow/dags/pakakumi_scraper.py
[2026-01-03T17:20:24.375+0000] {processor.py:830} INFO - Processing file /opt/airflow/dags/pakakumi_scraper.py for tasks to queue
[2026-01-03T17:20:24.378+0000] {logging_mixin.py:188} INFO - [2026-01-03T17:20:24.378+0000] {dagbag.py:540} INFO - Filling up the DagBag from /opt/airflow/dags/pakakumi_scraper.py
[2026-01-03T17:20:24.408+0000] {processor.py:840} INFO - DAG(s) 'pakakumi_scraper' retrieved from /opt/airflow/dags/pakakumi_scraper.py
[2026-01-03T17:20:24.452+0000] {logging_mixin.py:188} INFO - [2026-01-03T17:20:24.452+0000] {dag.py:3096} INFO - Sync 1 DAGs
[2026-01-03T17:20:24.489+0000] {logging_mixin.py:188} INFO - [2026-01-03T17:20:24.489+0000] {dag.py:3954} INFO - Setting next_dagrun for pakakumi_scraper to 2026-01-03 17:00:00+00:00, run_after=2026-01-03 18:00:00+00:00
[2026-01-03T17:20:24.517+0000] {processor.py:183} INFO - Processing /opt/airflow/dags/pakakumi_scraper.py took 0.157 seconds
[2026-01-03T17:20:54.678+0000] {processor.py:161} INFO - Started process (PID=1276) to work on /opt/airflow/dags/pakakumi_scraper.py
[2026-01-03T17:20:54.680+0000] {processor.py:830} INFO - Processing file /opt/airflow/dags/pakakumi_scraper.py for tasks to queue
[2026-01-03T17:20:54.683+0000] {logging_mixin.py:188} INFO - [2026-01-03T17:20:54.682+0000] {dagbag.py:540} INFO - Filling up the DagBag from /opt/airflow/dags/pakakumi_scraper.py
[2026-01-03T17:20:54.709+0000] {processor.py:840} INFO - DAG(s) 'pakakumi_scraper' retrieved from /opt/airflow/dags/pakakumi_scraper.py
[2026-01-03T17:20:54.750+0000] {logging_mixin.py:188} INFO - [2026-01-03T17:20:54.750+0000] {dag.py:3096} INFO - Sync 1 DAGs
[2026-01-03T17:20:54.786+0000] {logging_mixin.py:188} INFO - [2026-01-03T17:20:54.786+0000] {dag.py:3954} INFO - Setting next_dagrun for pakakumi_scraper to 2026-01-03 17:00:00+00:00, run_after=2026-01-03 18:00:00+00:00
[2026-01-03T17:20:54.817+0000] {processor.py:183} INFO - Processing /opt/airflow/dags/pakakumi_scraper.py took 0.149 seconds
[2026-01-03T17:21:24.963+0000] {processor.py:161} INFO - Started process (PID=1281) to work on /opt/airflow/dags/pakakumi_scraper.py
[2026-01-03T17:21:24.965+0000] {processor.py:830} INFO - Processing file /opt/airflow/dags/pakakumi_scraper.py for tasks to queue
[2026-01-03T17:21:24.970+0000] {logging_mixin.py:188} INFO - [2026-01-03T17:21:24.969+0000] {dagbag.py:540} INFO - Filling up the DagBag from /opt/airflow/dags/pakakumi_scraper.py
[2026-01-03T17:21:24.995+0000] {processor.py:840} INFO - DAG(s) 'pakakumi_scraper' retrieved from /opt/airflow/dags/pakakumi_scraper.py
[2026-01-03T17:21:25.039+0000] {logging_mixin.py:188} INFO - [2026-01-03T17:21:25.039+0000] {dag.py:3096} INFO - Sync 1 DAGs
[2026-01-03T17:21:25.074+0000] {logging_mixin.py:188} INFO - [2026-01-03T17:21:25.074+0000] {dag.py:3954} INFO - Setting next_dagrun for pakakumi_scraper to 2026-01-03 17:00:00+00:00, run_after=2026-01-03 18:00:00+00:00
[2026-01-03T17:21:25.103+0000] {processor.py:183} INFO - Processing /opt/airflow/dags/pakakumi_scraper.py took 0.149 seconds
[2026-01-03T17:21:55.254+0000] {processor.py:161} INFO - Started process (PID=1286) to work on /opt/airflow/dags/pakakumi_scraper.py
[2026-01-03T17:21:55.255+0000] {processor.py:830} INFO - Processing file /opt/airflow/dags/pakakumi_scraper.py for tasks to queue
[2026-01-03T17:21:55.260+0000] {logging_mixin.py:188} INFO - [2026-01-03T17:21:55.259+0000] {dagbag.py:540} INFO - Filling up the DagBag from /opt/airflow/dags/pakakumi_scraper.py
[2026-01-03T17:21:55.293+0000] {processor.py:840} INFO - DAG(s) 'pakakumi_scraper' retrieved from /opt/airflow/dags/pakakumi_scraper.py
[2026-01-03T17:21:55.336+0000] {logging_mixin.py:188} INFO - [2026-01-03T17:21:55.335+0000] {dag.py:3096} INFO - Sync 1 DAGs
[2026-01-03T17:21:55.370+0000] {logging_mixin.py:188} INFO - [2026-01-03T17:21:55.370+0000] {dag.py:3954} INFO - Setting next_dagrun for pakakumi_scraper to 2026-01-03 17:00:00+00:00, run_after=2026-01-03 18:00:00+00:00
[2026-01-03T17:21:55.398+0000] {processor.py:183} INFO - Processing /opt/airflow/dags/pakakumi_scraper.py took 0.155 seconds
[2026-01-03T17:22:25.575+0000] {processor.py:161} INFO - Started process (PID=1291) to work on /opt/airflow/dags/pakakumi_scraper.py
[2026-01-03T17:22:25.577+0000] {processor.py:830} INFO - Processing file /opt/airflow/dags/pakakumi_scraper.py for tasks to queue
[2026-01-03T17:22:25.580+0000] {logging_mixin.py:188} INFO - [2026-01-03T17:22:25.580+0000] {dagbag.py:540} INFO - Filling up the DagBag from /opt/airflow/dags/pakakumi_scraper.py
[2026-01-03T17:22:25.608+0000] {processor.py:840} INFO - DAG(s) 'pakakumi_scraper' retrieved from /opt/airflow/dags/pakakumi_scraper.py
[2026-01-03T17:22:25.649+0000] {logging_mixin.py:188} INFO - [2026-01-03T17:22:25.649+0000] {dag.py:3096} INFO - Sync 1 DAGs
[2026-01-03T17:22:25.687+0000] {logging_mixin.py:188} INFO - [2026-01-03T17:22:25.686+0000] {dag.py:3954} INFO - Setting next_dagrun for pakakumi_scraper to 2026-01-03 17:00:00+00:00, run_after=2026-01-03 18:00:00+00:00
[2026-01-03T17:22:25.717+0000] {processor.py:183} INFO - Processing /opt/airflow/dags/pakakumi_scraper.py took 0.154 seconds
[2026-01-03T17:22:55.856+0000] {processor.py:161} INFO - Started process (PID=1296) to work on /opt/airflow/dags/pakakumi_scraper.py
[2026-01-03T17:22:55.857+0000] {processor.py:830} INFO - Processing file /opt/airflow/dags/pakakumi_scraper.py for tasks to queue
[2026-01-03T17:22:55.862+0000] {logging_mixin.py:188} INFO - [2026-01-03T17:22:55.861+0000] {dagbag.py:540} INFO - Filling up the DagBag from /opt/airflow/dags/pakakumi_scraper.py
[2026-01-03T17:22:55.893+0000] {processor.py:840} INFO - DAG(s) 'pakakumi_scraper' retrieved from /opt/airflow/dags/pakakumi_scraper.py
[2026-01-03T17:22:55.935+0000] {logging_mixin.py:188} INFO - [2026-01-03T17:22:55.935+0000] {dag.py:3096} INFO - Sync 1 DAGs
[2026-01-03T17:22:55.971+0000] {logging_mixin.py:188} INFO - [2026-01-03T17:22:55.970+0000] {dag.py:3954} INFO - Setting next_dagrun for pakakumi_scraper to 2026-01-03 17:00:00+00:00, run_after=2026-01-03 18:00:00+00:00
[2026-01-03T17:22:56.001+0000] {processor.py:183} INFO - Processing /opt/airflow/dags/pakakumi_scraper.py took 0.156 seconds
[2026-01-03T17:23:26.175+0000] {processor.py:161} INFO - Started process (PID=1301) to work on /opt/airflow/dags/pakakumi_scraper.py
[2026-01-03T17:23:26.177+0000] {processor.py:830} INFO - Processing file /opt/airflow/dags/pakakumi_scraper.py for tasks to queue
[2026-01-03T17:23:26.183+0000] {logging_mixin.py:188} INFO - [2026-01-03T17:23:26.182+0000] {dagbag.py:540} INFO - Filling up the DagBag from /opt/airflow/dags/pakakumi_scraper.py
[2026-01-03T17:23:26.244+0000] {processor.py:840} INFO - DAG(s) 'pakakumi_scraper' retrieved from /opt/airflow/dags/pakakumi_scraper.py
[2026-01-03T17:23:26.296+0000] {logging_mixin.py:188} INFO - [2026-01-03T17:23:26.295+0000] {dag.py:3096} INFO - Sync 1 DAGs
[2026-01-03T17:23:26.332+0000] {logging_mixin.py:188} INFO - [2026-01-03T17:23:26.331+0000] {dag.py:3954} INFO - Setting next_dagrun for pakakumi_scraper to 2026-01-03 17:00:00+00:00, run_after=2026-01-03 18:00:00+00:00
[2026-01-03T17:23:26.359+0000] {processor.py:183} INFO - Processing /opt/airflow/dags/pakakumi_scraper.py took 0.201 seconds
[2026-01-03T17:23:56.461+0000] {processor.py:161} INFO - Started process (PID=1306) to work on /opt/airflow/dags/pakakumi_scraper.py
[2026-01-03T17:23:56.464+0000] {processor.py:830} INFO - Processing file /opt/airflow/dags/pakakumi_scraper.py for tasks to queue
[2026-01-03T17:23:56.471+0000] {logging_mixin.py:188} INFO - [2026-01-03T17:23:56.469+0000] {dagbag.py:540} INFO - Filling up the DagBag from /opt/airflow/dags/pakakumi_scraper.py
[2026-01-03T17:23:56.514+0000] {processor.py:840} INFO - DAG(s) 'pakakumi_scraper' retrieved from /opt/airflow/dags/pakakumi_scraper.py
[2026-01-03T17:23:56.563+0000] {logging_mixin.py:188} INFO - [2026-01-03T17:23:56.562+0000] {dag.py:3096} INFO - Sync 1 DAGs
[2026-01-03T17:23:56.598+0000] {logging_mixin.py:188} INFO - [2026-01-03T17:23:56.598+0000] {dag.py:3954} INFO - Setting next_dagrun for pakakumi_scraper to 2026-01-03 17:00:00+00:00, run_after=2026-01-03 18:00:00+00:00
[2026-01-03T17:23:56.623+0000] {processor.py:183} INFO - Processing /opt/airflow/dags/pakakumi_scraper.py took 0.184 seconds
[2026-01-03T17:24:26.888+0000] {processor.py:161} INFO - Started process (PID=1311) to work on /opt/airflow/dags/pakakumi_scraper.py
[2026-01-03T17:24:26.890+0000] {processor.py:830} INFO - Processing file /opt/airflow/dags/pakakumi_scraper.py for tasks to queue
[2026-01-03T17:24:26.894+0000] {logging_mixin.py:188} INFO - [2026-01-03T17:24:26.894+0000] {dagbag.py:540} INFO - Filling up the DagBag from /opt/airflow/dags/pakakumi_scraper.py
[2026-01-03T17:24:26.929+0000] {processor.py:840} INFO - DAG(s) 'pakakumi_scraper' retrieved from /opt/airflow/dags/pakakumi_scraper.py
[2026-01-03T17:24:26.973+0000] {logging_mixin.py:188} INFO - [2026-01-03T17:24:26.972+0000] {dag.py:3096} INFO - Sync 1 DAGs
[2026-01-03T17:24:27.009+0000] {logging_mixin.py:188} INFO - [2026-01-03T17:24:27.008+0000] {dag.py:3954} INFO - Setting next_dagrun for pakakumi_scraper to 2026-01-03 17:00:00+00:00, run_after=2026-01-03 18:00:00+00:00
[2026-01-03T17:24:27.110+0000] {processor.py:183} INFO - Processing /opt/airflow/dags/pakakumi_scraper.py took 0.233 seconds
[2026-01-03T17:24:57.352+0000] {processor.py:161} INFO - Started process (PID=1316) to work on /opt/airflow/dags/pakakumi_scraper.py
[2026-01-03T17:24:57.354+0000] {processor.py:830} INFO - Processing file /opt/airflow/dags/pakakumi_scraper.py for tasks to queue
[2026-01-03T17:24:57.359+0000] {logging_mixin.py:188} INFO - [2026-01-03T17:24:57.358+0000] {dagbag.py:540} INFO - Filling up the DagBag from /opt/airflow/dags/pakakumi_scraper.py
[2026-01-03T17:24:57.386+0000] {processor.py:840} INFO - DAG(s) 'pakakumi_scraper' retrieved from /opt/airflow/dags/pakakumi_scraper.py
[2026-01-03T17:24:57.432+0000] {logging_mixin.py:188} INFO - [2026-01-03T17:24:57.432+0000] {dag.py:3096} INFO - Sync 1 DAGs
[2026-01-03T17:24:57.494+0000] {logging_mixin.py:188} INFO - [2026-01-03T17:24:57.494+0000] {dag.py:3954} INFO - Setting next_dagrun for pakakumi_scraper to 2026-01-03 17:00:00+00:00, run_after=2026-01-03 18:00:00+00:00
[2026-01-03T17:24:57.520+0000] {processor.py:183} INFO - Processing /opt/airflow/dags/pakakumi_scraper.py took 0.177 seconds
[2026-01-03T17:25:27.765+0000] {processor.py:161} INFO - Started process (PID=1321) to work on /opt/airflow/dags/pakakumi_scraper.py
[2026-01-03T17:25:27.767+0000] {processor.py:830} INFO - Processing file /opt/airflow/dags/pakakumi_scraper.py for tasks to queue
[2026-01-03T17:25:27.772+0000] {logging_mixin.py:188} INFO - [2026-01-03T17:25:27.772+0000] {dagbag.py:540} INFO - Filling up the DagBag from /opt/airflow/dags/pakakumi_scraper.py
[2026-01-03T17:25:27.812+0000] {processor.py:840} INFO - DAG(s) 'pakakumi_scraper' retrieved from /opt/airflow/dags/pakakumi_scraper.py
[2026-01-03T17:25:27.860+0000] {logging_mixin.py:188} INFO - [2026-01-03T17:25:27.860+0000] {dag.py:3096} INFO - Sync 1 DAGs
[2026-01-03T17:25:27.896+0000] {logging_mixin.py:188} INFO - [2026-01-03T17:25:27.896+0000] {dag.py:3954} INFO - Setting next_dagrun for pakakumi_scraper to 2026-01-03 17:00:00+00:00, run_after=2026-01-03 18:00:00+00:00
[2026-01-03T17:25:27.928+0000] {processor.py:183} INFO - Processing /opt/airflow/dags/pakakumi_scraper.py took 0.176 seconds
[2026-01-03T17:25:58.177+0000] {processor.py:161} INFO - Started process (PID=1326) to work on /opt/airflow/dags/pakakumi_scraper.py
[2026-01-03T17:25:58.179+0000] {processor.py:830} INFO - Processing file /opt/airflow/dags/pakakumi_scraper.py for tasks to queue
[2026-01-03T17:25:58.183+0000] {logging_mixin.py:188} INFO - [2026-01-03T17:25:58.183+0000] {dagbag.py:540} INFO - Filling up the DagBag from /opt/airflow/dags/pakakumi_scraper.py
[2026-01-03T17:25:58.215+0000] {processor.py:840} INFO - DAG(s) 'pakakumi_scraper' retrieved from /opt/airflow/dags/pakakumi_scraper.py
[2026-01-03T17:25:58.257+0000] {logging_mixin.py:188} INFO - [2026-01-03T17:25:58.257+0000] {dag.py:3096} INFO - Sync 1 DAGs
[2026-01-03T17:25:58.292+0000] {logging_mixin.py:188} INFO - [2026-01-03T17:25:58.292+0000] {dag.py:3954} INFO - Setting next_dagrun for pakakumi_scraper to 2026-01-03 17:00:00+00:00, run_after=2026-01-03 18:00:00+00:00
[2026-01-03T17:25:58.319+0000] {processor.py:183} INFO - Processing /opt/airflow/dags/pakakumi_scraper.py took 0.155 seconds
[2026-01-03T17:26:28.408+0000] {processor.py:161} INFO - Started process (PID=1331) to work on /opt/airflow/dags/pakakumi_scraper.py
[2026-01-03T17:26:28.410+0000] {processor.py:830} INFO - Processing file /opt/airflow/dags/pakakumi_scraper.py for tasks to queue
[2026-01-03T17:26:28.414+0000] {logging_mixin.py:188} INFO - [2026-01-03T17:26:28.413+0000] {dagbag.py:540} INFO - Filling up the DagBag from /opt/airflow/dags/pakakumi_scraper.py
[2026-01-03T17:26:28.466+0000] {processor.py:840} INFO - DAG(s) 'pakakumi_scraper' retrieved from /opt/airflow/dags/pakakumi_scraper.py
[2026-01-03T17:26:28.511+0000] {logging_mixin.py:188} INFO - [2026-01-03T17:26:28.511+0000] {dag.py:3096} INFO - Sync 1 DAGs
[2026-01-03T17:26:28.547+0000] {logging_mixin.py:188} INFO - [2026-01-03T17:26:28.547+0000] {dag.py:3954} INFO - Setting next_dagrun for pakakumi_scraper to 2026-01-03 17:00:00+00:00, run_after=2026-01-03 18:00:00+00:00
[2026-01-03T17:26:28.579+0000] {processor.py:183} INFO - Processing /opt/airflow/dags/pakakumi_scraper.py took 0.181 seconds
[2026-01-03T17:26:58.757+0000] {processor.py:161} INFO - Started process (PID=1336) to work on /opt/airflow/dags/pakakumi_scraper.py
[2026-01-03T17:26:58.759+0000] {processor.py:830} INFO - Processing file /opt/airflow/dags/pakakumi_scraper.py for tasks to queue
[2026-01-03T17:26:58.762+0000] {logging_mixin.py:188} INFO - [2026-01-03T17:26:58.761+0000] {dagbag.py:540} INFO - Filling up the DagBag from /opt/airflow/dags/pakakumi_scraper.py
[2026-01-03T17:26:58.791+0000] {processor.py:840} INFO - DAG(s) 'pakakumi_scraper' retrieved from /opt/airflow/dags/pakakumi_scraper.py
[2026-01-03T17:26:58.834+0000] {logging_mixin.py:188} INFO - [2026-01-03T17:26:58.834+0000] {dag.py:3096} INFO - Sync 1 DAGs
[2026-01-03T17:26:58.869+0000] {logging_mixin.py:188} INFO - [2026-01-03T17:26:58.868+0000] {dag.py:3954} INFO - Setting next_dagrun for pakakumi_scraper to 2026-01-03 17:00:00+00:00, run_after=2026-01-03 18:00:00+00:00
[2026-01-03T17:26:58.896+0000] {processor.py:183} INFO - Processing /opt/airflow/dags/pakakumi_scraper.py took 0.149 seconds
[2026-01-03T17:27:29.016+0000] {processor.py:161} INFO - Started process (PID=1341) to work on /opt/airflow/dags/pakakumi_scraper.py
[2026-01-03T17:27:29.017+0000] {processor.py:830} INFO - Processing file /opt/airflow/dags/pakakumi_scraper.py for tasks to queue
[2026-01-03T17:27:29.020+0000] {logging_mixin.py:188} INFO - [2026-01-03T17:27:29.019+0000] {dagbag.py:540} INFO - Filling up the DagBag from /opt/airflow/dags/pakakumi_scraper.py
[2026-01-03T17:27:29.051+0000] {processor.py:840} INFO - DAG(s) 'pakakumi_scraper' retrieved from /opt/airflow/dags/pakakumi_scraper.py
[2026-01-03T17:27:29.095+0000] {logging_mixin.py:188} INFO - [2026-01-03T17:27:29.095+0000] {dag.py:3096} INFO - Sync 1 DAGs
[2026-01-03T17:27:29.133+0000] {logging_mixin.py:188} INFO - [2026-01-03T17:27:29.133+0000] {dag.py:3954} INFO - Setting next_dagrun for pakakumi_scraper to 2026-01-03 17:00:00+00:00, run_after=2026-01-03 18:00:00+00:00
[2026-01-03T17:27:29.160+0000] {processor.py:183} INFO - Processing /opt/airflow/dags/pakakumi_scraper.py took 0.154 seconds
[2026-01-03T17:27:59.346+0000] {processor.py:161} INFO - Started process (PID=1346) to work on /opt/airflow/dags/pakakumi_scraper.py
[2026-01-03T17:27:59.348+0000] {processor.py:830} INFO - Processing file /opt/airflow/dags/pakakumi_scraper.py for tasks to queue
[2026-01-03T17:27:59.351+0000] {logging_mixin.py:188} INFO - [2026-01-03T17:27:59.350+0000] {dagbag.py:540} INFO - Filling up the DagBag from /opt/airflow/dags/pakakumi_scraper.py
[2026-01-03T17:27:59.381+0000] {processor.py:840} INFO - DAG(s) 'pakakumi_scraper' retrieved from /opt/airflow/dags/pakakumi_scraper.py
[2026-01-03T17:27:59.424+0000] {logging_mixin.py:188} INFO - [2026-01-03T17:27:59.424+0000] {dag.py:3096} INFO - Sync 1 DAGs
[2026-01-03T17:27:59.459+0000] {logging_mixin.py:188} INFO - [2026-01-03T17:27:59.459+0000] {dag.py:3954} INFO - Setting next_dagrun for pakakumi_scraper to 2026-01-03 17:00:00+00:00, run_after=2026-01-03 18:00:00+00:00
[2026-01-03T17:27:59.486+0000] {processor.py:183} INFO - Processing /opt/airflow/dags/pakakumi_scraper.py took 0.149 seconds
[2026-01-03T17:28:29.617+0000] {processor.py:161} INFO - Started process (PID=1351) to work on /opt/airflow/dags/pakakumi_scraper.py
[2026-01-03T17:28:29.618+0000] {processor.py:830} INFO - Processing file /opt/airflow/dags/pakakumi_scraper.py for tasks to queue
[2026-01-03T17:28:29.622+0000] {logging_mixin.py:188} INFO - [2026-01-03T17:28:29.622+0000] {dagbag.py:540} INFO - Filling up the DagBag from /opt/airflow/dags/pakakumi_scraper.py
[2026-01-03T17:28:29.652+0000] {processor.py:840} INFO - DAG(s) 'pakakumi_scraper' retrieved from /opt/airflow/dags/pakakumi_scraper.py
[2026-01-03T17:28:29.694+0000] {logging_mixin.py:188} INFO - [2026-01-03T17:28:29.693+0000] {dag.py:3096} INFO - Sync 1 DAGs
[2026-01-03T17:28:29.727+0000] {logging_mixin.py:188} INFO - [2026-01-03T17:28:29.727+0000] {dag.py:3954} INFO - Setting next_dagrun for pakakumi_scraper to 2026-01-03 17:00:00+00:00, run_after=2026-01-03 18:00:00+00:00
[2026-01-03T17:28:29.756+0000] {processor.py:183} INFO - Processing /opt/airflow/dags/pakakumi_scraper.py took 0.152 seconds
[2026-01-03T17:28:59.934+0000] {processor.py:161} INFO - Started process (PID=1356) to work on /opt/airflow/dags/pakakumi_scraper.py
[2026-01-03T17:28:59.935+0000] {processor.py:830} INFO - Processing file /opt/airflow/dags/pakakumi_scraper.py for tasks to queue
[2026-01-03T17:28:59.939+0000] {logging_mixin.py:188} INFO - [2026-01-03T17:28:59.938+0000] {dagbag.py:540} INFO - Filling up the DagBag from /opt/airflow/dags/pakakumi_scraper.py
[2026-01-03T17:28:59.979+0000] {processor.py:840} INFO - DAG(s) 'pakakumi_scraper' retrieved from /opt/airflow/dags/pakakumi_scraper.py
[2026-01-03T17:29:00.023+0000] {logging_mixin.py:188} INFO - [2026-01-03T17:29:00.022+0000] {dag.py:3096} INFO - Sync 1 DAGs
[2026-01-03T17:29:00.059+0000] {logging_mixin.py:188} INFO - [2026-01-03T17:29:00.058+0000] {dag.py:3954} INFO - Setting next_dagrun for pakakumi_scraper to 2026-01-03 17:00:00+00:00, run_after=2026-01-03 18:00:00+00:00
[2026-01-03T17:29:00.091+0000] {processor.py:183} INFO - Processing /opt/airflow/dags/pakakumi_scraper.py took 0.174 seconds
[2026-01-03T17:29:30.267+0000] {processor.py:161} INFO - Started process (PID=1361) to work on /opt/airflow/dags/pakakumi_scraper.py
[2026-01-03T17:29:30.269+0000] {processor.py:830} INFO - Processing file /opt/airflow/dags/pakakumi_scraper.py for tasks to queue
[2026-01-03T17:29:30.273+0000] {logging_mixin.py:188} INFO - [2026-01-03T17:29:30.272+0000] {dagbag.py:540} INFO - Filling up the DagBag from /opt/airflow/dags/pakakumi_scraper.py
[2026-01-03T17:29:30.315+0000] {processor.py:840} INFO - DAG(s) 'pakakumi_scraper' retrieved from /opt/airflow/dags/pakakumi_scraper.py
[2026-01-03T17:29:30.359+0000] {logging_mixin.py:188} INFO - [2026-01-03T17:29:30.359+0000] {dag.py:3096} INFO - Sync 1 DAGs
[2026-01-03T17:29:30.393+0000] {logging_mixin.py:188} INFO - [2026-01-03T17:29:30.393+0000] {dag.py:3954} INFO - Setting next_dagrun for pakakumi_scraper to 2026-01-03 17:00:00+00:00, run_after=2026-01-03 18:00:00+00:00
[2026-01-03T17:29:30.419+0000] {processor.py:183} INFO - Processing /opt/airflow/dags/pakakumi_scraper.py took 0.166 seconds
[2026-01-03T17:30:00.527+0000] {processor.py:161} INFO - Started process (PID=1366) to work on /opt/airflow/dags/pakakumi_scraper.py
[2026-01-03T17:30:00.528+0000] {processor.py:830} INFO - Processing file /opt/airflow/dags/pakakumi_scraper.py for tasks to queue
[2026-01-03T17:30:00.532+0000] {logging_mixin.py:188} INFO - [2026-01-03T17:30:00.532+0000] {dagbag.py:540} INFO - Filling up the DagBag from /opt/airflow/dags/pakakumi_scraper.py
[2026-01-03T17:30:00.562+0000] {processor.py:840} INFO - DAG(s) 'pakakumi_scraper' retrieved from /opt/airflow/dags/pakakumi_scraper.py
[2026-01-03T17:30:00.606+0000] {logging_mixin.py:188} INFO - [2026-01-03T17:30:00.606+0000] {dag.py:3096} INFO - Sync 1 DAGs
[2026-01-03T17:30:00.642+0000] {logging_mixin.py:188} INFO - [2026-01-03T17:30:00.641+0000] {dag.py:3954} INFO - Setting next_dagrun for pakakumi_scraper to 2026-01-03 17:00:00+00:00, run_after=2026-01-03 18:00:00+00:00
[2026-01-03T17:30:00.673+0000] {processor.py:183} INFO - Processing /opt/airflow/dags/pakakumi_scraper.py took 0.158 seconds
[2026-01-03T17:30:30.876+0000] {processor.py:161} INFO - Started process (PID=1371) to work on /opt/airflow/dags/pakakumi_scraper.py
[2026-01-03T17:30:30.877+0000] {processor.py:830} INFO - Processing file /opt/airflow/dags/pakakumi_scraper.py for tasks to queue
[2026-01-03T17:30:30.881+0000] {logging_mixin.py:188} INFO - [2026-01-03T17:30:30.881+0000] {dagbag.py:540} INFO - Filling up the DagBag from /opt/airflow/dags/pakakumi_scraper.py
[2026-01-03T17:30:30.910+0000] {processor.py:840} INFO - DAG(s) 'pakakumi_scraper' retrieved from /opt/airflow/dags/pakakumi_scraper.py
[2026-01-03T17:30:30.988+0000] {logging_mixin.py:188} INFO - [2026-01-03T17:30:30.988+0000] {dag.py:3096} INFO - Sync 1 DAGs
[2026-01-03T17:30:31.061+0000] {logging_mixin.py:188} INFO - [2026-01-03T17:30:31.061+0000] {dag.py:3954} INFO - Setting next_dagrun for pakakumi_scraper to 2026-01-03 17:00:00+00:00, run_after=2026-01-03 18:00:00+00:00
[2026-01-03T17:30:31.111+0000] {processor.py:183} INFO - Processing /opt/airflow/dags/pakakumi_scraper.py took 0.262 seconds
[2026-01-03T17:31:01.357+0000] {processor.py:161} INFO - Started process (PID=1376) to work on /opt/airflow/dags/pakakumi_scraper.py
[2026-01-03T17:31:01.359+0000] {processor.py:830} INFO - Processing file /opt/airflow/dags/pakakumi_scraper.py for tasks to queue
[2026-01-03T17:31:01.363+0000] {logging_mixin.py:188} INFO - [2026-01-03T17:31:01.363+0000] {dagbag.py:540} INFO - Filling up the DagBag from /opt/airflow/dags/pakakumi_scraper.py
[2026-01-03T17:31:01.390+0000] {processor.py:840} INFO - DAG(s) 'pakakumi_scraper' retrieved from /opt/airflow/dags/pakakumi_scraper.py
[2026-01-03T17:31:01.437+0000] {logging_mixin.py:188} INFO - [2026-01-03T17:31:01.437+0000] {dag.py:3096} INFO - Sync 1 DAGs
[2026-01-03T17:31:01.478+0000] {logging_mixin.py:188} INFO - [2026-01-03T17:31:01.477+0000] {dag.py:3954} INFO - Setting next_dagrun for pakakumi_scraper to 2026-01-03 17:00:00+00:00, run_after=2026-01-03 18:00:00+00:00
[2026-01-03T17:31:01.512+0000] {processor.py:183} INFO - Processing /opt/airflow/dags/pakakumi_scraper.py took 0.164 seconds
[2026-01-03T17:31:31.591+0000] {processor.py:161} INFO - Started process (PID=1381) to work on /opt/airflow/dags/pakakumi_scraper.py
[2026-01-03T17:31:31.593+0000] {processor.py:830} INFO - Processing file /opt/airflow/dags/pakakumi_scraper.py for tasks to queue
[2026-01-03T17:31:31.596+0000] {logging_mixin.py:188} INFO - [2026-01-03T17:31:31.595+0000] {dagbag.py:540} INFO - Filling up the DagBag from /opt/airflow/dags/pakakumi_scraper.py
[2026-01-03T17:31:31.625+0000] {processor.py:840} INFO - DAG(s) 'pakakumi_scraper' retrieved from /opt/airflow/dags/pakakumi_scraper.py
[2026-01-03T17:31:31.668+0000] {logging_mixin.py:188} INFO - [2026-01-03T17:31:31.667+0000] {dag.py:3096} INFO - Sync 1 DAGs
[2026-01-03T17:31:31.704+0000] {logging_mixin.py:188} INFO - [2026-01-03T17:31:31.704+0000] {dag.py:3954} INFO - Setting next_dagrun for pakakumi_scraper to 2026-01-03 17:00:00+00:00, run_after=2026-01-03 18:00:00+00:00
[2026-01-03T17:31:31.733+0000] {processor.py:183} INFO - Processing /opt/airflow/dags/pakakumi_scraper.py took 0.152 seconds
[2026-01-03T17:32:01.969+0000] {processor.py:161} INFO - Started process (PID=1386) to work on /opt/airflow/dags/pakakumi_scraper.py
[2026-01-03T17:32:01.970+0000] {processor.py:830} INFO - Processing file /opt/airflow/dags/pakakumi_scraper.py for tasks to queue
[2026-01-03T17:32:01.973+0000] {logging_mixin.py:188} INFO - [2026-01-03T17:32:01.973+0000] {dagbag.py:540} INFO - Filling up the DagBag from /opt/airflow/dags/pakakumi_scraper.py
[2026-01-03T17:32:02.003+0000] {processor.py:840} INFO - DAG(s) 'pakakumi_scraper' retrieved from /opt/airflow/dags/pakakumi_scraper.py
[2026-01-03T17:32:02.046+0000] {logging_mixin.py:188} INFO - [2026-01-03T17:32:02.046+0000] {dag.py:3096} INFO - Sync 1 DAGs
[2026-01-03T17:32:02.093+0000] {logging_mixin.py:188} INFO - [2026-01-03T17:32:02.093+0000] {dag.py:3954} INFO - Setting next_dagrun for pakakumi_scraper to 2026-01-03 17:00:00+00:00, run_after=2026-01-03 18:00:00+00:00
[2026-01-03T17:32:02.124+0000] {processor.py:183} INFO - Processing /opt/airflow/dags/pakakumi_scraper.py took 0.163 seconds
[2026-01-03T17:32:32.183+0000] {processor.py:161} INFO - Started process (PID=1391) to work on /opt/airflow/dags/pakakumi_scraper.py
[2026-01-03T17:32:32.184+0000] {processor.py:830} INFO - Processing file /opt/airflow/dags/pakakumi_scraper.py for tasks to queue
[2026-01-03T17:32:32.187+0000] {logging_mixin.py:188} INFO - [2026-01-03T17:32:32.187+0000] {dagbag.py:540} INFO - Filling up the DagBag from /opt/airflow/dags/pakakumi_scraper.py
[2026-01-03T17:32:32.219+0000] {processor.py:840} INFO - DAG(s) 'pakakumi_scraper' retrieved from /opt/airflow/dags/pakakumi_scraper.py
[2026-01-03T17:32:32.263+0000] {logging_mixin.py:188} INFO - [2026-01-03T17:32:32.263+0000] {dag.py:3096} INFO - Sync 1 DAGs
[2026-01-03T17:32:32.299+0000] {logging_mixin.py:188} INFO - [2026-01-03T17:32:32.298+0000] {dag.py:3954} INFO - Setting next_dagrun for pakakumi_scraper to 2026-01-03 17:00:00+00:00, run_after=2026-01-03 18:00:00+00:00
[2026-01-03T17:32:32.326+0000] {processor.py:183} INFO - Processing /opt/airflow/dags/pakakumi_scraper.py took 0.154 seconds
[2026-01-03T17:33:02.549+0000] {processor.py:161} INFO - Started process (PID=1396) to work on /opt/airflow/dags/pakakumi_scraper.py
[2026-01-03T17:33:02.550+0000] {processor.py:830} INFO - Processing file /opt/airflow/dags/pakakumi_scraper.py for tasks to queue
[2026-01-03T17:33:02.553+0000] {logging_mixin.py:188} INFO - [2026-01-03T17:33:02.553+0000] {dagbag.py:540} INFO - Filling up the DagBag from /opt/airflow/dags/pakakumi_scraper.py
[2026-01-03T17:33:02.584+0000] {processor.py:840} INFO - DAG(s) 'pakakumi_scraper' retrieved from /opt/airflow/dags/pakakumi_scraper.py
[2026-01-03T17:33:02.631+0000] {logging_mixin.py:188} INFO - [2026-01-03T17:33:02.630+0000] {dag.py:3096} INFO - Sync 1 DAGs
[2026-01-03T17:33:02.673+0000] {logging_mixin.py:188} INFO - [2026-01-03T17:33:02.673+0000] {dag.py:3954} INFO - Setting next_dagrun for pakakumi_scraper to 2026-01-03 17:00:00+00:00, run_after=2026-01-03 18:00:00+00:00
[2026-01-03T17:33:02.705+0000] {processor.py:183} INFO - Processing /opt/airflow/dags/pakakumi_scraper.py took 0.166 seconds
[2026-01-03T17:33:32.763+0000] {processor.py:161} INFO - Started process (PID=1401) to work on /opt/airflow/dags/pakakumi_scraper.py
[2026-01-03T17:33:32.764+0000] {processor.py:830} INFO - Processing file /opt/airflow/dags/pakakumi_scraper.py for tasks to queue
[2026-01-03T17:33:32.768+0000] {logging_mixin.py:188} INFO - [2026-01-03T17:33:32.767+0000] {dagbag.py:540} INFO - Filling up the DagBag from /opt/airflow/dags/pakakumi_scraper.py
[2026-01-03T17:33:32.795+0000] {processor.py:840} INFO - DAG(s) 'pakakumi_scraper' retrieved from /opt/airflow/dags/pakakumi_scraper.py
[2026-01-03T17:33:32.837+0000] {logging_mixin.py:188} INFO - [2026-01-03T17:33:32.837+0000] {dag.py:3096} INFO - Sync 1 DAGs
[2026-01-03T17:33:32.873+0000] {logging_mixin.py:188} INFO - [2026-01-03T17:33:32.873+0000] {dag.py:3954} INFO - Setting next_dagrun for pakakumi_scraper to 2026-01-03 17:00:00+00:00, run_after=2026-01-03 18:00:00+00:00
[2026-01-03T17:33:32.933+0000] {processor.py:183} INFO - Processing /opt/airflow/dags/pakakumi_scraper.py took 0.181 seconds
[2026-01-03T17:34:03.134+0000] {processor.py:161} INFO - Started process (PID=1406) to work on /opt/airflow/dags/pakakumi_scraper.py
[2026-01-03T17:34:03.136+0000] {processor.py:830} INFO - Processing file /opt/airflow/dags/pakakumi_scraper.py for tasks to queue
[2026-01-03T17:34:03.139+0000] {logging_mixin.py:188} INFO - [2026-01-03T17:34:03.138+0000] {dagbag.py:540} INFO - Filling up the DagBag from /opt/airflow/dags/pakakumi_scraper.py
[2026-01-03T17:34:03.169+0000] {processor.py:840} INFO - DAG(s) 'pakakumi_scraper' retrieved from /opt/airflow/dags/pakakumi_scraper.py
[2026-01-03T17:34:03.218+0000] {logging_mixin.py:188} INFO - [2026-01-03T17:34:03.218+0000] {dag.py:3096} INFO - Sync 1 DAGs
[2026-01-03T17:34:03.284+0000] {logging_mixin.py:188} INFO - [2026-01-03T17:34:03.284+0000] {dag.py:3954} INFO - Setting next_dagrun for pakakumi_scraper to 2026-01-03 17:00:00+00:00, run_after=2026-01-03 18:00:00+00:00
[2026-01-03T17:34:03.312+0000] {processor.py:183} INFO - Processing /opt/airflow/dags/pakakumi_scraper.py took 0.188 seconds
[2026-01-03T17:34:33.495+0000] {processor.py:161} INFO - Started process (PID=1411) to work on /opt/airflow/dags/pakakumi_scraper.py
[2026-01-03T17:34:33.496+0000] {processor.py:830} INFO - Processing file /opt/airflow/dags/pakakumi_scraper.py for tasks to queue
[2026-01-03T17:34:33.500+0000] {logging_mixin.py:188} INFO - [2026-01-03T17:34:33.500+0000] {dagbag.py:540} INFO - Filling up the DagBag from /opt/airflow/dags/pakakumi_scraper.py
[2026-01-03T17:34:33.531+0000] {processor.py:840} INFO - DAG(s) 'pakakumi_scraper' retrieved from /opt/airflow/dags/pakakumi_scraper.py
[2026-01-03T17:34:33.574+0000] {logging_mixin.py:188} INFO - [2026-01-03T17:34:33.574+0000] {dag.py:3096} INFO - Sync 1 DAGs
[2026-01-03T17:34:33.613+0000] {logging_mixin.py:188} INFO - [2026-01-03T17:34:33.613+0000] {dag.py:3954} INFO - Setting next_dagrun for pakakumi_scraper to 2026-01-03 17:00:00+00:00, run_after=2026-01-03 18:00:00+00:00
[2026-01-03T17:34:33.645+0000] {processor.py:183} INFO - Processing /opt/airflow/dags/pakakumi_scraper.py took 0.164 seconds
[2026-01-03T17:35:03.742+0000] {processor.py:161} INFO - Started process (PID=1416) to work on /opt/airflow/dags/pakakumi_scraper.py
[2026-01-03T17:35:03.743+0000] {processor.py:830} INFO - Processing file /opt/airflow/dags/pakakumi_scraper.py for tasks to queue
[2026-01-03T17:35:03.746+0000] {logging_mixin.py:188} INFO - [2026-01-03T17:35:03.746+0000] {dagbag.py:540} INFO - Filling up the DagBag from /opt/airflow/dags/pakakumi_scraper.py
[2026-01-03T17:35:03.778+0000] {processor.py:840} INFO - DAG(s) 'pakakumi_scraper' retrieved from /opt/airflow/dags/pakakumi_scraper.py
[2026-01-03T17:35:03.821+0000] {logging_mixin.py:188} INFO - [2026-01-03T17:35:03.821+0000] {dag.py:3096} INFO - Sync 1 DAGs
[2026-01-03T17:35:03.890+0000] {logging_mixin.py:188} INFO - [2026-01-03T17:35:03.890+0000] {dag.py:3954} INFO - Setting next_dagrun for pakakumi_scraper to 2026-01-03 17:00:00+00:00, run_after=2026-01-03 18:00:00+00:00
[2026-01-03T17:35:03.925+0000] {processor.py:183} INFO - Processing /opt/airflow/dags/pakakumi_scraper.py took 0.192 seconds
[2026-01-03T17:35:34.102+0000] {processor.py:161} INFO - Started process (PID=1421) to work on /opt/airflow/dags/pakakumi_scraper.py
[2026-01-03T17:35:34.104+0000] {processor.py:830} INFO - Processing file /opt/airflow/dags/pakakumi_scraper.py for tasks to queue
[2026-01-03T17:35:34.108+0000] {logging_mixin.py:188} INFO - [2026-01-03T17:35:34.107+0000] {dagbag.py:540} INFO - Filling up the DagBag from /opt/airflow/dags/pakakumi_scraper.py
[2026-01-03T17:35:34.145+0000] {processor.py:840} INFO - DAG(s) 'pakakumi_scraper' retrieved from /opt/airflow/dags/pakakumi_scraper.py
[2026-01-03T17:35:34.189+0000] {logging_mixin.py:188} INFO - [2026-01-03T17:35:34.188+0000] {dag.py:3096} INFO - Sync 1 DAGs
[2026-01-03T17:35:34.224+0000] {logging_mixin.py:188} INFO - [2026-01-03T17:35:34.223+0000] {dag.py:3954} INFO - Setting next_dagrun for pakakumi_scraper to 2026-01-03 17:00:00+00:00, run_after=2026-01-03 18:00:00+00:00
[2026-01-03T17:35:34.253+0000] {processor.py:183} INFO - Processing /opt/airflow/dags/pakakumi_scraper.py took 0.163 seconds
[2026-01-03T17:36:04.348+0000] {processor.py:161} INFO - Started process (PID=1426) to work on /opt/airflow/dags/pakakumi_scraper.py
[2026-01-03T17:36:04.349+0000] {processor.py:830} INFO - Processing file /opt/airflow/dags/pakakumi_scraper.py for tasks to queue
[2026-01-03T17:36:04.352+0000] {logging_mixin.py:188} INFO - [2026-01-03T17:36:04.352+0000] {dagbag.py:540} INFO - Filling up the DagBag from /opt/airflow/dags/pakakumi_scraper.py
[2026-01-03T17:36:04.382+0000] {processor.py:840} INFO - DAG(s) 'pakakumi_scraper' retrieved from /opt/airflow/dags/pakakumi_scraper.py
[2026-01-03T17:36:04.426+0000] {logging_mixin.py:188} INFO - [2026-01-03T17:36:04.426+0000] {dag.py:3096} INFO - Sync 1 DAGs
[2026-01-03T17:36:04.462+0000] {logging_mixin.py:188} INFO - [2026-01-03T17:36:04.462+0000] {dag.py:3954} INFO - Setting next_dagrun for pakakumi_scraper to 2026-01-03 17:00:00+00:00, run_after=2026-01-03 18:00:00+00:00
[2026-01-03T17:36:04.491+0000] {processor.py:183} INFO - Processing /opt/airflow/dags/pakakumi_scraper.py took 0.154 seconds
[2026-01-03T17:36:34.699+0000] {processor.py:161} INFO - Started process (PID=1431) to work on /opt/airflow/dags/pakakumi_scraper.py
[2026-01-03T17:36:34.701+0000] {processor.py:830} INFO - Processing file /opt/airflow/dags/pakakumi_scraper.py for tasks to queue
[2026-01-03T17:36:34.705+0000] {logging_mixin.py:188} INFO - [2026-01-03T17:36:34.704+0000] {dagbag.py:540} INFO - Filling up the DagBag from /opt/airflow/dags/pakakumi_scraper.py
[2026-01-03T17:36:34.735+0000] {processor.py:840} INFO - DAG(s) 'pakakumi_scraper' retrieved from /opt/airflow/dags/pakakumi_scraper.py
[2026-01-03T17:36:34.777+0000] {logging_mixin.py:188} INFO - [2026-01-03T17:36:34.777+0000] {dag.py:3096} INFO - Sync 1 DAGs
[2026-01-03T17:36:34.813+0000] {logging_mixin.py:188} INFO - [2026-01-03T17:36:34.813+0000] {dag.py:3954} INFO - Setting next_dagrun for pakakumi_scraper to 2026-01-03 17:00:00+00:00, run_after=2026-01-03 18:00:00+00:00
[2026-01-03T17:36:34.841+0000] {processor.py:183} INFO - Processing /opt/airflow/dags/pakakumi_scraper.py took 0.151 seconds
[2026-01-03T17:37:04.936+0000] {processor.py:161} INFO - Started process (PID=1436) to work on /opt/airflow/dags/pakakumi_scraper.py
[2026-01-03T17:37:04.937+0000] {processor.py:830} INFO - Processing file /opt/airflow/dags/pakakumi_scraper.py for tasks to queue
[2026-01-03T17:37:04.940+0000] {logging_mixin.py:188} INFO - [2026-01-03T17:37:04.940+0000] {dagbag.py:540} INFO - Filling up the DagBag from /opt/airflow/dags/pakakumi_scraper.py
[2026-01-03T17:37:04.969+0000] {processor.py:840} INFO - DAG(s) 'pakakumi_scraper' retrieved from /opt/airflow/dags/pakakumi_scraper.py
[2026-01-03T17:37:05.013+0000] {logging_mixin.py:188} INFO - [2026-01-03T17:37:05.012+0000] {dag.py:3096} INFO - Sync 1 DAGs
[2026-01-03T17:37:05.047+0000] {logging_mixin.py:188} INFO - [2026-01-03T17:37:05.047+0000] {dag.py:3954} INFO - Setting next_dagrun for pakakumi_scraper to 2026-01-03 17:00:00+00:00, run_after=2026-01-03 18:00:00+00:00
[2026-01-03T17:37:05.075+0000] {processor.py:183} INFO - Processing /opt/airflow/dags/pakakumi_scraper.py took 0.149 seconds
[2026-01-03T17:37:35.324+0000] {processor.py:161} INFO - Started process (PID=1441) to work on /opt/airflow/dags/pakakumi_scraper.py
[2026-01-03T17:37:35.325+0000] {processor.py:830} INFO - Processing file /opt/airflow/dags/pakakumi_scraper.py for tasks to queue
[2026-01-03T17:37:35.328+0000] {logging_mixin.py:188} INFO - [2026-01-03T17:37:35.328+0000] {dagbag.py:540} INFO - Filling up the DagBag from /opt/airflow/dags/pakakumi_scraper.py
[2026-01-03T17:37:35.353+0000] {processor.py:840} INFO - DAG(s) 'pakakumi_scraper' retrieved from /opt/airflow/dags/pakakumi_scraper.py
[2026-01-03T17:37:35.393+0000] {logging_mixin.py:188} INFO - [2026-01-03T17:37:35.393+0000] {dag.py:3096} INFO - Sync 1 DAGs
[2026-01-03T17:37:35.426+0000] {logging_mixin.py:188} INFO - [2026-01-03T17:37:35.426+0000] {dag.py:3954} INFO - Setting next_dagrun for pakakumi_scraper to 2026-01-03 17:00:00+00:00, run_after=2026-01-03 18:00:00+00:00
[2026-01-03T17:37:35.454+0000] {processor.py:183} INFO - Processing /opt/airflow/dags/pakakumi_scraper.py took 0.139 seconds
[2026-01-03T17:38:05.535+0000] {processor.py:161} INFO - Started process (PID=1446) to work on /opt/airflow/dags/pakakumi_scraper.py
[2026-01-03T17:38:05.538+0000] {processor.py:830} INFO - Processing file /opt/airflow/dags/pakakumi_scraper.py for tasks to queue
[2026-01-03T17:38:05.541+0000] {logging_mixin.py:188} INFO - [2026-01-03T17:38:05.540+0000] {dagbag.py:540} INFO - Filling up the DagBag from /opt/airflow/dags/pakakumi_scraper.py
[2026-01-03T17:38:05.569+0000] {processor.py:840} INFO - DAG(s) 'pakakumi_scraper' retrieved from /opt/airflow/dags/pakakumi_scraper.py
[2026-01-03T17:38:05.615+0000] {logging_mixin.py:188} INFO - [2026-01-03T17:38:05.614+0000] {dag.py:3096} INFO - Sync 1 DAGs
[2026-01-03T17:38:05.651+0000] {logging_mixin.py:188} INFO - [2026-01-03T17:38:05.650+0000] {dag.py:3954} INFO - Setting next_dagrun for pakakumi_scraper to 2026-01-03 17:00:00+00:00, run_after=2026-01-03 18:00:00+00:00
[2026-01-03T17:38:05.678+0000] {processor.py:183} INFO - Processing /opt/airflow/dags/pakakumi_scraper.py took 0.152 seconds
[2026-01-03T17:38:35.911+0000] {processor.py:161} INFO - Started process (PID=1451) to work on /opt/airflow/dags/pakakumi_scraper.py
[2026-01-03T17:38:35.912+0000] {processor.py:830} INFO - Processing file /opt/airflow/dags/pakakumi_scraper.py for tasks to queue
[2026-01-03T17:38:35.915+0000] {logging_mixin.py:188} INFO - [2026-01-03T17:38:35.915+0000] {dagbag.py:540} INFO - Filling up the DagBag from /opt/airflow/dags/pakakumi_scraper.py
[2026-01-03T17:38:35.942+0000] {processor.py:840} INFO - DAG(s) 'pakakumi_scraper' retrieved from /opt/airflow/dags/pakakumi_scraper.py
[2026-01-03T17:38:35.986+0000] {logging_mixin.py:188} INFO - [2026-01-03T17:38:35.986+0000] {dag.py:3096} INFO - Sync 1 DAGs
[2026-01-03T17:38:36.030+0000] {logging_mixin.py:188} INFO - [2026-01-03T17:38:36.029+0000] {dag.py:3954} INFO - Setting next_dagrun for pakakumi_scraper to 2026-01-03 17:00:00+00:00, run_after=2026-01-03 18:00:00+00:00
[2026-01-03T17:38:36.059+0000] {processor.py:183} INFO - Processing /opt/airflow/dags/pakakumi_scraper.py took 0.157 seconds
[2026-01-03T17:39:06.147+0000] {processor.py:161} INFO - Started process (PID=1456) to work on /opt/airflow/dags/pakakumi_scraper.py
[2026-01-03T17:39:06.148+0000] {processor.py:830} INFO - Processing file /opt/airflow/dags/pakakumi_scraper.py for tasks to queue
[2026-01-03T17:39:06.151+0000] {logging_mixin.py:188} INFO - [2026-01-03T17:39:06.150+0000] {dagbag.py:540} INFO - Filling up the DagBag from /opt/airflow/dags/pakakumi_scraper.py
[2026-01-03T17:39:06.179+0000] {processor.py:840} INFO - DAG(s) 'pakakumi_scraper' retrieved from /opt/airflow/dags/pakakumi_scraper.py
[2026-01-03T17:39:06.223+0000] {logging_mixin.py:188} INFO - [2026-01-03T17:39:06.222+0000] {dag.py:3096} INFO - Sync 1 DAGs
[2026-01-03T17:39:06.259+0000] {logging_mixin.py:188} INFO - [2026-01-03T17:39:06.259+0000] {dag.py:3954} INFO - Setting next_dagrun for pakakumi_scraper to 2026-01-03 17:00:00+00:00, run_after=2026-01-03 18:00:00+00:00
[2026-01-03T17:39:06.286+0000] {processor.py:183} INFO - Processing /opt/airflow/dags/pakakumi_scraper.py took 0.151 seconds
[2026-01-03T17:39:36.517+0000] {processor.py:161} INFO - Started process (PID=1461) to work on /opt/airflow/dags/pakakumi_scraper.py
[2026-01-03T17:39:36.518+0000] {processor.py:830} INFO - Processing file /opt/airflow/dags/pakakumi_scraper.py for tasks to queue
[2026-01-03T17:39:36.521+0000] {logging_mixin.py:188} INFO - [2026-01-03T17:39:36.521+0000] {dagbag.py:540} INFO - Filling up the DagBag from /opt/airflow/dags/pakakumi_scraper.py
[2026-01-03T17:39:36.551+0000] {processor.py:840} INFO - DAG(s) 'pakakumi_scraper' retrieved from /opt/airflow/dags/pakakumi_scraper.py
[2026-01-03T17:39:36.593+0000] {logging_mixin.py:188} INFO - [2026-01-03T17:39:36.593+0000] {dag.py:3096} INFO - Sync 1 DAGs
[2026-01-03T17:39:36.628+0000] {logging_mixin.py:188} INFO - [2026-01-03T17:39:36.628+0000] {dag.py:3954} INFO - Setting next_dagrun for pakakumi_scraper to 2026-01-03 17:00:00+00:00, run_after=2026-01-03 18:00:00+00:00
[2026-01-03T17:39:36.656+0000] {processor.py:183} INFO - Processing /opt/airflow/dags/pakakumi_scraper.py took 0.149 seconds
[2026-01-03T17:40:06.798+0000] {processor.py:161} INFO - Started process (PID=1466) to work on /opt/airflow/dags/pakakumi_scraper.py
[2026-01-03T17:40:06.800+0000] {processor.py:830} INFO - Processing file /opt/airflow/dags/pakakumi_scraper.py for tasks to queue
[2026-01-03T17:40:06.803+0000] {logging_mixin.py:188} INFO - [2026-01-03T17:40:06.802+0000] {dagbag.py:540} INFO - Filling up the DagBag from /opt/airflow/dags/pakakumi_scraper.py
[2026-01-03T17:40:06.833+0000] {processor.py:840} INFO - DAG(s) 'pakakumi_scraper' retrieved from /opt/airflow/dags/pakakumi_scraper.py
[2026-01-03T17:40:06.876+0000] {logging_mixin.py:188} INFO - [2026-01-03T17:40:06.875+0000] {dag.py:3096} INFO - Sync 1 DAGs
[2026-01-03T17:40:06.917+0000] {logging_mixin.py:188} INFO - [2026-01-03T17:40:06.916+0000] {dag.py:3954} INFO - Setting next_dagrun for pakakumi_scraper to 2026-01-03 17:00:00+00:00, run_after=2026-01-03 18:00:00+00:00
[2026-01-03T17:40:06.952+0000] {processor.py:183} INFO - Processing /opt/airflow/dags/pakakumi_scraper.py took 0.169 seconds
[2026-01-03T17:40:37.122+0000] {processor.py:161} INFO - Started process (PID=1471) to work on /opt/airflow/dags/pakakumi_scraper.py
[2026-01-03T17:40:37.124+0000] {processor.py:830} INFO - Processing file /opt/airflow/dags/pakakumi_scraper.py for tasks to queue
[2026-01-03T17:40:37.126+0000] {logging_mixin.py:188} INFO - [2026-01-03T17:40:37.126+0000] {dagbag.py:540} INFO - Filling up the DagBag from /opt/airflow/dags/pakakumi_scraper.py
[2026-01-03T17:40:37.158+0000] {processor.py:840} INFO - DAG(s) 'pakakumi_scraper' retrieved from /opt/airflow/dags/pakakumi_scraper.py
[2026-01-03T17:40:37.202+0000] {logging_mixin.py:188} INFO - [2026-01-03T17:40:37.201+0000] {dag.py:3096} INFO - Sync 1 DAGs
[2026-01-03T17:40:37.239+0000] {logging_mixin.py:188} INFO - [2026-01-03T17:40:37.238+0000] {dag.py:3954} INFO - Setting next_dagrun for pakakumi_scraper to 2026-01-03 17:00:00+00:00, run_after=2026-01-03 18:00:00+00:00
[2026-01-03T17:40:37.264+0000] {processor.py:183} INFO - Processing /opt/airflow/dags/pakakumi_scraper.py took 0.156 seconds
[2026-01-03T17:41:07.372+0000] {processor.py:161} INFO - Started process (PID=1476) to work on /opt/airflow/dags/pakakumi_scraper.py
[2026-01-03T17:41:07.374+0000] {processor.py:830} INFO - Processing file /opt/airflow/dags/pakakumi_scraper.py for tasks to queue
[2026-01-03T17:41:07.377+0000] {logging_mixin.py:188} INFO - [2026-01-03T17:41:07.377+0000] {dagbag.py:540} INFO - Filling up the DagBag from /opt/airflow/dags/pakakumi_scraper.py
[2026-01-03T17:41:07.406+0000] {processor.py:840} INFO - DAG(s) 'pakakumi_scraper' retrieved from /opt/airflow/dags/pakakumi_scraper.py
[2026-01-03T17:41:07.449+0000] {logging_mixin.py:188} INFO - [2026-01-03T17:41:07.449+0000] {dag.py:3096} INFO - Sync 1 DAGs
[2026-01-03T17:41:07.485+0000] {logging_mixin.py:188} INFO - [2026-01-03T17:41:07.485+0000] {dag.py:3954} INFO - Setting next_dagrun for pakakumi_scraper to 2026-01-03 17:00:00+00:00, run_after=2026-01-03 18:00:00+00:00
[2026-01-03T17:41:07.513+0000] {processor.py:183} INFO - Processing /opt/airflow/dags/pakakumi_scraper.py took 0.150 seconds
[2026-01-03T17:41:37.692+0000] {processor.py:161} INFO - Started process (PID=1481) to work on /opt/airflow/dags/pakakumi_scraper.py
[2026-01-03T17:41:37.693+0000] {processor.py:830} INFO - Processing file /opt/airflow/dags/pakakumi_scraper.py for tasks to queue
[2026-01-03T17:41:37.696+0000] {logging_mixin.py:188} INFO - [2026-01-03T17:41:37.696+0000] {dagbag.py:540} INFO - Filling up the DagBag from /opt/airflow/dags/pakakumi_scraper.py
[2026-01-03T17:41:37.729+0000] {processor.py:840} INFO - DAG(s) 'pakakumi_scraper' retrieved from /opt/airflow/dags/pakakumi_scraper.py
[2026-01-03T17:41:37.772+0000] {logging_mixin.py:188} INFO - [2026-01-03T17:41:37.772+0000] {dag.py:3096} INFO - Sync 1 DAGs
[2026-01-03T17:41:37.808+0000] {logging_mixin.py:188} INFO - [2026-01-03T17:41:37.808+0000] {dag.py:3954} INFO - Setting next_dagrun for pakakumi_scraper to 2026-01-03 17:00:00+00:00, run_after=2026-01-03 18:00:00+00:00
[2026-01-03T17:41:37.837+0000] {processor.py:183} INFO - Processing /opt/airflow/dags/pakakumi_scraper.py took 0.155 seconds
[2026-01-03T17:42:07.999+0000] {processor.py:161} INFO - Started process (PID=1486) to work on /opt/airflow/dags/pakakumi_scraper.py
[2026-01-03T17:42:08.000+0000] {processor.py:830} INFO - Processing file /opt/airflow/dags/pakakumi_scraper.py for tasks to queue
[2026-01-03T17:42:08.003+0000] {logging_mixin.py:188} INFO - [2026-01-03T17:42:08.003+0000] {dagbag.py:540} INFO - Filling up the DagBag from /opt/airflow/dags/pakakumi_scraper.py
[2026-01-03T17:42:08.032+0000] {processor.py:840} INFO - DAG(s) 'pakakumi_scraper' retrieved from /opt/airflow/dags/pakakumi_scraper.py
[2026-01-03T17:42:08.075+0000] {logging_mixin.py:188} INFO - [2026-01-03T17:42:08.075+0000] {dag.py:3096} INFO - Sync 1 DAGs
[2026-01-03T17:42:08.118+0000] {logging_mixin.py:188} INFO - [2026-01-03T17:42:08.118+0000] {dag.py:3954} INFO - Setting next_dagrun for pakakumi_scraper to 2026-01-03 17:00:00+00:00, run_after=2026-01-03 18:00:00+00:00
[2026-01-03T17:42:08.148+0000] {processor.py:183} INFO - Processing /opt/airflow/dags/pakakumi_scraper.py took 0.160 seconds
[2026-01-03T17:42:38.312+0000] {processor.py:161} INFO - Started process (PID=1491) to work on /opt/airflow/dags/pakakumi_scraper.py
[2026-01-03T17:42:38.313+0000] {processor.py:830} INFO - Processing file /opt/airflow/dags/pakakumi_scraper.py for tasks to queue
[2026-01-03T17:42:38.316+0000] {logging_mixin.py:188} INFO - [2026-01-03T17:42:38.316+0000] {dagbag.py:540} INFO - Filling up the DagBag from /opt/airflow/dags/pakakumi_scraper.py
[2026-01-03T17:42:38.345+0000] {processor.py:840} INFO - DAG(s) 'pakakumi_scraper' retrieved from /opt/airflow/dags/pakakumi_scraper.py
[2026-01-03T17:42:38.388+0000] {logging_mixin.py:188} INFO - [2026-01-03T17:42:38.388+0000] {dag.py:3096} INFO - Sync 1 DAGs
[2026-01-03T17:42:38.423+0000] {logging_mixin.py:188} INFO - [2026-01-03T17:42:38.423+0000] {dag.py:3954} INFO - Setting next_dagrun for pakakumi_scraper to 2026-01-03 17:00:00+00:00, run_after=2026-01-03 18:00:00+00:00
[2026-01-03T17:42:38.452+0000] {processor.py:183} INFO - Processing /opt/airflow/dags/pakakumi_scraper.py took 0.151 seconds
[2026-01-03T17:43:08.606+0000] {processor.py:161} INFO - Started process (PID=1496) to work on /opt/airflow/dags/pakakumi_scraper.py
[2026-01-03T17:43:08.607+0000] {processor.py:830} INFO - Processing file /opt/airflow/dags/pakakumi_scraper.py for tasks to queue
[2026-01-03T17:43:08.611+0000] {logging_mixin.py:188} INFO - [2026-01-03T17:43:08.611+0000] {dagbag.py:540} INFO - Filling up the DagBag from /opt/airflow/dags/pakakumi_scraper.py
[2026-01-03T17:43:08.648+0000] {processor.py:840} INFO - DAG(s) 'pakakumi_scraper' retrieved from /opt/airflow/dags/pakakumi_scraper.py
[2026-01-03T17:43:08.691+0000] {logging_mixin.py:188} INFO - [2026-01-03T17:43:08.690+0000] {dag.py:3096} INFO - Sync 1 DAGs
[2026-01-03T17:43:08.724+0000] {logging_mixin.py:188} INFO - [2026-01-03T17:43:08.724+0000] {dag.py:3954} INFO - Setting next_dagrun for pakakumi_scraper to 2026-01-03 17:00:00+00:00, run_after=2026-01-03 18:00:00+00:00
[2026-01-03T17:43:08.750+0000] {processor.py:183} INFO - Processing /opt/airflow/dags/pakakumi_scraper.py took 0.158 seconds
[2026-01-03T17:43:38.889+0000] {processor.py:161} INFO - Started process (PID=1501) to work on /opt/airflow/dags/pakakumi_scraper.py
[2026-01-03T17:43:38.890+0000] {processor.py:830} INFO - Processing file /opt/airflow/dags/pakakumi_scraper.py for tasks to queue
[2026-01-03T17:43:38.893+0000] {logging_mixin.py:188} INFO - [2026-01-03T17:43:38.893+0000] {dagbag.py:540} INFO - Filling up the DagBag from /opt/airflow/dags/pakakumi_scraper.py
[2026-01-03T17:43:38.922+0000] {processor.py:840} INFO - DAG(s) 'pakakumi_scraper' retrieved from /opt/airflow/dags/pakakumi_scraper.py
[2026-01-03T17:43:38.965+0000] {logging_mixin.py:188} INFO - [2026-01-03T17:43:38.965+0000] {dag.py:3096} INFO - Sync 1 DAGs
[2026-01-03T17:43:39.000+0000] {logging_mixin.py:188} INFO - [2026-01-03T17:43:39.000+0000] {dag.py:3954} INFO - Setting next_dagrun for pakakumi_scraper to 2026-01-03 17:00:00+00:00, run_after=2026-01-03 18:00:00+00:00
[2026-01-03T17:43:39.027+0000] {processor.py:183} INFO - Processing /opt/airflow/dags/pakakumi_scraper.py took 0.147 seconds
[2026-01-03T17:44:09.188+0000] {processor.py:161} INFO - Started process (PID=1506) to work on /opt/airflow/dags/pakakumi_scraper.py
[2026-01-03T17:44:09.190+0000] {processor.py:830} INFO - Processing file /opt/airflow/dags/pakakumi_scraper.py for tasks to queue
[2026-01-03T17:44:09.194+0000] {logging_mixin.py:188} INFO - [2026-01-03T17:44:09.193+0000] {dagbag.py:540} INFO - Filling up the DagBag from /opt/airflow/dags/pakakumi_scraper.py
[2026-01-03T17:44:09.232+0000] {processor.py:840} INFO - DAG(s) 'pakakumi_scraper' retrieved from /opt/airflow/dags/pakakumi_scraper.py
[2026-01-03T17:44:09.274+0000] {logging_mixin.py:188} INFO - [2026-01-03T17:44:09.274+0000] {dag.py:3096} INFO - Sync 1 DAGs
[2026-01-03T17:44:09.310+0000] {logging_mixin.py:188} INFO - [2026-01-03T17:44:09.310+0000] {dag.py:3954} INFO - Setting next_dagrun for pakakumi_scraper to 2026-01-03 17:00:00+00:00, run_after=2026-01-03 18:00:00+00:00
[2026-01-03T17:44:09.337+0000] {processor.py:183} INFO - Processing /opt/airflow/dags/pakakumi_scraper.py took 0.158 seconds
[2026-01-03T17:44:39.460+0000] {processor.py:161} INFO - Started process (PID=1511) to work on /opt/airflow/dags/pakakumi_scraper.py
[2026-01-03T17:44:39.462+0000] {processor.py:830} INFO - Processing file /opt/airflow/dags/pakakumi_scraper.py for tasks to queue
[2026-01-03T17:44:39.466+0000] {logging_mixin.py:188} INFO - [2026-01-03T17:44:39.465+0000] {dagbag.py:540} INFO - Filling up the DagBag from /opt/airflow/dags/pakakumi_scraper.py
[2026-01-03T17:44:39.496+0000] {processor.py:840} INFO - DAG(s) 'pakakumi_scraper' retrieved from /opt/airflow/dags/pakakumi_scraper.py
[2026-01-03T17:44:39.538+0000] {logging_mixin.py:188} INFO - [2026-01-03T17:44:39.538+0000] {dag.py:3096} INFO - Sync 1 DAGs
[2026-01-03T17:44:39.573+0000] {logging_mixin.py:188} INFO - [2026-01-03T17:44:39.572+0000] {dag.py:3954} INFO - Setting next_dagrun for pakakumi_scraper to 2026-01-03 17:00:00+00:00, run_after=2026-01-03 18:00:00+00:00
[2026-01-03T17:44:39.601+0000] {processor.py:183} INFO - Processing /opt/airflow/dags/pakakumi_scraper.py took 0.150 seconds
[2026-01-03T17:45:09.790+0000] {processor.py:161} INFO - Started process (PID=1516) to work on /opt/airflow/dags/pakakumi_scraper.py
[2026-01-03T17:45:09.791+0000] {processor.py:830} INFO - Processing file /opt/airflow/dags/pakakumi_scraper.py for tasks to queue
[2026-01-03T17:45:09.794+0000] {logging_mixin.py:188} INFO - [2026-01-03T17:45:09.794+0000] {dagbag.py:540} INFO - Filling up the DagBag from /opt/airflow/dags/pakakumi_scraper.py
[2026-01-03T17:45:09.826+0000] {processor.py:840} INFO - DAG(s) 'pakakumi_scraper' retrieved from /opt/airflow/dags/pakakumi_scraper.py
[2026-01-03T17:45:09.873+0000] {logging_mixin.py:188} INFO - [2026-01-03T17:45:09.872+0000] {dag.py:3096} INFO - Sync 1 DAGs
[2026-01-03T17:45:09.908+0000] {logging_mixin.py:188} INFO - [2026-01-03T17:45:09.908+0000] {dag.py:3954} INFO - Setting next_dagrun for pakakumi_scraper to 2026-01-03 17:00:00+00:00, run_after=2026-01-03 18:00:00+00:00
[2026-01-03T17:45:09.936+0000] {processor.py:183} INFO - Processing /opt/airflow/dags/pakakumi_scraper.py took 0.158 seconds
[2026-01-03T17:45:40.104+0000] {processor.py:161} INFO - Started process (PID=1521) to work on /opt/airflow/dags/pakakumi_scraper.py
[2026-01-03T17:45:40.106+0000] {processor.py:830} INFO - Processing file /opt/airflow/dags/pakakumi_scraper.py for tasks to queue
[2026-01-03T17:45:40.109+0000] {logging_mixin.py:188} INFO - [2026-01-03T17:45:40.108+0000] {dagbag.py:540} INFO - Filling up the DagBag from /opt/airflow/dags/pakakumi_scraper.py
[2026-01-03T17:45:40.137+0000] {processor.py:840} INFO - DAG(s) 'pakakumi_scraper' retrieved from /opt/airflow/dags/pakakumi_scraper.py
[2026-01-03T17:45:40.181+0000] {logging_mixin.py:188} INFO - [2026-01-03T17:45:40.181+0000] {dag.py:3096} INFO - Sync 1 DAGs
[2026-01-03T17:45:40.216+0000] {logging_mixin.py:188} INFO - [2026-01-03T17:45:40.216+0000] {dag.py:3954} INFO - Setting next_dagrun for pakakumi_scraper to 2026-01-03 17:00:00+00:00, run_after=2026-01-03 18:00:00+00:00
[2026-01-03T17:45:40.245+0000] {processor.py:183} INFO - Processing /opt/airflow/dags/pakakumi_scraper.py took 0.156 seconds
[2026-01-03T17:46:10.430+0000] {processor.py:161} INFO - Started process (PID=1526) to work on /opt/airflow/dags/pakakumi_scraper.py
[2026-01-03T17:46:10.431+0000] {processor.py:830} INFO - Processing file /opt/airflow/dags/pakakumi_scraper.py for tasks to queue
[2026-01-03T17:46:10.435+0000] {logging_mixin.py:188} INFO - [2026-01-03T17:46:10.435+0000] {dagbag.py:540} INFO - Filling up the DagBag from /opt/airflow/dags/pakakumi_scraper.py
[2026-01-03T17:46:10.463+0000] {processor.py:840} INFO - DAG(s) 'pakakumi_scraper' retrieved from /opt/airflow/dags/pakakumi_scraper.py
[2026-01-03T17:46:10.504+0000] {logging_mixin.py:188} INFO - [2026-01-03T17:46:10.504+0000] {dag.py:3096} INFO - Sync 1 DAGs
[2026-01-03T17:46:10.541+0000] {logging_mixin.py:188} INFO - [2026-01-03T17:46:10.541+0000] {dag.py:3954} INFO - Setting next_dagrun for pakakumi_scraper to 2026-01-03 17:00:00+00:00, run_after=2026-01-03 18:00:00+00:00
[2026-01-03T17:46:10.574+0000] {processor.py:183} INFO - Processing /opt/airflow/dags/pakakumi_scraper.py took 0.153 seconds
[2026-01-03T17:46:40.717+0000] {processor.py:161} INFO - Started process (PID=1531) to work on /opt/airflow/dags/pakakumi_scraper.py
[2026-01-03T17:46:40.718+0000] {processor.py:830} INFO - Processing file /opt/airflow/dags/pakakumi_scraper.py for tasks to queue
[2026-01-03T17:46:40.721+0000] {logging_mixin.py:188} INFO - [2026-01-03T17:46:40.721+0000] {dagbag.py:540} INFO - Filling up the DagBag from /opt/airflow/dags/pakakumi_scraper.py
[2026-01-03T17:46:40.751+0000] {processor.py:840} INFO - DAG(s) 'pakakumi_scraper' retrieved from /opt/airflow/dags/pakakumi_scraper.py
[2026-01-03T17:46:40.794+0000] {logging_mixin.py:188} INFO - [2026-01-03T17:46:40.794+0000] {dag.py:3096} INFO - Sync 1 DAGs
[2026-01-03T17:46:40.828+0000] {logging_mixin.py:188} INFO - [2026-01-03T17:46:40.827+0000] {dag.py:3954} INFO - Setting next_dagrun for pakakumi_scraper to 2026-01-03 17:00:00+00:00, run_after=2026-01-03 18:00:00+00:00
[2026-01-03T17:46:40.856+0000] {processor.py:183} INFO - Processing /opt/airflow/dags/pakakumi_scraper.py took 0.150 seconds
[2026-01-03T17:47:11.019+0000] {processor.py:161} INFO - Started process (PID=1536) to work on /opt/airflow/dags/pakakumi_scraper.py
[2026-01-03T17:47:11.021+0000] {processor.py:830} INFO - Processing file /opt/airflow/dags/pakakumi_scraper.py for tasks to queue
[2026-01-03T17:47:11.024+0000] {logging_mixin.py:188} INFO - [2026-01-03T17:47:11.023+0000] {dagbag.py:540} INFO - Filling up the DagBag from /opt/airflow/dags/pakakumi_scraper.py
[2026-01-03T17:47:11.053+0000] {processor.py:840} INFO - DAG(s) 'pakakumi_scraper' retrieved from /opt/airflow/dags/pakakumi_scraper.py
[2026-01-03T17:47:11.095+0000] {logging_mixin.py:188} INFO - [2026-01-03T17:47:11.095+0000] {dag.py:3096} INFO - Sync 1 DAGs
[2026-01-03T17:47:11.132+0000] {logging_mixin.py:188} INFO - [2026-01-03T17:47:11.131+0000] {dag.py:3954} INFO - Setting next_dagrun for pakakumi_scraper to 2026-01-03 17:00:00+00:00, run_after=2026-01-03 18:00:00+00:00
[2026-01-03T17:47:11.159+0000] {processor.py:183} INFO - Processing /opt/airflow/dags/pakakumi_scraper.py took 0.149 seconds
[2026-01-03T17:47:41.295+0000] {processor.py:161} INFO - Started process (PID=1541) to work on /opt/airflow/dags/pakakumi_scraper.py
[2026-01-03T17:47:41.297+0000] {processor.py:830} INFO - Processing file /opt/airflow/dags/pakakumi_scraper.py for tasks to queue
[2026-01-03T17:47:41.300+0000] {logging_mixin.py:188} INFO - [2026-01-03T17:47:41.300+0000] {dagbag.py:540} INFO - Filling up the DagBag from /opt/airflow/dags/pakakumi_scraper.py
[2026-01-03T17:47:41.330+0000] {processor.py:840} INFO - DAG(s) 'pakakumi_scraper' retrieved from /opt/airflow/dags/pakakumi_scraper.py
[2026-01-03T17:47:41.374+0000] {logging_mixin.py:188} INFO - [2026-01-03T17:47:41.374+0000] {dag.py:3096} INFO - Sync 1 DAGs
[2026-01-03T17:47:41.410+0000] {logging_mixin.py:188} INFO - [2026-01-03T17:47:41.409+0000] {dag.py:3954} INFO - Setting next_dagrun for pakakumi_scraper to 2026-01-03 17:00:00+00:00, run_after=2026-01-03 18:00:00+00:00
[2026-01-03T17:47:41.440+0000] {processor.py:183} INFO - Processing /opt/airflow/dags/pakakumi_scraper.py took 0.156 seconds
[2026-01-03T17:48:11.571+0000] {processor.py:161} INFO - Started process (PID=1546) to work on /opt/airflow/dags/pakakumi_scraper.py
[2026-01-03T17:48:11.572+0000] {processor.py:830} INFO - Processing file /opt/airflow/dags/pakakumi_scraper.py for tasks to queue
[2026-01-03T17:48:11.575+0000] {logging_mixin.py:188} INFO - [2026-01-03T17:48:11.575+0000] {dagbag.py:540} INFO - Filling up the DagBag from /opt/airflow/dags/pakakumi_scraper.py
[2026-01-03T17:48:11.604+0000] {processor.py:840} INFO - DAG(s) 'pakakumi_scraper' retrieved from /opt/airflow/dags/pakakumi_scraper.py
[2026-01-03T17:48:11.648+0000] {logging_mixin.py:188} INFO - [2026-01-03T17:48:11.648+0000] {dag.py:3096} INFO - Sync 1 DAGs
[2026-01-03T17:48:11.687+0000] {logging_mixin.py:188} INFO - [2026-01-03T17:48:11.687+0000] {dag.py:3954} INFO - Setting next_dagrun for pakakumi_scraper to 2026-01-03 17:00:00+00:00, run_after=2026-01-03 18:00:00+00:00
[2026-01-03T17:48:11.717+0000] {processor.py:183} INFO - Processing /opt/airflow/dags/pakakumi_scraper.py took 0.155 seconds
[2026-01-03T17:48:41.870+0000] {processor.py:161} INFO - Started process (PID=1551) to work on /opt/airflow/dags/pakakumi_scraper.py
[2026-01-03T17:48:41.872+0000] {processor.py:830} INFO - Processing file /opt/airflow/dags/pakakumi_scraper.py for tasks to queue
[2026-01-03T17:48:41.875+0000] {logging_mixin.py:188} INFO - [2026-01-03T17:48:41.874+0000] {dagbag.py:540} INFO - Filling up the DagBag from /opt/airflow/dags/pakakumi_scraper.py
[2026-01-03T17:48:41.903+0000] {processor.py:840} INFO - DAG(s) 'pakakumi_scraper' retrieved from /opt/airflow/dags/pakakumi_scraper.py
[2026-01-03T17:48:41.945+0000] {logging_mixin.py:188} INFO - [2026-01-03T17:48:41.945+0000] {dag.py:3096} INFO - Sync 1 DAGs
[2026-01-03T17:48:41.980+0000] {logging_mixin.py:188} INFO - [2026-01-03T17:48:41.980+0000] {dag.py:3954} INFO - Setting next_dagrun for pakakumi_scraper to 2026-01-03 17:00:00+00:00, run_after=2026-01-03 18:00:00+00:00
[2026-01-03T17:48:42.010+0000] {processor.py:183} INFO - Processing /opt/airflow/dags/pakakumi_scraper.py took 0.150 seconds
[2026-01-03T17:49:12.170+0000] {processor.py:161} INFO - Started process (PID=1556) to work on /opt/airflow/dags/pakakumi_scraper.py
[2026-01-03T17:49:12.171+0000] {processor.py:830} INFO - Processing file /opt/airflow/dags/pakakumi_scraper.py for tasks to queue
[2026-01-03T17:49:12.174+0000] {logging_mixin.py:188} INFO - [2026-01-03T17:49:12.173+0000] {dagbag.py:540} INFO - Filling up the DagBag from /opt/airflow/dags/pakakumi_scraper.py
[2026-01-03T17:49:12.201+0000] {processor.py:840} INFO - DAG(s) 'pakakumi_scraper' retrieved from /opt/airflow/dags/pakakumi_scraper.py
[2026-01-03T17:49:12.243+0000] {logging_mixin.py:188} INFO - [2026-01-03T17:49:12.243+0000] {dag.py:3096} INFO - Sync 1 DAGs
[2026-01-03T17:49:12.277+0000] {logging_mixin.py:188} INFO - [2026-01-03T17:49:12.277+0000] {dag.py:3954} INFO - Setting next_dagrun for pakakumi_scraper to 2026-01-03 17:00:00+00:00, run_after=2026-01-03 18:00:00+00:00
[2026-01-03T17:49:12.304+0000] {processor.py:183} INFO - Processing /opt/airflow/dags/pakakumi_scraper.py took 0.144 seconds
[2026-01-03T17:49:42.472+0000] {processor.py:161} INFO - Started process (PID=1561) to work on /opt/airflow/dags/pakakumi_scraper.py
[2026-01-03T17:49:42.474+0000] {processor.py:830} INFO - Processing file /opt/airflow/dags/pakakumi_scraper.py for tasks to queue
[2026-01-03T17:49:42.477+0000] {logging_mixin.py:188} INFO - [2026-01-03T17:49:42.477+0000] {dagbag.py:540} INFO - Filling up the DagBag from /opt/airflow/dags/pakakumi_scraper.py
[2026-01-03T17:49:42.508+0000] {processor.py:840} INFO - DAG(s) 'pakakumi_scraper' retrieved from /opt/airflow/dags/pakakumi_scraper.py
[2026-01-03T17:49:42.553+0000] {logging_mixin.py:188} INFO - [2026-01-03T17:49:42.552+0000] {dag.py:3096} INFO - Sync 1 DAGs
[2026-01-03T17:49:42.588+0000] {logging_mixin.py:188} INFO - [2026-01-03T17:49:42.588+0000] {dag.py:3954} INFO - Setting next_dagrun for pakakumi_scraper to 2026-01-03 17:00:00+00:00, run_after=2026-01-03 18:00:00+00:00
[2026-01-03T17:49:42.615+0000] {processor.py:183} INFO - Processing /opt/airflow/dags/pakakumi_scraper.py took 0.153 seconds
[2026-01-03T17:50:12.735+0000] {processor.py:161} INFO - Started process (PID=1566) to work on /opt/airflow/dags/pakakumi_scraper.py
[2026-01-03T17:50:12.737+0000] {processor.py:830} INFO - Processing file /opt/airflow/dags/pakakumi_scraper.py for tasks to queue
[2026-01-03T17:50:12.739+0000] {logging_mixin.py:188} INFO - [2026-01-03T17:50:12.739+0000] {dagbag.py:540} INFO - Filling up the DagBag from /opt/airflow/dags/pakakumi_scraper.py
[2026-01-03T17:50:12.770+0000] {processor.py:840} INFO - DAG(s) 'pakakumi_scraper' retrieved from /opt/airflow/dags/pakakumi_scraper.py
[2026-01-03T17:50:12.815+0000] {logging_mixin.py:188} INFO - [2026-01-03T17:50:12.814+0000] {dag.py:3096} INFO - Sync 1 DAGs
[2026-01-03T17:50:12.861+0000] {logging_mixin.py:188} INFO - [2026-01-03T17:50:12.861+0000] {dag.py:3954} INFO - Setting next_dagrun for pakakumi_scraper to 2026-01-03 17:00:00+00:00, run_after=2026-01-03 18:00:00+00:00
[2026-01-03T17:50:12.892+0000] {processor.py:183} INFO - Processing /opt/airflow/dags/pakakumi_scraper.py took 0.167 seconds
[2026-01-03T17:50:43.056+0000] {processor.py:161} INFO - Started process (PID=1571) to work on /opt/airflow/dags/pakakumi_scraper.py
[2026-01-03T17:50:43.058+0000] {processor.py:830} INFO - Processing file /opt/airflow/dags/pakakumi_scraper.py for tasks to queue
[2026-01-03T17:50:43.060+0000] {logging_mixin.py:188} INFO - [2026-01-03T17:50:43.060+0000] {dagbag.py:540} INFO - Filling up the DagBag from /opt/airflow/dags/pakakumi_scraper.py
[2026-01-03T17:50:43.089+0000] {processor.py:840} INFO - DAG(s) 'pakakumi_scraper' retrieved from /opt/airflow/dags/pakakumi_scraper.py
[2026-01-03T17:50:43.131+0000] {logging_mixin.py:188} INFO - [2026-01-03T17:50:43.130+0000] {dag.py:3096} INFO - Sync 1 DAGs
[2026-01-03T17:50:43.165+0000] {logging_mixin.py:188} INFO - [2026-01-03T17:50:43.165+0000] {dag.py:3954} INFO - Setting next_dagrun for pakakumi_scraper to 2026-01-03 17:00:00+00:00, run_after=2026-01-03 18:00:00+00:00
[2026-01-03T17:50:43.195+0000] {processor.py:183} INFO - Processing /opt/airflow/dags/pakakumi_scraper.py took 0.148 seconds
[2026-01-03T17:51:13.325+0000] {processor.py:161} INFO - Started process (PID=1576) to work on /opt/airflow/dags/pakakumi_scraper.py
[2026-01-03T17:51:13.327+0000] {processor.py:830} INFO - Processing file /opt/airflow/dags/pakakumi_scraper.py for tasks to queue
[2026-01-03T17:51:13.330+0000] {logging_mixin.py:188} INFO - [2026-01-03T17:51:13.330+0000] {dagbag.py:540} INFO - Filling up the DagBag from /opt/airflow/dags/pakakumi_scraper.py
[2026-01-03T17:51:13.360+0000] {processor.py:840} INFO - DAG(s) 'pakakumi_scraper' retrieved from /opt/airflow/dags/pakakumi_scraper.py
[2026-01-03T17:51:13.403+0000] {logging_mixin.py:188} INFO - [2026-01-03T17:51:13.402+0000] {dag.py:3096} INFO - Sync 1 DAGs
[2026-01-03T17:51:13.439+0000] {logging_mixin.py:188} INFO - [2026-01-03T17:51:13.439+0000] {dag.py:3954} INFO - Setting next_dagrun for pakakumi_scraper to 2026-01-03 17:00:00+00:00, run_after=2026-01-03 18:00:00+00:00
[2026-01-03T17:51:13.473+0000] {processor.py:183} INFO - Processing /opt/airflow/dags/pakakumi_scraper.py took 0.157 seconds
[2026-01-03T17:51:43.621+0000] {processor.py:161} INFO - Started process (PID=1581) to work on /opt/airflow/dags/pakakumi_scraper.py
[2026-01-03T17:51:43.622+0000] {processor.py:830} INFO - Processing file /opt/airflow/dags/pakakumi_scraper.py for tasks to queue
[2026-01-03T17:51:43.626+0000] {logging_mixin.py:188} INFO - [2026-01-03T17:51:43.625+0000] {dagbag.py:540} INFO - Filling up the DagBag from /opt/airflow/dags/pakakumi_scraper.py
[2026-01-03T17:51:43.656+0000] {processor.py:840} INFO - DAG(s) 'pakakumi_scraper' retrieved from /opt/airflow/dags/pakakumi_scraper.py
[2026-01-03T17:51:43.697+0000] {logging_mixin.py:188} INFO - [2026-01-03T17:51:43.696+0000] {dag.py:3096} INFO - Sync 1 DAGs
[2026-01-03T17:51:43.732+0000] {logging_mixin.py:188} INFO - [2026-01-03T17:51:43.732+0000] {dag.py:3954} INFO - Setting next_dagrun for pakakumi_scraper to 2026-01-03 17:00:00+00:00, run_after=2026-01-03 18:00:00+00:00
[2026-01-03T17:51:43.757+0000] {processor.py:183} INFO - Processing /opt/airflow/dags/pakakumi_scraper.py took 0.146 seconds
[2026-01-03T17:52:13.939+0000] {processor.py:161} INFO - Started process (PID=1586) to work on /opt/airflow/dags/pakakumi_scraper.py
[2026-01-03T17:52:13.940+0000] {processor.py:830} INFO - Processing file /opt/airflow/dags/pakakumi_scraper.py for tasks to queue
[2026-01-03T17:52:13.943+0000] {logging_mixin.py:188} INFO - [2026-01-03T17:52:13.942+0000] {dagbag.py:540} INFO - Filling up the DagBag from /opt/airflow/dags/pakakumi_scraper.py
[2026-01-03T17:52:13.973+0000] {processor.py:840} INFO - DAG(s) 'pakakumi_scraper' retrieved from /opt/airflow/dags/pakakumi_scraper.py
[2026-01-03T17:52:14.014+0000] {logging_mixin.py:188} INFO - [2026-01-03T17:52:14.013+0000] {dag.py:3096} INFO - Sync 1 DAGs
[2026-01-03T17:52:14.049+0000] {logging_mixin.py:188} INFO - [2026-01-03T17:52:14.048+0000] {dag.py:3954} INFO - Setting next_dagrun for pakakumi_scraper to 2026-01-03 17:00:00+00:00, run_after=2026-01-03 18:00:00+00:00
[2026-01-03T17:52:14.076+0000] {processor.py:183} INFO - Processing /opt/airflow/dags/pakakumi_scraper.py took 0.147 seconds
[2026-01-03T17:52:44.195+0000] {processor.py:161} INFO - Started process (PID=1591) to work on /opt/airflow/dags/pakakumi_scraper.py
[2026-01-03T17:52:44.197+0000] {processor.py:830} INFO - Processing file /opt/airflow/dags/pakakumi_scraper.py for tasks to queue
[2026-01-03T17:52:44.200+0000] {logging_mixin.py:188} INFO - [2026-01-03T17:52:44.199+0000] {dagbag.py:540} INFO - Filling up the DagBag from /opt/airflow/dags/pakakumi_scraper.py
[2026-01-03T17:52:44.230+0000] {processor.py:840} INFO - DAG(s) 'pakakumi_scraper' retrieved from /opt/airflow/dags/pakakumi_scraper.py
[2026-01-03T17:52:44.287+0000] {logging_mixin.py:188} INFO - [2026-01-03T17:52:44.286+0000] {dag.py:3096} INFO - Sync 1 DAGs
[2026-01-03T17:52:44.337+0000] {logging_mixin.py:188} INFO - [2026-01-03T17:52:44.337+0000] {dag.py:3954} INFO - Setting next_dagrun for pakakumi_scraper to 2026-01-03 17:00:00+00:00, run_after=2026-01-03 18:00:00+00:00
[2026-01-03T17:52:44.375+0000] {processor.py:183} INFO - Processing /opt/airflow/dags/pakakumi_scraper.py took 0.191 seconds
[2026-01-03T17:53:14.516+0000] {processor.py:161} INFO - Started process (PID=1596) to work on /opt/airflow/dags/pakakumi_scraper.py
[2026-01-03T17:53:14.518+0000] {processor.py:830} INFO - Processing file /opt/airflow/dags/pakakumi_scraper.py for tasks to queue
[2026-01-03T17:53:14.521+0000] {logging_mixin.py:188} INFO - [2026-01-03T17:53:14.521+0000] {dagbag.py:540} INFO - Filling up the DagBag from /opt/airflow/dags/pakakumi_scraper.py
[2026-01-03T17:53:14.549+0000] {processor.py:840} INFO - DAG(s) 'pakakumi_scraper' retrieved from /opt/airflow/dags/pakakumi_scraper.py
[2026-01-03T17:53:14.593+0000] {logging_mixin.py:188} INFO - [2026-01-03T17:53:14.593+0000] {dag.py:3096} INFO - Sync 1 DAGs
[2026-01-03T17:53:14.630+0000] {logging_mixin.py:188} INFO - [2026-01-03T17:53:14.630+0000] {dag.py:3954} INFO - Setting next_dagrun for pakakumi_scraper to 2026-01-03 17:00:00+00:00, run_after=2026-01-03 18:00:00+00:00
[2026-01-03T17:53:14.655+0000] {processor.py:183} INFO - Processing /opt/airflow/dags/pakakumi_scraper.py took 0.150 seconds
[2026-01-03T17:53:44.845+0000] {processor.py:161} INFO - Started process (PID=1601) to work on /opt/airflow/dags/pakakumi_scraper.py
[2026-01-03T17:53:44.846+0000] {processor.py:830} INFO - Processing file /opt/airflow/dags/pakakumi_scraper.py for tasks to queue
[2026-01-03T17:53:44.850+0000] {logging_mixin.py:188} INFO - [2026-01-03T17:53:44.849+0000] {dagbag.py:540} INFO - Filling up the DagBag from /opt/airflow/dags/pakakumi_scraper.py
[2026-01-03T17:53:44.880+0000] {processor.py:840} INFO - DAG(s) 'pakakumi_scraper' retrieved from /opt/airflow/dags/pakakumi_scraper.py
[2026-01-03T17:53:44.929+0000] {logging_mixin.py:188} INFO - [2026-01-03T17:53:44.928+0000] {dag.py:3096} INFO - Sync 1 DAGs
[2026-01-03T17:53:44.981+0000] {logging_mixin.py:188} INFO - [2026-01-03T17:53:44.981+0000] {dag.py:3954} INFO - Setting next_dagrun for pakakumi_scraper to 2026-01-03 17:00:00+00:00, run_after=2026-01-03 18:00:00+00:00
[2026-01-03T17:53:45.024+0000] {processor.py:183} INFO - Processing /opt/airflow/dags/pakakumi_scraper.py took 0.193 seconds
[2026-01-03T17:54:15.117+0000] {processor.py:161} INFO - Started process (PID=1606) to work on /opt/airflow/dags/pakakumi_scraper.py
[2026-01-03T17:54:15.118+0000] {processor.py:830} INFO - Processing file /opt/airflow/dags/pakakumi_scraper.py for tasks to queue
[2026-01-03T17:54:15.122+0000] {logging_mixin.py:188} INFO - [2026-01-03T17:54:15.122+0000] {dagbag.py:540} INFO - Filling up the DagBag from /opt/airflow/dags/pakakumi_scraper.py
[2026-01-03T17:54:15.157+0000] {processor.py:840} INFO - DAG(s) 'pakakumi_scraper' retrieved from /opt/airflow/dags/pakakumi_scraper.py
[2026-01-03T17:54:15.203+0000] {logging_mixin.py:188} INFO - [2026-01-03T17:54:15.202+0000] {dag.py:3096} INFO - Sync 1 DAGs
[2026-01-03T17:54:15.240+0000] {logging_mixin.py:188} INFO - [2026-01-03T17:54:15.239+0000] {dag.py:3954} INFO - Setting next_dagrun for pakakumi_scraper to 2026-01-03 17:00:00+00:00, run_after=2026-01-03 18:00:00+00:00
[2026-01-03T17:54:15.266+0000] {processor.py:183} INFO - Processing /opt/airflow/dags/pakakumi_scraper.py took 0.159 seconds
[2026-01-03T17:54:45.588+0000] {processor.py:161} INFO - Started process (PID=1611) to work on /opt/airflow/dags/pakakumi_scraper.py
[2026-01-03T17:54:45.590+0000] {processor.py:830} INFO - Processing file /opt/airflow/dags/pakakumi_scraper.py for tasks to queue
[2026-01-03T17:54:45.593+0000] {logging_mixin.py:188} INFO - [2026-01-03T17:54:45.592+0000] {dagbag.py:540} INFO - Filling up the DagBag from /opt/airflow/dags/pakakumi_scraper.py
[2026-01-03T17:54:45.621+0000] {processor.py:840} INFO - DAG(s) 'pakakumi_scraper' retrieved from /opt/airflow/dags/pakakumi_scraper.py
[2026-01-03T17:54:45.662+0000] {logging_mixin.py:188} INFO - [2026-01-03T17:54:45.661+0000] {dag.py:3096} INFO - Sync 1 DAGs
[2026-01-03T17:54:45.696+0000] {logging_mixin.py:188} INFO - [2026-01-03T17:54:45.695+0000] {dag.py:3954} INFO - Setting next_dagrun for pakakumi_scraper to 2026-01-03 17:00:00+00:00, run_after=2026-01-03 18:00:00+00:00
[2026-01-03T17:54:45.726+0000] {processor.py:183} INFO - Processing /opt/airflow/dags/pakakumi_scraper.py took 0.148 seconds
[2026-01-03T17:55:15.823+0000] {processor.py:161} INFO - Started process (PID=1616) to work on /opt/airflow/dags/pakakumi_scraper.py
[2026-01-03T17:55:15.825+0000] {processor.py:830} INFO - Processing file /opt/airflow/dags/pakakumi_scraper.py for tasks to queue
[2026-01-03T17:55:15.828+0000] {logging_mixin.py:188} INFO - [2026-01-03T17:55:15.828+0000] {dagbag.py:540} INFO - Filling up the DagBag from /opt/airflow/dags/pakakumi_scraper.py
[2026-01-03T17:55:15.858+0000] {processor.py:840} INFO - DAG(s) 'pakakumi_scraper' retrieved from /opt/airflow/dags/pakakumi_scraper.py
[2026-01-03T17:55:15.902+0000] {logging_mixin.py:188} INFO - [2026-01-03T17:55:15.901+0000] {dag.py:3096} INFO - Sync 1 DAGs
[2026-01-03T17:55:15.937+0000] {logging_mixin.py:188} INFO - [2026-01-03T17:55:15.937+0000] {dag.py:3954} INFO - Setting next_dagrun for pakakumi_scraper to 2026-01-03 17:00:00+00:00, run_after=2026-01-03 18:00:00+00:00
[2026-01-03T17:55:15.964+0000] {processor.py:183} INFO - Processing /opt/airflow/dags/pakakumi_scraper.py took 0.150 seconds
[2026-01-03T17:55:46.221+0000] {processor.py:161} INFO - Started process (PID=1621) to work on /opt/airflow/dags/pakakumi_scraper.py
[2026-01-03T17:55:46.223+0000] {processor.py:830} INFO - Processing file /opt/airflow/dags/pakakumi_scraper.py for tasks to queue
[2026-01-03T17:55:46.226+0000] {logging_mixin.py:188} INFO - [2026-01-03T17:55:46.225+0000] {dagbag.py:540} INFO - Filling up the DagBag from /opt/airflow/dags/pakakumi_scraper.py
[2026-01-03T17:55:46.257+0000] {processor.py:840} INFO - DAG(s) 'pakakumi_scraper' retrieved from /opt/airflow/dags/pakakumi_scraper.py
[2026-01-03T17:55:46.299+0000] {logging_mixin.py:188} INFO - [2026-01-03T17:55:46.299+0000] {dag.py:3096} INFO - Sync 1 DAGs
[2026-01-03T17:55:46.334+0000] {logging_mixin.py:188} INFO - [2026-01-03T17:55:46.333+0000] {dag.py:3954} INFO - Setting next_dagrun for pakakumi_scraper to 2026-01-03 17:00:00+00:00, run_after=2026-01-03 18:00:00+00:00
[2026-01-03T17:55:46.365+0000] {processor.py:183} INFO - Processing /opt/airflow/dags/pakakumi_scraper.py took 0.156 seconds
[2026-01-03T17:56:16.487+0000] {processor.py:161} INFO - Started process (PID=1626) to work on /opt/airflow/dags/pakakumi_scraper.py
[2026-01-03T17:56:16.490+0000] {processor.py:830} INFO - Processing file /opt/airflow/dags/pakakumi_scraper.py for tasks to queue
[2026-01-03T17:56:16.493+0000] {logging_mixin.py:188} INFO - [2026-01-03T17:56:16.493+0000] {dagbag.py:540} INFO - Filling up the DagBag from /opt/airflow/dags/pakakumi_scraper.py
[2026-01-03T17:56:16.523+0000] {processor.py:840} INFO - DAG(s) 'pakakumi_scraper' retrieved from /opt/airflow/dags/pakakumi_scraper.py
[2026-01-03T17:56:16.567+0000] {logging_mixin.py:188} INFO - [2026-01-03T17:56:16.566+0000] {dag.py:3096} INFO - Sync 1 DAGs
[2026-01-03T17:56:16.604+0000] {logging_mixin.py:188} INFO - [2026-01-03T17:56:16.604+0000] {dag.py:3954} INFO - Setting next_dagrun for pakakumi_scraper to 2026-01-03 17:00:00+00:00, run_after=2026-01-03 18:00:00+00:00
[2026-01-03T17:56:16.631+0000] {processor.py:183} INFO - Processing /opt/airflow/dags/pakakumi_scraper.py took 0.158 seconds
[2026-01-03T17:56:46.793+0000] {processor.py:161} INFO - Started process (PID=1631) to work on /opt/airflow/dags/pakakumi_scraper.py
[2026-01-03T17:56:46.795+0000] {processor.py:830} INFO - Processing file /opt/airflow/dags/pakakumi_scraper.py for tasks to queue
[2026-01-03T17:56:46.798+0000] {logging_mixin.py:188} INFO - [2026-01-03T17:56:46.798+0000] {dagbag.py:540} INFO - Filling up the DagBag from /opt/airflow/dags/pakakumi_scraper.py
[2026-01-03T17:56:46.830+0000] {processor.py:840} INFO - DAG(s) 'pakakumi_scraper' retrieved from /opt/airflow/dags/pakakumi_scraper.py
[2026-01-03T17:56:46.875+0000] {logging_mixin.py:188} INFO - [2026-01-03T17:56:46.875+0000] {dag.py:3096} INFO - Sync 1 DAGs
[2026-01-03T17:56:46.909+0000] {logging_mixin.py:188} INFO - [2026-01-03T17:56:46.908+0000] {dag.py:3954} INFO - Setting next_dagrun for pakakumi_scraper to 2026-01-03 17:00:00+00:00, run_after=2026-01-03 18:00:00+00:00
[2026-01-03T17:56:46.937+0000] {processor.py:183} INFO - Processing /opt/airflow/dags/pakakumi_scraper.py took 0.153 seconds
[2026-01-03T17:57:17.095+0000] {processor.py:161} INFO - Started process (PID=1636) to work on /opt/airflow/dags/pakakumi_scraper.py
[2026-01-03T17:57:17.096+0000] {processor.py:830} INFO - Processing file /opt/airflow/dags/pakakumi_scraper.py for tasks to queue
[2026-01-03T17:57:17.099+0000] {logging_mixin.py:188} INFO - [2026-01-03T17:57:17.099+0000] {dagbag.py:540} INFO - Filling up the DagBag from /opt/airflow/dags/pakakumi_scraper.py
[2026-01-03T17:57:17.129+0000] {processor.py:840} INFO - DAG(s) 'pakakumi_scraper' retrieved from /opt/airflow/dags/pakakumi_scraper.py
[2026-01-03T17:57:17.172+0000] {logging_mixin.py:188} INFO - [2026-01-03T17:57:17.172+0000] {dag.py:3096} INFO - Sync 1 DAGs
[2026-01-03T17:57:17.209+0000] {logging_mixin.py:188} INFO - [2026-01-03T17:57:17.209+0000] {dag.py:3954} INFO - Setting next_dagrun for pakakumi_scraper to 2026-01-03 17:00:00+00:00, run_after=2026-01-03 18:00:00+00:00
[2026-01-03T17:57:17.238+0000] {processor.py:183} INFO - Processing /opt/airflow/dags/pakakumi_scraper.py took 0.155 seconds
[2026-01-03T17:57:47.432+0000] {processor.py:161} INFO - Started process (PID=1641) to work on /opt/airflow/dags/pakakumi_scraper.py
[2026-01-03T17:57:47.434+0000] {processor.py:830} INFO - Processing file /opt/airflow/dags/pakakumi_scraper.py for tasks to queue
[2026-01-03T17:57:47.439+0000] {logging_mixin.py:188} INFO - [2026-01-03T17:57:47.438+0000] {dagbag.py:540} INFO - Filling up the DagBag from /opt/airflow/dags/pakakumi_scraper.py
[2026-01-03T17:57:47.469+0000] {processor.py:840} INFO - DAG(s) 'pakakumi_scraper' retrieved from /opt/airflow/dags/pakakumi_scraper.py
[2026-01-03T17:57:47.514+0000] {logging_mixin.py:188} INFO - [2026-01-03T17:57:47.514+0000] {dag.py:3096} INFO - Sync 1 DAGs
[2026-01-03T17:57:47.553+0000] {logging_mixin.py:188} INFO - [2026-01-03T17:57:47.553+0000] {dag.py:3954} INFO - Setting next_dagrun for pakakumi_scraper to 2026-01-03 17:00:00+00:00, run_after=2026-01-03 18:00:00+00:00
[2026-01-03T17:57:47.580+0000] {processor.py:183} INFO - Processing /opt/airflow/dags/pakakumi_scraper.py took 0.162 seconds
[2026-01-03T17:58:17.736+0000] {processor.py:161} INFO - Started process (PID=1646) to work on /opt/airflow/dags/pakakumi_scraper.py
[2026-01-03T17:58:17.738+0000] {processor.py:830} INFO - Processing file /opt/airflow/dags/pakakumi_scraper.py for tasks to queue
[2026-01-03T17:58:17.743+0000] {logging_mixin.py:188} INFO - [2026-01-03T17:58:17.742+0000] {dagbag.py:540} INFO - Filling up the DagBag from /opt/airflow/dags/pakakumi_scraper.py
[2026-01-03T17:58:17.791+0000] {processor.py:840} INFO - DAG(s) 'pakakumi_scraper' retrieved from /opt/airflow/dags/pakakumi_scraper.py
[2026-01-03T17:58:17.856+0000] {logging_mixin.py:188} INFO - [2026-01-03T17:58:17.855+0000] {dag.py:3096} INFO - Sync 1 DAGs
[2026-01-03T17:58:17.890+0000] {logging_mixin.py:188} INFO - [2026-01-03T17:58:17.889+0000] {dag.py:3954} INFO - Setting next_dagrun for pakakumi_scraper to 2026-01-03 17:00:00+00:00, run_after=2026-01-03 18:00:00+00:00
[2026-01-03T17:58:17.917+0000] {processor.py:183} INFO - Processing /opt/airflow/dags/pakakumi_scraper.py took 0.197 seconds
[2026-01-03T17:58:48.048+0000] {processor.py:161} INFO - Started process (PID=1651) to work on /opt/airflow/dags/pakakumi_scraper.py
[2026-01-03T17:58:48.049+0000] {processor.py:830} INFO - Processing file /opt/airflow/dags/pakakumi_scraper.py for tasks to queue
[2026-01-03T17:58:48.052+0000] {logging_mixin.py:188} INFO - [2026-01-03T17:58:48.051+0000] {dagbag.py:540} INFO - Filling up the DagBag from /opt/airflow/dags/pakakumi_scraper.py
[2026-01-03T17:58:48.082+0000] {processor.py:840} INFO - DAG(s) 'pakakumi_scraper' retrieved from /opt/airflow/dags/pakakumi_scraper.py
[2026-01-03T17:58:48.125+0000] {logging_mixin.py:188} INFO - [2026-01-03T17:58:48.125+0000] {dag.py:3096} INFO - Sync 1 DAGs
[2026-01-03T17:58:48.164+0000] {logging_mixin.py:188} INFO - [2026-01-03T17:58:48.164+0000] {dag.py:3954} INFO - Setting next_dagrun for pakakumi_scraper to 2026-01-03 17:00:00+00:00, run_after=2026-01-03 18:00:00+00:00
[2026-01-03T17:58:48.193+0000] {processor.py:183} INFO - Processing /opt/airflow/dags/pakakumi_scraper.py took 0.156 seconds
[2026-01-03T17:59:18.411+0000] {processor.py:161} INFO - Started process (PID=1656) to work on /opt/airflow/dags/pakakumi_scraper.py
[2026-01-03T17:59:18.412+0000] {processor.py:830} INFO - Processing file /opt/airflow/dags/pakakumi_scraper.py for tasks to queue
[2026-01-03T17:59:18.415+0000] {logging_mixin.py:188} INFO - [2026-01-03T17:59:18.414+0000] {dagbag.py:540} INFO - Filling up the DagBag from /opt/airflow/dags/pakakumi_scraper.py
[2026-01-03T17:59:18.444+0000] {processor.py:840} INFO - DAG(s) 'pakakumi_scraper' retrieved from /opt/airflow/dags/pakakumi_scraper.py
[2026-01-03T17:59:18.488+0000] {logging_mixin.py:188} INFO - [2026-01-03T17:59:18.488+0000] {dag.py:3096} INFO - Sync 1 DAGs
[2026-01-03T17:59:18.524+0000] {logging_mixin.py:188} INFO - [2026-01-03T17:59:18.523+0000] {dag.py:3954} INFO - Setting next_dagrun for pakakumi_scraper to 2026-01-03 17:00:00+00:00, run_after=2026-01-03 18:00:00+00:00
[2026-01-03T17:59:18.549+0000] {processor.py:183} INFO - Processing /opt/airflow/dags/pakakumi_scraper.py took 0.148 seconds
[2026-01-03T17:59:48.666+0000] {processor.py:161} INFO - Started process (PID=1661) to work on /opt/airflow/dags/pakakumi_scraper.py
[2026-01-03T17:59:48.667+0000] {processor.py:830} INFO - Processing file /opt/airflow/dags/pakakumi_scraper.py for tasks to queue
[2026-01-03T17:59:48.673+0000] {logging_mixin.py:188} INFO - [2026-01-03T17:59:48.672+0000] {dagbag.py:540} INFO - Filling up the DagBag from /opt/airflow/dags/pakakumi_scraper.py
[2026-01-03T17:59:48.702+0000] {processor.py:840} INFO - DAG(s) 'pakakumi_scraper' retrieved from /opt/airflow/dags/pakakumi_scraper.py
[2026-01-03T17:59:48.756+0000] {logging_mixin.py:188} INFO - [2026-01-03T17:59:48.756+0000] {dag.py:3096} INFO - Sync 1 DAGs
[2026-01-03T17:59:48.792+0000] {logging_mixin.py:188} INFO - [2026-01-03T17:59:48.792+0000] {dag.py:3954} INFO - Setting next_dagrun for pakakumi_scraper to 2026-01-03 17:00:00+00:00, run_after=2026-01-03 18:00:00+00:00
[2026-01-03T17:59:48.822+0000] {processor.py:183} INFO - Processing /opt/airflow/dags/pakakumi_scraper.py took 0.177 seconds
[2026-01-03T18:00:19.003+0000] {processor.py:161} INFO - Started process (PID=1669) to work on /opt/airflow/dags/pakakumi_scraper.py
[2026-01-03T18:00:19.005+0000] {processor.py:830} INFO - Processing file /opt/airflow/dags/pakakumi_scraper.py for tasks to queue
[2026-01-03T18:00:19.008+0000] {logging_mixin.py:188} INFO - [2026-01-03T18:00:19.007+0000] {dagbag.py:540} INFO - Filling up the DagBag from /opt/airflow/dags/pakakumi_scraper.py
[2026-01-03T18:00:19.038+0000] {processor.py:840} INFO - DAG(s) 'pakakumi_scraper' retrieved from /opt/airflow/dags/pakakumi_scraper.py
[2026-01-03T18:00:19.079+0000] {logging_mixin.py:188} INFO - [2026-01-03T18:00:19.078+0000] {dag.py:3096} INFO - Sync 1 DAGs
[2026-01-03T18:00:19.117+0000] {logging_mixin.py:188} INFO - [2026-01-03T18:00:19.117+0000] {dag.py:3954} INFO - Setting next_dagrun for pakakumi_scraper to 2026-01-03 18:00:00+00:00, run_after=2026-01-03 19:00:00+00:00
[2026-01-03T18:00:19.145+0000] {processor.py:183} INFO - Processing /opt/airflow/dags/pakakumi_scraper.py took 0.153 seconds
[2026-01-03T18:00:49.308+0000] {processor.py:161} INFO - Started process (PID=1674) to work on /opt/airflow/dags/pakakumi_scraper.py
[2026-01-03T18:00:49.309+0000] {processor.py:830} INFO - Processing file /opt/airflow/dags/pakakumi_scraper.py for tasks to queue
[2026-01-03T18:00:49.312+0000] {logging_mixin.py:188} INFO - [2026-01-03T18:00:49.312+0000] {dagbag.py:540} INFO - Filling up the DagBag from /opt/airflow/dags/pakakumi_scraper.py
[2026-01-03T18:00:49.341+0000] {processor.py:840} INFO - DAG(s) 'pakakumi_scraper' retrieved from /opt/airflow/dags/pakakumi_scraper.py
[2026-01-03T18:00:49.383+0000] {logging_mixin.py:188} INFO - [2026-01-03T18:00:49.382+0000] {dag.py:3096} INFO - Sync 1 DAGs
[2026-01-03T18:00:49.421+0000] {logging_mixin.py:188} INFO - [2026-01-03T18:00:49.420+0000] {dag.py:3954} INFO - Setting next_dagrun for pakakumi_scraper to 2026-01-03 18:00:00+00:00, run_after=2026-01-03 19:00:00+00:00
[2026-01-03T18:00:49.450+0000] {processor.py:183} INFO - Processing /opt/airflow/dags/pakakumi_scraper.py took 0.155 seconds
[2026-01-03T18:01:19.588+0000] {processor.py:161} INFO - Started process (PID=1679) to work on /opt/airflow/dags/pakakumi_scraper.py
[2026-01-03T18:01:19.589+0000] {processor.py:830} INFO - Processing file /opt/airflow/dags/pakakumi_scraper.py for tasks to queue
[2026-01-03T18:01:19.592+0000] {logging_mixin.py:188} INFO - [2026-01-03T18:01:19.592+0000] {dagbag.py:540} INFO - Filling up the DagBag from /opt/airflow/dags/pakakumi_scraper.py
[2026-01-03T18:01:19.620+0000] {processor.py:840} INFO - DAG(s) 'pakakumi_scraper' retrieved from /opt/airflow/dags/pakakumi_scraper.py
[2026-01-03T18:01:19.665+0000] {logging_mixin.py:188} INFO - [2026-01-03T18:01:19.665+0000] {dag.py:3096} INFO - Sync 1 DAGs
[2026-01-03T18:01:19.702+0000] {logging_mixin.py:188} INFO - [2026-01-03T18:01:19.702+0000] {dag.py:3954} INFO - Setting next_dagrun for pakakumi_scraper to 2026-01-03 18:00:00+00:00, run_after=2026-01-03 19:00:00+00:00
[2026-01-03T18:01:19.731+0000] {processor.py:183} INFO - Processing /opt/airflow/dags/pakakumi_scraper.py took 0.153 seconds
[2026-01-03T18:01:49.934+0000] {processor.py:161} INFO - Started process (PID=1684) to work on /opt/airflow/dags/pakakumi_scraper.py
[2026-01-03T18:01:49.936+0000] {processor.py:830} INFO - Processing file /opt/airflow/dags/pakakumi_scraper.py for tasks to queue
[2026-01-03T18:01:49.939+0000] {logging_mixin.py:188} INFO - [2026-01-03T18:01:49.939+0000] {dagbag.py:540} INFO - Filling up the DagBag from /opt/airflow/dags/pakakumi_scraper.py
[2026-01-03T18:01:49.968+0000] {processor.py:840} INFO - DAG(s) 'pakakumi_scraper' retrieved from /opt/airflow/dags/pakakumi_scraper.py
[2026-01-03T18:01:50.010+0000] {logging_mixin.py:188} INFO - [2026-01-03T18:01:50.010+0000] {dag.py:3096} INFO - Sync 1 DAGs
[2026-01-03T18:01:50.054+0000] {logging_mixin.py:188} INFO - [2026-01-03T18:01:50.053+0000] {dag.py:3954} INFO - Setting next_dagrun for pakakumi_scraper to 2026-01-03 18:00:00+00:00, run_after=2026-01-03 19:00:00+00:00
[2026-01-03T18:01:50.079+0000] {processor.py:183} INFO - Processing /opt/airflow/dags/pakakumi_scraper.py took 0.157 seconds
[2026-01-03T18:02:20.193+0000] {processor.py:161} INFO - Started process (PID=1689) to work on /opt/airflow/dags/pakakumi_scraper.py
[2026-01-03T18:02:20.194+0000] {processor.py:830} INFO - Processing file /opt/airflow/dags/pakakumi_scraper.py for tasks to queue
[2026-01-03T18:02:20.198+0000] {logging_mixin.py:188} INFO - [2026-01-03T18:02:20.197+0000] {dagbag.py:540} INFO - Filling up the DagBag from /opt/airflow/dags/pakakumi_scraper.py
[2026-01-03T18:02:20.226+0000] {processor.py:840} INFO - DAG(s) 'pakakumi_scraper' retrieved from /opt/airflow/dags/pakakumi_scraper.py
[2026-01-03T18:02:20.270+0000] {logging_mixin.py:188} INFO - [2026-01-03T18:02:20.270+0000] {dag.py:3096} INFO - Sync 1 DAGs
[2026-01-03T18:02:20.306+0000] {logging_mixin.py:188} INFO - [2026-01-03T18:02:20.306+0000] {dag.py:3954} INFO - Setting next_dagrun for pakakumi_scraper to 2026-01-03 18:00:00+00:00, run_after=2026-01-03 19:00:00+00:00
[2026-01-03T18:02:20.333+0000] {processor.py:183} INFO - Processing /opt/airflow/dags/pakakumi_scraper.py took 0.151 seconds
[2026-01-03T18:02:50.548+0000] {processor.py:161} INFO - Started process (PID=1694) to work on /opt/airflow/dags/pakakumi_scraper.py
[2026-01-03T18:02:50.549+0000] {processor.py:830} INFO - Processing file /opt/airflow/dags/pakakumi_scraper.py for tasks to queue
[2026-01-03T18:02:50.552+0000] {logging_mixin.py:188} INFO - [2026-01-03T18:02:50.552+0000] {dagbag.py:540} INFO - Filling up the DagBag from /opt/airflow/dags/pakakumi_scraper.py
[2026-01-03T18:02:50.580+0000] {processor.py:840} INFO - DAG(s) 'pakakumi_scraper' retrieved from /opt/airflow/dags/pakakumi_scraper.py
[2026-01-03T18:02:50.622+0000] {logging_mixin.py:188} INFO - [2026-01-03T18:02:50.622+0000] {dag.py:3096} INFO - Sync 1 DAGs
[2026-01-03T18:02:50.661+0000] {logging_mixin.py:188} INFO - [2026-01-03T18:02:50.661+0000] {dag.py:3954} INFO - Setting next_dagrun for pakakumi_scraper to 2026-01-03 18:00:00+00:00, run_after=2026-01-03 19:00:00+00:00
[2026-01-03T18:02:50.688+0000] {processor.py:183} INFO - Processing /opt/airflow/dags/pakakumi_scraper.py took 0.150 seconds
[2026-01-03T18:03:20.806+0000] {processor.py:161} INFO - Started process (PID=1699) to work on /opt/airflow/dags/pakakumi_scraper.py
[2026-01-03T18:03:20.808+0000] {processor.py:830} INFO - Processing file /opt/airflow/dags/pakakumi_scraper.py for tasks to queue
[2026-01-03T18:03:20.812+0000] {logging_mixin.py:188} INFO - [2026-01-03T18:03:20.811+0000] {dagbag.py:540} INFO - Filling up the DagBag from /opt/airflow/dags/pakakumi_scraper.py
[2026-01-03T18:03:20.840+0000] {processor.py:840} INFO - DAG(s) 'pakakumi_scraper' retrieved from /opt/airflow/dags/pakakumi_scraper.py
[2026-01-03T18:03:20.886+0000] {logging_mixin.py:188} INFO - [2026-01-03T18:03:20.886+0000] {dag.py:3096} INFO - Sync 1 DAGs
[2026-01-03T18:03:20.924+0000] {logging_mixin.py:188} INFO - [2026-01-03T18:03:20.924+0000] {dag.py:3954} INFO - Setting next_dagrun for pakakumi_scraper to 2026-01-03 18:00:00+00:00, run_after=2026-01-03 19:00:00+00:00
[2026-01-03T18:03:20.952+0000] {processor.py:183} INFO - Processing /opt/airflow/dags/pakakumi_scraper.py took 0.155 seconds
[2026-01-03T18:03:51.152+0000] {processor.py:161} INFO - Started process (PID=1704) to work on /opt/airflow/dags/pakakumi_scraper.py
[2026-01-03T18:03:51.153+0000] {processor.py:830} INFO - Processing file /opt/airflow/dags/pakakumi_scraper.py for tasks to queue
[2026-01-03T18:03:51.157+0000] {logging_mixin.py:188} INFO - [2026-01-03T18:03:51.157+0000] {dagbag.py:540} INFO - Filling up the DagBag from /opt/airflow/dags/pakakumi_scraper.py
[2026-01-03T18:03:51.184+0000] {processor.py:840} INFO - DAG(s) 'pakakumi_scraper' retrieved from /opt/airflow/dags/pakakumi_scraper.py
[2026-01-03T18:03:51.230+0000] {logging_mixin.py:188} INFO - [2026-01-03T18:03:51.230+0000] {dag.py:3096} INFO - Sync 1 DAGs
[2026-01-03T18:03:51.268+0000] {logging_mixin.py:188} INFO - [2026-01-03T18:03:51.267+0000] {dag.py:3954} INFO - Setting next_dagrun for pakakumi_scraper to 2026-01-03 18:00:00+00:00, run_after=2026-01-03 19:00:00+00:00
[2026-01-03T18:03:51.295+0000] {processor.py:183} INFO - Processing /opt/airflow/dags/pakakumi_scraper.py took 0.151 seconds
[2026-01-03T18:04:21.432+0000] {processor.py:161} INFO - Started process (PID=1709) to work on /opt/airflow/dags/pakakumi_scraper.py
[2026-01-03T18:04:21.434+0000] {processor.py:830} INFO - Processing file /opt/airflow/dags/pakakumi_scraper.py for tasks to queue
[2026-01-03T18:04:21.438+0000] {logging_mixin.py:188} INFO - [2026-01-03T18:04:21.437+0000] {dagbag.py:540} INFO - Filling up the DagBag from /opt/airflow/dags/pakakumi_scraper.py
[2026-01-03T18:04:21.465+0000] {processor.py:840} INFO - DAG(s) 'pakakumi_scraper' retrieved from /opt/airflow/dags/pakakumi_scraper.py
[2026-01-03T18:04:21.512+0000] {logging_mixin.py:188} INFO - [2026-01-03T18:04:21.511+0000] {dag.py:3096} INFO - Sync 1 DAGs
[2026-01-03T18:04:21.549+0000] {logging_mixin.py:188} INFO - [2026-01-03T18:04:21.548+0000] {dag.py:3954} INFO - Setting next_dagrun for pakakumi_scraper to 2026-01-03 18:00:00+00:00, run_after=2026-01-03 19:00:00+00:00
[2026-01-03T18:04:21.577+0000] {processor.py:183} INFO - Processing /opt/airflow/dags/pakakumi_scraper.py took 0.163 seconds
[2026-01-03T18:04:51.802+0000] {processor.py:161} INFO - Started process (PID=1714) to work on /opt/airflow/dags/pakakumi_scraper.py
[2026-01-03T18:04:51.803+0000] {processor.py:830} INFO - Processing file /opt/airflow/dags/pakakumi_scraper.py for tasks to queue
[2026-01-03T18:04:51.806+0000] {logging_mixin.py:188} INFO - [2026-01-03T18:04:51.806+0000] {dagbag.py:540} INFO - Filling up the DagBag from /opt/airflow/dags/pakakumi_scraper.py
[2026-01-03T18:04:51.881+0000] {processor.py:840} INFO - DAG(s) 'pakakumi_scraper' retrieved from /opt/airflow/dags/pakakumi_scraper.py
[2026-01-03T18:04:51.925+0000] {logging_mixin.py:188} INFO - [2026-01-03T18:04:51.924+0000] {dag.py:3096} INFO - Sync 1 DAGs
[2026-01-03T18:04:51.960+0000] {logging_mixin.py:188} INFO - [2026-01-03T18:04:51.960+0000] {dag.py:3954} INFO - Setting next_dagrun for pakakumi_scraper to 2026-01-03 18:00:00+00:00, run_after=2026-01-03 19:00:00+00:00
[2026-01-03T18:04:51.987+0000] {processor.py:183} INFO - Processing /opt/airflow/dags/pakakumi_scraper.py took 0.198 seconds
[2026-01-03T18:05:22.061+0000] {processor.py:161} INFO - Started process (PID=1719) to work on /opt/airflow/dags/pakakumi_scraper.py
[2026-01-03T18:05:22.063+0000] {processor.py:830} INFO - Processing file /opt/airflow/dags/pakakumi_scraper.py for tasks to queue
[2026-01-03T18:05:22.067+0000] {logging_mixin.py:188} INFO - [2026-01-03T18:05:22.066+0000] {dagbag.py:540} INFO - Filling up the DagBag from /opt/airflow/dags/pakakumi_scraper.py
[2026-01-03T18:05:22.100+0000] {processor.py:840} INFO - DAG(s) 'pakakumi_scraper' retrieved from /opt/airflow/dags/pakakumi_scraper.py
[2026-01-03T18:05:22.147+0000] {logging_mixin.py:188} INFO - [2026-01-03T18:05:22.146+0000] {dag.py:3096} INFO - Sync 1 DAGs
[2026-01-03T18:05:22.188+0000] {logging_mixin.py:188} INFO - [2026-01-03T18:05:22.187+0000] {dag.py:3954} INFO - Setting next_dagrun for pakakumi_scraper to 2026-01-03 18:00:00+00:00, run_after=2026-01-03 19:00:00+00:00
[2026-01-03T18:05:22.218+0000] {processor.py:183} INFO - Processing /opt/airflow/dags/pakakumi_scraper.py took 0.168 seconds
[2026-01-03T18:05:52.446+0000] {processor.py:161} INFO - Started process (PID=1724) to work on /opt/airflow/dags/pakakumi_scraper.py
[2026-01-03T18:05:52.447+0000] {processor.py:830} INFO - Processing file /opt/airflow/dags/pakakumi_scraper.py for tasks to queue
[2026-01-03T18:05:52.450+0000] {logging_mixin.py:188} INFO - [2026-01-03T18:05:52.449+0000] {dagbag.py:540} INFO - Filling up the DagBag from /opt/airflow/dags/pakakumi_scraper.py
[2026-01-03T18:05:52.480+0000] {processor.py:840} INFO - DAG(s) 'pakakumi_scraper' retrieved from /opt/airflow/dags/pakakumi_scraper.py
[2026-01-03T18:05:52.521+0000] {logging_mixin.py:188} INFO - [2026-01-03T18:05:52.520+0000] {dag.py:3096} INFO - Sync 1 DAGs
[2026-01-03T18:05:52.554+0000] {logging_mixin.py:188} INFO - [2026-01-03T18:05:52.554+0000] {dag.py:3954} INFO - Setting next_dagrun for pakakumi_scraper to 2026-01-03 18:00:00+00:00, run_after=2026-01-03 19:00:00+00:00
[2026-01-03T18:05:52.581+0000] {processor.py:183} INFO - Processing /opt/airflow/dags/pakakumi_scraper.py took 0.146 seconds
[2026-01-03T18:06:22.695+0000] {processor.py:161} INFO - Started process (PID=1729) to work on /opt/airflow/dags/pakakumi_scraper.py
[2026-01-03T18:06:22.696+0000] {processor.py:830} INFO - Processing file /opt/airflow/dags/pakakumi_scraper.py for tasks to queue
[2026-01-03T18:06:22.701+0000] {logging_mixin.py:188} INFO - [2026-01-03T18:06:22.700+0000] {dagbag.py:540} INFO - Filling up the DagBag from /opt/airflow/dags/pakakumi_scraper.py
[2026-01-03T18:06:22.730+0000] {processor.py:840} INFO - DAG(s) 'pakakumi_scraper' retrieved from /opt/airflow/dags/pakakumi_scraper.py
[2026-01-03T18:06:22.775+0000] {logging_mixin.py:188} INFO - [2026-01-03T18:06:22.775+0000] {dag.py:3096} INFO - Sync 1 DAGs
[2026-01-03T18:06:22.813+0000] {logging_mixin.py:188} INFO - [2026-01-03T18:06:22.813+0000] {dag.py:3954} INFO - Setting next_dagrun for pakakumi_scraper to 2026-01-03 18:00:00+00:00, run_after=2026-01-03 19:00:00+00:00
[2026-01-03T18:06:22.849+0000] {processor.py:183} INFO - Processing /opt/airflow/dags/pakakumi_scraper.py took 0.165 seconds
[2026-01-03T18:06:53.031+0000] {processor.py:161} INFO - Started process (PID=1734) to work on /opt/airflow/dags/pakakumi_scraper.py
[2026-01-03T18:06:53.033+0000] {processor.py:830} INFO - Processing file /opt/airflow/dags/pakakumi_scraper.py for tasks to queue
[2026-01-03T18:06:53.038+0000] {logging_mixin.py:188} INFO - [2026-01-03T18:06:53.037+0000] {dagbag.py:540} INFO - Filling up the DagBag from /opt/airflow/dags/pakakumi_scraper.py
[2026-01-03T18:06:53.071+0000] {processor.py:840} INFO - DAG(s) 'pakakumi_scraper' retrieved from /opt/airflow/dags/pakakumi_scraper.py
[2026-01-03T18:06:53.143+0000] {logging_mixin.py:188} INFO - [2026-01-03T18:06:53.142+0000] {dag.py:3096} INFO - Sync 1 DAGs
[2026-01-03T18:06:53.210+0000] {logging_mixin.py:188} INFO - [2026-01-03T18:06:53.210+0000] {dag.py:3954} INFO - Setting next_dagrun for pakakumi_scraper to 2026-01-03 18:00:00+00:00, run_after=2026-01-03 19:00:00+00:00
[2026-01-03T18:06:53.237+0000] {processor.py:183} INFO - Processing /opt/airflow/dags/pakakumi_scraper.py took 0.218 seconds
[2026-01-03T18:07:23.316+0000] {processor.py:161} INFO - Started process (PID=1739) to work on /opt/airflow/dags/pakakumi_scraper.py
[2026-01-03T18:07:23.318+0000] {processor.py:830} INFO - Processing file /opt/airflow/dags/pakakumi_scraper.py for tasks to queue
[2026-01-03T18:07:23.322+0000] {logging_mixin.py:188} INFO - [2026-01-03T18:07:23.321+0000] {dagbag.py:540} INFO - Filling up the DagBag from /opt/airflow/dags/pakakumi_scraper.py
[2026-01-03T18:07:23.360+0000] {processor.py:840} INFO - DAG(s) 'pakakumi_scraper' retrieved from /opt/airflow/dags/pakakumi_scraper.py
[2026-01-03T18:07:23.403+0000] {logging_mixin.py:188} INFO - [2026-01-03T18:07:23.403+0000] {dag.py:3096} INFO - Sync 1 DAGs
[2026-01-03T18:07:23.440+0000] {logging_mixin.py:188} INFO - [2026-01-03T18:07:23.440+0000] {dag.py:3954} INFO - Setting next_dagrun for pakakumi_scraper to 2026-01-03 18:00:00+00:00, run_after=2026-01-03 19:00:00+00:00
[2026-01-03T18:07:23.465+0000] {processor.py:183} INFO - Processing /opt/airflow/dags/pakakumi_scraper.py took 0.158 seconds
[2026-01-03T18:07:53.714+0000] {processor.py:161} INFO - Started process (PID=1744) to work on /opt/airflow/dags/pakakumi_scraper.py
[2026-01-03T18:07:53.716+0000] {processor.py:830} INFO - Processing file /opt/airflow/dags/pakakumi_scraper.py for tasks to queue
[2026-01-03T18:07:53.720+0000] {logging_mixin.py:188} INFO - [2026-01-03T18:07:53.719+0000] {dagbag.py:540} INFO - Filling up the DagBag from /opt/airflow/dags/pakakumi_scraper.py
[2026-01-03T18:07:53.748+0000] {processor.py:840} INFO - DAG(s) 'pakakumi_scraper' retrieved from /opt/airflow/dags/pakakumi_scraper.py
[2026-01-03T18:07:53.795+0000] {logging_mixin.py:188} INFO - [2026-01-03T18:07:53.794+0000] {dag.py:3096} INFO - Sync 1 DAGs
[2026-01-03T18:07:53.834+0000] {logging_mixin.py:188} INFO - [2026-01-03T18:07:53.833+0000] {dag.py:3954} INFO - Setting next_dagrun for pakakumi_scraper to 2026-01-03 18:00:00+00:00, run_after=2026-01-03 19:00:00+00:00
[2026-01-03T18:07:53.865+0000] {processor.py:183} INFO - Processing /opt/airflow/dags/pakakumi_scraper.py took 0.162 seconds
[2026-01-03T18:08:24.001+0000] {processor.py:161} INFO - Started process (PID=1749) to work on /opt/airflow/dags/pakakumi_scraper.py
[2026-01-03T18:08:24.003+0000] {processor.py:830} INFO - Processing file /opt/airflow/dags/pakakumi_scraper.py for tasks to queue
[2026-01-03T18:08:24.007+0000] {logging_mixin.py:188} INFO - [2026-01-03T18:08:24.007+0000] {dagbag.py:540} INFO - Filling up the DagBag from /opt/airflow/dags/pakakumi_scraper.py
[2026-01-03T18:08:24.038+0000] {processor.py:840} INFO - DAG(s) 'pakakumi_scraper' retrieved from /opt/airflow/dags/pakakumi_scraper.py
[2026-01-03T18:08:24.090+0000] {logging_mixin.py:188} INFO - [2026-01-03T18:08:24.090+0000] {dag.py:3096} INFO - Sync 1 DAGs
[2026-01-03T18:08:24.132+0000] {logging_mixin.py:188} INFO - [2026-01-03T18:08:24.132+0000] {dag.py:3954} INFO - Setting next_dagrun for pakakumi_scraper to 2026-01-03 18:00:00+00:00, run_after=2026-01-03 19:00:00+00:00
[2026-01-03T18:08:24.160+0000] {processor.py:183} INFO - Processing /opt/airflow/dags/pakakumi_scraper.py took 0.169 seconds
[2026-01-03T18:08:54.325+0000] {processor.py:161} INFO - Started process (PID=1754) to work on /opt/airflow/dags/pakakumi_scraper.py
[2026-01-03T18:08:54.327+0000] {processor.py:830} INFO - Processing file /opt/airflow/dags/pakakumi_scraper.py for tasks to queue
[2026-01-03T18:08:54.331+0000] {logging_mixin.py:188} INFO - [2026-01-03T18:08:54.330+0000] {dagbag.py:540} INFO - Filling up the DagBag from /opt/airflow/dags/pakakumi_scraper.py
[2026-01-03T18:08:54.368+0000] {processor.py:840} INFO - DAG(s) 'pakakumi_scraper' retrieved from /opt/airflow/dags/pakakumi_scraper.py
[2026-01-03T18:08:54.409+0000] {logging_mixin.py:188} INFO - [2026-01-03T18:08:54.409+0000] {dag.py:3096} INFO - Sync 1 DAGs
[2026-01-03T18:08:54.444+0000] {logging_mixin.py:188} INFO - [2026-01-03T18:08:54.444+0000] {dag.py:3954} INFO - Setting next_dagrun for pakakumi_scraper to 2026-01-03 18:00:00+00:00, run_after=2026-01-03 19:00:00+00:00
[2026-01-03T18:08:54.472+0000] {processor.py:183} INFO - Processing /opt/airflow/dags/pakakumi_scraper.py took 0.158 seconds
[2026-01-03T18:09:24.606+0000] {processor.py:161} INFO - Started process (PID=1759) to work on /opt/airflow/dags/pakakumi_scraper.py
[2026-01-03T18:09:24.607+0000] {processor.py:830} INFO - Processing file /opt/airflow/dags/pakakumi_scraper.py for tasks to queue
[2026-01-03T18:09:24.611+0000] {logging_mixin.py:188} INFO - [2026-01-03T18:09:24.611+0000] {dagbag.py:540} INFO - Filling up the DagBag from /opt/airflow/dags/pakakumi_scraper.py
[2026-01-03T18:09:24.641+0000] {processor.py:840} INFO - DAG(s) 'pakakumi_scraper' retrieved from /opt/airflow/dags/pakakumi_scraper.py
[2026-01-03T18:09:24.687+0000] {logging_mixin.py:188} INFO - [2026-01-03T18:09:24.687+0000] {dag.py:3096} INFO - Sync 1 DAGs
[2026-01-03T18:09:24.731+0000] {logging_mixin.py:188} INFO - [2026-01-03T18:09:24.730+0000] {dag.py:3954} INFO - Setting next_dagrun for pakakumi_scraper to 2026-01-03 18:00:00+00:00, run_after=2026-01-03 19:00:00+00:00
[2026-01-03T18:09:24.758+0000] {processor.py:183} INFO - Processing /opt/airflow/dags/pakakumi_scraper.py took 0.163 seconds
[2026-01-03T18:09:54.932+0000] {processor.py:161} INFO - Started process (PID=1764) to work on /opt/airflow/dags/pakakumi_scraper.py
[2026-01-03T18:09:54.933+0000] {processor.py:830} INFO - Processing file /opt/airflow/dags/pakakumi_scraper.py for tasks to queue
[2026-01-03T18:09:54.937+0000] {logging_mixin.py:188} INFO - [2026-01-03T18:09:54.936+0000] {dagbag.py:540} INFO - Filling up the DagBag from /opt/airflow/dags/pakakumi_scraper.py
[2026-01-03T18:09:54.970+0000] {processor.py:840} INFO - DAG(s) 'pakakumi_scraper' retrieved from /opt/airflow/dags/pakakumi_scraper.py
[2026-01-03T18:09:55.017+0000] {logging_mixin.py:188} INFO - [2026-01-03T18:09:55.016+0000] {dag.py:3096} INFO - Sync 1 DAGs
[2026-01-03T18:09:55.053+0000] {logging_mixin.py:188} INFO - [2026-01-03T18:09:55.052+0000] {dag.py:3954} INFO - Setting next_dagrun for pakakumi_scraper to 2026-01-03 18:00:00+00:00, run_after=2026-01-03 19:00:00+00:00
[2026-01-03T18:09:55.078+0000] {processor.py:183} INFO - Processing /opt/airflow/dags/pakakumi_scraper.py took 0.158 seconds
[2026-01-03T18:10:25.217+0000] {processor.py:161} INFO - Started process (PID=1769) to work on /opt/airflow/dags/pakakumi_scraper.py
[2026-01-03T18:10:25.219+0000] {processor.py:830} INFO - Processing file /opt/airflow/dags/pakakumi_scraper.py for tasks to queue
[2026-01-03T18:10:25.225+0000] {logging_mixin.py:188} INFO - [2026-01-03T18:10:25.224+0000] {dagbag.py:540} INFO - Filling up the DagBag from /opt/airflow/dags/pakakumi_scraper.py
[2026-01-03T18:10:25.268+0000] {processor.py:840} INFO - DAG(s) 'pakakumi_scraper' retrieved from /opt/airflow/dags/pakakumi_scraper.py
[2026-01-03T18:10:25.314+0000] {logging_mixin.py:188} INFO - [2026-01-03T18:10:25.313+0000] {dag.py:3096} INFO - Sync 1 DAGs
[2026-01-03T18:10:25.350+0000] {logging_mixin.py:188} INFO - [2026-01-03T18:10:25.350+0000] {dag.py:3954} INFO - Setting next_dagrun for pakakumi_scraper to 2026-01-03 18:00:00+00:00, run_after=2026-01-03 19:00:00+00:00
[2026-01-03T18:10:25.380+0000] {processor.py:183} INFO - Processing /opt/airflow/dags/pakakumi_scraper.py took 0.178 seconds
[2026-01-03T18:10:55.590+0000] {processor.py:161} INFO - Started process (PID=1774) to work on /opt/airflow/dags/pakakumi_scraper.py
[2026-01-03T18:10:55.591+0000] {processor.py:830} INFO - Processing file /opt/airflow/dags/pakakumi_scraper.py for tasks to queue
[2026-01-03T18:10:55.596+0000] {logging_mixin.py:188} INFO - [2026-01-03T18:10:55.595+0000] {dagbag.py:540} INFO - Filling up the DagBag from /opt/airflow/dags/pakakumi_scraper.py
[2026-01-03T18:10:55.648+0000] {processor.py:840} INFO - DAG(s) 'pakakumi_scraper' retrieved from /opt/airflow/dags/pakakumi_scraper.py
[2026-01-03T18:10:55.696+0000] {logging_mixin.py:188} INFO - [2026-01-03T18:10:55.696+0000] {dag.py:3096} INFO - Sync 1 DAGs
[2026-01-03T18:10:55.733+0000] {logging_mixin.py:188} INFO - [2026-01-03T18:10:55.732+0000] {dag.py:3954} INFO - Setting next_dagrun for pakakumi_scraper to 2026-01-03 18:00:00+00:00, run_after=2026-01-03 19:00:00+00:00
[2026-01-03T18:10:55.759+0000] {processor.py:183} INFO - Processing /opt/airflow/dags/pakakumi_scraper.py took 0.181 seconds
[2026-01-03T18:11:25.810+0000] {processor.py:161} INFO - Started process (PID=1779) to work on /opt/airflow/dags/pakakumi_scraper.py
[2026-01-03T18:11:25.812+0000] {processor.py:830} INFO - Processing file /opt/airflow/dags/pakakumi_scraper.py for tasks to queue
[2026-01-03T18:11:25.817+0000] {logging_mixin.py:188} INFO - [2026-01-03T18:11:25.816+0000] {dagbag.py:540} INFO - Filling up the DagBag from /opt/airflow/dags/pakakumi_scraper.py
[2026-01-03T18:11:25.859+0000] {processor.py:840} INFO - DAG(s) 'pakakumi_scraper' retrieved from /opt/airflow/dags/pakakumi_scraper.py
[2026-01-03T18:11:25.908+0000] {logging_mixin.py:188} INFO - [2026-01-03T18:11:25.908+0000] {dag.py:3096} INFO - Sync 1 DAGs
[2026-01-03T18:11:25.944+0000] {logging_mixin.py:188} INFO - [2026-01-03T18:11:25.944+0000] {dag.py:3954} INFO - Setting next_dagrun for pakakumi_scraper to 2026-01-03 18:00:00+00:00, run_after=2026-01-03 19:00:00+00:00
[2026-01-03T18:11:25.974+0000] {processor.py:183} INFO - Processing /opt/airflow/dags/pakakumi_scraper.py took 0.173 seconds
[2026-01-03T18:11:56.242+0000] {processor.py:161} INFO - Started process (PID=1784) to work on /opt/airflow/dags/pakakumi_scraper.py
[2026-01-03T18:11:56.243+0000] {processor.py:830} INFO - Processing file /opt/airflow/dags/pakakumi_scraper.py for tasks to queue
[2026-01-03T18:11:56.247+0000] {logging_mixin.py:188} INFO - [2026-01-03T18:11:56.247+0000] {dagbag.py:540} INFO - Filling up the DagBag from /opt/airflow/dags/pakakumi_scraper.py
[2026-01-03T18:11:56.274+0000] {processor.py:840} INFO - DAG(s) 'pakakumi_scraper' retrieved from /opt/airflow/dags/pakakumi_scraper.py
[2026-01-03T18:11:56.315+0000] {logging_mixin.py:188} INFO - [2026-01-03T18:11:56.314+0000] {dag.py:3096} INFO - Sync 1 DAGs
[2026-01-03T18:11:56.350+0000] {logging_mixin.py:188} INFO - [2026-01-03T18:11:56.350+0000] {dag.py:3954} INFO - Setting next_dagrun for pakakumi_scraper to 2026-01-03 18:00:00+00:00, run_after=2026-01-03 19:00:00+00:00
[2026-01-03T18:11:56.387+0000] {processor.py:183} INFO - Processing /opt/airflow/dags/pakakumi_scraper.py took 0.156 seconds
[2026-01-03T18:12:26.452+0000] {processor.py:161} INFO - Started process (PID=1789) to work on /opt/airflow/dags/pakakumi_scraper.py
[2026-01-03T18:12:26.454+0000] {processor.py:830} INFO - Processing file /opt/airflow/dags/pakakumi_scraper.py for tasks to queue
[2026-01-03T18:12:26.458+0000] {logging_mixin.py:188} INFO - [2026-01-03T18:12:26.457+0000] {dagbag.py:540} INFO - Filling up the DagBag from /opt/airflow/dags/pakakumi_scraper.py
[2026-01-03T18:12:26.495+0000] {processor.py:840} INFO - DAG(s) 'pakakumi_scraper' retrieved from /opt/airflow/dags/pakakumi_scraper.py
[2026-01-03T18:12:26.555+0000] {logging_mixin.py:188} INFO - [2026-01-03T18:12:26.555+0000] {dag.py:3096} INFO - Sync 1 DAGs
[2026-01-03T18:12:26.596+0000] {logging_mixin.py:188} INFO - [2026-01-03T18:12:26.596+0000] {dag.py:3954} INFO - Setting next_dagrun for pakakumi_scraper to 2026-01-03 18:00:00+00:00, run_after=2026-01-03 19:00:00+00:00
[2026-01-03T18:12:26.626+0000] {processor.py:183} INFO - Processing /opt/airflow/dags/pakakumi_scraper.py took 0.184 seconds
[2026-01-03T18:12:56.826+0000] {processor.py:161} INFO - Started process (PID=1794) to work on /opt/airflow/dags/pakakumi_scraper.py
[2026-01-03T18:12:56.827+0000] {processor.py:830} INFO - Processing file /opt/airflow/dags/pakakumi_scraper.py for tasks to queue
[2026-01-03T18:12:56.830+0000] {logging_mixin.py:188} INFO - [2026-01-03T18:12:56.830+0000] {dagbag.py:540} INFO - Filling up the DagBag from /opt/airflow/dags/pakakumi_scraper.py
[2026-01-03T18:12:56.859+0000] {processor.py:840} INFO - DAG(s) 'pakakumi_scraper' retrieved from /opt/airflow/dags/pakakumi_scraper.py
[2026-01-03T18:12:56.902+0000] {logging_mixin.py:188} INFO - [2026-01-03T18:12:56.902+0000] {dag.py:3096} INFO - Sync 1 DAGs
[2026-01-03T18:12:56.937+0000] {logging_mixin.py:188} INFO - [2026-01-03T18:12:56.937+0000] {dag.py:3954} INFO - Setting next_dagrun for pakakumi_scraper to 2026-01-03 18:00:00+00:00, run_after=2026-01-03 19:00:00+00:00
[2026-01-03T18:12:57.098+0000] {processor.py:183} INFO - Processing /opt/airflow/dags/pakakumi_scraper.py took 0.281 seconds
[2026-01-03T18:13:27.347+0000] {processor.py:161} INFO - Started process (PID=1799) to work on /opt/airflow/dags/pakakumi_scraper.py
[2026-01-03T18:13:27.349+0000] {processor.py:830} INFO - Processing file /opt/airflow/dags/pakakumi_scraper.py for tasks to queue
[2026-01-03T18:13:27.352+0000] {logging_mixin.py:188} INFO - [2026-01-03T18:13:27.352+0000] {dagbag.py:540} INFO - Filling up the DagBag from /opt/airflow/dags/pakakumi_scraper.py
[2026-01-03T18:13:27.383+0000] {processor.py:840} INFO - DAG(s) 'pakakumi_scraper' retrieved from /opt/airflow/dags/pakakumi_scraper.py
[2026-01-03T18:13:27.432+0000] {logging_mixin.py:188} INFO - [2026-01-03T18:13:27.432+0000] {dag.py:3096} INFO - Sync 1 DAGs
[2026-01-03T18:13:27.471+0000] {logging_mixin.py:188} INFO - [2026-01-03T18:13:27.471+0000] {dag.py:3954} INFO - Setting next_dagrun for pakakumi_scraper to 2026-01-03 18:00:00+00:00, run_after=2026-01-03 19:00:00+00:00
[2026-01-03T18:13:27.649+0000] {processor.py:183} INFO - Processing /opt/airflow/dags/pakakumi_scraper.py took 0.313 seconds
[2026-01-03T18:13:57.897+0000] {processor.py:161} INFO - Started process (PID=1804) to work on /opt/airflow/dags/pakakumi_scraper.py
[2026-01-03T18:13:57.899+0000] {processor.py:830} INFO - Processing file /opt/airflow/dags/pakakumi_scraper.py for tasks to queue
[2026-01-03T18:13:57.902+0000] {logging_mixin.py:188} INFO - [2026-01-03T18:13:57.902+0000] {dagbag.py:540} INFO - Filling up the DagBag from /opt/airflow/dags/pakakumi_scraper.py
[2026-01-03T18:13:57.932+0000] {processor.py:840} INFO - DAG(s) 'pakakumi_scraper' retrieved from /opt/airflow/dags/pakakumi_scraper.py
[2026-01-03T18:13:57.982+0000] {logging_mixin.py:188} INFO - [2026-01-03T18:13:57.981+0000] {dag.py:3096} INFO - Sync 1 DAGs
[2026-01-03T18:13:58.019+0000] {logging_mixin.py:188} INFO - [2026-01-03T18:13:58.018+0000] {dag.py:3954} INFO - Setting next_dagrun for pakakumi_scraper to 2026-01-03 18:00:00+00:00, run_after=2026-01-03 19:00:00+00:00
[2026-01-03T18:13:58.048+0000] {processor.py:183} INFO - Processing /opt/airflow/dags/pakakumi_scraper.py took 0.160 seconds
[2026-01-03T18:14:28.161+0000] {processor.py:161} INFO - Started process (PID=1809) to work on /opt/airflow/dags/pakakumi_scraper.py
[2026-01-03T18:14:28.162+0000] {processor.py:830} INFO - Processing file /opt/airflow/dags/pakakumi_scraper.py for tasks to queue
[2026-01-03T18:14:28.166+0000] {logging_mixin.py:188} INFO - [2026-01-03T18:14:28.165+0000] {dagbag.py:540} INFO - Filling up the DagBag from /opt/airflow/dags/pakakumi_scraper.py
[2026-01-03T18:14:28.197+0000] {processor.py:840} INFO - DAG(s) 'pakakumi_scraper' retrieved from /opt/airflow/dags/pakakumi_scraper.py
[2026-01-03T18:14:28.244+0000] {logging_mixin.py:188} INFO - [2026-01-03T18:14:28.243+0000] {dag.py:3096} INFO - Sync 1 DAGs
[2026-01-03T18:14:28.282+0000] {logging_mixin.py:188} INFO - [2026-01-03T18:14:28.282+0000] {dag.py:3954} INFO - Setting next_dagrun for pakakumi_scraper to 2026-01-03 18:00:00+00:00, run_after=2026-01-03 19:00:00+00:00
[2026-01-03T18:14:28.314+0000] {processor.py:183} INFO - Processing /opt/airflow/dags/pakakumi_scraper.py took 0.165 seconds
[2026-01-03T18:14:58.514+0000] {processor.py:161} INFO - Started process (PID=1814) to work on /opt/airflow/dags/pakakumi_scraper.py
[2026-01-03T18:14:58.516+0000] {processor.py:830} INFO - Processing file /opt/airflow/dags/pakakumi_scraper.py for tasks to queue
[2026-01-03T18:14:58.521+0000] {logging_mixin.py:188} INFO - [2026-01-03T18:14:58.520+0000] {dagbag.py:540} INFO - Filling up the DagBag from /opt/airflow/dags/pakakumi_scraper.py
[2026-01-03T18:14:58.565+0000] {processor.py:840} INFO - DAG(s) 'pakakumi_scraper' retrieved from /opt/airflow/dags/pakakumi_scraper.py
[2026-01-03T18:14:58.621+0000] {logging_mixin.py:188} INFO - [2026-01-03T18:14:58.620+0000] {dag.py:3096} INFO - Sync 1 DAGs
[2026-01-03T18:14:58.658+0000] {logging_mixin.py:188} INFO - [2026-01-03T18:14:58.657+0000] {dag.py:3954} INFO - Setting next_dagrun for pakakumi_scraper to 2026-01-03 18:00:00+00:00, run_after=2026-01-03 19:00:00+00:00
[2026-01-03T18:14:58.682+0000] {processor.py:183} INFO - Processing /opt/airflow/dags/pakakumi_scraper.py took 0.184 seconds
[2026-01-03T18:15:28.787+0000] {processor.py:161} INFO - Started process (PID=1819) to work on /opt/airflow/dags/pakakumi_scraper.py
[2026-01-03T18:15:28.789+0000] {processor.py:830} INFO - Processing file /opt/airflow/dags/pakakumi_scraper.py for tasks to queue
[2026-01-03T18:15:28.791+0000] {logging_mixin.py:188} INFO - [2026-01-03T18:15:28.791+0000] {dagbag.py:540} INFO - Filling up the DagBag from /opt/airflow/dags/pakakumi_scraper.py
[2026-01-03T18:15:28.820+0000] {processor.py:840} INFO - DAG(s) 'pakakumi_scraper' retrieved from /opt/airflow/dags/pakakumi_scraper.py
[2026-01-03T18:15:28.867+0000] {logging_mixin.py:188} INFO - [2026-01-03T18:15:28.866+0000] {dag.py:3096} INFO - Sync 1 DAGs
[2026-01-03T18:15:28.904+0000] {logging_mixin.py:188} INFO - [2026-01-03T18:15:28.904+0000] {dag.py:3954} INFO - Setting next_dagrun for pakakumi_scraper to 2026-01-03 18:00:00+00:00, run_after=2026-01-03 19:00:00+00:00
[2026-01-03T18:15:28.931+0000] {processor.py:183} INFO - Processing /opt/airflow/dags/pakakumi_scraper.py took 0.154 seconds
[2026-01-03T18:15:59.159+0000] {processor.py:161} INFO - Started process (PID=1824) to work on /opt/airflow/dags/pakakumi_scraper.py
[2026-01-03T18:15:59.160+0000] {processor.py:830} INFO - Processing file /opt/airflow/dags/pakakumi_scraper.py for tasks to queue
[2026-01-03T18:15:59.164+0000] {logging_mixin.py:188} INFO - [2026-01-03T18:15:59.164+0000] {dagbag.py:540} INFO - Filling up the DagBag from /opt/airflow/dags/pakakumi_scraper.py
[2026-01-03T18:15:59.196+0000] {processor.py:840} INFO - DAG(s) 'pakakumi_scraper' retrieved from /opt/airflow/dags/pakakumi_scraper.py
[2026-01-03T18:15:59.240+0000] {logging_mixin.py:188} INFO - [2026-01-03T18:15:59.239+0000] {dag.py:3096} INFO - Sync 1 DAGs
[2026-01-03T18:15:59.275+0000] {logging_mixin.py:188} INFO - [2026-01-03T18:15:59.275+0000] {dag.py:3954} INFO - Setting next_dagrun for pakakumi_scraper to 2026-01-03 18:00:00+00:00, run_after=2026-01-03 19:00:00+00:00
[2026-01-03T18:15:59.300+0000] {processor.py:183} INFO - Processing /opt/airflow/dags/pakakumi_scraper.py took 0.154 seconds
[2026-01-03T18:16:29.425+0000] {processor.py:161} INFO - Started process (PID=1829) to work on /opt/airflow/dags/pakakumi_scraper.py
[2026-01-03T18:16:29.427+0000] {processor.py:830} INFO - Processing file /opt/airflow/dags/pakakumi_scraper.py for tasks to queue
[2026-01-03T18:16:29.430+0000] {logging_mixin.py:188} INFO - [2026-01-03T18:16:29.430+0000] {dagbag.py:540} INFO - Filling up the DagBag from /opt/airflow/dags/pakakumi_scraper.py
[2026-01-03T18:16:29.459+0000] {processor.py:840} INFO - DAG(s) 'pakakumi_scraper' retrieved from /opt/airflow/dags/pakakumi_scraper.py
[2026-01-03T18:16:29.503+0000] {logging_mixin.py:188} INFO - [2026-01-03T18:16:29.503+0000] {dag.py:3096} INFO - Sync 1 DAGs
[2026-01-03T18:16:29.545+0000] {logging_mixin.py:188} INFO - [2026-01-03T18:16:29.544+0000] {dag.py:3954} INFO - Setting next_dagrun for pakakumi_scraper to 2026-01-03 18:00:00+00:00, run_after=2026-01-03 19:00:00+00:00
[2026-01-03T18:16:29.582+0000] {processor.py:183} INFO - Processing /opt/airflow/dags/pakakumi_scraper.py took 0.167 seconds
[2026-01-03T18:16:59.782+0000] {processor.py:161} INFO - Started process (PID=1834) to work on /opt/airflow/dags/pakakumi_scraper.py
[2026-01-03T18:16:59.784+0000] {processor.py:830} INFO - Processing file /opt/airflow/dags/pakakumi_scraper.py for tasks to queue
[2026-01-03T18:16:59.787+0000] {logging_mixin.py:188} INFO - [2026-01-03T18:16:59.787+0000] {dagbag.py:540} INFO - Filling up the DagBag from /opt/airflow/dags/pakakumi_scraper.py
[2026-01-03T18:16:59.823+0000] {processor.py:840} INFO - DAG(s) 'pakakumi_scraper' retrieved from /opt/airflow/dags/pakakumi_scraper.py
[2026-01-03T18:16:59.866+0000] {logging_mixin.py:188} INFO - [2026-01-03T18:16:59.865+0000] {dag.py:3096} INFO - Sync 1 DAGs
[2026-01-03T18:16:59.900+0000] {logging_mixin.py:188} INFO - [2026-01-03T18:16:59.900+0000] {dag.py:3954} INFO - Setting next_dagrun for pakakumi_scraper to 2026-01-03 18:00:00+00:00, run_after=2026-01-03 19:00:00+00:00
[2026-01-03T18:16:59.926+0000] {processor.py:183} INFO - Processing /opt/airflow/dags/pakakumi_scraper.py took 0.154 seconds
[2026-01-03T18:17:30.058+0000] {processor.py:161} INFO - Started process (PID=1839) to work on /opt/airflow/dags/pakakumi_scraper.py
[2026-01-03T18:17:30.060+0000] {processor.py:830} INFO - Processing file /opt/airflow/dags/pakakumi_scraper.py for tasks to queue
[2026-01-03T18:17:30.064+0000] {logging_mixin.py:188} INFO - [2026-01-03T18:17:30.063+0000] {dagbag.py:540} INFO - Filling up the DagBag from /opt/airflow/dags/pakakumi_scraper.py
[2026-01-03T18:17:30.097+0000] {processor.py:840} INFO - DAG(s) 'pakakumi_scraper' retrieved from /opt/airflow/dags/pakakumi_scraper.py
[2026-01-03T18:17:30.140+0000] {logging_mixin.py:188} INFO - [2026-01-03T18:17:30.140+0000] {dag.py:3096} INFO - Sync 1 DAGs
[2026-01-03T18:17:30.184+0000] {logging_mixin.py:188} INFO - [2026-01-03T18:17:30.184+0000] {dag.py:3954} INFO - Setting next_dagrun for pakakumi_scraper to 2026-01-03 18:00:00+00:00, run_after=2026-01-03 19:00:00+00:00
[2026-01-03T18:17:30.218+0000] {processor.py:183} INFO - Processing /opt/airflow/dags/pakakumi_scraper.py took 0.173 seconds
[2026-01-03T18:18:00.386+0000] {processor.py:161} INFO - Started process (PID=1844) to work on /opt/airflow/dags/pakakumi_scraper.py
[2026-01-03T18:18:00.388+0000] {processor.py:830} INFO - Processing file /opt/airflow/dags/pakakumi_scraper.py for tasks to queue
[2026-01-03T18:18:00.392+0000] {logging_mixin.py:188} INFO - [2026-01-03T18:18:00.392+0000] {dagbag.py:540} INFO - Filling up the DagBag from /opt/airflow/dags/pakakumi_scraper.py
[2026-01-03T18:18:00.428+0000] {processor.py:840} INFO - DAG(s) 'pakakumi_scraper' retrieved from /opt/airflow/dags/pakakumi_scraper.py
[2026-01-03T18:18:00.477+0000] {logging_mixin.py:188} INFO - [2026-01-03T18:18:00.477+0000] {dag.py:3096} INFO - Sync 1 DAGs
[2026-01-03T18:18:00.514+0000] {logging_mixin.py:188} INFO - [2026-01-03T18:18:00.513+0000] {dag.py:3954} INFO - Setting next_dagrun for pakakumi_scraper to 2026-01-03 18:00:00+00:00, run_after=2026-01-03 19:00:00+00:00
[2026-01-03T18:18:00.541+0000] {processor.py:183} INFO - Processing /opt/airflow/dags/pakakumi_scraper.py took 0.165 seconds
[2026-01-03T18:18:30.673+0000] {processor.py:161} INFO - Started process (PID=1849) to work on /opt/airflow/dags/pakakumi_scraper.py
[2026-01-03T18:18:30.674+0000] {processor.py:830} INFO - Processing file /opt/airflow/dags/pakakumi_scraper.py for tasks to queue
[2026-01-03T18:18:30.677+0000] {logging_mixin.py:188} INFO - [2026-01-03T18:18:30.677+0000] {dagbag.py:540} INFO - Filling up the DagBag from /opt/airflow/dags/pakakumi_scraper.py
[2026-01-03T18:18:30.706+0000] {processor.py:840} INFO - DAG(s) 'pakakumi_scraper' retrieved from /opt/airflow/dags/pakakumi_scraper.py
[2026-01-03T18:18:30.751+0000] {logging_mixin.py:188} INFO - [2026-01-03T18:18:30.750+0000] {dag.py:3096} INFO - Sync 1 DAGs
[2026-01-03T18:18:30.798+0000] {logging_mixin.py:188} INFO - [2026-01-03T18:18:30.798+0000] {dag.py:3954} INFO - Setting next_dagrun for pakakumi_scraper to 2026-01-03 18:00:00+00:00, run_after=2026-01-03 19:00:00+00:00
[2026-01-03T18:18:30.826+0000] {processor.py:183} INFO - Processing /opt/airflow/dags/pakakumi_scraper.py took 0.166 seconds
[2026-01-03T18:19:00.973+0000] {processor.py:161} INFO - Started process (PID=1854) to work on /opt/airflow/dags/pakakumi_scraper.py
[2026-01-03T18:19:00.975+0000] {processor.py:830} INFO - Processing file /opt/airflow/dags/pakakumi_scraper.py for tasks to queue
[2026-01-03T18:19:00.978+0000] {logging_mixin.py:188} INFO - [2026-01-03T18:19:00.977+0000] {dagbag.py:540} INFO - Filling up the DagBag from /opt/airflow/dags/pakakumi_scraper.py
[2026-01-03T18:19:01.007+0000] {processor.py:840} INFO - DAG(s) 'pakakumi_scraper' retrieved from /opt/airflow/dags/pakakumi_scraper.py
[2026-01-03T18:19:01.069+0000] {logging_mixin.py:188} INFO - [2026-01-03T18:19:01.068+0000] {dag.py:3096} INFO - Sync 1 DAGs
[2026-01-03T18:19:01.131+0000] {logging_mixin.py:188} INFO - [2026-01-03T18:19:01.131+0000] {dag.py:3954} INFO - Setting next_dagrun for pakakumi_scraper to 2026-01-03 18:00:00+00:00, run_after=2026-01-03 19:00:00+00:00
[2026-01-03T18:19:01.167+0000] {processor.py:183} INFO - Processing /opt/airflow/dags/pakakumi_scraper.py took 0.204 seconds
[2026-01-03T18:19:31.298+0000] {processor.py:161} INFO - Started process (PID=1859) to work on /opt/airflow/dags/pakakumi_scraper.py
[2026-01-03T18:19:31.299+0000] {processor.py:830} INFO - Processing file /opt/airflow/dags/pakakumi_scraper.py for tasks to queue
[2026-01-03T18:19:31.302+0000] {logging_mixin.py:188} INFO - [2026-01-03T18:19:31.302+0000] {dagbag.py:540} INFO - Filling up the DagBag from /opt/airflow/dags/pakakumi_scraper.py
[2026-01-03T18:19:31.330+0000] {processor.py:840} INFO - DAG(s) 'pakakumi_scraper' retrieved from /opt/airflow/dags/pakakumi_scraper.py
[2026-01-03T18:19:31.373+0000] {logging_mixin.py:188} INFO - [2026-01-03T18:19:31.373+0000] {dag.py:3096} INFO - Sync 1 DAGs
[2026-01-03T18:19:31.410+0000] {logging_mixin.py:188} INFO - [2026-01-03T18:19:31.410+0000] {dag.py:3954} INFO - Setting next_dagrun for pakakumi_scraper to 2026-01-03 18:00:00+00:00, run_after=2026-01-03 19:00:00+00:00
[2026-01-03T18:19:31.439+0000] {processor.py:183} INFO - Processing /opt/airflow/dags/pakakumi_scraper.py took 0.151 seconds
[2026-01-03T18:20:01.594+0000] {processor.py:161} INFO - Started process (PID=1864) to work on /opt/airflow/dags/pakakumi_scraper.py
[2026-01-03T18:20:01.596+0000] {processor.py:830} INFO - Processing file /opt/airflow/dags/pakakumi_scraper.py for tasks to queue
[2026-01-03T18:20:01.599+0000] {logging_mixin.py:188} INFO - [2026-01-03T18:20:01.598+0000] {dagbag.py:540} INFO - Filling up the DagBag from /opt/airflow/dags/pakakumi_scraper.py
[2026-01-03T18:20:01.628+0000] {processor.py:840} INFO - DAG(s) 'pakakumi_scraper' retrieved from /opt/airflow/dags/pakakumi_scraper.py
[2026-01-03T18:20:01.674+0000] {logging_mixin.py:188} INFO - [2026-01-03T18:20:01.673+0000] {dag.py:3096} INFO - Sync 1 DAGs
[2026-01-03T18:20:01.718+0000] {logging_mixin.py:188} INFO - [2026-01-03T18:20:01.717+0000] {dag.py:3954} INFO - Setting next_dagrun for pakakumi_scraper to 2026-01-03 18:00:00+00:00, run_after=2026-01-03 19:00:00+00:00
[2026-01-03T18:20:01.747+0000] {processor.py:183} INFO - Processing /opt/airflow/dags/pakakumi_scraper.py took 0.163 seconds
[2026-01-03T18:20:31.891+0000] {processor.py:161} INFO - Started process (PID=1869) to work on /opt/airflow/dags/pakakumi_scraper.py
[2026-01-03T18:20:31.892+0000] {processor.py:830} INFO - Processing file /opt/airflow/dags/pakakumi_scraper.py for tasks to queue
[2026-01-03T18:20:31.895+0000] {logging_mixin.py:188} INFO - [2026-01-03T18:20:31.895+0000] {dagbag.py:540} INFO - Filling up the DagBag from /opt/airflow/dags/pakakumi_scraper.py
[2026-01-03T18:20:31.924+0000] {processor.py:840} INFO - DAG(s) 'pakakumi_scraper' retrieved from /opt/airflow/dags/pakakumi_scraper.py
[2026-01-03T18:20:31.969+0000] {logging_mixin.py:188} INFO - [2026-01-03T18:20:31.969+0000] {dag.py:3096} INFO - Sync 1 DAGs
[2026-01-03T18:20:32.005+0000] {logging_mixin.py:188} INFO - [2026-01-03T18:20:32.005+0000] {dag.py:3954} INFO - Setting next_dagrun for pakakumi_scraper to 2026-01-03 18:00:00+00:00, run_after=2026-01-03 19:00:00+00:00
[2026-01-03T18:20:32.039+0000] {processor.py:183} INFO - Processing /opt/airflow/dags/pakakumi_scraper.py took 0.158 seconds
[2026-01-03T18:21:02.189+0000] {processor.py:161} INFO - Started process (PID=1874) to work on /opt/airflow/dags/pakakumi_scraper.py
[2026-01-03T18:21:02.190+0000] {processor.py:830} INFO - Processing file /opt/airflow/dags/pakakumi_scraper.py for tasks to queue
[2026-01-03T18:21:02.193+0000] {logging_mixin.py:188} INFO - [2026-01-03T18:21:02.193+0000] {dagbag.py:540} INFO - Filling up the DagBag from /opt/airflow/dags/pakakumi_scraper.py
[2026-01-03T18:21:02.222+0000] {processor.py:840} INFO - DAG(s) 'pakakumi_scraper' retrieved from /opt/airflow/dags/pakakumi_scraper.py
[2026-01-03T18:21:02.268+0000] {logging_mixin.py:188} INFO - [2026-01-03T18:21:02.267+0000] {dag.py:3096} INFO - Sync 1 DAGs
[2026-01-03T18:21:02.301+0000] {logging_mixin.py:188} INFO - [2026-01-03T18:21:02.301+0000] {dag.py:3954} INFO - Setting next_dagrun for pakakumi_scraper to 2026-01-03 18:00:00+00:00, run_after=2026-01-03 19:00:00+00:00
[2026-01-03T18:21:02.331+0000] {processor.py:183} INFO - Processing /opt/airflow/dags/pakakumi_scraper.py took 0.152 seconds
[2026-01-03T18:21:32.516+0000] {processor.py:161} INFO - Started process (PID=1879) to work on /opt/airflow/dags/pakakumi_scraper.py
[2026-01-03T18:21:32.517+0000] {processor.py:830} INFO - Processing file /opt/airflow/dags/pakakumi_scraper.py for tasks to queue
[2026-01-03T18:21:32.520+0000] {logging_mixin.py:188} INFO - [2026-01-03T18:21:32.520+0000] {dagbag.py:540} INFO - Filling up the DagBag from /opt/airflow/dags/pakakumi_scraper.py
[2026-01-03T18:21:32.551+0000] {processor.py:840} INFO - DAG(s) 'pakakumi_scraper' retrieved from /opt/airflow/dags/pakakumi_scraper.py
[2026-01-03T18:21:32.596+0000] {logging_mixin.py:188} INFO - [2026-01-03T18:21:32.595+0000] {dag.py:3096} INFO - Sync 1 DAGs
[2026-01-03T18:21:32.632+0000] {logging_mixin.py:188} INFO - [2026-01-03T18:21:32.632+0000] {dag.py:3954} INFO - Setting next_dagrun for pakakumi_scraper to 2026-01-03 18:00:00+00:00, run_after=2026-01-03 19:00:00+00:00
[2026-01-03T18:21:32.661+0000] {processor.py:183} INFO - Processing /opt/airflow/dags/pakakumi_scraper.py took 0.156 seconds
[2026-01-03T18:22:02.840+0000] {processor.py:161} INFO - Started process (PID=1884) to work on /opt/airflow/dags/pakakumi_scraper.py
[2026-01-03T18:22:02.842+0000] {processor.py:830} INFO - Processing file /opt/airflow/dags/pakakumi_scraper.py for tasks to queue
[2026-01-03T18:22:02.846+0000] {logging_mixin.py:188} INFO - [2026-01-03T18:22:02.845+0000] {dagbag.py:540} INFO - Filling up the DagBag from /opt/airflow/dags/pakakumi_scraper.py
[2026-01-03T18:22:02.887+0000] {processor.py:840} INFO - DAG(s) 'pakakumi_scraper' retrieved from /opt/airflow/dags/pakakumi_scraper.py
[2026-01-03T18:22:02.933+0000] {logging_mixin.py:188} INFO - [2026-01-03T18:22:02.932+0000] {dag.py:3096} INFO - Sync 1 DAGs
[2026-01-03T18:22:02.975+0000] {logging_mixin.py:188} INFO - [2026-01-03T18:22:02.975+0000] {dag.py:3954} INFO - Setting next_dagrun for pakakumi_scraper to 2026-01-03 18:00:00+00:00, run_after=2026-01-03 19:00:00+00:00
[2026-01-03T18:22:03.009+0000] {processor.py:183} INFO - Processing /opt/airflow/dags/pakakumi_scraper.py took 0.182 seconds
[2026-01-03T18:22:33.128+0000] {processor.py:161} INFO - Started process (PID=1889) to work on /opt/airflow/dags/pakakumi_scraper.py
[2026-01-03T18:22:33.129+0000] {processor.py:830} INFO - Processing file /opt/airflow/dags/pakakumi_scraper.py for tasks to queue
[2026-01-03T18:22:33.132+0000] {logging_mixin.py:188} INFO - [2026-01-03T18:22:33.132+0000] {dagbag.py:540} INFO - Filling up the DagBag from /opt/airflow/dags/pakakumi_scraper.py
[2026-01-03T18:22:33.162+0000] {processor.py:840} INFO - DAG(s) 'pakakumi_scraper' retrieved from /opt/airflow/dags/pakakumi_scraper.py
[2026-01-03T18:22:33.207+0000] {logging_mixin.py:188} INFO - [2026-01-03T18:22:33.206+0000] {dag.py:3096} INFO - Sync 1 DAGs
[2026-01-03T18:22:33.243+0000] {logging_mixin.py:188} INFO - [2026-01-03T18:22:33.243+0000] {dag.py:3954} INFO - Setting next_dagrun for pakakumi_scraper to 2026-01-03 18:00:00+00:00, run_after=2026-01-03 19:00:00+00:00
[2026-01-03T18:22:33.272+0000] {processor.py:183} INFO - Processing /opt/airflow/dags/pakakumi_scraper.py took 0.156 seconds
[2026-01-03T18:23:03.514+0000] {processor.py:161} INFO - Started process (PID=1894) to work on /opt/airflow/dags/pakakumi_scraper.py
[2026-01-03T18:23:03.515+0000] {processor.py:830} INFO - Processing file /opt/airflow/dags/pakakumi_scraper.py for tasks to queue
[2026-01-03T18:23:03.518+0000] {logging_mixin.py:188} INFO - [2026-01-03T18:23:03.518+0000] {dagbag.py:540} INFO - Filling up the DagBag from /opt/airflow/dags/pakakumi_scraper.py
[2026-01-03T18:23:03.547+0000] {processor.py:840} INFO - DAG(s) 'pakakumi_scraper' retrieved from /opt/airflow/dags/pakakumi_scraper.py
[2026-01-03T18:23:03.589+0000] {logging_mixin.py:188} INFO - [2026-01-03T18:23:03.589+0000] {dag.py:3096} INFO - Sync 1 DAGs
[2026-01-03T18:23:03.624+0000] {logging_mixin.py:188} INFO - [2026-01-03T18:23:03.623+0000] {dag.py:3954} INFO - Setting next_dagrun for pakakumi_scraper to 2026-01-03 18:00:00+00:00, run_after=2026-01-03 19:00:00+00:00
[2026-01-03T18:23:03.651+0000] {processor.py:183} INFO - Processing /opt/airflow/dags/pakakumi_scraper.py took 0.146 seconds
[2026-01-03T18:23:33.712+0000] {processor.py:161} INFO - Started process (PID=1899) to work on /opt/airflow/dags/pakakumi_scraper.py
[2026-01-03T18:23:33.714+0000] {processor.py:830} INFO - Processing file /opt/airflow/dags/pakakumi_scraper.py for tasks to queue
[2026-01-03T18:23:33.717+0000] {logging_mixin.py:188} INFO - [2026-01-03T18:23:33.716+0000] {dagbag.py:540} INFO - Filling up the DagBag from /opt/airflow/dags/pakakumi_scraper.py
[2026-01-03T18:23:33.748+0000] {processor.py:840} INFO - DAG(s) 'pakakumi_scraper' retrieved from /opt/airflow/dags/pakakumi_scraper.py
[2026-01-03T18:23:33.795+0000] {logging_mixin.py:188} INFO - [2026-01-03T18:23:33.795+0000] {dag.py:3096} INFO - Sync 1 DAGs
[2026-01-03T18:23:33.833+0000] {logging_mixin.py:188} INFO - [2026-01-03T18:23:33.833+0000] {dag.py:3954} INFO - Setting next_dagrun for pakakumi_scraper to 2026-01-03 18:00:00+00:00, run_after=2026-01-03 19:00:00+00:00
[2026-01-03T18:23:33.861+0000] {processor.py:183} INFO - Processing /opt/airflow/dags/pakakumi_scraper.py took 0.160 seconds
[2026-01-03T18:24:04.101+0000] {processor.py:161} INFO - Started process (PID=1904) to work on /opt/airflow/dags/pakakumi_scraper.py
[2026-01-03T18:24:04.102+0000] {processor.py:830} INFO - Processing file /opt/airflow/dags/pakakumi_scraper.py for tasks to queue
[2026-01-03T18:24:04.105+0000] {logging_mixin.py:188} INFO - [2026-01-03T18:24:04.104+0000] {dagbag.py:540} INFO - Filling up the DagBag from /opt/airflow/dags/pakakumi_scraper.py
[2026-01-03T18:24:04.135+0000] {processor.py:840} INFO - DAG(s) 'pakakumi_scraper' retrieved from /opt/airflow/dags/pakakumi_scraper.py
[2026-01-03T18:24:04.176+0000] {logging_mixin.py:188} INFO - [2026-01-03T18:24:04.176+0000] {dag.py:3096} INFO - Sync 1 DAGs
[2026-01-03T18:24:04.212+0000] {logging_mixin.py:188} INFO - [2026-01-03T18:24:04.211+0000] {dag.py:3954} INFO - Setting next_dagrun for pakakumi_scraper to 2026-01-03 18:00:00+00:00, run_after=2026-01-03 19:00:00+00:00
[2026-01-03T18:24:04.238+0000] {processor.py:183} INFO - Processing /opt/airflow/dags/pakakumi_scraper.py took 0.147 seconds
[2026-01-03T18:24:34.369+0000] {processor.py:161} INFO - Started process (PID=1909) to work on /opt/airflow/dags/pakakumi_scraper.py
[2026-01-03T18:24:34.370+0000] {processor.py:830} INFO - Processing file /opt/airflow/dags/pakakumi_scraper.py for tasks to queue
[2026-01-03T18:24:34.373+0000] {logging_mixin.py:188} INFO - [2026-01-03T18:24:34.373+0000] {dagbag.py:540} INFO - Filling up the DagBag from /opt/airflow/dags/pakakumi_scraper.py
[2026-01-03T18:24:34.401+0000] {processor.py:840} INFO - DAG(s) 'pakakumi_scraper' retrieved from /opt/airflow/dags/pakakumi_scraper.py
[2026-01-03T18:24:34.444+0000] {logging_mixin.py:188} INFO - [2026-01-03T18:24:34.444+0000] {dag.py:3096} INFO - Sync 1 DAGs
[2026-01-03T18:24:34.482+0000] {logging_mixin.py:188} INFO - [2026-01-03T18:24:34.482+0000] {dag.py:3954} INFO - Setting next_dagrun for pakakumi_scraper to 2026-01-03 18:00:00+00:00, run_after=2026-01-03 19:00:00+00:00
[2026-01-03T18:24:34.507+0000] {processor.py:183} INFO - Processing /opt/airflow/dags/pakakumi_scraper.py took 0.149 seconds
[2026-01-03T18:25:04.704+0000] {processor.py:161} INFO - Started process (PID=1914) to work on /opt/airflow/dags/pakakumi_scraper.py
[2026-01-03T18:25:04.705+0000] {processor.py:830} INFO - Processing file /opt/airflow/dags/pakakumi_scraper.py for tasks to queue
[2026-01-03T18:25:04.708+0000] {logging_mixin.py:188} INFO - [2026-01-03T18:25:04.708+0000] {dagbag.py:540} INFO - Filling up the DagBag from /opt/airflow/dags/pakakumi_scraper.py
[2026-01-03T18:25:04.737+0000] {processor.py:840} INFO - DAG(s) 'pakakumi_scraper' retrieved from /opt/airflow/dags/pakakumi_scraper.py
[2026-01-03T18:25:04.779+0000] {logging_mixin.py:188} INFO - [2026-01-03T18:25:04.779+0000] {dag.py:3096} INFO - Sync 1 DAGs
[2026-01-03T18:25:04.816+0000] {logging_mixin.py:188} INFO - [2026-01-03T18:25:04.816+0000] {dag.py:3954} INFO - Setting next_dagrun for pakakumi_scraper to 2026-01-03 18:00:00+00:00, run_after=2026-01-03 19:00:00+00:00
[2026-01-03T18:25:04.844+0000] {processor.py:183} INFO - Processing /opt/airflow/dags/pakakumi_scraper.py took 0.150 seconds
[2026-01-03T18:25:34.967+0000] {processor.py:161} INFO - Started process (PID=1919) to work on /opt/airflow/dags/pakakumi_scraper.py
[2026-01-03T18:25:34.969+0000] {processor.py:830} INFO - Processing file /opt/airflow/dags/pakakumi_scraper.py for tasks to queue
[2026-01-03T18:25:34.972+0000] {logging_mixin.py:188} INFO - [2026-01-03T18:25:34.971+0000] {dagbag.py:540} INFO - Filling up the DagBag from /opt/airflow/dags/pakakumi_scraper.py
[2026-01-03T18:25:35.000+0000] {processor.py:840} INFO - DAG(s) 'pakakumi_scraper' retrieved from /opt/airflow/dags/pakakumi_scraper.py
[2026-01-03T18:25:35.043+0000] {logging_mixin.py:188} INFO - [2026-01-03T18:25:35.042+0000] {dag.py:3096} INFO - Sync 1 DAGs
[2026-01-03T18:25:35.078+0000] {logging_mixin.py:188} INFO - [2026-01-03T18:25:35.077+0000] {dag.py:3954} INFO - Setting next_dagrun for pakakumi_scraper to 2026-01-03 18:00:00+00:00, run_after=2026-01-03 19:00:00+00:00
[2026-01-03T18:25:35.105+0000] {processor.py:183} INFO - Processing /opt/airflow/dags/pakakumi_scraper.py took 0.148 seconds
[2026-01-03T18:26:05.298+0000] {processor.py:161} INFO - Started process (PID=1924) to work on /opt/airflow/dags/pakakumi_scraper.py
[2026-01-03T18:26:05.299+0000] {processor.py:830} INFO - Processing file /opt/airflow/dags/pakakumi_scraper.py for tasks to queue
[2026-01-03T18:26:05.302+0000] {logging_mixin.py:188} INFO - [2026-01-03T18:26:05.302+0000] {dagbag.py:540} INFO - Filling up the DagBag from /opt/airflow/dags/pakakumi_scraper.py
[2026-01-03T18:26:05.330+0000] {processor.py:840} INFO - DAG(s) 'pakakumi_scraper' retrieved from /opt/airflow/dags/pakakumi_scraper.py
[2026-01-03T18:26:05.372+0000] {logging_mixin.py:188} INFO - [2026-01-03T18:26:05.371+0000] {dag.py:3096} INFO - Sync 1 DAGs
[2026-01-03T18:26:05.406+0000] {logging_mixin.py:188} INFO - [2026-01-03T18:26:05.406+0000] {dag.py:3954} INFO - Setting next_dagrun for pakakumi_scraper to 2026-01-03 18:00:00+00:00, run_after=2026-01-03 19:00:00+00:00
[2026-01-03T18:26:05.434+0000] {processor.py:183} INFO - Processing /opt/airflow/dags/pakakumi_scraper.py took 0.144 seconds
[2026-01-03T18:26:35.514+0000] {processor.py:161} INFO - Started process (PID=1929) to work on /opt/airflow/dags/pakakumi_scraper.py
[2026-01-03T18:26:35.516+0000] {processor.py:830} INFO - Processing file /opt/airflow/dags/pakakumi_scraper.py for tasks to queue
[2026-01-03T18:26:35.520+0000] {logging_mixin.py:188} INFO - [2026-01-03T18:26:35.519+0000] {dagbag.py:540} INFO - Filling up the DagBag from /opt/airflow/dags/pakakumi_scraper.py
[2026-01-03T18:26:35.552+0000] {processor.py:840} INFO - DAG(s) 'pakakumi_scraper' retrieved from /opt/airflow/dags/pakakumi_scraper.py
[2026-01-03T18:26:35.597+0000] {logging_mixin.py:188} INFO - [2026-01-03T18:26:35.597+0000] {dag.py:3096} INFO - Sync 1 DAGs
[2026-01-03T18:26:35.631+0000] {logging_mixin.py:188} INFO - [2026-01-03T18:26:35.631+0000] {dag.py:3954} INFO - Setting next_dagrun for pakakumi_scraper to 2026-01-03 18:00:00+00:00, run_after=2026-01-03 19:00:00+00:00
[2026-01-03T18:26:35.657+0000] {processor.py:183} INFO - Processing /opt/airflow/dags/pakakumi_scraper.py took 0.152 seconds
[2026-01-03T18:27:05.872+0000] {processor.py:161} INFO - Started process (PID=1934) to work on /opt/airflow/dags/pakakumi_scraper.py
[2026-01-03T18:27:05.873+0000] {processor.py:830} INFO - Processing file /opt/airflow/dags/pakakumi_scraper.py for tasks to queue
[2026-01-03T18:27:05.876+0000] {logging_mixin.py:188} INFO - [2026-01-03T18:27:05.876+0000] {dagbag.py:540} INFO - Filling up the DagBag from /opt/airflow/dags/pakakumi_scraper.py
[2026-01-03T18:27:05.906+0000] {processor.py:840} INFO - DAG(s) 'pakakumi_scraper' retrieved from /opt/airflow/dags/pakakumi_scraper.py
[2026-01-03T18:27:05.948+0000] {logging_mixin.py:188} INFO - [2026-01-03T18:27:05.948+0000] {dag.py:3096} INFO - Sync 1 DAGs
[2026-01-03T18:27:05.983+0000] {logging_mixin.py:188} INFO - [2026-01-03T18:27:05.982+0000] {dag.py:3954} INFO - Setting next_dagrun for pakakumi_scraper to 2026-01-03 18:00:00+00:00, run_after=2026-01-03 19:00:00+00:00
[2026-01-03T18:27:06.011+0000] {processor.py:183} INFO - Processing /opt/airflow/dags/pakakumi_scraper.py took 0.149 seconds
[2026-01-03T18:27:36.121+0000] {processor.py:161} INFO - Started process (PID=1939) to work on /opt/airflow/dags/pakakumi_scraper.py
[2026-01-03T18:27:36.123+0000] {processor.py:830} INFO - Processing file /opt/airflow/dags/pakakumi_scraper.py for tasks to queue
[2026-01-03T18:27:36.126+0000] {logging_mixin.py:188} INFO - [2026-01-03T18:27:36.125+0000] {dagbag.py:540} INFO - Filling up the DagBag from /opt/airflow/dags/pakakumi_scraper.py
[2026-01-03T18:27:36.155+0000] {processor.py:840} INFO - DAG(s) 'pakakumi_scraper' retrieved from /opt/airflow/dags/pakakumi_scraper.py
[2026-01-03T18:27:36.200+0000] {logging_mixin.py:188} INFO - [2026-01-03T18:27:36.200+0000] {dag.py:3096} INFO - Sync 1 DAGs
[2026-01-03T18:27:36.236+0000] {logging_mixin.py:188} INFO - [2026-01-03T18:27:36.236+0000] {dag.py:3954} INFO - Setting next_dagrun for pakakumi_scraper to 2026-01-03 18:00:00+00:00, run_after=2026-01-03 19:00:00+00:00
[2026-01-03T18:27:36.264+0000] {processor.py:183} INFO - Processing /opt/airflow/dags/pakakumi_scraper.py took 0.152 seconds
[2026-01-03T18:28:06.467+0000] {processor.py:161} INFO - Started process (PID=1944) to work on /opt/airflow/dags/pakakumi_scraper.py
[2026-01-03T18:28:06.469+0000] {processor.py:830} INFO - Processing file /opt/airflow/dags/pakakumi_scraper.py for tasks to queue
[2026-01-03T18:28:06.472+0000] {logging_mixin.py:188} INFO - [2026-01-03T18:28:06.471+0000] {dagbag.py:540} INFO - Filling up the DagBag from /opt/airflow/dags/pakakumi_scraper.py
[2026-01-03T18:28:06.500+0000] {processor.py:840} INFO - DAG(s) 'pakakumi_scraper' retrieved from /opt/airflow/dags/pakakumi_scraper.py
[2026-01-03T18:28:06.541+0000] {logging_mixin.py:188} INFO - [2026-01-03T18:28:06.541+0000] {dag.py:3096} INFO - Sync 1 DAGs
[2026-01-03T18:28:06.576+0000] {logging_mixin.py:188} INFO - [2026-01-03T18:28:06.576+0000] {dag.py:3954} INFO - Setting next_dagrun for pakakumi_scraper to 2026-01-03 18:00:00+00:00, run_after=2026-01-03 19:00:00+00:00
[2026-01-03T18:28:06.604+0000] {processor.py:183} INFO - Processing /opt/airflow/dags/pakakumi_scraper.py took 0.148 seconds
[2026-01-03T18:28:36.734+0000] {processor.py:161} INFO - Started process (PID=1949) to work on /opt/airflow/dags/pakakumi_scraper.py
[2026-01-03T18:28:36.736+0000] {processor.py:830} INFO - Processing file /opt/airflow/dags/pakakumi_scraper.py for tasks to queue
[2026-01-03T18:28:36.739+0000] {logging_mixin.py:188} INFO - [2026-01-03T18:28:36.738+0000] {dagbag.py:540} INFO - Filling up the DagBag from /opt/airflow/dags/pakakumi_scraper.py
[2026-01-03T18:28:36.773+0000] {processor.py:840} INFO - DAG(s) 'pakakumi_scraper' retrieved from /opt/airflow/dags/pakakumi_scraper.py
[2026-01-03T18:28:36.817+0000] {logging_mixin.py:188} INFO - [2026-01-03T18:28:36.817+0000] {dag.py:3096} INFO - Sync 1 DAGs
[2026-01-03T18:28:36.856+0000] {logging_mixin.py:188} INFO - [2026-01-03T18:28:36.856+0000] {dag.py:3954} INFO - Setting next_dagrun for pakakumi_scraper to 2026-01-03 18:00:00+00:00, run_after=2026-01-03 19:00:00+00:00
[2026-01-03T18:28:36.893+0000] {processor.py:183} INFO - Processing /opt/airflow/dags/pakakumi_scraper.py took 0.170 seconds
[2026-01-03T18:29:07.128+0000] {processor.py:161} INFO - Started process (PID=1954) to work on /opt/airflow/dags/pakakumi_scraper.py
[2026-01-03T18:29:07.130+0000] {processor.py:830} INFO - Processing file /opt/airflow/dags/pakakumi_scraper.py for tasks to queue
[2026-01-03T18:29:07.133+0000] {logging_mixin.py:188} INFO - [2026-01-03T18:29:07.132+0000] {dagbag.py:540} INFO - Filling up the DagBag from /opt/airflow/dags/pakakumi_scraper.py
[2026-01-03T18:29:07.161+0000] {processor.py:840} INFO - DAG(s) 'pakakumi_scraper' retrieved from /opt/airflow/dags/pakakumi_scraper.py
[2026-01-03T18:29:07.202+0000] {logging_mixin.py:188} INFO - [2026-01-03T18:29:07.202+0000] {dag.py:3096} INFO - Sync 1 DAGs
[2026-01-03T18:29:07.237+0000] {logging_mixin.py:188} INFO - [2026-01-03T18:29:07.237+0000] {dag.py:3954} INFO - Setting next_dagrun for pakakumi_scraper to 2026-01-03 18:00:00+00:00, run_after=2026-01-03 19:00:00+00:00
[2026-01-03T18:29:07.262+0000] {processor.py:183} INFO - Processing /opt/airflow/dags/pakakumi_scraper.py took 0.145 seconds
[2026-01-03T18:29:37.342+0000] {processor.py:161} INFO - Started process (PID=1959) to work on /opt/airflow/dags/pakakumi_scraper.py
[2026-01-03T18:29:37.344+0000] {processor.py:830} INFO - Processing file /opt/airflow/dags/pakakumi_scraper.py for tasks to queue
[2026-01-03T18:29:37.348+0000] {logging_mixin.py:188} INFO - [2026-01-03T18:29:37.348+0000] {dagbag.py:540} INFO - Filling up the DagBag from /opt/airflow/dags/pakakumi_scraper.py
[2026-01-03T18:29:37.382+0000] {processor.py:840} INFO - DAG(s) 'pakakumi_scraper' retrieved from /opt/airflow/dags/pakakumi_scraper.py
[2026-01-03T18:29:37.426+0000] {logging_mixin.py:188} INFO - [2026-01-03T18:29:37.426+0000] {dag.py:3096} INFO - Sync 1 DAGs
[2026-01-03T18:29:37.462+0000] {logging_mixin.py:188} INFO - [2026-01-03T18:29:37.461+0000] {dag.py:3954} INFO - Setting next_dagrun for pakakumi_scraper to 2026-01-03 18:00:00+00:00, run_after=2026-01-03 19:00:00+00:00
[2026-01-03T18:29:37.496+0000] {processor.py:183} INFO - Processing /opt/airflow/dags/pakakumi_scraper.py took 0.164 seconds
[2026-01-03T18:30:07.597+0000] {processor.py:161} INFO - Started process (PID=1964) to work on /opt/airflow/dags/pakakumi_scraper.py
[2026-01-03T18:30:07.599+0000] {processor.py:830} INFO - Processing file /opt/airflow/dags/pakakumi_scraper.py for tasks to queue
[2026-01-03T18:30:07.603+0000] {logging_mixin.py:188} INFO - [2026-01-03T18:30:07.602+0000] {dagbag.py:540} INFO - Filling up the DagBag from /opt/airflow/dags/pakakumi_scraper.py
[2026-01-03T18:30:07.633+0000] {processor.py:840} INFO - DAG(s) 'pakakumi_scraper' retrieved from /opt/airflow/dags/pakakumi_scraper.py
[2026-01-03T18:30:07.678+0000] {logging_mixin.py:188} INFO - [2026-01-03T18:30:07.678+0000] {dag.py:3096} INFO - Sync 1 DAGs
[2026-01-03T18:30:07.715+0000] {logging_mixin.py:188} INFO - [2026-01-03T18:30:07.715+0000] {dag.py:3954} INFO - Setting next_dagrun for pakakumi_scraper to 2026-01-03 18:00:00+00:00, run_after=2026-01-03 19:00:00+00:00
[2026-01-03T18:30:07.743+0000] {processor.py:183} INFO - Processing /opt/airflow/dags/pakakumi_scraper.py took 0.160 seconds
[2026-01-03T18:30:37.958+0000] {processor.py:161} INFO - Started process (PID=1969) to work on /opt/airflow/dags/pakakumi_scraper.py
[2026-01-03T18:30:37.959+0000] {processor.py:830} INFO - Processing file /opt/airflow/dags/pakakumi_scraper.py for tasks to queue
[2026-01-03T18:30:37.962+0000] {logging_mixin.py:188} INFO - [2026-01-03T18:30:37.961+0000] {dagbag.py:540} INFO - Filling up the DagBag from /opt/airflow/dags/pakakumi_scraper.py
[2026-01-03T18:30:37.989+0000] {processor.py:840} INFO - DAG(s) 'pakakumi_scraper' retrieved from /opt/airflow/dags/pakakumi_scraper.py
[2026-01-03T18:30:38.036+0000] {logging_mixin.py:188} INFO - [2026-01-03T18:30:38.036+0000] {dag.py:3096} INFO - Sync 1 DAGs
[2026-01-03T18:30:38.077+0000] {logging_mixin.py:188} INFO - [2026-01-03T18:30:38.076+0000] {dag.py:3954} INFO - Setting next_dagrun for pakakumi_scraper to 2026-01-03 18:00:00+00:00, run_after=2026-01-03 19:00:00+00:00
[2026-01-03T18:30:38.106+0000] {processor.py:183} INFO - Processing /opt/airflow/dags/pakakumi_scraper.py took 0.157 seconds
[2026-01-03T18:31:08.165+0000] {processor.py:161} INFO - Started process (PID=1974) to work on /opt/airflow/dags/pakakumi_scraper.py
[2026-01-03T18:31:08.167+0000] {processor.py:830} INFO - Processing file /opt/airflow/dags/pakakumi_scraper.py for tasks to queue
[2026-01-03T18:31:08.171+0000] {logging_mixin.py:188} INFO - [2026-01-03T18:31:08.171+0000] {dagbag.py:540} INFO - Filling up the DagBag from /opt/airflow/dags/pakakumi_scraper.py
[2026-01-03T18:31:08.200+0000] {processor.py:840} INFO - DAG(s) 'pakakumi_scraper' retrieved from /opt/airflow/dags/pakakumi_scraper.py
[2026-01-03T18:31:08.244+0000] {logging_mixin.py:188} INFO - [2026-01-03T18:31:08.244+0000] {dag.py:3096} INFO - Sync 1 DAGs
[2026-01-03T18:31:08.284+0000] {logging_mixin.py:188} INFO - [2026-01-03T18:31:08.283+0000] {dag.py:3954} INFO - Setting next_dagrun for pakakumi_scraper to 2026-01-03 18:00:00+00:00, run_after=2026-01-03 19:00:00+00:00
[2026-01-03T18:31:08.323+0000] {processor.py:183} INFO - Processing /opt/airflow/dags/pakakumi_scraper.py took 0.167 seconds
[2026-01-03T18:31:38.575+0000] {processor.py:161} INFO - Started process (PID=1979) to work on /opt/airflow/dags/pakakumi_scraper.py
[2026-01-03T18:31:38.577+0000] {processor.py:830} INFO - Processing file /opt/airflow/dags/pakakumi_scraper.py for tasks to queue
[2026-01-03T18:31:38.580+0000] {logging_mixin.py:188} INFO - [2026-01-03T18:31:38.579+0000] {dagbag.py:540} INFO - Filling up the DagBag from /opt/airflow/dags/pakakumi_scraper.py
[2026-01-03T18:31:38.609+0000] {processor.py:840} INFO - DAG(s) 'pakakumi_scraper' retrieved from /opt/airflow/dags/pakakumi_scraper.py
[2026-01-03T18:31:38.652+0000] {logging_mixin.py:188} INFO - [2026-01-03T18:31:38.651+0000] {dag.py:3096} INFO - Sync 1 DAGs
[2026-01-03T18:31:38.686+0000] {logging_mixin.py:188} INFO - [2026-01-03T18:31:38.686+0000] {dag.py:3954} INFO - Setting next_dagrun for pakakumi_scraper to 2026-01-03 18:00:00+00:00, run_after=2026-01-03 19:00:00+00:00
[2026-01-03T18:31:38.722+0000] {processor.py:183} INFO - Processing /opt/airflow/dags/pakakumi_scraper.py took 0.157 seconds
[2026-01-03T18:32:08.807+0000] {processor.py:161} INFO - Started process (PID=1984) to work on /opt/airflow/dags/pakakumi_scraper.py
[2026-01-03T18:32:08.809+0000] {processor.py:830} INFO - Processing file /opt/airflow/dags/pakakumi_scraper.py for tasks to queue
[2026-01-03T18:32:08.812+0000] {logging_mixin.py:188} INFO - [2026-01-03T18:32:08.811+0000] {dagbag.py:540} INFO - Filling up the DagBag from /opt/airflow/dags/pakakumi_scraper.py
[2026-01-03T18:32:08.841+0000] {processor.py:840} INFO - DAG(s) 'pakakumi_scraper' retrieved from /opt/airflow/dags/pakakumi_scraper.py
[2026-01-03T18:32:08.888+0000] {logging_mixin.py:188} INFO - [2026-01-03T18:32:08.887+0000] {dag.py:3096} INFO - Sync 1 DAGs
[2026-01-03T18:32:08.926+0000] {logging_mixin.py:188} INFO - [2026-01-03T18:32:08.926+0000] {dag.py:3954} INFO - Setting next_dagrun for pakakumi_scraper to 2026-01-03 18:00:00+00:00, run_after=2026-01-03 19:00:00+00:00
[2026-01-03T18:32:08.959+0000] {processor.py:183} INFO - Processing /opt/airflow/dags/pakakumi_scraper.py took 0.164 seconds
[2026-01-03T18:32:39.216+0000] {processor.py:161} INFO - Started process (PID=1989) to work on /opt/airflow/dags/pakakumi_scraper.py
[2026-01-03T18:32:39.218+0000] {processor.py:830} INFO - Processing file /opt/airflow/dags/pakakumi_scraper.py for tasks to queue
[2026-01-03T18:32:39.221+0000] {logging_mixin.py:188} INFO - [2026-01-03T18:32:39.221+0000] {dagbag.py:540} INFO - Filling up the DagBag from /opt/airflow/dags/pakakumi_scraper.py
[2026-01-03T18:32:39.251+0000] {processor.py:840} INFO - DAG(s) 'pakakumi_scraper' retrieved from /opt/airflow/dags/pakakumi_scraper.py
[2026-01-03T18:32:39.294+0000] {logging_mixin.py:188} INFO - [2026-01-03T18:32:39.294+0000] {dag.py:3096} INFO - Sync 1 DAGs
[2026-01-03T18:32:39.335+0000] {logging_mixin.py:188} INFO - [2026-01-03T18:32:39.335+0000] {dag.py:3954} INFO - Setting next_dagrun for pakakumi_scraper to 2026-01-03 18:00:00+00:00, run_after=2026-01-03 19:00:00+00:00
[2026-01-03T18:32:39.374+0000] {processor.py:183} INFO - Processing /opt/airflow/dags/pakakumi_scraper.py took 0.170 seconds
[2026-01-03T18:33:09.510+0000] {processor.py:161} INFO - Started process (PID=1994) to work on /opt/airflow/dags/pakakumi_scraper.py
[2026-01-03T18:33:09.512+0000] {processor.py:830} INFO - Processing file /opt/airflow/dags/pakakumi_scraper.py for tasks to queue
[2026-01-03T18:33:09.515+0000] {logging_mixin.py:188} INFO - [2026-01-03T18:33:09.514+0000] {dagbag.py:540} INFO - Filling up the DagBag from /opt/airflow/dags/pakakumi_scraper.py
[2026-01-03T18:33:09.549+0000] {processor.py:840} INFO - DAG(s) 'pakakumi_scraper' retrieved from /opt/airflow/dags/pakakumi_scraper.py
[2026-01-03T18:33:09.593+0000] {logging_mixin.py:188} INFO - [2026-01-03T18:33:09.593+0000] {dag.py:3096} INFO - Sync 1 DAGs
[2026-01-03T18:33:09.628+0000] {logging_mixin.py:188} INFO - [2026-01-03T18:33:09.627+0000] {dag.py:3954} INFO - Setting next_dagrun for pakakumi_scraper to 2026-01-03 18:00:00+00:00, run_after=2026-01-03 19:00:00+00:00
[2026-01-03T18:33:09.657+0000] {processor.py:183} INFO - Processing /opt/airflow/dags/pakakumi_scraper.py took 0.161 seconds
[2026-01-03T18:33:39.855+0000] {processor.py:161} INFO - Started process (PID=1999) to work on /opt/airflow/dags/pakakumi_scraper.py
[2026-01-03T18:33:39.856+0000] {processor.py:830} INFO - Processing file /opt/airflow/dags/pakakumi_scraper.py for tasks to queue
[2026-01-03T18:33:39.859+0000] {logging_mixin.py:188} INFO - [2026-01-03T18:33:39.859+0000] {dagbag.py:540} INFO - Filling up the DagBag from /opt/airflow/dags/pakakumi_scraper.py
[2026-01-03T18:33:39.886+0000] {processor.py:840} INFO - DAG(s) 'pakakumi_scraper' retrieved from /opt/airflow/dags/pakakumi_scraper.py
[2026-01-03T18:33:39.926+0000] {logging_mixin.py:188} INFO - [2026-01-03T18:33:39.926+0000] {dag.py:3096} INFO - Sync 1 DAGs
[2026-01-03T18:33:39.961+0000] {logging_mixin.py:188} INFO - [2026-01-03T18:33:39.960+0000] {dag.py:3954} INFO - Setting next_dagrun for pakakumi_scraper to 2026-01-03 18:00:00+00:00, run_after=2026-01-03 19:00:00+00:00
[2026-01-03T18:33:39.987+0000] {processor.py:183} INFO - Processing /opt/airflow/dags/pakakumi_scraper.py took 0.142 seconds
[2026-01-03T18:34:10.134+0000] {processor.py:161} INFO - Started process (PID=2004) to work on /opt/airflow/dags/pakakumi_scraper.py
[2026-01-03T18:34:10.136+0000] {processor.py:830} INFO - Processing file /opt/airflow/dags/pakakumi_scraper.py for tasks to queue
[2026-01-03T18:34:10.138+0000] {logging_mixin.py:188} INFO - [2026-01-03T18:34:10.138+0000] {dagbag.py:540} INFO - Filling up the DagBag from /opt/airflow/dags/pakakumi_scraper.py
[2026-01-03T18:34:10.167+0000] {processor.py:840} INFO - DAG(s) 'pakakumi_scraper' retrieved from /opt/airflow/dags/pakakumi_scraper.py
[2026-01-03T18:34:10.210+0000] {logging_mixin.py:188} INFO - [2026-01-03T18:34:10.210+0000] {dag.py:3096} INFO - Sync 1 DAGs
[2026-01-03T18:34:10.250+0000] {logging_mixin.py:188} INFO - [2026-01-03T18:34:10.250+0000] {dag.py:3954} INFO - Setting next_dagrun for pakakumi_scraper to 2026-01-03 18:00:00+00:00, run_after=2026-01-03 19:00:00+00:00
[2026-01-03T18:34:10.280+0000] {processor.py:183} INFO - Processing /opt/airflow/dags/pakakumi_scraper.py took 0.159 seconds
[2026-01-03T18:34:40.493+0000] {processor.py:161} INFO - Started process (PID=2009) to work on /opt/airflow/dags/pakakumi_scraper.py
[2026-01-03T18:34:40.494+0000] {processor.py:830} INFO - Processing file /opt/airflow/dags/pakakumi_scraper.py for tasks to queue
[2026-01-03T18:34:40.498+0000] {logging_mixin.py:188} INFO - [2026-01-03T18:34:40.497+0000] {dagbag.py:540} INFO - Filling up the DagBag from /opt/airflow/dags/pakakumi_scraper.py
[2026-01-03T18:34:40.537+0000] {processor.py:840} INFO - DAG(s) 'pakakumi_scraper' retrieved from /opt/airflow/dags/pakakumi_scraper.py
[2026-01-03T18:34:40.583+0000] {logging_mixin.py:188} INFO - [2026-01-03T18:34:40.583+0000] {dag.py:3096} INFO - Sync 1 DAGs
[2026-01-03T18:34:40.625+0000] {logging_mixin.py:188} INFO - [2026-01-03T18:34:40.625+0000] {dag.py:3954} INFO - Setting next_dagrun for pakakumi_scraper to 2026-01-03 18:00:00+00:00, run_after=2026-01-03 19:00:00+00:00
[2026-01-03T18:34:40.654+0000] {processor.py:183} INFO - Processing /opt/airflow/dags/pakakumi_scraper.py took 0.173 seconds
[2026-01-03T18:35:10.743+0000] {processor.py:161} INFO - Started process (PID=2014) to work on /opt/airflow/dags/pakakumi_scraper.py
[2026-01-03T18:35:10.745+0000] {processor.py:830} INFO - Processing file /opt/airflow/dags/pakakumi_scraper.py for tasks to queue
[2026-01-03T18:35:10.748+0000] {logging_mixin.py:188} INFO - [2026-01-03T18:35:10.748+0000] {dagbag.py:540} INFO - Filling up the DagBag from /opt/airflow/dags/pakakumi_scraper.py
[2026-01-03T18:35:10.797+0000] {processor.py:840} INFO - DAG(s) 'pakakumi_scraper' retrieved from /opt/airflow/dags/pakakumi_scraper.py
[2026-01-03T18:35:10.840+0000] {logging_mixin.py:188} INFO - [2026-01-03T18:35:10.839+0000] {dag.py:3096} INFO - Sync 1 DAGs
[2026-01-03T18:35:10.879+0000] {logging_mixin.py:188} INFO - [2026-01-03T18:35:10.878+0000] {dag.py:3954} INFO - Setting next_dagrun for pakakumi_scraper to 2026-01-03 18:00:00+00:00, run_after=2026-01-03 19:00:00+00:00
[2026-01-03T18:35:10.907+0000] {processor.py:183} INFO - Processing /opt/airflow/dags/pakakumi_scraper.py took 0.174 seconds
[2026-01-03T18:35:41.125+0000] {processor.py:161} INFO - Started process (PID=2019) to work on /opt/airflow/dags/pakakumi_scraper.py
[2026-01-03T18:35:41.127+0000] {processor.py:830} INFO - Processing file /opt/airflow/dags/pakakumi_scraper.py for tasks to queue
[2026-01-03T18:35:41.130+0000] {logging_mixin.py:188} INFO - [2026-01-03T18:35:41.130+0000] {dagbag.py:540} INFO - Filling up the DagBag from /opt/airflow/dags/pakakumi_scraper.py
[2026-01-03T18:35:41.158+0000] {processor.py:840} INFO - DAG(s) 'pakakumi_scraper' retrieved from /opt/airflow/dags/pakakumi_scraper.py
[2026-01-03T18:35:41.202+0000] {logging_mixin.py:188} INFO - [2026-01-03T18:35:41.202+0000] {dag.py:3096} INFO - Sync 1 DAGs
[2026-01-03T18:35:41.246+0000] {logging_mixin.py:188} INFO - [2026-01-03T18:35:41.246+0000] {dag.py:3954} INFO - Setting next_dagrun for pakakumi_scraper to 2026-01-03 18:00:00+00:00, run_after=2026-01-03 19:00:00+00:00
[2026-01-03T18:35:41.273+0000] {processor.py:183} INFO - Processing /opt/airflow/dags/pakakumi_scraper.py took 0.161 seconds
[2026-01-03T18:36:11.371+0000] {processor.py:161} INFO - Started process (PID=2024) to work on /opt/airflow/dags/pakakumi_scraper.py
[2026-01-03T18:36:11.372+0000] {processor.py:830} INFO - Processing file /opt/airflow/dags/pakakumi_scraper.py for tasks to queue
[2026-01-03T18:36:11.375+0000] {logging_mixin.py:188} INFO - [2026-01-03T18:36:11.375+0000] {dagbag.py:540} INFO - Filling up the DagBag from /opt/airflow/dags/pakakumi_scraper.py
[2026-01-03T18:36:11.402+0000] {processor.py:840} INFO - DAG(s) 'pakakumi_scraper' retrieved from /opt/airflow/dags/pakakumi_scraper.py
[2026-01-03T18:36:11.446+0000] {logging_mixin.py:188} INFO - [2026-01-03T18:36:11.445+0000] {dag.py:3096} INFO - Sync 1 DAGs
[2026-01-03T18:36:11.482+0000] {logging_mixin.py:188} INFO - [2026-01-03T18:36:11.481+0000] {dag.py:3954} INFO - Setting next_dagrun for pakakumi_scraper to 2026-01-03 18:00:00+00:00, run_after=2026-01-03 19:00:00+00:00
[2026-01-03T18:36:11.510+0000] {processor.py:183} INFO - Processing /opt/airflow/dags/pakakumi_scraper.py took 0.149 seconds
[2026-01-03T18:36:41.731+0000] {processor.py:161} INFO - Started process (PID=2029) to work on /opt/airflow/dags/pakakumi_scraper.py
[2026-01-03T18:36:41.737+0000] {processor.py:830} INFO - Processing file /opt/airflow/dags/pakakumi_scraper.py for tasks to queue
[2026-01-03T18:36:41.741+0000] {logging_mixin.py:188} INFO - [2026-01-03T18:36:41.740+0000] {dagbag.py:540} INFO - Filling up the DagBag from /opt/airflow/dags/pakakumi_scraper.py
[2026-01-03T18:36:41.774+0000] {processor.py:840} INFO - DAG(s) 'pakakumi_scraper' retrieved from /opt/airflow/dags/pakakumi_scraper.py
[2026-01-03T18:36:41.816+0000] {logging_mixin.py:188} INFO - [2026-01-03T18:36:41.815+0000] {dag.py:3096} INFO - Sync 1 DAGs
[2026-01-03T18:36:41.853+0000] {logging_mixin.py:188} INFO - [2026-01-03T18:36:41.852+0000] {dag.py:3954} INFO - Setting next_dagrun for pakakumi_scraper to 2026-01-03 18:00:00+00:00, run_after=2026-01-03 19:00:00+00:00
[2026-01-03T18:36:41.885+0000] {processor.py:183} INFO - Processing /opt/airflow/dags/pakakumi_scraper.py took 0.166 seconds
[2026-01-03T18:37:11.952+0000] {processor.py:161} INFO - Started process (PID=2034) to work on /opt/airflow/dags/pakakumi_scraper.py
[2026-01-03T18:37:11.954+0000] {processor.py:830} INFO - Processing file /opt/airflow/dags/pakakumi_scraper.py for tasks to queue
[2026-01-03T18:37:11.957+0000] {logging_mixin.py:188} INFO - [2026-01-03T18:37:11.957+0000] {dagbag.py:540} INFO - Filling up the DagBag from /opt/airflow/dags/pakakumi_scraper.py
[2026-01-03T18:37:11.986+0000] {processor.py:840} INFO - DAG(s) 'pakakumi_scraper' retrieved from /opt/airflow/dags/pakakumi_scraper.py
[2026-01-03T18:37:12.030+0000] {logging_mixin.py:188} INFO - [2026-01-03T18:37:12.029+0000] {dag.py:3096} INFO - Sync 1 DAGs
[2026-01-03T18:37:12.065+0000] {logging_mixin.py:188} INFO - [2026-01-03T18:37:12.065+0000] {dag.py:3954} INFO - Setting next_dagrun for pakakumi_scraper to 2026-01-03 18:00:00+00:00, run_after=2026-01-03 19:00:00+00:00
[2026-01-03T18:37:12.106+0000] {processor.py:183} INFO - Processing /opt/airflow/dags/pakakumi_scraper.py took 0.164 seconds
[2026-01-03T18:37:42.338+0000] {processor.py:161} INFO - Started process (PID=2039) to work on /opt/airflow/dags/pakakumi_scraper.py
[2026-01-03T18:37:42.340+0000] {processor.py:830} INFO - Processing file /opt/airflow/dags/pakakumi_scraper.py for tasks to queue
[2026-01-03T18:37:42.343+0000] {logging_mixin.py:188} INFO - [2026-01-03T18:37:42.342+0000] {dagbag.py:540} INFO - Filling up the DagBag from /opt/airflow/dags/pakakumi_scraper.py
[2026-01-03T18:37:42.371+0000] {processor.py:840} INFO - DAG(s) 'pakakumi_scraper' retrieved from /opt/airflow/dags/pakakumi_scraper.py
[2026-01-03T18:37:42.414+0000] {logging_mixin.py:188} INFO - [2026-01-03T18:37:42.413+0000] {dag.py:3096} INFO - Sync 1 DAGs
[2026-01-03T18:37:42.448+0000] {logging_mixin.py:188} INFO - [2026-01-03T18:37:42.448+0000] {dag.py:3954} INFO - Setting next_dagrun for pakakumi_scraper to 2026-01-03 18:00:00+00:00, run_after=2026-01-03 19:00:00+00:00
[2026-01-03T18:37:42.475+0000] {processor.py:183} INFO - Processing /opt/airflow/dags/pakakumi_scraper.py took 0.146 seconds
[2026-01-03T18:38:12.601+0000] {processor.py:161} INFO - Started process (PID=2044) to work on /opt/airflow/dags/pakakumi_scraper.py
[2026-01-03T18:38:12.603+0000] {processor.py:830} INFO - Processing file /opt/airflow/dags/pakakumi_scraper.py for tasks to queue
[2026-01-03T18:38:12.605+0000] {logging_mixin.py:188} INFO - [2026-01-03T18:38:12.605+0000] {dagbag.py:540} INFO - Filling up the DagBag from /opt/airflow/dags/pakakumi_scraper.py
[2026-01-03T18:38:12.633+0000] {processor.py:840} INFO - DAG(s) 'pakakumi_scraper' retrieved from /opt/airflow/dags/pakakumi_scraper.py
[2026-01-03T18:38:12.676+0000] {logging_mixin.py:188} INFO - [2026-01-03T18:38:12.675+0000] {dag.py:3096} INFO - Sync 1 DAGs
[2026-01-03T18:38:12.710+0000] {logging_mixin.py:188} INFO - [2026-01-03T18:38:12.710+0000] {dag.py:3954} INFO - Setting next_dagrun for pakakumi_scraper to 2026-01-03 18:00:00+00:00, run_after=2026-01-03 19:00:00+00:00
[2026-01-03T18:38:12.737+0000] {processor.py:183} INFO - Processing /opt/airflow/dags/pakakumi_scraper.py took 0.147 seconds
[2026-01-03T18:38:42.945+0000] {processor.py:161} INFO - Started process (PID=2049) to work on /opt/airflow/dags/pakakumi_scraper.py
[2026-01-03T18:38:42.947+0000] {processor.py:830} INFO - Processing file /opt/airflow/dags/pakakumi_scraper.py for tasks to queue
[2026-01-03T18:38:42.950+0000] {logging_mixin.py:188} INFO - [2026-01-03T18:38:42.949+0000] {dagbag.py:540} INFO - Filling up the DagBag from /opt/airflow/dags/pakakumi_scraper.py
[2026-01-03T18:38:42.980+0000] {processor.py:840} INFO - DAG(s) 'pakakumi_scraper' retrieved from /opt/airflow/dags/pakakumi_scraper.py
[2026-01-03T18:38:43.023+0000] {logging_mixin.py:188} INFO - [2026-01-03T18:38:43.023+0000] {dag.py:3096} INFO - Sync 1 DAGs
[2026-01-03T18:38:43.060+0000] {logging_mixin.py:188} INFO - [2026-01-03T18:38:43.060+0000] {dag.py:3954} INFO - Setting next_dagrun for pakakumi_scraper to 2026-01-03 18:00:00+00:00, run_after=2026-01-03 19:00:00+00:00
[2026-01-03T18:38:43.089+0000] {processor.py:183} INFO - Processing /opt/airflow/dags/pakakumi_scraper.py took 0.153 seconds
[2026-01-03T18:39:13.179+0000] {processor.py:161} INFO - Started process (PID=2054) to work on /opt/airflow/dags/pakakumi_scraper.py
[2026-01-03T18:39:13.180+0000] {processor.py:830} INFO - Processing file /opt/airflow/dags/pakakumi_scraper.py for tasks to queue
[2026-01-03T18:39:13.183+0000] {logging_mixin.py:188} INFO - [2026-01-03T18:39:13.183+0000] {dagbag.py:540} INFO - Filling up the DagBag from /opt/airflow/dags/pakakumi_scraper.py
[2026-01-03T18:39:13.212+0000] {processor.py:840} INFO - DAG(s) 'pakakumi_scraper' retrieved from /opt/airflow/dags/pakakumi_scraper.py
[2026-01-03T18:39:13.254+0000] {logging_mixin.py:188} INFO - [2026-01-03T18:39:13.254+0000] {dag.py:3096} INFO - Sync 1 DAGs
[2026-01-03T18:39:13.289+0000] {logging_mixin.py:188} INFO - [2026-01-03T18:39:13.289+0000] {dag.py:3954} INFO - Setting next_dagrun for pakakumi_scraper to 2026-01-03 18:00:00+00:00, run_after=2026-01-03 19:00:00+00:00
[2026-01-03T18:39:13.317+0000] {processor.py:183} INFO - Processing /opt/airflow/dags/pakakumi_scraper.py took 0.150 seconds
[2026-01-03T18:39:43.587+0000] {processor.py:161} INFO - Started process (PID=2059) to work on /opt/airflow/dags/pakakumi_scraper.py
[2026-01-03T18:39:43.588+0000] {processor.py:830} INFO - Processing file /opt/airflow/dags/pakakumi_scraper.py for tasks to queue
[2026-01-03T18:39:43.591+0000] {logging_mixin.py:188} INFO - [2026-01-03T18:39:43.591+0000] {dagbag.py:540} INFO - Filling up the DagBag from /opt/airflow/dags/pakakumi_scraper.py
[2026-01-03T18:39:43.620+0000] {processor.py:840} INFO - DAG(s) 'pakakumi_scraper' retrieved from /opt/airflow/dags/pakakumi_scraper.py
[2026-01-03T18:39:43.662+0000] {logging_mixin.py:188} INFO - [2026-01-03T18:39:43.662+0000] {dag.py:3096} INFO - Sync 1 DAGs
[2026-01-03T18:39:43.704+0000] {logging_mixin.py:188} INFO - [2026-01-03T18:39:43.703+0000] {dag.py:3954} INFO - Setting next_dagrun for pakakumi_scraper to 2026-01-03 18:00:00+00:00, run_after=2026-01-03 19:00:00+00:00
[2026-01-03T18:39:43.733+0000] {processor.py:183} INFO - Processing /opt/airflow/dags/pakakumi_scraper.py took 0.156 seconds
[2026-01-03T18:40:13.846+0000] {processor.py:161} INFO - Started process (PID=2064) to work on /opt/airflow/dags/pakakumi_scraper.py
[2026-01-03T18:40:13.847+0000] {processor.py:830} INFO - Processing file /opt/airflow/dags/pakakumi_scraper.py for tasks to queue
[2026-01-03T18:40:13.851+0000] {logging_mixin.py:188} INFO - [2026-01-03T18:40:13.850+0000] {dagbag.py:540} INFO - Filling up the DagBag from /opt/airflow/dags/pakakumi_scraper.py
[2026-01-03T18:40:13.884+0000] {processor.py:840} INFO - DAG(s) 'pakakumi_scraper' retrieved from /opt/airflow/dags/pakakumi_scraper.py
[2026-01-03T18:40:13.929+0000] {logging_mixin.py:188} INFO - [2026-01-03T18:40:13.929+0000] {dag.py:3096} INFO - Sync 1 DAGs
[2026-01-03T18:40:13.967+0000] {logging_mixin.py:188} INFO - [2026-01-03T18:40:13.967+0000] {dag.py:3954} INFO - Setting next_dagrun for pakakumi_scraper to 2026-01-03 18:00:00+00:00, run_after=2026-01-03 19:00:00+00:00
[2026-01-03T18:40:13.996+0000] {processor.py:183} INFO - Processing /opt/airflow/dags/pakakumi_scraper.py took 0.162 seconds
[2026-01-03T18:40:44.164+0000] {processor.py:161} INFO - Started process (PID=2069) to work on /opt/airflow/dags/pakakumi_scraper.py
[2026-01-03T18:40:44.165+0000] {processor.py:830} INFO - Processing file /opt/airflow/dags/pakakumi_scraper.py for tasks to queue
[2026-01-03T18:40:44.168+0000] {logging_mixin.py:188} INFO - [2026-01-03T18:40:44.168+0000] {dagbag.py:540} INFO - Filling up the DagBag from /opt/airflow/dags/pakakumi_scraper.py
[2026-01-03T18:40:44.199+0000] {processor.py:840} INFO - DAG(s) 'pakakumi_scraper' retrieved from /opt/airflow/dags/pakakumi_scraper.py
[2026-01-03T18:40:44.249+0000] {logging_mixin.py:188} INFO - [2026-01-03T18:40:44.248+0000] {dag.py:3096} INFO - Sync 1 DAGs
[2026-01-03T18:40:44.286+0000] {logging_mixin.py:188} INFO - [2026-01-03T18:40:44.286+0000] {dag.py:3954} INFO - Setting next_dagrun for pakakumi_scraper to 2026-01-03 18:00:00+00:00, run_after=2026-01-03 19:00:00+00:00
[2026-01-03T18:40:44.318+0000] {processor.py:183} INFO - Processing /opt/airflow/dags/pakakumi_scraper.py took 0.164 seconds
[2026-01-03T18:41:14.433+0000] {processor.py:161} INFO - Started process (PID=2074) to work on /opt/airflow/dags/pakakumi_scraper.py
[2026-01-03T18:41:14.434+0000] {processor.py:830} INFO - Processing file /opt/airflow/dags/pakakumi_scraper.py for tasks to queue
[2026-01-03T18:41:14.438+0000] {logging_mixin.py:188} INFO - [2026-01-03T18:41:14.437+0000] {dagbag.py:540} INFO - Filling up the DagBag from /opt/airflow/dags/pakakumi_scraper.py
[2026-01-03T18:41:14.465+0000] {processor.py:840} INFO - DAG(s) 'pakakumi_scraper' retrieved from /opt/airflow/dags/pakakumi_scraper.py
[2026-01-03T18:41:14.510+0000] {logging_mixin.py:188} INFO - [2026-01-03T18:41:14.510+0000] {dag.py:3096} INFO - Sync 1 DAGs
[2026-01-03T18:41:14.546+0000] {logging_mixin.py:188} INFO - [2026-01-03T18:41:14.546+0000] {dag.py:3954} INFO - Setting next_dagrun for pakakumi_scraper to 2026-01-03 18:00:00+00:00, run_after=2026-01-03 19:00:00+00:00
[2026-01-03T18:41:14.575+0000] {processor.py:183} INFO - Processing /opt/airflow/dags/pakakumi_scraper.py took 0.152 seconds
[2026-01-03T18:41:44.773+0000] {processor.py:161} INFO - Started process (PID=2079) to work on /opt/airflow/dags/pakakumi_scraper.py
[2026-01-03T18:41:44.775+0000] {processor.py:830} INFO - Processing file /opt/airflow/dags/pakakumi_scraper.py for tasks to queue
[2026-01-03T18:41:44.778+0000] {logging_mixin.py:188} INFO - [2026-01-03T18:41:44.778+0000] {dagbag.py:540} INFO - Filling up the DagBag from /opt/airflow/dags/pakakumi_scraper.py
[2026-01-03T18:41:44.808+0000] {processor.py:840} INFO - DAG(s) 'pakakumi_scraper' retrieved from /opt/airflow/dags/pakakumi_scraper.py
[2026-01-03T18:41:44.850+0000] {logging_mixin.py:188} INFO - [2026-01-03T18:41:44.849+0000] {dag.py:3096} INFO - Sync 1 DAGs
[2026-01-03T18:41:44.883+0000] {logging_mixin.py:188} INFO - [2026-01-03T18:41:44.883+0000] {dag.py:3954} INFO - Setting next_dagrun for pakakumi_scraper to 2026-01-03 18:00:00+00:00, run_after=2026-01-03 19:00:00+00:00
[2026-01-03T18:41:44.910+0000] {processor.py:183} INFO - Processing /opt/airflow/dags/pakakumi_scraper.py took 0.148 seconds
[2026-01-03T18:42:15.005+0000] {processor.py:161} INFO - Started process (PID=2084) to work on /opt/airflow/dags/pakakumi_scraper.py
[2026-01-03T18:42:15.006+0000] {processor.py:830} INFO - Processing file /opt/airflow/dags/pakakumi_scraper.py for tasks to queue
[2026-01-03T18:42:15.009+0000] {logging_mixin.py:188} INFO - [2026-01-03T18:42:15.008+0000] {dagbag.py:540} INFO - Filling up the DagBag from /opt/airflow/dags/pakakumi_scraper.py
[2026-01-03T18:42:15.039+0000] {processor.py:840} INFO - DAG(s) 'pakakumi_scraper' retrieved from /opt/airflow/dags/pakakumi_scraper.py
[2026-01-03T18:42:15.082+0000] {logging_mixin.py:188} INFO - [2026-01-03T18:42:15.082+0000] {dag.py:3096} INFO - Sync 1 DAGs
[2026-01-03T18:42:15.117+0000] {logging_mixin.py:188} INFO - [2026-01-03T18:42:15.117+0000] {dag.py:3954} INFO - Setting next_dagrun for pakakumi_scraper to 2026-01-03 18:00:00+00:00, run_after=2026-01-03 19:00:00+00:00
[2026-01-03T18:42:15.147+0000] {processor.py:183} INFO - Processing /opt/airflow/dags/pakakumi_scraper.py took 0.154 seconds
[2026-01-03T18:42:45.376+0000] {processor.py:161} INFO - Started process (PID=2089) to work on /opt/airflow/dags/pakakumi_scraper.py
[2026-01-03T18:42:45.378+0000] {processor.py:830} INFO - Processing file /opt/airflow/dags/pakakumi_scraper.py for tasks to queue
[2026-01-03T18:42:45.383+0000] {logging_mixin.py:188} INFO - [2026-01-03T18:42:45.382+0000] {dagbag.py:540} INFO - Filling up the DagBag from /opt/airflow/dags/pakakumi_scraper.py
[2026-01-03T18:42:45.423+0000] {processor.py:840} INFO - DAG(s) 'pakakumi_scraper' retrieved from /opt/airflow/dags/pakakumi_scraper.py
[2026-01-03T18:42:45.477+0000] {logging_mixin.py:188} INFO - [2026-01-03T18:42:45.477+0000] {dag.py:3096} INFO - Sync 1 DAGs
[2026-01-03T18:42:45.512+0000] {logging_mixin.py:188} INFO - [2026-01-03T18:42:45.512+0000] {dag.py:3954} INFO - Setting next_dagrun for pakakumi_scraper to 2026-01-03 18:00:00+00:00, run_after=2026-01-03 19:00:00+00:00
[2026-01-03T18:42:45.538+0000] {processor.py:183} INFO - Processing /opt/airflow/dags/pakakumi_scraper.py took 0.173 seconds
[2026-01-03T18:43:15.628+0000] {processor.py:161} INFO - Started process (PID=2094) to work on /opt/airflow/dags/pakakumi_scraper.py
[2026-01-03T18:43:15.629+0000] {processor.py:830} INFO - Processing file /opt/airflow/dags/pakakumi_scraper.py for tasks to queue
[2026-01-03T18:43:15.632+0000] {logging_mixin.py:188} INFO - [2026-01-03T18:43:15.631+0000] {dagbag.py:540} INFO - Filling up the DagBag from /opt/airflow/dags/pakakumi_scraper.py
[2026-01-03T18:43:15.660+0000] {processor.py:840} INFO - DAG(s) 'pakakumi_scraper' retrieved from /opt/airflow/dags/pakakumi_scraper.py
[2026-01-03T18:43:15.703+0000] {logging_mixin.py:188} INFO - [2026-01-03T18:43:15.703+0000] {dag.py:3096} INFO - Sync 1 DAGs
[2026-01-03T18:43:15.738+0000] {logging_mixin.py:188} INFO - [2026-01-03T18:43:15.738+0000] {dag.py:3954} INFO - Setting next_dagrun for pakakumi_scraper to 2026-01-03 18:00:00+00:00, run_after=2026-01-03 19:00:00+00:00
[2026-01-03T18:43:15.767+0000] {processor.py:183} INFO - Processing /opt/airflow/dags/pakakumi_scraper.py took 0.151 seconds
[2026-01-03T18:43:45.996+0000] {processor.py:161} INFO - Started process (PID=2099) to work on /opt/airflow/dags/pakakumi_scraper.py
[2026-01-03T18:43:45.997+0000] {processor.py:830} INFO - Processing file /opt/airflow/dags/pakakumi_scraper.py for tasks to queue
[2026-01-03T18:43:46.000+0000] {logging_mixin.py:188} INFO - [2026-01-03T18:43:45.999+0000] {dagbag.py:540} INFO - Filling up the DagBag from /opt/airflow/dags/pakakumi_scraper.py
[2026-01-03T18:43:46.032+0000] {processor.py:840} INFO - DAG(s) 'pakakumi_scraper' retrieved from /opt/airflow/dags/pakakumi_scraper.py
[2026-01-03T18:43:46.075+0000] {logging_mixin.py:188} INFO - [2026-01-03T18:43:46.074+0000] {dag.py:3096} INFO - Sync 1 DAGs
[2026-01-03T18:43:46.109+0000] {logging_mixin.py:188} INFO - [2026-01-03T18:43:46.109+0000] {dag.py:3954} INFO - Setting next_dagrun for pakakumi_scraper to 2026-01-03 18:00:00+00:00, run_after=2026-01-03 19:00:00+00:00
[2026-01-03T18:43:46.139+0000] {processor.py:183} INFO - Processing /opt/airflow/dags/pakakumi_scraper.py took 0.154 seconds
[2026-01-03T18:44:16.238+0000] {processor.py:161} INFO - Started process (PID=2104) to work on /opt/airflow/dags/pakakumi_scraper.py
[2026-01-03T18:44:16.239+0000] {processor.py:830} INFO - Processing file /opt/airflow/dags/pakakumi_scraper.py for tasks to queue
[2026-01-03T18:44:16.242+0000] {logging_mixin.py:188} INFO - [2026-01-03T18:44:16.242+0000] {dagbag.py:540} INFO - Filling up the DagBag from /opt/airflow/dags/pakakumi_scraper.py
[2026-01-03T18:44:16.270+0000] {processor.py:840} INFO - DAG(s) 'pakakumi_scraper' retrieved from /opt/airflow/dags/pakakumi_scraper.py
[2026-01-03T18:44:16.313+0000] {logging_mixin.py:188} INFO - [2026-01-03T18:44:16.312+0000] {dag.py:3096} INFO - Sync 1 DAGs
[2026-01-03T18:44:16.347+0000] {logging_mixin.py:188} INFO - [2026-01-03T18:44:16.346+0000] {dag.py:3954} INFO - Setting next_dagrun for pakakumi_scraper to 2026-01-03 18:00:00+00:00, run_after=2026-01-03 19:00:00+00:00
[2026-01-03T18:44:16.371+0000] {processor.py:183} INFO - Processing /opt/airflow/dags/pakakumi_scraper.py took 0.144 seconds
[2026-01-03T18:44:46.619+0000] {processor.py:161} INFO - Started process (PID=2109) to work on /opt/airflow/dags/pakakumi_scraper.py
[2026-01-03T18:44:46.621+0000] {processor.py:830} INFO - Processing file /opt/airflow/dags/pakakumi_scraper.py for tasks to queue
[2026-01-03T18:44:46.624+0000] {logging_mixin.py:188} INFO - [2026-01-03T18:44:46.623+0000] {dagbag.py:540} INFO - Filling up the DagBag from /opt/airflow/dags/pakakumi_scraper.py
[2026-01-03T18:44:46.651+0000] {processor.py:840} INFO - DAG(s) 'pakakumi_scraper' retrieved from /opt/airflow/dags/pakakumi_scraper.py
[2026-01-03T18:44:46.695+0000] {logging_mixin.py:188} INFO - [2026-01-03T18:44:46.694+0000] {dag.py:3096} INFO - Sync 1 DAGs
[2026-01-03T18:44:46.737+0000] {logging_mixin.py:188} INFO - [2026-01-03T18:44:46.736+0000] {dag.py:3954} INFO - Setting next_dagrun for pakakumi_scraper to 2026-01-03 18:00:00+00:00, run_after=2026-01-03 19:00:00+00:00
[2026-01-03T18:44:46.769+0000] {processor.py:183} INFO - Processing /opt/airflow/dags/pakakumi_scraper.py took 0.159 seconds
[2026-01-03T18:45:16.850+0000] {processor.py:161} INFO - Started process (PID=2114) to work on /opt/airflow/dags/pakakumi_scraper.py
[2026-01-03T18:45:16.852+0000] {processor.py:830} INFO - Processing file /opt/airflow/dags/pakakumi_scraper.py for tasks to queue
[2026-01-03T18:45:16.855+0000] {logging_mixin.py:188} INFO - [2026-01-03T18:45:16.854+0000] {dagbag.py:540} INFO - Filling up the DagBag from /opt/airflow/dags/pakakumi_scraper.py
[2026-01-03T18:45:16.883+0000] {processor.py:840} INFO - DAG(s) 'pakakumi_scraper' retrieved from /opt/airflow/dags/pakakumi_scraper.py
[2026-01-03T18:45:16.927+0000] {logging_mixin.py:188} INFO - [2026-01-03T18:45:16.927+0000] {dag.py:3096} INFO - Sync 1 DAGs
[2026-01-03T18:45:16.961+0000] {logging_mixin.py:188} INFO - [2026-01-03T18:45:16.961+0000] {dag.py:3954} INFO - Setting next_dagrun for pakakumi_scraper to 2026-01-03 18:00:00+00:00, run_after=2026-01-03 19:00:00+00:00
[2026-01-03T18:45:16.989+0000] {processor.py:183} INFO - Processing /opt/airflow/dags/pakakumi_scraper.py took 0.150 seconds
[2026-01-03T18:45:47.241+0000] {processor.py:161} INFO - Started process (PID=2119) to work on /opt/airflow/dags/pakakumi_scraper.py
[2026-01-03T18:45:47.243+0000] {processor.py:830} INFO - Processing file /opt/airflow/dags/pakakumi_scraper.py for tasks to queue
[2026-01-03T18:45:47.247+0000] {logging_mixin.py:188} INFO - [2026-01-03T18:45:47.246+0000] {dagbag.py:540} INFO - Filling up the DagBag from /opt/airflow/dags/pakakumi_scraper.py
[2026-01-03T18:45:47.290+0000] {processor.py:840} INFO - DAG(s) 'pakakumi_scraper' retrieved from /opt/airflow/dags/pakakumi_scraper.py
[2026-01-03T18:45:47.337+0000] {logging_mixin.py:188} INFO - [2026-01-03T18:45:47.337+0000] {dag.py:3096} INFO - Sync 1 DAGs
[2026-01-03T18:45:47.376+0000] {logging_mixin.py:188} INFO - [2026-01-03T18:45:47.376+0000] {dag.py:3954} INFO - Setting next_dagrun for pakakumi_scraper to 2026-01-03 18:00:00+00:00, run_after=2026-01-03 19:00:00+00:00
[2026-01-03T18:45:47.406+0000] {processor.py:183} INFO - Processing /opt/airflow/dags/pakakumi_scraper.py took 0.178 seconds
[2026-01-03T18:46:17.475+0000] {processor.py:161} INFO - Started process (PID=2124) to work on /opt/airflow/dags/pakakumi_scraper.py
[2026-01-03T18:46:17.477+0000] {processor.py:830} INFO - Processing file /opt/airflow/dags/pakakumi_scraper.py for tasks to queue
[2026-01-03T18:46:17.481+0000] {logging_mixin.py:188} INFO - [2026-01-03T18:46:17.480+0000] {dagbag.py:540} INFO - Filling up the DagBag from /opt/airflow/dags/pakakumi_scraper.py
[2026-01-03T18:46:17.509+0000] {processor.py:840} INFO - DAG(s) 'pakakumi_scraper' retrieved from /opt/airflow/dags/pakakumi_scraper.py
[2026-01-03T18:46:17.553+0000] {logging_mixin.py:188} INFO - [2026-01-03T18:46:17.552+0000] {dag.py:3096} INFO - Sync 1 DAGs
[2026-01-03T18:46:17.587+0000] {logging_mixin.py:188} INFO - [2026-01-03T18:46:17.587+0000] {dag.py:3954} INFO - Setting next_dagrun for pakakumi_scraper to 2026-01-03 18:00:00+00:00, run_after=2026-01-03 19:00:00+00:00
[2026-01-03T18:46:17.614+0000] {processor.py:183} INFO - Processing /opt/airflow/dags/pakakumi_scraper.py took 0.149 seconds
[2026-01-03T18:46:47.757+0000] {processor.py:161} INFO - Started process (PID=2129) to work on /opt/airflow/dags/pakakumi_scraper.py
[2026-01-03T18:46:47.758+0000] {processor.py:830} INFO - Processing file /opt/airflow/dags/pakakumi_scraper.py for tasks to queue
[2026-01-03T18:46:47.762+0000] {logging_mixin.py:188} INFO - [2026-01-03T18:46:47.762+0000] {dagbag.py:540} INFO - Filling up the DagBag from /opt/airflow/dags/pakakumi_scraper.py
[2026-01-03T18:46:47.792+0000] {processor.py:840} INFO - DAG(s) 'pakakumi_scraper' retrieved from /opt/airflow/dags/pakakumi_scraper.py
[2026-01-03T18:46:47.869+0000] {logging_mixin.py:188} INFO - [2026-01-03T18:46:47.869+0000] {dag.py:3096} INFO - Sync 1 DAGs
[2026-01-03T18:46:47.908+0000] {logging_mixin.py:188} INFO - [2026-01-03T18:46:47.907+0000] {dag.py:3954} INFO - Setting next_dagrun for pakakumi_scraper to 2026-01-03 18:00:00+00:00, run_after=2026-01-03 19:00:00+00:00
[2026-01-03T18:46:47.936+0000] {processor.py:183} INFO - Processing /opt/airflow/dags/pakakumi_scraper.py took 0.209 seconds
[2026-01-03T18:47:18.060+0000] {processor.py:161} INFO - Started process (PID=2134) to work on /opt/airflow/dags/pakakumi_scraper.py
[2026-01-03T18:47:18.062+0000] {processor.py:830} INFO - Processing file /opt/airflow/dags/pakakumi_scraper.py for tasks to queue
[2026-01-03T18:47:18.065+0000] {logging_mixin.py:188} INFO - [2026-01-03T18:47:18.064+0000] {dagbag.py:540} INFO - Filling up the DagBag from /opt/airflow/dags/pakakumi_scraper.py
[2026-01-03T18:47:18.094+0000] {processor.py:840} INFO - DAG(s) 'pakakumi_scraper' retrieved from /opt/airflow/dags/pakakumi_scraper.py
[2026-01-03T18:47:18.141+0000] {logging_mixin.py:188} INFO - [2026-01-03T18:47:18.141+0000] {dag.py:3096} INFO - Sync 1 DAGs
[2026-01-03T18:47:18.176+0000] {logging_mixin.py:188} INFO - [2026-01-03T18:47:18.176+0000] {dag.py:3954} INFO - Setting next_dagrun for pakakumi_scraper to 2026-01-03 18:00:00+00:00, run_after=2026-01-03 19:00:00+00:00
[2026-01-03T18:47:18.202+0000] {processor.py:183} INFO - Processing /opt/airflow/dags/pakakumi_scraper.py took 0.154 seconds
[2026-01-03T18:47:48.395+0000] {processor.py:161} INFO - Started process (PID=2139) to work on /opt/airflow/dags/pakakumi_scraper.py
[2026-01-03T18:47:48.396+0000] {processor.py:830} INFO - Processing file /opt/airflow/dags/pakakumi_scraper.py for tasks to queue
[2026-01-03T18:47:48.399+0000] {logging_mixin.py:188} INFO - [2026-01-03T18:47:48.398+0000] {dagbag.py:540} INFO - Filling up the DagBag from /opt/airflow/dags/pakakumi_scraper.py
[2026-01-03T18:47:48.431+0000] {processor.py:840} INFO - DAG(s) 'pakakumi_scraper' retrieved from /opt/airflow/dags/pakakumi_scraper.py
[2026-01-03T18:47:48.474+0000] {logging_mixin.py:188} INFO - [2026-01-03T18:47:48.474+0000] {dag.py:3096} INFO - Sync 1 DAGs
[2026-01-03T18:47:48.513+0000] {logging_mixin.py:188} INFO - [2026-01-03T18:47:48.512+0000] {dag.py:3954} INFO - Setting next_dagrun for pakakumi_scraper to 2026-01-03 18:00:00+00:00, run_after=2026-01-03 19:00:00+00:00
[2026-01-03T18:47:48.540+0000] {processor.py:183} INFO - Processing /opt/airflow/dags/pakakumi_scraper.py took 0.158 seconds
[2026-01-03T18:48:18.636+0000] {processor.py:161} INFO - Started process (PID=2144) to work on /opt/airflow/dags/pakakumi_scraper.py
[2026-01-03T18:48:18.638+0000] {processor.py:830} INFO - Processing file /opt/airflow/dags/pakakumi_scraper.py for tasks to queue
[2026-01-03T18:48:18.641+0000] {logging_mixin.py:188} INFO - [2026-01-03T18:48:18.640+0000] {dagbag.py:540} INFO - Filling up the DagBag from /opt/airflow/dags/pakakumi_scraper.py
[2026-01-03T18:48:18.670+0000] {processor.py:840} INFO - DAG(s) 'pakakumi_scraper' retrieved from /opt/airflow/dags/pakakumi_scraper.py
[2026-01-03T18:48:18.712+0000] {logging_mixin.py:188} INFO - [2026-01-03T18:48:18.712+0000] {dag.py:3096} INFO - Sync 1 DAGs
[2026-01-03T18:48:18.748+0000] {logging_mixin.py:188} INFO - [2026-01-03T18:48:18.748+0000] {dag.py:3954} INFO - Setting next_dagrun for pakakumi_scraper to 2026-01-03 18:00:00+00:00, run_after=2026-01-03 19:00:00+00:00
[2026-01-03T18:48:18.776+0000] {processor.py:183} INFO - Processing /opt/airflow/dags/pakakumi_scraper.py took 0.152 seconds
[2026-01-03T18:48:48.987+0000] {processor.py:161} INFO - Started process (PID=2149) to work on /opt/airflow/dags/pakakumi_scraper.py
[2026-01-03T18:48:48.988+0000] {processor.py:830} INFO - Processing file /opt/airflow/dags/pakakumi_scraper.py for tasks to queue
[2026-01-03T18:48:48.992+0000] {logging_mixin.py:188} INFO - [2026-01-03T18:48:48.992+0000] {dagbag.py:540} INFO - Filling up the DagBag from /opt/airflow/dags/pakakumi_scraper.py
[2026-01-03T18:48:49.022+0000] {processor.py:840} INFO - DAG(s) 'pakakumi_scraper' retrieved from /opt/airflow/dags/pakakumi_scraper.py
[2026-01-03T18:48:49.066+0000] {logging_mixin.py:188} INFO - [2026-01-03T18:48:49.066+0000] {dag.py:3096} INFO - Sync 1 DAGs
[2026-01-03T18:48:49.102+0000] {logging_mixin.py:188} INFO - [2026-01-03T18:48:49.102+0000] {dag.py:3954} INFO - Setting next_dagrun for pakakumi_scraper to 2026-01-03 18:00:00+00:00, run_after=2026-01-03 19:00:00+00:00
[2026-01-03T18:48:49.129+0000] {processor.py:183} INFO - Processing /opt/airflow/dags/pakakumi_scraper.py took 0.153 seconds
[2026-01-03T18:49:19.359+0000] {processor.py:161} INFO - Started process (PID=2154) to work on /opt/airflow/dags/pakakumi_scraper.py
[2026-01-03T18:49:19.361+0000] {processor.py:830} INFO - Processing file /opt/airflow/dags/pakakumi_scraper.py for tasks to queue
[2026-01-03T18:49:19.369+0000] {logging_mixin.py:188} INFO - [2026-01-03T18:49:19.368+0000] {dagbag.py:540} INFO - Filling up the DagBag from /opt/airflow/dags/pakakumi_scraper.py
[2026-01-03T18:49:19.420+0000] {processor.py:840} INFO - DAG(s) 'pakakumi_scraper' retrieved from /opt/airflow/dags/pakakumi_scraper.py
[2026-01-03T18:49:19.521+0000] {logging_mixin.py:188} INFO - [2026-01-03T18:49:19.521+0000] {dag.py:3096} INFO - Sync 1 DAGs
[2026-01-03T18:49:19.605+0000] {logging_mixin.py:188} INFO - [2026-01-03T18:49:19.604+0000] {dag.py:3954} INFO - Setting next_dagrun for pakakumi_scraper to 2026-01-03 18:00:00+00:00, run_after=2026-01-03 19:00:00+00:00
[2026-01-03T18:49:19.649+0000] {processor.py:183} INFO - Processing /opt/airflow/dags/pakakumi_scraper.py took 0.368 seconds
[2026-01-03T18:49:49.983+0000] {processor.py:161} INFO - Started process (PID=2159) to work on /opt/airflow/dags/pakakumi_scraper.py
[2026-01-03T18:49:49.985+0000] {processor.py:830} INFO - Processing file /opt/airflow/dags/pakakumi_scraper.py for tasks to queue
[2026-01-03T18:49:49.989+0000] {logging_mixin.py:188} INFO - [2026-01-03T18:49:49.988+0000] {dagbag.py:540} INFO - Filling up the DagBag from /opt/airflow/dags/pakakumi_scraper.py
[2026-01-03T18:49:50.028+0000] {processor.py:840} INFO - DAG(s) 'pakakumi_scraper' retrieved from /opt/airflow/dags/pakakumi_scraper.py
[2026-01-03T18:49:50.075+0000] {logging_mixin.py:188} INFO - [2026-01-03T18:49:50.074+0000] {dag.py:3096} INFO - Sync 1 DAGs
[2026-01-03T18:49:50.124+0000] {logging_mixin.py:188} INFO - [2026-01-03T18:49:50.124+0000] {dag.py:3954} INFO - Setting next_dagrun for pakakumi_scraper to 2026-01-03 18:00:00+00:00, run_after=2026-01-03 19:00:00+00:00
[2026-01-03T18:49:50.156+0000] {processor.py:183} INFO - Processing /opt/airflow/dags/pakakumi_scraper.py took 0.192 seconds
[2026-01-03T18:50:20.404+0000] {processor.py:161} INFO - Started process (PID=2164) to work on /opt/airflow/dags/pakakumi_scraper.py
[2026-01-03T18:50:20.406+0000] {processor.py:830} INFO - Processing file /opt/airflow/dags/pakakumi_scraper.py for tasks to queue
[2026-01-03T18:50:20.409+0000] {logging_mixin.py:188} INFO - [2026-01-03T18:50:20.409+0000] {dagbag.py:540} INFO - Filling up the DagBag from /opt/airflow/dags/pakakumi_scraper.py
[2026-01-03T18:50:20.435+0000] {processor.py:840} INFO - DAG(s) 'pakakumi_scraper' retrieved from /opt/airflow/dags/pakakumi_scraper.py
[2026-01-03T18:50:20.479+0000] {logging_mixin.py:188} INFO - [2026-01-03T18:50:20.479+0000] {dag.py:3096} INFO - Sync 1 DAGs
[2026-01-03T18:50:20.514+0000] {logging_mixin.py:188} INFO - [2026-01-03T18:50:20.513+0000] {dag.py:3954} INFO - Setting next_dagrun for pakakumi_scraper to 2026-01-03 18:00:00+00:00, run_after=2026-01-03 19:00:00+00:00
[2026-01-03T18:50:20.543+0000] {processor.py:183} INFO - Processing /opt/airflow/dags/pakakumi_scraper.py took 0.149 seconds
[2026-01-03T18:50:50.610+0000] {processor.py:161} INFO - Started process (PID=2169) to work on /opt/airflow/dags/pakakumi_scraper.py
[2026-01-03T18:50:50.611+0000] {processor.py:830} INFO - Processing file /opt/airflow/dags/pakakumi_scraper.py for tasks to queue
[2026-01-03T18:50:50.614+0000] {logging_mixin.py:188} INFO - [2026-01-03T18:50:50.614+0000] {dagbag.py:540} INFO - Filling up the DagBag from /opt/airflow/dags/pakakumi_scraper.py
[2026-01-03T18:50:50.642+0000] {processor.py:840} INFO - DAG(s) 'pakakumi_scraper' retrieved from /opt/airflow/dags/pakakumi_scraper.py
[2026-01-03T18:50:50.686+0000] {logging_mixin.py:188} INFO - [2026-01-03T18:50:50.686+0000] {dag.py:3096} INFO - Sync 1 DAGs
[2026-01-03T18:50:50.721+0000] {logging_mixin.py:188} INFO - [2026-01-03T18:50:50.721+0000] {dag.py:3954} INFO - Setting next_dagrun for pakakumi_scraper to 2026-01-03 18:00:00+00:00, run_after=2026-01-03 19:00:00+00:00
[2026-01-03T18:50:50.749+0000] {processor.py:183} INFO - Processing /opt/airflow/dags/pakakumi_scraper.py took 0.150 seconds
[2026-01-03T18:51:20.990+0000] {processor.py:161} INFO - Started process (PID=2174) to work on /opt/airflow/dags/pakakumi_scraper.py
[2026-01-03T18:51:20.991+0000] {processor.py:830} INFO - Processing file /opt/airflow/dags/pakakumi_scraper.py for tasks to queue
[2026-01-03T18:51:20.994+0000] {logging_mixin.py:188} INFO - [2026-01-03T18:51:20.994+0000] {dagbag.py:540} INFO - Filling up the DagBag from /opt/airflow/dags/pakakumi_scraper.py
[2026-01-03T18:51:21.024+0000] {processor.py:840} INFO - DAG(s) 'pakakumi_scraper' retrieved from /opt/airflow/dags/pakakumi_scraper.py
[2026-01-03T18:51:21.076+0000] {logging_mixin.py:188} INFO - [2026-01-03T18:51:21.075+0000] {dag.py:3096} INFO - Sync 1 DAGs
[2026-01-03T18:51:21.111+0000] {logging_mixin.py:188} INFO - [2026-01-03T18:51:21.111+0000] {dag.py:3954} INFO - Setting next_dagrun for pakakumi_scraper to 2026-01-03 18:00:00+00:00, run_after=2026-01-03 19:00:00+00:00
[2026-01-03T18:51:21.137+0000] {processor.py:183} INFO - Processing /opt/airflow/dags/pakakumi_scraper.py took 0.157 seconds
[2026-01-03T18:51:51.236+0000] {processor.py:161} INFO - Started process (PID=2179) to work on /opt/airflow/dags/pakakumi_scraper.py
[2026-01-03T18:51:51.238+0000] {processor.py:830} INFO - Processing file /opt/airflow/dags/pakakumi_scraper.py for tasks to queue
[2026-01-03T18:51:51.242+0000] {logging_mixin.py:188} INFO - [2026-01-03T18:51:51.241+0000] {dagbag.py:540} INFO - Filling up the DagBag from /opt/airflow/dags/pakakumi_scraper.py
[2026-01-03T18:51:51.295+0000] {processor.py:840} INFO - DAG(s) 'pakakumi_scraper' retrieved from /opt/airflow/dags/pakakumi_scraper.py
[2026-01-03T18:51:51.343+0000] {logging_mixin.py:188} INFO - [2026-01-03T18:51:51.343+0000] {dag.py:3096} INFO - Sync 1 DAGs
[2026-01-03T18:51:51.388+0000] {logging_mixin.py:188} INFO - [2026-01-03T18:51:51.387+0000] {dag.py:3954} INFO - Setting next_dagrun for pakakumi_scraper to 2026-01-03 18:00:00+00:00, run_after=2026-01-03 19:00:00+00:00
[2026-01-03T18:51:51.431+0000] {processor.py:183} INFO - Processing /opt/airflow/dags/pakakumi_scraper.py took 0.215 seconds
[2026-01-03T18:52:21.598+0000] {processor.py:161} INFO - Started process (PID=2184) to work on /opt/airflow/dags/pakakumi_scraper.py
[2026-01-03T18:52:21.599+0000] {processor.py:830} INFO - Processing file /opt/airflow/dags/pakakumi_scraper.py for tasks to queue
[2026-01-03T18:52:21.603+0000] {logging_mixin.py:188} INFO - [2026-01-03T18:52:21.602+0000] {dagbag.py:540} INFO - Filling up the DagBag from /opt/airflow/dags/pakakumi_scraper.py
[2026-01-03T18:52:21.631+0000] {processor.py:840} INFO - DAG(s) 'pakakumi_scraper' retrieved from /opt/airflow/dags/pakakumi_scraper.py
[2026-01-03T18:52:21.675+0000] {logging_mixin.py:188} INFO - [2026-01-03T18:52:21.675+0000] {dag.py:3096} INFO - Sync 1 DAGs
[2026-01-03T18:52:21.712+0000] {logging_mixin.py:188} INFO - [2026-01-03T18:52:21.712+0000] {dag.py:3954} INFO - Setting next_dagrun for pakakumi_scraper to 2026-01-03 18:00:00+00:00, run_after=2026-01-03 19:00:00+00:00
[2026-01-03T18:52:21.742+0000] {processor.py:183} INFO - Processing /opt/airflow/dags/pakakumi_scraper.py took 0.155 seconds
[2026-01-03T18:52:51.900+0000] {processor.py:161} INFO - Started process (PID=2189) to work on /opt/airflow/dags/pakakumi_scraper.py
[2026-01-03T18:52:51.901+0000] {processor.py:830} INFO - Processing file /opt/airflow/dags/pakakumi_scraper.py for tasks to queue
[2026-01-03T18:52:51.904+0000] {logging_mixin.py:188} INFO - [2026-01-03T18:52:51.904+0000] {dagbag.py:540} INFO - Filling up the DagBag from /opt/airflow/dags/pakakumi_scraper.py
[2026-01-03T18:52:51.933+0000] {processor.py:840} INFO - DAG(s) 'pakakumi_scraper' retrieved from /opt/airflow/dags/pakakumi_scraper.py
[2026-01-03T18:52:51.977+0000] {logging_mixin.py:188} INFO - [2026-01-03T18:52:51.977+0000] {dag.py:3096} INFO - Sync 1 DAGs
[2026-01-03T18:52:52.012+0000] {logging_mixin.py:188} INFO - [2026-01-03T18:52:52.011+0000] {dag.py:3954} INFO - Setting next_dagrun for pakakumi_scraper to 2026-01-03 18:00:00+00:00, run_after=2026-01-03 19:00:00+00:00
[2026-01-03T18:52:52.040+0000] {processor.py:183} INFO - Processing /opt/airflow/dags/pakakumi_scraper.py took 0.156 seconds
[2026-01-03T18:53:22.226+0000] {processor.py:161} INFO - Started process (PID=2194) to work on /opt/airflow/dags/pakakumi_scraper.py
[2026-01-03T18:53:22.227+0000] {processor.py:830} INFO - Processing file /opt/airflow/dags/pakakumi_scraper.py for tasks to queue
[2026-01-03T18:53:22.230+0000] {logging_mixin.py:188} INFO - [2026-01-03T18:53:22.230+0000] {dagbag.py:540} INFO - Filling up the DagBag from /opt/airflow/dags/pakakumi_scraper.py
[2026-01-03T18:53:22.259+0000] {processor.py:840} INFO - DAG(s) 'pakakumi_scraper' retrieved from /opt/airflow/dags/pakakumi_scraper.py
[2026-01-03T18:53:22.301+0000] {logging_mixin.py:188} INFO - [2026-01-03T18:53:22.301+0000] {dag.py:3096} INFO - Sync 1 DAGs
[2026-01-03T18:53:22.336+0000] {logging_mixin.py:188} INFO - [2026-01-03T18:53:22.335+0000] {dag.py:3954} INFO - Setting next_dagrun for pakakumi_scraper to 2026-01-03 18:00:00+00:00, run_after=2026-01-03 19:00:00+00:00
[2026-01-03T18:53:22.363+0000] {processor.py:183} INFO - Processing /opt/airflow/dags/pakakumi_scraper.py took 0.150 seconds
[2026-01-03T18:53:52.490+0000] {processor.py:161} INFO - Started process (PID=2199) to work on /opt/airflow/dags/pakakumi_scraper.py
[2026-01-03T18:53:52.491+0000] {processor.py:830} INFO - Processing file /opt/airflow/dags/pakakumi_scraper.py for tasks to queue
[2026-01-03T18:53:52.494+0000] {logging_mixin.py:188} INFO - [2026-01-03T18:53:52.494+0000] {dagbag.py:540} INFO - Filling up the DagBag from /opt/airflow/dags/pakakumi_scraper.py
[2026-01-03T18:53:52.523+0000] {processor.py:840} INFO - DAG(s) 'pakakumi_scraper' retrieved from /opt/airflow/dags/pakakumi_scraper.py
[2026-01-03T18:53:52.576+0000] {logging_mixin.py:188} INFO - [2026-01-03T18:53:52.575+0000] {dag.py:3096} INFO - Sync 1 DAGs
[2026-01-03T18:53:52.618+0000] {logging_mixin.py:188} INFO - [2026-01-03T18:53:52.618+0000] {dag.py:3954} INFO - Setting next_dagrun for pakakumi_scraper to 2026-01-03 18:00:00+00:00, run_after=2026-01-03 19:00:00+00:00
[2026-01-03T18:53:52.682+0000] {processor.py:183} INFO - Processing /opt/airflow/dags/pakakumi_scraper.py took 0.206 seconds
[2026-01-03T18:54:22.835+0000] {processor.py:161} INFO - Started process (PID=2204) to work on /opt/airflow/dags/pakakumi_scraper.py
[2026-01-03T18:54:22.837+0000] {processor.py:830} INFO - Processing file /opt/airflow/dags/pakakumi_scraper.py for tasks to queue
[2026-01-03T18:54:22.840+0000] {logging_mixin.py:188} INFO - [2026-01-03T18:54:22.840+0000] {dagbag.py:540} INFO - Filling up the DagBag from /opt/airflow/dags/pakakumi_scraper.py
[2026-01-03T18:54:22.871+0000] {processor.py:840} INFO - DAG(s) 'pakakumi_scraper' retrieved from /opt/airflow/dags/pakakumi_scraper.py
[2026-01-03T18:54:22.917+0000] {logging_mixin.py:188} INFO - [2026-01-03T18:54:22.917+0000] {dag.py:3096} INFO - Sync 1 DAGs
[2026-01-03T18:54:22.956+0000] {logging_mixin.py:188} INFO - [2026-01-03T18:54:22.956+0000] {dag.py:3954} INFO - Setting next_dagrun for pakakumi_scraper to 2026-01-03 18:00:00+00:00, run_after=2026-01-03 19:00:00+00:00
[2026-01-03T18:54:22.983+0000] {processor.py:183} INFO - Processing /opt/airflow/dags/pakakumi_scraper.py took 0.158 seconds
[2026-01-03T18:54:53.133+0000] {processor.py:161} INFO - Started process (PID=2209) to work on /opt/airflow/dags/pakakumi_scraper.py
[2026-01-03T18:54:53.134+0000] {processor.py:830} INFO - Processing file /opt/airflow/dags/pakakumi_scraper.py for tasks to queue
[2026-01-03T18:54:53.137+0000] {logging_mixin.py:188} INFO - [2026-01-03T18:54:53.137+0000] {dagbag.py:540} INFO - Filling up the DagBag from /opt/airflow/dags/pakakumi_scraper.py
[2026-01-03T18:54:53.167+0000] {processor.py:840} INFO - DAG(s) 'pakakumi_scraper' retrieved from /opt/airflow/dags/pakakumi_scraper.py
[2026-01-03T18:54:53.213+0000] {logging_mixin.py:188} INFO - [2026-01-03T18:54:53.212+0000] {dag.py:3096} INFO - Sync 1 DAGs
[2026-01-03T18:54:53.252+0000] {logging_mixin.py:188} INFO - [2026-01-03T18:54:53.252+0000] {dag.py:3954} INFO - Setting next_dagrun for pakakumi_scraper to 2026-01-03 18:00:00+00:00, run_after=2026-01-03 19:00:00+00:00
[2026-01-03T18:54:53.285+0000] {processor.py:183} INFO - Processing /opt/airflow/dags/pakakumi_scraper.py took 0.163 seconds
[2026-01-03T18:55:23.467+0000] {processor.py:161} INFO - Started process (PID=2214) to work on /opt/airflow/dags/pakakumi_scraper.py
[2026-01-03T18:55:23.468+0000] {processor.py:830} INFO - Processing file /opt/airflow/dags/pakakumi_scraper.py for tasks to queue
[2026-01-03T18:55:23.472+0000] {logging_mixin.py:188} INFO - [2026-01-03T18:55:23.471+0000] {dagbag.py:540} INFO - Filling up the DagBag from /opt/airflow/dags/pakakumi_scraper.py
[2026-01-03T18:55:23.500+0000] {processor.py:840} INFO - DAG(s) 'pakakumi_scraper' retrieved from /opt/airflow/dags/pakakumi_scraper.py
[2026-01-03T18:55:23.541+0000] {logging_mixin.py:188} INFO - [2026-01-03T18:55:23.541+0000] {dag.py:3096} INFO - Sync 1 DAGs
[2026-01-03T18:55:23.614+0000] {logging_mixin.py:188} INFO - [2026-01-03T18:55:23.613+0000] {dag.py:3954} INFO - Setting next_dagrun for pakakumi_scraper to 2026-01-03 18:00:00+00:00, run_after=2026-01-03 19:00:00+00:00
[2026-01-03T18:55:23.648+0000] {processor.py:183} INFO - Processing /opt/airflow/dags/pakakumi_scraper.py took 0.190 seconds
[2026-01-03T18:55:53.702+0000] {processor.py:161} INFO - Started process (PID=2219) to work on /opt/airflow/dags/pakakumi_scraper.py
[2026-01-03T18:55:53.703+0000] {processor.py:830} INFO - Processing file /opt/airflow/dags/pakakumi_scraper.py for tasks to queue
[2026-01-03T18:55:53.706+0000] {logging_mixin.py:188} INFO - [2026-01-03T18:55:53.706+0000] {dagbag.py:540} INFO - Filling up the DagBag from /opt/airflow/dags/pakakumi_scraper.py
[2026-01-03T18:55:53.736+0000] {processor.py:840} INFO - DAG(s) 'pakakumi_scraper' retrieved from /opt/airflow/dags/pakakumi_scraper.py
[2026-01-03T18:55:53.781+0000] {logging_mixin.py:188} INFO - [2026-01-03T18:55:53.781+0000] {dag.py:3096} INFO - Sync 1 DAGs
[2026-01-03T18:55:53.817+0000] {logging_mixin.py:188} INFO - [2026-01-03T18:55:53.817+0000] {dag.py:3954} INFO - Setting next_dagrun for pakakumi_scraper to 2026-01-03 18:00:00+00:00, run_after=2026-01-03 19:00:00+00:00
[2026-01-03T18:55:53.844+0000] {processor.py:183} INFO - Processing /opt/airflow/dags/pakakumi_scraper.py took 0.152 seconds
[2026-01-03T18:56:23.945+0000] {processor.py:161} INFO - Started process (PID=2224) to work on /opt/airflow/dags/pakakumi_scraper.py
[2026-01-03T18:56:23.947+0000] {processor.py:830} INFO - Processing file /opt/airflow/dags/pakakumi_scraper.py for tasks to queue
[2026-01-03T18:56:23.951+0000] {logging_mixin.py:188} INFO - [2026-01-03T18:56:23.951+0000] {dagbag.py:540} INFO - Filling up the DagBag from /opt/airflow/dags/pakakumi_scraper.py
[2026-01-03T18:56:23.981+0000] {processor.py:840} INFO - DAG(s) 'pakakumi_scraper' retrieved from /opt/airflow/dags/pakakumi_scraper.py
[2026-01-03T18:56:24.028+0000] {logging_mixin.py:188} INFO - [2026-01-03T18:56:24.028+0000] {dag.py:3096} INFO - Sync 1 DAGs
[2026-01-03T18:56:24.077+0000] {logging_mixin.py:188} INFO - [2026-01-03T18:56:24.076+0000] {dag.py:3954} INFO - Setting next_dagrun for pakakumi_scraper to 2026-01-03 18:00:00+00:00, run_after=2026-01-03 19:00:00+00:00
[2026-01-03T18:56:24.111+0000] {processor.py:183} INFO - Processing /opt/airflow/dags/pakakumi_scraper.py took 0.177 seconds
[2026-01-03T18:56:54.325+0000] {processor.py:161} INFO - Started process (PID=2229) to work on /opt/airflow/dags/pakakumi_scraper.py
[2026-01-03T18:56:54.326+0000] {processor.py:830} INFO - Processing file /opt/airflow/dags/pakakumi_scraper.py for tasks to queue
[2026-01-03T18:56:54.330+0000] {logging_mixin.py:188} INFO - [2026-01-03T18:56:54.329+0000] {dagbag.py:540} INFO - Filling up the DagBag from /opt/airflow/dags/pakakumi_scraper.py
[2026-01-03T18:56:54.358+0000] {processor.py:840} INFO - DAG(s) 'pakakumi_scraper' retrieved from /opt/airflow/dags/pakakumi_scraper.py
[2026-01-03T18:56:54.402+0000] {logging_mixin.py:188} INFO - [2026-01-03T18:56:54.401+0000] {dag.py:3096} INFO - Sync 1 DAGs
[2026-01-03T18:56:54.447+0000] {logging_mixin.py:188} INFO - [2026-01-03T18:56:54.447+0000] {dag.py:3954} INFO - Setting next_dagrun for pakakumi_scraper to 2026-01-03 18:00:00+00:00, run_after=2026-01-03 19:00:00+00:00
[2026-01-03T18:56:54.515+0000] {processor.py:183} INFO - Processing /opt/airflow/dags/pakakumi_scraper.py took 0.203 seconds
[2026-01-03T18:57:24.588+0000] {processor.py:161} INFO - Started process (PID=2234) to work on /opt/airflow/dags/pakakumi_scraper.py
[2026-01-03T18:57:24.590+0000] {processor.py:830} INFO - Processing file /opt/airflow/dags/pakakumi_scraper.py for tasks to queue
[2026-01-03T18:57:24.598+0000] {logging_mixin.py:188} INFO - [2026-01-03T18:57:24.598+0000] {dagbag.py:540} INFO - Filling up the DagBag from /opt/airflow/dags/pakakumi_scraper.py
[2026-01-03T18:57:24.627+0000] {processor.py:840} INFO - DAG(s) 'pakakumi_scraper' retrieved from /opt/airflow/dags/pakakumi_scraper.py
[2026-01-03T18:57:24.671+0000] {logging_mixin.py:188} INFO - [2026-01-03T18:57:24.670+0000] {dag.py:3096} INFO - Sync 1 DAGs
[2026-01-03T18:57:24.707+0000] {logging_mixin.py:188} INFO - [2026-01-03T18:57:24.706+0000] {dag.py:3954} INFO - Setting next_dagrun for pakakumi_scraper to 2026-01-03 18:00:00+00:00, run_after=2026-01-03 19:00:00+00:00
[2026-01-03T18:57:24.733+0000] {processor.py:183} INFO - Processing /opt/airflow/dags/pakakumi_scraper.py took 0.160 seconds
[2026-01-03T18:57:54.806+0000] {processor.py:161} INFO - Started process (PID=2239) to work on /opt/airflow/dags/pakakumi_scraper.py
[2026-01-03T18:57:54.807+0000] {processor.py:830} INFO - Processing file /opt/airflow/dags/pakakumi_scraper.py for tasks to queue
[2026-01-03T18:57:54.810+0000] {logging_mixin.py:188} INFO - [2026-01-03T18:57:54.810+0000] {dagbag.py:540} INFO - Filling up the DagBag from /opt/airflow/dags/pakakumi_scraper.py
[2026-01-03T18:57:54.839+0000] {processor.py:840} INFO - DAG(s) 'pakakumi_scraper' retrieved from /opt/airflow/dags/pakakumi_scraper.py
[2026-01-03T18:57:54.883+0000] {logging_mixin.py:188} INFO - [2026-01-03T18:57:54.882+0000] {dag.py:3096} INFO - Sync 1 DAGs
[2026-01-03T18:57:54.919+0000] {logging_mixin.py:188} INFO - [2026-01-03T18:57:54.919+0000] {dag.py:3954} INFO - Setting next_dagrun for pakakumi_scraper to 2026-01-03 18:00:00+00:00, run_after=2026-01-03 19:00:00+00:00
[2026-01-03T18:57:54.946+0000] {processor.py:183} INFO - Processing /opt/airflow/dags/pakakumi_scraper.py took 0.151 seconds
[2026-01-03T18:58:25.199+0000] {processor.py:161} INFO - Started process (PID=2244) to work on /opt/airflow/dags/pakakumi_scraper.py
[2026-01-03T18:58:25.200+0000] {processor.py:830} INFO - Processing file /opt/airflow/dags/pakakumi_scraper.py for tasks to queue
[2026-01-03T18:58:25.203+0000] {logging_mixin.py:188} INFO - [2026-01-03T18:58:25.203+0000] {dagbag.py:540} INFO - Filling up the DagBag from /opt/airflow/dags/pakakumi_scraper.py
[2026-01-03T18:58:25.231+0000] {processor.py:840} INFO - DAG(s) 'pakakumi_scraper' retrieved from /opt/airflow/dags/pakakumi_scraper.py
[2026-01-03T18:58:25.276+0000] {logging_mixin.py:188} INFO - [2026-01-03T18:58:25.276+0000] {dag.py:3096} INFO - Sync 1 DAGs
[2026-01-03T18:58:25.312+0000] {logging_mixin.py:188} INFO - [2026-01-03T18:58:25.311+0000] {dag.py:3954} INFO - Setting next_dagrun for pakakumi_scraper to 2026-01-03 18:00:00+00:00, run_after=2026-01-03 19:00:00+00:00
[2026-01-03T18:58:25.339+0000] {processor.py:183} INFO - Processing /opt/airflow/dags/pakakumi_scraper.py took 0.155 seconds
[2026-01-03T18:58:55.426+0000] {processor.py:161} INFO - Started process (PID=2249) to work on /opt/airflow/dags/pakakumi_scraper.py
[2026-01-03T18:58:55.427+0000] {processor.py:830} INFO - Processing file /opt/airflow/dags/pakakumi_scraper.py for tasks to queue
[2026-01-03T18:58:55.430+0000] {logging_mixin.py:188} INFO - [2026-01-03T18:58:55.430+0000] {dagbag.py:540} INFO - Filling up the DagBag from /opt/airflow/dags/pakakumi_scraper.py
[2026-01-03T18:58:55.459+0000] {processor.py:840} INFO - DAG(s) 'pakakumi_scraper' retrieved from /opt/airflow/dags/pakakumi_scraper.py
[2026-01-03T18:58:55.506+0000] {logging_mixin.py:188} INFO - [2026-01-03T18:58:55.505+0000] {dag.py:3096} INFO - Sync 1 DAGs
[2026-01-03T18:58:55.599+0000] {logging_mixin.py:188} INFO - [2026-01-03T18:58:55.598+0000] {dag.py:3954} INFO - Setting next_dagrun for pakakumi_scraper to 2026-01-03 18:00:00+00:00, run_after=2026-01-03 19:00:00+00:00
[2026-01-03T18:58:55.627+0000] {processor.py:183} INFO - Processing /opt/airflow/dags/pakakumi_scraper.py took 0.213 seconds
[2026-01-03T18:59:25.915+0000] {processor.py:161} INFO - Started process (PID=2254) to work on /opt/airflow/dags/pakakumi_scraper.py
[2026-01-03T18:59:25.917+0000] {processor.py:830} INFO - Processing file /opt/airflow/dags/pakakumi_scraper.py for tasks to queue
[2026-01-03T18:59:25.920+0000] {logging_mixin.py:188} INFO - [2026-01-03T18:59:25.919+0000] {dagbag.py:540} INFO - Filling up the DagBag from /opt/airflow/dags/pakakumi_scraper.py
[2026-01-03T18:59:25.974+0000] {processor.py:840} INFO - DAG(s) 'pakakumi_scraper' retrieved from /opt/airflow/dags/pakakumi_scraper.py
[2026-01-03T18:59:26.056+0000] {logging_mixin.py:188} INFO - [2026-01-03T18:59:26.056+0000] {dag.py:3096} INFO - Sync 1 DAGs
[2026-01-03T18:59:26.128+0000] {logging_mixin.py:188} INFO - [2026-01-03T18:59:26.128+0000] {dag.py:3954} INFO - Setting next_dagrun for pakakumi_scraper to 2026-01-03 18:00:00+00:00, run_after=2026-01-03 19:00:00+00:00
[2026-01-03T18:59:26.169+0000] {processor.py:183} INFO - Processing /opt/airflow/dags/pakakumi_scraper.py took 0.264 seconds
[2026-01-03T18:59:56.490+0000] {processor.py:161} INFO - Started process (PID=2259) to work on /opt/airflow/dags/pakakumi_scraper.py
[2026-01-03T18:59:56.494+0000] {processor.py:830} INFO - Processing file /opt/airflow/dags/pakakumi_scraper.py for tasks to queue
[2026-01-03T18:59:56.499+0000] {logging_mixin.py:188} INFO - [2026-01-03T18:59:56.498+0000] {dagbag.py:540} INFO - Filling up the DagBag from /opt/airflow/dags/pakakumi_scraper.py
[2026-01-03T18:59:56.531+0000] {processor.py:840} INFO - DAG(s) 'pakakumi_scraper' retrieved from /opt/airflow/dags/pakakumi_scraper.py
[2026-01-03T18:59:56.574+0000] {logging_mixin.py:188} INFO - [2026-01-03T18:59:56.574+0000] {dag.py:3096} INFO - Sync 1 DAGs
[2026-01-03T18:59:56.610+0000] {logging_mixin.py:188} INFO - [2026-01-03T18:59:56.609+0000] {dag.py:3954} INFO - Setting next_dagrun for pakakumi_scraper to 2026-01-03 18:00:00+00:00, run_after=2026-01-03 19:00:00+00:00
[2026-01-03T18:59:56.644+0000] {processor.py:183} INFO - Processing /opt/airflow/dags/pakakumi_scraper.py took 0.171 seconds
[2026-01-03T19:00:26.920+0000] {processor.py:161} INFO - Started process (PID=2267) to work on /opt/airflow/dags/pakakumi_scraper.py
[2026-01-03T19:00:26.922+0000] {processor.py:830} INFO - Processing file /opt/airflow/dags/pakakumi_scraper.py for tasks to queue
[2026-01-03T19:00:26.925+0000] {logging_mixin.py:188} INFO - [2026-01-03T19:00:26.925+0000] {dagbag.py:540} INFO - Filling up the DagBag from /opt/airflow/dags/pakakumi_scraper.py
[2026-01-03T19:00:26.956+0000] {processor.py:840} INFO - DAG(s) 'pakakumi_scraper' retrieved from /opt/airflow/dags/pakakumi_scraper.py
[2026-01-03T19:00:26.999+0000] {logging_mixin.py:188} INFO - [2026-01-03T19:00:26.998+0000] {dag.py:3096} INFO - Sync 1 DAGs
[2026-01-03T19:00:27.031+0000] {logging_mixin.py:188} INFO - [2026-01-03T19:00:27.031+0000] {dag.py:3954} INFO - Setting next_dagrun for pakakumi_scraper to 2026-01-03 19:00:00+00:00, run_after=2026-01-03 20:00:00+00:00
[2026-01-03T19:00:27.059+0000] {processor.py:183} INFO - Processing /opt/airflow/dags/pakakumi_scraper.py took 0.151 seconds
[2026-01-03T19:00:57.160+0000] {processor.py:161} INFO - Started process (PID=2272) to work on /opt/airflow/dags/pakakumi_scraper.py
[2026-01-03T19:00:57.162+0000] {processor.py:830} INFO - Processing file /opt/airflow/dags/pakakumi_scraper.py for tasks to queue
[2026-01-03T19:00:57.165+0000] {logging_mixin.py:188} INFO - [2026-01-03T19:00:57.165+0000] {dagbag.py:540} INFO - Filling up the DagBag from /opt/airflow/dags/pakakumi_scraper.py
[2026-01-03T19:00:57.199+0000] {processor.py:840} INFO - DAG(s) 'pakakumi_scraper' retrieved from /opt/airflow/dags/pakakumi_scraper.py
[2026-01-03T19:00:57.242+0000] {logging_mixin.py:188} INFO - [2026-01-03T19:00:57.241+0000] {dag.py:3096} INFO - Sync 1 DAGs
[2026-01-03T19:00:57.277+0000] {logging_mixin.py:188} INFO - [2026-01-03T19:00:57.276+0000] {dag.py:3954} INFO - Setting next_dagrun for pakakumi_scraper to 2026-01-03 19:00:00+00:00, run_after=2026-01-03 20:00:00+00:00
[2026-01-03T19:00:57.302+0000] {processor.py:183} INFO - Processing /opt/airflow/dags/pakakumi_scraper.py took 0.152 seconds
[2026-01-03T19:01:27.558+0000] {processor.py:161} INFO - Started process (PID=2277) to work on /opt/airflow/dags/pakakumi_scraper.py
[2026-01-03T19:01:27.560+0000] {processor.py:830} INFO - Processing file /opt/airflow/dags/pakakumi_scraper.py for tasks to queue
[2026-01-03T19:01:27.563+0000] {logging_mixin.py:188} INFO - [2026-01-03T19:01:27.562+0000] {dagbag.py:540} INFO - Filling up the DagBag from /opt/airflow/dags/pakakumi_scraper.py
[2026-01-03T19:01:27.590+0000] {processor.py:840} INFO - DAG(s) 'pakakumi_scraper' retrieved from /opt/airflow/dags/pakakumi_scraper.py
[2026-01-03T19:01:27.633+0000] {logging_mixin.py:188} INFO - [2026-01-03T19:01:27.632+0000] {dag.py:3096} INFO - Sync 1 DAGs
[2026-01-03T19:01:27.668+0000] {logging_mixin.py:188} INFO - [2026-01-03T19:01:27.668+0000] {dag.py:3954} INFO - Setting next_dagrun for pakakumi_scraper to 2026-01-03 19:00:00+00:00, run_after=2026-01-03 20:00:00+00:00
[2026-01-03T19:01:27.699+0000] {processor.py:183} INFO - Processing /opt/airflow/dags/pakakumi_scraper.py took 0.151 seconds
[2026-01-03T19:01:57.822+0000] {processor.py:161} INFO - Started process (PID=2282) to work on /opt/airflow/dags/pakakumi_scraper.py
[2026-01-03T19:01:57.824+0000] {processor.py:830} INFO - Processing file /opt/airflow/dags/pakakumi_scraper.py for tasks to queue
[2026-01-03T19:01:57.826+0000] {logging_mixin.py:188} INFO - [2026-01-03T19:01:57.826+0000] {dagbag.py:540} INFO - Filling up the DagBag from /opt/airflow/dags/pakakumi_scraper.py
[2026-01-03T19:01:57.854+0000] {processor.py:840} INFO - DAG(s) 'pakakumi_scraper' retrieved from /opt/airflow/dags/pakakumi_scraper.py
[2026-01-03T19:01:57.898+0000] {logging_mixin.py:188} INFO - [2026-01-03T19:01:57.897+0000] {dag.py:3096} INFO - Sync 1 DAGs
[2026-01-03T19:01:57.932+0000] {logging_mixin.py:188} INFO - [2026-01-03T19:01:57.931+0000] {dag.py:3954} INFO - Setting next_dagrun for pakakumi_scraper to 2026-01-03 19:00:00+00:00, run_after=2026-01-03 20:00:00+00:00
[2026-01-03T19:01:57.958+0000] {processor.py:183} INFO - Processing /opt/airflow/dags/pakakumi_scraper.py took 0.146 seconds
[2026-01-03T19:02:28.188+0000] {processor.py:161} INFO - Started process (PID=2287) to work on /opt/airflow/dags/pakakumi_scraper.py
[2026-01-03T19:02:28.190+0000] {processor.py:830} INFO - Processing file /opt/airflow/dags/pakakumi_scraper.py for tasks to queue
[2026-01-03T19:02:28.193+0000] {logging_mixin.py:188} INFO - [2026-01-03T19:02:28.192+0000] {dagbag.py:540} INFO - Filling up the DagBag from /opt/airflow/dags/pakakumi_scraper.py
[2026-01-03T19:02:28.219+0000] {processor.py:840} INFO - DAG(s) 'pakakumi_scraper' retrieved from /opt/airflow/dags/pakakumi_scraper.py
[2026-01-03T19:02:28.259+0000] {logging_mixin.py:188} INFO - [2026-01-03T19:02:28.259+0000] {dag.py:3096} INFO - Sync 1 DAGs
[2026-01-03T19:02:28.291+0000] {logging_mixin.py:188} INFO - [2026-01-03T19:02:28.291+0000] {dag.py:3954} INFO - Setting next_dagrun for pakakumi_scraper to 2026-01-03 19:00:00+00:00, run_after=2026-01-03 20:00:00+00:00
[2026-01-03T19:02:28.317+0000] {processor.py:183} INFO - Processing /opt/airflow/dags/pakakumi_scraper.py took 0.137 seconds
[2026-01-03T19:02:58.474+0000] {processor.py:161} INFO - Started process (PID=2292) to work on /opt/airflow/dags/pakakumi_scraper.py
[2026-01-03T19:02:58.475+0000] {processor.py:830} INFO - Processing file /opt/airflow/dags/pakakumi_scraper.py for tasks to queue
[2026-01-03T19:02:58.478+0000] {logging_mixin.py:188} INFO - [2026-01-03T19:02:58.478+0000] {dagbag.py:540} INFO - Filling up the DagBag from /opt/airflow/dags/pakakumi_scraper.py
[2026-01-03T19:02:58.505+0000] {processor.py:840} INFO - DAG(s) 'pakakumi_scraper' retrieved from /opt/airflow/dags/pakakumi_scraper.py
[2026-01-03T19:02:58.548+0000] {logging_mixin.py:188} INFO - [2026-01-03T19:02:58.548+0000] {dag.py:3096} INFO - Sync 1 DAGs
[2026-01-03T19:02:58.582+0000] {logging_mixin.py:188} INFO - [2026-01-03T19:02:58.582+0000] {dag.py:3954} INFO - Setting next_dagrun for pakakumi_scraper to 2026-01-03 19:00:00+00:00, run_after=2026-01-03 20:00:00+00:00
[2026-01-03T19:02:58.607+0000] {processor.py:183} INFO - Processing /opt/airflow/dags/pakakumi_scraper.py took 0.144 seconds
[2026-01-03T19:03:28.811+0000] {processor.py:161} INFO - Started process (PID=2297) to work on /opt/airflow/dags/pakakumi_scraper.py
[2026-01-03T19:03:28.812+0000] {processor.py:830} INFO - Processing file /opt/airflow/dags/pakakumi_scraper.py for tasks to queue
[2026-01-03T19:03:28.815+0000] {logging_mixin.py:188} INFO - [2026-01-03T19:03:28.815+0000] {dagbag.py:540} INFO - Filling up the DagBag from /opt/airflow/dags/pakakumi_scraper.py
[2026-01-03T19:03:28.841+0000] {processor.py:840} INFO - DAG(s) 'pakakumi_scraper' retrieved from /opt/airflow/dags/pakakumi_scraper.py
[2026-01-03T19:03:28.880+0000] {logging_mixin.py:188} INFO - [2026-01-03T19:03:28.880+0000] {dag.py:3096} INFO - Sync 1 DAGs
[2026-01-03T19:03:28.912+0000] {logging_mixin.py:188} INFO - [2026-01-03T19:03:28.912+0000] {dag.py:3954} INFO - Setting next_dagrun for pakakumi_scraper to 2026-01-03 19:00:00+00:00, run_after=2026-01-03 20:00:00+00:00
[2026-01-03T19:03:28.936+0000] {processor.py:183} INFO - Processing /opt/airflow/dags/pakakumi_scraper.py took 0.135 seconds
[2026-01-03T19:03:59.057+0000] {processor.py:161} INFO - Started process (PID=2302) to work on /opt/airflow/dags/pakakumi_scraper.py
[2026-01-03T19:03:59.058+0000] {processor.py:830} INFO - Processing file /opt/airflow/dags/pakakumi_scraper.py for tasks to queue
[2026-01-03T19:03:59.061+0000] {logging_mixin.py:188} INFO - [2026-01-03T19:03:59.061+0000] {dagbag.py:540} INFO - Filling up the DagBag from /opt/airflow/dags/pakakumi_scraper.py
[2026-01-03T19:03:59.090+0000] {processor.py:840} INFO - DAG(s) 'pakakumi_scraper' retrieved from /opt/airflow/dags/pakakumi_scraper.py
[2026-01-03T19:03:59.135+0000] {logging_mixin.py:188} INFO - [2026-01-03T19:03:59.135+0000] {dag.py:3096} INFO - Sync 1 DAGs
[2026-01-03T19:03:59.170+0000] {logging_mixin.py:188} INFO - [2026-01-03T19:03:59.170+0000] {dag.py:3954} INFO - Setting next_dagrun for pakakumi_scraper to 2026-01-03 19:00:00+00:00, run_after=2026-01-03 20:00:00+00:00
[2026-01-03T19:03:59.193+0000] {processor.py:183} INFO - Processing /opt/airflow/dags/pakakumi_scraper.py took 0.153 seconds
[2026-01-03T19:04:29.461+0000] {processor.py:161} INFO - Started process (PID=2307) to work on /opt/airflow/dags/pakakumi_scraper.py
[2026-01-03T19:04:29.463+0000] {processor.py:830} INFO - Processing file /opt/airflow/dags/pakakumi_scraper.py for tasks to queue
[2026-01-03T19:04:29.467+0000] {logging_mixin.py:188} INFO - [2026-01-03T19:04:29.466+0000] {dagbag.py:540} INFO - Filling up the DagBag from /opt/airflow/dags/pakakumi_scraper.py
[2026-01-03T19:04:29.496+0000] {processor.py:840} INFO - DAG(s) 'pakakumi_scraper' retrieved from /opt/airflow/dags/pakakumi_scraper.py
[2026-01-03T19:04:29.535+0000] {logging_mixin.py:188} INFO - [2026-01-03T19:04:29.535+0000] {dag.py:3096} INFO - Sync 1 DAGs
[2026-01-03T19:04:29.569+0000] {logging_mixin.py:188} INFO - [2026-01-03T19:04:29.569+0000] {dag.py:3954} INFO - Setting next_dagrun for pakakumi_scraper to 2026-01-03 19:00:00+00:00, run_after=2026-01-03 20:00:00+00:00
[2026-01-03T19:04:29.592+0000] {processor.py:183} INFO - Processing /opt/airflow/dags/pakakumi_scraper.py took 0.140 seconds
[2026-01-03T19:04:59.703+0000] {processor.py:161} INFO - Started process (PID=2312) to work on /opt/airflow/dags/pakakumi_scraper.py
[2026-01-03T19:04:59.704+0000] {processor.py:830} INFO - Processing file /opt/airflow/dags/pakakumi_scraper.py for tasks to queue
[2026-01-03T19:04:59.708+0000] {logging_mixin.py:188} INFO - [2026-01-03T19:04:59.708+0000] {dagbag.py:540} INFO - Filling up the DagBag from /opt/airflow/dags/pakakumi_scraper.py
[2026-01-03T19:04:59.736+0000] {processor.py:840} INFO - DAG(s) 'pakakumi_scraper' retrieved from /opt/airflow/dags/pakakumi_scraper.py
[2026-01-03T19:04:59.782+0000] {logging_mixin.py:188} INFO - [2026-01-03T19:04:59.781+0000] {dag.py:3096} INFO - Sync 1 DAGs
[2026-01-03T19:04:59.818+0000] {logging_mixin.py:188} INFO - [2026-01-03T19:04:59.818+0000] {dag.py:3954} INFO - Setting next_dagrun for pakakumi_scraper to 2026-01-03 19:00:00+00:00, run_after=2026-01-03 20:00:00+00:00
[2026-01-03T19:04:59.850+0000] {processor.py:183} INFO - Processing /opt/airflow/dags/pakakumi_scraper.py took 0.157 seconds
[2026-01-03T19:05:30.072+0000] {processor.py:161} INFO - Started process (PID=2317) to work on /opt/airflow/dags/pakakumi_scraper.py
[2026-01-03T19:05:30.073+0000] {processor.py:830} INFO - Processing file /opt/airflow/dags/pakakumi_scraper.py for tasks to queue
[2026-01-03T19:05:30.076+0000] {logging_mixin.py:188} INFO - [2026-01-03T19:05:30.076+0000] {dagbag.py:540} INFO - Filling up the DagBag from /opt/airflow/dags/pakakumi_scraper.py
[2026-01-03T19:05:30.105+0000] {processor.py:840} INFO - DAG(s) 'pakakumi_scraper' retrieved from /opt/airflow/dags/pakakumi_scraper.py
[2026-01-03T19:05:30.146+0000] {logging_mixin.py:188} INFO - [2026-01-03T19:05:30.146+0000] {dag.py:3096} INFO - Sync 1 DAGs
[2026-01-03T19:05:30.182+0000] {logging_mixin.py:188} INFO - [2026-01-03T19:05:30.182+0000] {dag.py:3954} INFO - Setting next_dagrun for pakakumi_scraper to 2026-01-03 19:00:00+00:00, run_after=2026-01-03 20:00:00+00:00
[2026-01-03T19:05:30.211+0000] {processor.py:183} INFO - Processing /opt/airflow/dags/pakakumi_scraper.py took 0.148 seconds
[2026-01-03T19:06:00.330+0000] {processor.py:161} INFO - Started process (PID=2322) to work on /opt/airflow/dags/pakakumi_scraper.py
[2026-01-03T19:06:00.332+0000] {processor.py:830} INFO - Processing file /opt/airflow/dags/pakakumi_scraper.py for tasks to queue
[2026-01-03T19:06:00.335+0000] {logging_mixin.py:188} INFO - [2026-01-03T19:06:00.335+0000] {dagbag.py:540} INFO - Filling up the DagBag from /opt/airflow/dags/pakakumi_scraper.py
[2026-01-03T19:06:00.362+0000] {processor.py:840} INFO - DAG(s) 'pakakumi_scraper' retrieved from /opt/airflow/dags/pakakumi_scraper.py
[2026-01-03T19:06:00.405+0000] {logging_mixin.py:188} INFO - [2026-01-03T19:06:00.404+0000] {dag.py:3096} INFO - Sync 1 DAGs
[2026-01-03T19:06:00.440+0000] {logging_mixin.py:188} INFO - [2026-01-03T19:06:00.440+0000] {dag.py:3954} INFO - Setting next_dagrun for pakakumi_scraper to 2026-01-03 19:00:00+00:00, run_after=2026-01-03 20:00:00+00:00
[2026-01-03T19:06:00.464+0000] {processor.py:183} INFO - Processing /opt/airflow/dags/pakakumi_scraper.py took 0.145 seconds
[2026-01-03T19:06:30.695+0000] {processor.py:161} INFO - Started process (PID=2327) to work on /opt/airflow/dags/pakakumi_scraper.py
[2026-01-03T19:06:30.696+0000] {processor.py:830} INFO - Processing file /opt/airflow/dags/pakakumi_scraper.py for tasks to queue
[2026-01-03T19:06:30.699+0000] {logging_mixin.py:188} INFO - [2026-01-03T19:06:30.699+0000] {dagbag.py:540} INFO - Filling up the DagBag from /opt/airflow/dags/pakakumi_scraper.py
[2026-01-03T19:06:30.726+0000] {processor.py:840} INFO - DAG(s) 'pakakumi_scraper' retrieved from /opt/airflow/dags/pakakumi_scraper.py
[2026-01-03T19:06:30.768+0000] {logging_mixin.py:188} INFO - [2026-01-03T19:06:30.768+0000] {dag.py:3096} INFO - Sync 1 DAGs
[2026-01-03T19:06:30.804+0000] {logging_mixin.py:188} INFO - [2026-01-03T19:06:30.803+0000] {dag.py:3954} INFO - Setting next_dagrun for pakakumi_scraper to 2026-01-03 19:00:00+00:00, run_after=2026-01-03 20:00:00+00:00
[2026-01-03T19:06:30.829+0000] {processor.py:183} INFO - Processing /opt/airflow/dags/pakakumi_scraper.py took 0.143 seconds
[2026-01-03T19:07:00.989+0000] {processor.py:161} INFO - Started process (PID=2332) to work on /opt/airflow/dags/pakakumi_scraper.py
[2026-01-03T19:07:00.991+0000] {processor.py:830} INFO - Processing file /opt/airflow/dags/pakakumi_scraper.py for tasks to queue
[2026-01-03T19:07:00.996+0000] {logging_mixin.py:188} INFO - [2026-01-03T19:07:00.995+0000] {dagbag.py:540} INFO - Filling up the DagBag from /opt/airflow/dags/pakakumi_scraper.py
[2026-01-03T19:07:01.031+0000] {processor.py:840} INFO - DAG(s) 'pakakumi_scraper' retrieved from /opt/airflow/dags/pakakumi_scraper.py
[2026-01-03T19:07:01.112+0000] {logging_mixin.py:188} INFO - [2026-01-03T19:07:01.111+0000] {dag.py:3096} INFO - Sync 1 DAGs
[2026-01-03T19:07:01.193+0000] {logging_mixin.py:188} INFO - [2026-01-03T19:07:01.192+0000] {dag.py:3954} INFO - Setting next_dagrun for pakakumi_scraper to 2026-01-03 19:00:00+00:00, run_after=2026-01-03 20:00:00+00:00
[2026-01-03T19:07:01.303+0000] {processor.py:183} INFO - Processing /opt/airflow/dags/pakakumi_scraper.py took 0.333 seconds
[2026-01-03T19:07:31.572+0000] {processor.py:161} INFO - Started process (PID=2337) to work on /opt/airflow/dags/pakakumi_scraper.py
[2026-01-03T19:07:31.574+0000] {processor.py:830} INFO - Processing file /opt/airflow/dags/pakakumi_scraper.py for tasks to queue
[2026-01-03T19:07:31.578+0000] {logging_mixin.py:188} INFO - [2026-01-03T19:07:31.577+0000] {dagbag.py:540} INFO - Filling up the DagBag from /opt/airflow/dags/pakakumi_scraper.py
[2026-01-03T19:07:31.605+0000] {processor.py:840} INFO - DAG(s) 'pakakumi_scraper' retrieved from /opt/airflow/dags/pakakumi_scraper.py
[2026-01-03T19:07:31.649+0000] {logging_mixin.py:188} INFO - [2026-01-03T19:07:31.648+0000] {dag.py:3096} INFO - Sync 1 DAGs
[2026-01-03T19:07:31.684+0000] {logging_mixin.py:188} INFO - [2026-01-03T19:07:31.684+0000] {dag.py:3954} INFO - Setting next_dagrun for pakakumi_scraper to 2026-01-03 19:00:00+00:00, run_after=2026-01-03 20:00:00+00:00
[2026-01-03T19:07:31.711+0000] {processor.py:183} INFO - Processing /opt/airflow/dags/pakakumi_scraper.py took 0.148 seconds
[2026-01-03T19:08:01.801+0000] {processor.py:161} INFO - Started process (PID=2342) to work on /opt/airflow/dags/pakakumi_scraper.py
[2026-01-03T19:08:01.802+0000] {processor.py:830} INFO - Processing file /opt/airflow/dags/pakakumi_scraper.py for tasks to queue
[2026-01-03T19:08:01.806+0000] {logging_mixin.py:188} INFO - [2026-01-03T19:08:01.805+0000] {dagbag.py:540} INFO - Filling up the DagBag from /opt/airflow/dags/pakakumi_scraper.py
[2026-01-03T19:08:01.835+0000] {processor.py:840} INFO - DAG(s) 'pakakumi_scraper' retrieved from /opt/airflow/dags/pakakumi_scraper.py
[2026-01-03T19:08:01.879+0000] {logging_mixin.py:188} INFO - [2026-01-03T19:08:01.879+0000] {dag.py:3096} INFO - Sync 1 DAGs
[2026-01-03T19:08:01.913+0000] {logging_mixin.py:188} INFO - [2026-01-03T19:08:01.913+0000] {dag.py:3954} INFO - Setting next_dagrun for pakakumi_scraper to 2026-01-03 19:00:00+00:00, run_after=2026-01-03 20:00:00+00:00
[2026-01-03T19:08:01.939+0000] {processor.py:183} INFO - Processing /opt/airflow/dags/pakakumi_scraper.py took 0.150 seconds
[2026-01-03T19:08:32.217+0000] {processor.py:161} INFO - Started process (PID=2347) to work on /opt/airflow/dags/pakakumi_scraper.py
[2026-01-03T19:08:32.218+0000] {processor.py:830} INFO - Processing file /opt/airflow/dags/pakakumi_scraper.py for tasks to queue
[2026-01-03T19:08:32.221+0000] {logging_mixin.py:188} INFO - [2026-01-03T19:08:32.220+0000] {dagbag.py:540} INFO - Filling up the DagBag from /opt/airflow/dags/pakakumi_scraper.py
[2026-01-03T19:08:32.245+0000] {processor.py:840} INFO - DAG(s) 'pakakumi_scraper' retrieved from /opt/airflow/dags/pakakumi_scraper.py
[2026-01-03T19:08:32.287+0000] {logging_mixin.py:188} INFO - [2026-01-03T19:08:32.287+0000] {dag.py:3096} INFO - Sync 1 DAGs
[2026-01-03T19:08:32.322+0000] {logging_mixin.py:188} INFO - [2026-01-03T19:08:32.322+0000] {dag.py:3954} INFO - Setting next_dagrun for pakakumi_scraper to 2026-01-03 19:00:00+00:00, run_after=2026-01-03 20:00:00+00:00
[2026-01-03T19:08:32.347+0000] {processor.py:183} INFO - Processing /opt/airflow/dags/pakakumi_scraper.py took 0.139 seconds
[2026-01-03T19:09:02.469+0000] {processor.py:161} INFO - Started process (PID=2352) to work on /opt/airflow/dags/pakakumi_scraper.py
[2026-01-03T19:09:02.470+0000] {processor.py:830} INFO - Processing file /opt/airflow/dags/pakakumi_scraper.py for tasks to queue
[2026-01-03T19:09:02.474+0000] {logging_mixin.py:188} INFO - [2026-01-03T19:09:02.474+0000] {dagbag.py:540} INFO - Filling up the DagBag from /opt/airflow/dags/pakakumi_scraper.py
[2026-01-03T19:09:02.505+0000] {processor.py:840} INFO - DAG(s) 'pakakumi_scraper' retrieved from /opt/airflow/dags/pakakumi_scraper.py
[2026-01-03T19:09:02.552+0000] {logging_mixin.py:188} INFO - [2026-01-03T19:09:02.552+0000] {dag.py:3096} INFO - Sync 1 DAGs
[2026-01-03T19:09:02.592+0000] {logging_mixin.py:188} INFO - [2026-01-03T19:09:02.591+0000] {dag.py:3954} INFO - Setting next_dagrun for pakakumi_scraper to 2026-01-03 19:00:00+00:00, run_after=2026-01-03 20:00:00+00:00
[2026-01-03T19:09:02.620+0000] {processor.py:183} INFO - Processing /opt/airflow/dags/pakakumi_scraper.py took 0.170 seconds
[2026-01-03T19:09:32.927+0000] {processor.py:161} INFO - Started process (PID=2357) to work on /opt/airflow/dags/pakakumi_scraper.py
[2026-01-03T19:09:32.929+0000] {processor.py:830} INFO - Processing file /opt/airflow/dags/pakakumi_scraper.py for tasks to queue
[2026-01-03T19:09:32.932+0000] {logging_mixin.py:188} INFO - [2026-01-03T19:09:32.932+0000] {dagbag.py:540} INFO - Filling up the DagBag from /opt/airflow/dags/pakakumi_scraper.py
[2026-01-03T19:09:32.966+0000] {processor.py:840} INFO - DAG(s) 'pakakumi_scraper' retrieved from /opt/airflow/dags/pakakumi_scraper.py
[2026-01-03T19:09:33.009+0000] {logging_mixin.py:188} INFO - [2026-01-03T19:09:33.008+0000] {dag.py:3096} INFO - Sync 1 DAGs
[2026-01-03T19:09:33.046+0000] {logging_mixin.py:188} INFO - [2026-01-03T19:09:33.046+0000] {dag.py:3954} INFO - Setting next_dagrun for pakakumi_scraper to 2026-01-03 19:00:00+00:00, run_after=2026-01-03 20:00:00+00:00
[2026-01-03T19:09:33.086+0000] {processor.py:183} INFO - Processing /opt/airflow/dags/pakakumi_scraper.py took 0.171 seconds
[2026-01-03T19:10:03.171+0000] {processor.py:161} INFO - Started process (PID=2362) to work on /opt/airflow/dags/pakakumi_scraper.py
[2026-01-03T19:10:03.172+0000] {processor.py:830} INFO - Processing file /opt/airflow/dags/pakakumi_scraper.py for tasks to queue
[2026-01-03T19:10:03.175+0000] {logging_mixin.py:188} INFO - [2026-01-03T19:10:03.175+0000] {dagbag.py:540} INFO - Filling up the DagBag from /opt/airflow/dags/pakakumi_scraper.py
[2026-01-03T19:10:03.203+0000] {processor.py:840} INFO - DAG(s) 'pakakumi_scraper' retrieved from /opt/airflow/dags/pakakumi_scraper.py
[2026-01-03T19:10:03.247+0000] {logging_mixin.py:188} INFO - [2026-01-03T19:10:03.246+0000] {dag.py:3096} INFO - Sync 1 DAGs
[2026-01-03T19:10:03.281+0000] {logging_mixin.py:188} INFO - [2026-01-03T19:10:03.281+0000] {dag.py:3954} INFO - Setting next_dagrun for pakakumi_scraper to 2026-01-03 19:00:00+00:00, run_after=2026-01-03 20:00:00+00:00
[2026-01-03T19:10:03.310+0000] {processor.py:183} INFO - Processing /opt/airflow/dags/pakakumi_scraper.py took 0.150 seconds
[2026-01-03T19:10:33.542+0000] {processor.py:161} INFO - Started process (PID=2367) to work on /opt/airflow/dags/pakakumi_scraper.py
[2026-01-03T19:10:33.543+0000] {processor.py:830} INFO - Processing file /opt/airflow/dags/pakakumi_scraper.py for tasks to queue
[2026-01-03T19:10:33.546+0000] {logging_mixin.py:188} INFO - [2026-01-03T19:10:33.546+0000] {dagbag.py:540} INFO - Filling up the DagBag from /opt/airflow/dags/pakakumi_scraper.py
[2026-01-03T19:10:33.585+0000] {processor.py:840} INFO - DAG(s) 'pakakumi_scraper' retrieved from /opt/airflow/dags/pakakumi_scraper.py
[2026-01-03T19:10:33.636+0000] {logging_mixin.py:188} INFO - [2026-01-03T19:10:33.635+0000] {dag.py:3096} INFO - Sync 1 DAGs
[2026-01-03T19:10:33.672+0000] {logging_mixin.py:188} INFO - [2026-01-03T19:10:33.672+0000] {dag.py:3954} INFO - Setting next_dagrun for pakakumi_scraper to 2026-01-03 19:00:00+00:00, run_after=2026-01-03 20:00:00+00:00
[2026-01-03T19:10:33.697+0000] {processor.py:183} INFO - Processing /opt/airflow/dags/pakakumi_scraper.py took 0.164 seconds
[2026-01-03T19:11:03.812+0000] {processor.py:161} INFO - Started process (PID=2372) to work on /opt/airflow/dags/pakakumi_scraper.py
[2026-01-03T19:11:03.814+0000] {processor.py:830} INFO - Processing file /opt/airflow/dags/pakakumi_scraper.py for tasks to queue
[2026-01-03T19:11:03.818+0000] {logging_mixin.py:188} INFO - [2026-01-03T19:11:03.818+0000] {dagbag.py:540} INFO - Filling up the DagBag from /opt/airflow/dags/pakakumi_scraper.py
[2026-01-03T19:11:03.852+0000] {processor.py:840} INFO - DAG(s) 'pakakumi_scraper' retrieved from /opt/airflow/dags/pakakumi_scraper.py
[2026-01-03T19:11:03.896+0000] {logging_mixin.py:188} INFO - [2026-01-03T19:11:03.895+0000] {dag.py:3096} INFO - Sync 1 DAGs
[2026-01-03T19:11:03.929+0000] {logging_mixin.py:188} INFO - [2026-01-03T19:11:03.929+0000] {dag.py:3954} INFO - Setting next_dagrun for pakakumi_scraper to 2026-01-03 19:00:00+00:00, run_after=2026-01-03 20:00:00+00:00
[2026-01-03T19:11:03.957+0000] {processor.py:183} INFO - Processing /opt/airflow/dags/pakakumi_scraper.py took 0.158 seconds
[2026-01-03T19:11:34.214+0000] {processor.py:161} INFO - Started process (PID=2377) to work on /opt/airflow/dags/pakakumi_scraper.py
[2026-01-03T19:11:34.216+0000] {processor.py:830} INFO - Processing file /opt/airflow/dags/pakakumi_scraper.py for tasks to queue
[2026-01-03T19:11:34.219+0000] {logging_mixin.py:188} INFO - [2026-01-03T19:11:34.218+0000] {dagbag.py:540} INFO - Filling up the DagBag from /opt/airflow/dags/pakakumi_scraper.py
[2026-01-03T19:11:34.252+0000] {processor.py:840} INFO - DAG(s) 'pakakumi_scraper' retrieved from /opt/airflow/dags/pakakumi_scraper.py
[2026-01-03T19:11:34.304+0000] {logging_mixin.py:188} INFO - [2026-01-03T19:11:34.303+0000] {dag.py:3096} INFO - Sync 1 DAGs
[2026-01-03T19:11:34.342+0000] {logging_mixin.py:188} INFO - [2026-01-03T19:11:34.341+0000] {dag.py:3954} INFO - Setting next_dagrun for pakakumi_scraper to 2026-01-03 19:00:00+00:00, run_after=2026-01-03 20:00:00+00:00
[2026-01-03T19:11:34.374+0000] {processor.py:183} INFO - Processing /opt/airflow/dags/pakakumi_scraper.py took 0.170 seconds
[2026-01-03T19:12:04.438+0000] {processor.py:161} INFO - Started process (PID=2382) to work on /opt/airflow/dags/pakakumi_scraper.py
[2026-01-03T19:12:04.440+0000] {processor.py:830} INFO - Processing file /opt/airflow/dags/pakakumi_scraper.py for tasks to queue
[2026-01-03T19:12:04.443+0000] {logging_mixin.py:188} INFO - [2026-01-03T19:12:04.442+0000] {dagbag.py:540} INFO - Filling up the DagBag from /opt/airflow/dags/pakakumi_scraper.py
[2026-01-03T19:12:04.473+0000] {processor.py:840} INFO - DAG(s) 'pakakumi_scraper' retrieved from /opt/airflow/dags/pakakumi_scraper.py
[2026-01-03T19:12:04.517+0000] {logging_mixin.py:188} INFO - [2026-01-03T19:12:04.517+0000] {dag.py:3096} INFO - Sync 1 DAGs
[2026-01-03T19:12:04.551+0000] {logging_mixin.py:188} INFO - [2026-01-03T19:12:04.550+0000] {dag.py:3954} INFO - Setting next_dagrun for pakakumi_scraper to 2026-01-03 19:00:00+00:00, run_after=2026-01-03 20:00:00+00:00
[2026-01-03T19:12:04.577+0000] {processor.py:183} INFO - Processing /opt/airflow/dags/pakakumi_scraper.py took 0.149 seconds
[2026-01-03T19:12:34.863+0000] {processor.py:161} INFO - Started process (PID=2387) to work on /opt/airflow/dags/pakakumi_scraper.py
[2026-01-03T19:12:34.864+0000] {processor.py:830} INFO - Processing file /opt/airflow/dags/pakakumi_scraper.py for tasks to queue
[2026-01-03T19:12:34.867+0000] {logging_mixin.py:188} INFO - [2026-01-03T19:12:34.866+0000] {dagbag.py:540} INFO - Filling up the DagBag from /opt/airflow/dags/pakakumi_scraper.py
[2026-01-03T19:12:34.894+0000] {processor.py:840} INFO - DAG(s) 'pakakumi_scraper' retrieved from /opt/airflow/dags/pakakumi_scraper.py
[2026-01-03T19:12:34.942+0000] {logging_mixin.py:188} INFO - [2026-01-03T19:12:34.941+0000] {dag.py:3096} INFO - Sync 1 DAGs
[2026-01-03T19:12:34.980+0000] {logging_mixin.py:188} INFO - [2026-01-03T19:12:34.980+0000] {dag.py:3954} INFO - Setting next_dagrun for pakakumi_scraper to 2026-01-03 19:00:00+00:00, run_after=2026-01-03 20:00:00+00:00
[2026-01-03T19:12:35.007+0000] {processor.py:183} INFO - Processing /opt/airflow/dags/pakakumi_scraper.py took 0.153 seconds
[2026-01-03T19:13:05.109+0000] {processor.py:161} INFO - Started process (PID=2392) to work on /opt/airflow/dags/pakakumi_scraper.py
[2026-01-03T19:13:05.110+0000] {processor.py:830} INFO - Processing file /opt/airflow/dags/pakakumi_scraper.py for tasks to queue
[2026-01-03T19:13:05.113+0000] {logging_mixin.py:188} INFO - [2026-01-03T19:13:05.112+0000] {dagbag.py:540} INFO - Filling up the DagBag from /opt/airflow/dags/pakakumi_scraper.py
[2026-01-03T19:13:05.143+0000] {processor.py:840} INFO - DAG(s) 'pakakumi_scraper' retrieved from /opt/airflow/dags/pakakumi_scraper.py
[2026-01-03T19:13:05.187+0000] {logging_mixin.py:188} INFO - [2026-01-03T19:13:05.186+0000] {dag.py:3096} INFO - Sync 1 DAGs
[2026-01-03T19:13:05.221+0000] {logging_mixin.py:188} INFO - [2026-01-03T19:13:05.221+0000] {dag.py:3954} INFO - Setting next_dagrun for pakakumi_scraper to 2026-01-03 19:00:00+00:00, run_after=2026-01-03 20:00:00+00:00
[2026-01-03T19:13:05.248+0000] {processor.py:183} INFO - Processing /opt/airflow/dags/pakakumi_scraper.py took 0.150 seconds
[2026-01-03T19:13:35.498+0000] {processor.py:161} INFO - Started process (PID=2397) to work on /opt/airflow/dags/pakakumi_scraper.py
[2026-01-03T19:13:35.500+0000] {processor.py:830} INFO - Processing file /opt/airflow/dags/pakakumi_scraper.py for tasks to queue
[2026-01-03T19:13:35.503+0000] {logging_mixin.py:188} INFO - [2026-01-03T19:13:35.502+0000] {dagbag.py:540} INFO - Filling up the DagBag from /opt/airflow/dags/pakakumi_scraper.py
[2026-01-03T19:13:35.528+0000] {processor.py:840} INFO - DAG(s) 'pakakumi_scraper' retrieved from /opt/airflow/dags/pakakumi_scraper.py
[2026-01-03T19:13:35.570+0000] {logging_mixin.py:188} INFO - [2026-01-03T19:13:35.569+0000] {dag.py:3096} INFO - Sync 1 DAGs
[2026-01-03T19:13:35.606+0000] {logging_mixin.py:188} INFO - [2026-01-03T19:13:35.606+0000] {dag.py:3954} INFO - Setting next_dagrun for pakakumi_scraper to 2026-01-03 19:00:00+00:00, run_after=2026-01-03 20:00:00+00:00
[2026-01-03T19:13:35.631+0000] {processor.py:183} INFO - Processing /opt/airflow/dags/pakakumi_scraper.py took 0.141 seconds
[2026-01-03T19:14:05.731+0000] {processor.py:161} INFO - Started process (PID=2402) to work on /opt/airflow/dags/pakakumi_scraper.py
[2026-01-03T19:14:05.733+0000] {processor.py:830} INFO - Processing file /opt/airflow/dags/pakakumi_scraper.py for tasks to queue
[2026-01-03T19:14:05.735+0000] {logging_mixin.py:188} INFO - [2026-01-03T19:14:05.735+0000] {dagbag.py:540} INFO - Filling up the DagBag from /opt/airflow/dags/pakakumi_scraper.py
[2026-01-03T19:14:05.777+0000] {processor.py:840} INFO - DAG(s) 'pakakumi_scraper' retrieved from /opt/airflow/dags/pakakumi_scraper.py
[2026-01-03T19:14:05.829+0000] {logging_mixin.py:188} INFO - [2026-01-03T19:14:05.829+0000] {dag.py:3096} INFO - Sync 1 DAGs
[2026-01-03T19:14:05.873+0000] {logging_mixin.py:188} INFO - [2026-01-03T19:14:05.873+0000] {dag.py:3954} INFO - Setting next_dagrun for pakakumi_scraper to 2026-01-03 19:00:00+00:00, run_after=2026-01-03 20:00:00+00:00
[2026-01-03T19:14:06.069+0000] {processor.py:183} INFO - Processing /opt/airflow/dags/pakakumi_scraper.py took 0.348 seconds
[2026-01-03T19:14:36.137+0000] {processor.py:161} INFO - Started process (PID=2407) to work on /opt/airflow/dags/pakakumi_scraper.py
[2026-01-03T19:14:36.139+0000] {processor.py:830} INFO - Processing file /opt/airflow/dags/pakakumi_scraper.py for tasks to queue
[2026-01-03T19:14:36.142+0000] {logging_mixin.py:188} INFO - [2026-01-03T19:14:36.142+0000] {dagbag.py:540} INFO - Filling up the DagBag from /opt/airflow/dags/pakakumi_scraper.py
[2026-01-03T19:14:36.170+0000] {processor.py:840} INFO - DAG(s) 'pakakumi_scraper' retrieved from /opt/airflow/dags/pakakumi_scraper.py
[2026-01-03T19:14:36.213+0000] {logging_mixin.py:188} INFO - [2026-01-03T19:14:36.213+0000] {dag.py:3096} INFO - Sync 1 DAGs
[2026-01-03T19:14:36.252+0000] {logging_mixin.py:188} INFO - [2026-01-03T19:14:36.251+0000] {dag.py:3954} INFO - Setting next_dagrun for pakakumi_scraper to 2026-01-03 19:00:00+00:00, run_after=2026-01-03 20:00:00+00:00
[2026-01-03T19:14:36.280+0000] {processor.py:183} INFO - Processing /opt/airflow/dags/pakakumi_scraper.py took 0.153 seconds
[2026-01-03T19:15:06.421+0000] {processor.py:161} INFO - Started process (PID=2412) to work on /opt/airflow/dags/pakakumi_scraper.py
[2026-01-03T19:15:06.422+0000] {processor.py:830} INFO - Processing file /opt/airflow/dags/pakakumi_scraper.py for tasks to queue
[2026-01-03T19:15:06.426+0000] {logging_mixin.py:188} INFO - [2026-01-03T19:15:06.425+0000] {dagbag.py:540} INFO - Filling up the DagBag from /opt/airflow/dags/pakakumi_scraper.py
[2026-01-03T19:15:06.464+0000] {processor.py:840} INFO - DAG(s) 'pakakumi_scraper' retrieved from /opt/airflow/dags/pakakumi_scraper.py
[2026-01-03T19:15:06.509+0000] {logging_mixin.py:188} INFO - [2026-01-03T19:15:06.509+0000] {dag.py:3096} INFO - Sync 1 DAGs
[2026-01-03T19:15:06.545+0000] {logging_mixin.py:188} INFO - [2026-01-03T19:15:06.545+0000] {dag.py:3954} INFO - Setting next_dagrun for pakakumi_scraper to 2026-01-03 19:00:00+00:00, run_after=2026-01-03 20:00:00+00:00
[2026-01-03T19:15:06.573+0000] {processor.py:183} INFO - Processing /opt/airflow/dags/pakakumi_scraper.py took 0.165 seconds
[2026-01-03T19:15:36.763+0000] {processor.py:161} INFO - Started process (PID=2417) to work on /opt/airflow/dags/pakakumi_scraper.py
[2026-01-03T19:15:36.764+0000] {processor.py:830} INFO - Processing file /opt/airflow/dags/pakakumi_scraper.py for tasks to queue
[2026-01-03T19:15:36.767+0000] {logging_mixin.py:188} INFO - [2026-01-03T19:15:36.767+0000] {dagbag.py:540} INFO - Filling up the DagBag from /opt/airflow/dags/pakakumi_scraper.py
[2026-01-03T19:15:36.796+0000] {processor.py:840} INFO - DAG(s) 'pakakumi_scraper' retrieved from /opt/airflow/dags/pakakumi_scraper.py
[2026-01-03T19:15:36.840+0000] {logging_mixin.py:188} INFO - [2026-01-03T19:15:36.840+0000] {dag.py:3096} INFO - Sync 1 DAGs
[2026-01-03T19:15:36.876+0000] {logging_mixin.py:188} INFO - [2026-01-03T19:15:36.876+0000] {dag.py:3954} INFO - Setting next_dagrun for pakakumi_scraper to 2026-01-03 19:00:00+00:00, run_after=2026-01-03 20:00:00+00:00
[2026-01-03T19:15:36.903+0000] {processor.py:183} INFO - Processing /opt/airflow/dags/pakakumi_scraper.py took 0.151 seconds
[2026-01-03T19:16:07.049+0000] {processor.py:161} INFO - Started process (PID=2422) to work on /opt/airflow/dags/pakakumi_scraper.py
[2026-01-03T19:16:07.050+0000] {processor.py:830} INFO - Processing file /opt/airflow/dags/pakakumi_scraper.py for tasks to queue
[2026-01-03T19:16:07.053+0000] {logging_mixin.py:188} INFO - [2026-01-03T19:16:07.053+0000] {dagbag.py:540} INFO - Filling up the DagBag from /opt/airflow/dags/pakakumi_scraper.py
[2026-01-03T19:16:07.082+0000] {processor.py:840} INFO - DAG(s) 'pakakumi_scraper' retrieved from /opt/airflow/dags/pakakumi_scraper.py
[2026-01-03T19:16:07.124+0000] {logging_mixin.py:188} INFO - [2026-01-03T19:16:07.124+0000] {dag.py:3096} INFO - Sync 1 DAGs
[2026-01-03T19:16:07.159+0000] {logging_mixin.py:188} INFO - [2026-01-03T19:16:07.159+0000] {dag.py:3954} INFO - Setting next_dagrun for pakakumi_scraper to 2026-01-03 19:00:00+00:00, run_after=2026-01-03 20:00:00+00:00
[2026-01-03T19:16:07.185+0000] {processor.py:183} INFO - Processing /opt/airflow/dags/pakakumi_scraper.py took 0.146 seconds
[2026-01-03T19:16:37.386+0000] {processor.py:161} INFO - Started process (PID=2427) to work on /opt/airflow/dags/pakakumi_scraper.py
[2026-01-03T19:16:37.387+0000] {processor.py:830} INFO - Processing file /opt/airflow/dags/pakakumi_scraper.py for tasks to queue
[2026-01-03T19:16:37.395+0000] {logging_mixin.py:188} INFO - [2026-01-03T19:16:37.394+0000] {dagbag.py:540} INFO - Filling up the DagBag from /opt/airflow/dags/pakakumi_scraper.py
[2026-01-03T19:16:37.425+0000] {processor.py:840} INFO - DAG(s) 'pakakumi_scraper' retrieved from /opt/airflow/dags/pakakumi_scraper.py
[2026-01-03T19:16:37.474+0000] {logging_mixin.py:188} INFO - [2026-01-03T19:16:37.473+0000] {dag.py:3096} INFO - Sync 1 DAGs
[2026-01-03T19:16:37.510+0000] {logging_mixin.py:188} INFO - [2026-01-03T19:16:37.509+0000] {dag.py:3954} INFO - Setting next_dagrun for pakakumi_scraper to 2026-01-03 19:00:00+00:00, run_after=2026-01-03 20:00:00+00:00
[2026-01-03T19:16:37.538+0000] {processor.py:183} INFO - Processing /opt/airflow/dags/pakakumi_scraper.py took 0.168 seconds
[2026-01-03T19:17:07.632+0000] {processor.py:161} INFO - Started process (PID=2432) to work on /opt/airflow/dags/pakakumi_scraper.py
[2026-01-03T19:17:07.634+0000] {processor.py:830} INFO - Processing file /opt/airflow/dags/pakakumi_scraper.py for tasks to queue
[2026-01-03T19:17:07.637+0000] {logging_mixin.py:188} INFO - [2026-01-03T19:17:07.636+0000] {dagbag.py:540} INFO - Filling up the DagBag from /opt/airflow/dags/pakakumi_scraper.py
[2026-01-03T19:17:07.665+0000] {processor.py:840} INFO - DAG(s) 'pakakumi_scraper' retrieved from /opt/airflow/dags/pakakumi_scraper.py
[2026-01-03T19:17:07.711+0000] {logging_mixin.py:188} INFO - [2026-01-03T19:17:07.711+0000] {dag.py:3096} INFO - Sync 1 DAGs
[2026-01-03T19:17:07.748+0000] {logging_mixin.py:188} INFO - [2026-01-03T19:17:07.747+0000] {dag.py:3954} INFO - Setting next_dagrun for pakakumi_scraper to 2026-01-03 19:00:00+00:00, run_after=2026-01-03 20:00:00+00:00
[2026-01-03T19:17:07.772+0000] {processor.py:183} INFO - Processing /opt/airflow/dags/pakakumi_scraper.py took 0.150 seconds
[2026-01-03T19:17:38.010+0000] {processor.py:161} INFO - Started process (PID=2437) to work on /opt/airflow/dags/pakakumi_scraper.py
[2026-01-03T19:17:38.011+0000] {processor.py:830} INFO - Processing file /opt/airflow/dags/pakakumi_scraper.py for tasks to queue
[2026-01-03T19:17:38.014+0000] {logging_mixin.py:188} INFO - [2026-01-03T19:17:38.014+0000] {dagbag.py:540} INFO - Filling up the DagBag from /opt/airflow/dags/pakakumi_scraper.py
[2026-01-03T19:17:38.043+0000] {processor.py:840} INFO - DAG(s) 'pakakumi_scraper' retrieved from /opt/airflow/dags/pakakumi_scraper.py
[2026-01-03T19:17:38.085+0000] {logging_mixin.py:188} INFO - [2026-01-03T19:17:38.085+0000] {dag.py:3096} INFO - Sync 1 DAGs
[2026-01-03T19:17:38.122+0000] {logging_mixin.py:188} INFO - [2026-01-03T19:17:38.122+0000] {dag.py:3954} INFO - Setting next_dagrun for pakakumi_scraper to 2026-01-03 19:00:00+00:00, run_after=2026-01-03 20:00:00+00:00
[2026-01-03T19:17:38.152+0000] {processor.py:183} INFO - Processing /opt/airflow/dags/pakakumi_scraper.py took 0.151 seconds
[2026-01-03T19:18:08.270+0000] {processor.py:161} INFO - Started process (PID=2442) to work on /opt/airflow/dags/pakakumi_scraper.py
[2026-01-03T19:18:08.272+0000] {processor.py:830} INFO - Processing file /opt/airflow/dags/pakakumi_scraper.py for tasks to queue
[2026-01-03T19:18:08.275+0000] {logging_mixin.py:188} INFO - [2026-01-03T19:18:08.274+0000] {dagbag.py:540} INFO - Filling up the DagBag from /opt/airflow/dags/pakakumi_scraper.py
[2026-01-03T19:18:08.303+0000] {processor.py:840} INFO - DAG(s) 'pakakumi_scraper' retrieved from /opt/airflow/dags/pakakumi_scraper.py
[2026-01-03T19:18:08.353+0000] {logging_mixin.py:188} INFO - [2026-01-03T19:18:08.353+0000] {dag.py:3096} INFO - Sync 1 DAGs
[2026-01-03T19:18:08.399+0000] {logging_mixin.py:188} INFO - [2026-01-03T19:18:08.398+0000] {dag.py:3954} INFO - Setting next_dagrun for pakakumi_scraper to 2026-01-03 19:00:00+00:00, run_after=2026-01-03 20:00:00+00:00
[2026-01-03T19:18:08.427+0000] {processor.py:183} INFO - Processing /opt/airflow/dags/pakakumi_scraper.py took 0.169 seconds
[2026-01-03T19:18:38.689+0000] {processor.py:161} INFO - Started process (PID=2447) to work on /opt/airflow/dags/pakakumi_scraper.py
[2026-01-03T19:18:38.691+0000] {processor.py:830} INFO - Processing file /opt/airflow/dags/pakakumi_scraper.py for tasks to queue
[2026-01-03T19:18:38.696+0000] {logging_mixin.py:188} INFO - [2026-01-03T19:18:38.695+0000] {dagbag.py:540} INFO - Filling up the DagBag from /opt/airflow/dags/pakakumi_scraper.py
[2026-01-03T19:18:38.747+0000] {processor.py:840} INFO - DAG(s) 'pakakumi_scraper' retrieved from /opt/airflow/dags/pakakumi_scraper.py
[2026-01-03T19:18:38.790+0000] {logging_mixin.py:188} INFO - [2026-01-03T19:18:38.790+0000] {dag.py:3096} INFO - Sync 1 DAGs
[2026-01-03T19:18:38.826+0000] {logging_mixin.py:188} INFO - [2026-01-03T19:18:38.826+0000] {dag.py:3954} INFO - Setting next_dagrun for pakakumi_scraper to 2026-01-03 19:00:00+00:00, run_after=2026-01-03 20:00:00+00:00
[2026-01-03T19:18:38.856+0000] {processor.py:183} INFO - Processing /opt/airflow/dags/pakakumi_scraper.py took 0.190 seconds
[2026-01-03T19:19:08.987+0000] {processor.py:161} INFO - Started process (PID=2452) to work on /opt/airflow/dags/pakakumi_scraper.py
[2026-01-03T19:19:08.989+0000] {processor.py:830} INFO - Processing file /opt/airflow/dags/pakakumi_scraper.py for tasks to queue
[2026-01-03T19:19:08.993+0000] {logging_mixin.py:188} INFO - [2026-01-03T19:19:08.992+0000] {dagbag.py:540} INFO - Filling up the DagBag from /opt/airflow/dags/pakakumi_scraper.py
[2026-01-03T19:19:09.021+0000] {processor.py:840} INFO - DAG(s) 'pakakumi_scraper' retrieved from /opt/airflow/dags/pakakumi_scraper.py
[2026-01-03T19:19:09.076+0000] {logging_mixin.py:188} INFO - [2026-01-03T19:19:09.075+0000] {dag.py:3096} INFO - Sync 1 DAGs
[2026-01-03T19:19:09.115+0000] {logging_mixin.py:188} INFO - [2026-01-03T19:19:09.114+0000] {dag.py:3954} INFO - Setting next_dagrun for pakakumi_scraper to 2026-01-03 19:00:00+00:00, run_after=2026-01-03 20:00:00+00:00
[2026-01-03T19:19:09.149+0000] {processor.py:183} INFO - Processing /opt/airflow/dags/pakakumi_scraper.py took 0.177 seconds
[2026-01-03T19:19:39.401+0000] {processor.py:161} INFO - Started process (PID=2457) to work on /opt/airflow/dags/pakakumi_scraper.py
[2026-01-03T19:19:39.402+0000] {processor.py:830} INFO - Processing file /opt/airflow/dags/pakakumi_scraper.py for tasks to queue
[2026-01-03T19:19:39.406+0000] {logging_mixin.py:188} INFO - [2026-01-03T19:19:39.406+0000] {dagbag.py:540} INFO - Filling up the DagBag from /opt/airflow/dags/pakakumi_scraper.py
[2026-01-03T19:19:39.446+0000] {processor.py:840} INFO - DAG(s) 'pakakumi_scraper' retrieved from /opt/airflow/dags/pakakumi_scraper.py
[2026-01-03T19:19:39.491+0000] {logging_mixin.py:188} INFO - [2026-01-03T19:19:39.491+0000] {dag.py:3096} INFO - Sync 1 DAGs
[2026-01-03T19:19:39.530+0000] {logging_mixin.py:188} INFO - [2026-01-03T19:19:39.529+0000] {dag.py:3954} INFO - Setting next_dagrun for pakakumi_scraper to 2026-01-03 19:00:00+00:00, run_after=2026-01-03 20:00:00+00:00
[2026-01-03T19:19:39.560+0000] {processor.py:183} INFO - Processing /opt/airflow/dags/pakakumi_scraper.py took 0.172 seconds
[2026-01-03T19:20:09.680+0000] {processor.py:161} INFO - Started process (PID=2462) to work on /opt/airflow/dags/pakakumi_scraper.py
[2026-01-03T19:20:09.681+0000] {processor.py:830} INFO - Processing file /opt/airflow/dags/pakakumi_scraper.py for tasks to queue
[2026-01-03T19:20:09.685+0000] {logging_mixin.py:188} INFO - [2026-01-03T19:20:09.684+0000] {dagbag.py:540} INFO - Filling up the DagBag from /opt/airflow/dags/pakakumi_scraper.py
[2026-01-03T19:20:09.714+0000] {processor.py:840} INFO - DAG(s) 'pakakumi_scraper' retrieved from /opt/airflow/dags/pakakumi_scraper.py
[2026-01-03T19:20:09.758+0000] {logging_mixin.py:188} INFO - [2026-01-03T19:20:09.757+0000] {dag.py:3096} INFO - Sync 1 DAGs
[2026-01-03T19:20:09.793+0000] {logging_mixin.py:188} INFO - [2026-01-03T19:20:09.793+0000] {dag.py:3954} INFO - Setting next_dagrun for pakakumi_scraper to 2026-01-03 19:00:00+00:00, run_after=2026-01-03 20:00:00+00:00
[2026-01-03T19:20:09.818+0000] {processor.py:183} INFO - Processing /opt/airflow/dags/pakakumi_scraper.py took 0.153 seconds
[2026-01-03T19:20:40.041+0000] {processor.py:161} INFO - Started process (PID=2467) to work on /opt/airflow/dags/pakakumi_scraper.py
[2026-01-03T19:20:40.043+0000] {processor.py:830} INFO - Processing file /opt/airflow/dags/pakakumi_scraper.py for tasks to queue
[2026-01-03T19:20:40.046+0000] {logging_mixin.py:188} INFO - [2026-01-03T19:20:40.045+0000] {dagbag.py:540} INFO - Filling up the DagBag from /opt/airflow/dags/pakakumi_scraper.py
[2026-01-03T19:20:40.074+0000] {processor.py:840} INFO - DAG(s) 'pakakumi_scraper' retrieved from /opt/airflow/dags/pakakumi_scraper.py
[2026-01-03T19:20:40.117+0000] {logging_mixin.py:188} INFO - [2026-01-03T19:20:40.116+0000] {dag.py:3096} INFO - Sync 1 DAGs
[2026-01-03T19:20:40.151+0000] {logging_mixin.py:188} INFO - [2026-01-03T19:20:40.151+0000] {dag.py:3954} INFO - Setting next_dagrun for pakakumi_scraper to 2026-01-03 19:00:00+00:00, run_after=2026-01-03 20:00:00+00:00
[2026-01-03T19:20:40.181+0000] {processor.py:183} INFO - Processing /opt/airflow/dags/pakakumi_scraper.py took 0.153 seconds
[2026-01-03T19:21:10.295+0000] {processor.py:161} INFO - Started process (PID=2472) to work on /opt/airflow/dags/pakakumi_scraper.py
[2026-01-03T19:21:10.298+0000] {processor.py:830} INFO - Processing file /opt/airflow/dags/pakakumi_scraper.py for tasks to queue
[2026-01-03T19:21:10.304+0000] {logging_mixin.py:188} INFO - [2026-01-03T19:21:10.303+0000] {dagbag.py:540} INFO - Filling up the DagBag from /opt/airflow/dags/pakakumi_scraper.py
[2026-01-03T19:21:10.337+0000] {processor.py:840} INFO - DAG(s) 'pakakumi_scraper' retrieved from /opt/airflow/dags/pakakumi_scraper.py
[2026-01-03T19:21:10.389+0000] {logging_mixin.py:188} INFO - [2026-01-03T19:21:10.389+0000] {dag.py:3096} INFO - Sync 1 DAGs
[2026-01-03T19:21:10.424+0000] {logging_mixin.py:188} INFO - [2026-01-03T19:21:10.423+0000] {dag.py:3954} INFO - Setting next_dagrun for pakakumi_scraper to 2026-01-03 19:00:00+00:00, run_after=2026-01-03 20:00:00+00:00
[2026-01-03T19:21:10.452+0000] {processor.py:183} INFO - Processing /opt/airflow/dags/pakakumi_scraper.py took 0.178 seconds
[2026-01-03T19:21:40.659+0000] {processor.py:161} INFO - Started process (PID=2477) to work on /opt/airflow/dags/pakakumi_scraper.py
[2026-01-03T19:21:40.661+0000] {processor.py:830} INFO - Processing file /opt/airflow/dags/pakakumi_scraper.py for tasks to queue
[2026-01-03T19:21:40.664+0000] {logging_mixin.py:188} INFO - [2026-01-03T19:21:40.663+0000] {dagbag.py:540} INFO - Filling up the DagBag from /opt/airflow/dags/pakakumi_scraper.py
[2026-01-03T19:21:40.693+0000] {processor.py:840} INFO - DAG(s) 'pakakumi_scraper' retrieved from /opt/airflow/dags/pakakumi_scraper.py
[2026-01-03T19:21:40.737+0000] {logging_mixin.py:188} INFO - [2026-01-03T19:21:40.736+0000] {dag.py:3096} INFO - Sync 1 DAGs
[2026-01-03T19:21:40.770+0000] {logging_mixin.py:188} INFO - [2026-01-03T19:21:40.770+0000] {dag.py:3954} INFO - Setting next_dagrun for pakakumi_scraper to 2026-01-03 19:00:00+00:00, run_after=2026-01-03 20:00:00+00:00
[2026-01-03T19:21:40.796+0000] {processor.py:183} INFO - Processing /opt/airflow/dags/pakakumi_scraper.py took 0.146 seconds
[2026-01-03T19:22:10.967+0000] {processor.py:161} INFO - Started process (PID=2482) to work on /opt/airflow/dags/pakakumi_scraper.py
[2026-01-03T19:22:10.969+0000] {processor.py:830} INFO - Processing file /opt/airflow/dags/pakakumi_scraper.py for tasks to queue
[2026-01-03T19:22:10.977+0000] {logging_mixin.py:188} INFO - [2026-01-03T19:22:10.976+0000] {dagbag.py:540} INFO - Filling up the DagBag from /opt/airflow/dags/pakakumi_scraper.py
[2026-01-03T19:22:11.007+0000] {processor.py:840} INFO - DAG(s) 'pakakumi_scraper' retrieved from /opt/airflow/dags/pakakumi_scraper.py
[2026-01-03T19:22:11.058+0000] {logging_mixin.py:188} INFO - [2026-01-03T19:22:11.058+0000] {dag.py:3096} INFO - Sync 1 DAGs
[2026-01-03T19:22:11.094+0000] {logging_mixin.py:188} INFO - [2026-01-03T19:22:11.094+0000] {dag.py:3954} INFO - Setting next_dagrun for pakakumi_scraper to 2026-01-03 19:00:00+00:00, run_after=2026-01-03 20:00:00+00:00
[2026-01-03T19:22:11.126+0000] {processor.py:183} INFO - Processing /opt/airflow/dags/pakakumi_scraper.py took 0.174 seconds
[2026-01-03T19:22:41.267+0000] {processor.py:161} INFO - Started process (PID=2487) to work on /opt/airflow/dags/pakakumi_scraper.py
[2026-01-03T19:22:41.268+0000] {processor.py:830} INFO - Processing file /opt/airflow/dags/pakakumi_scraper.py for tasks to queue
[2026-01-03T19:22:41.271+0000] {logging_mixin.py:188} INFO - [2026-01-03T19:22:41.270+0000] {dagbag.py:540} INFO - Filling up the DagBag from /opt/airflow/dags/pakakumi_scraper.py
[2026-01-03T19:22:41.298+0000] {processor.py:840} INFO - DAG(s) 'pakakumi_scraper' retrieved from /opt/airflow/dags/pakakumi_scraper.py
[2026-01-03T19:22:41.342+0000] {logging_mixin.py:188} INFO - [2026-01-03T19:22:41.341+0000] {dag.py:3096} INFO - Sync 1 DAGs
[2026-01-03T19:22:41.376+0000] {logging_mixin.py:188} INFO - [2026-01-03T19:22:41.376+0000] {dag.py:3954} INFO - Setting next_dagrun for pakakumi_scraper to 2026-01-03 19:00:00+00:00, run_after=2026-01-03 20:00:00+00:00
[2026-01-03T19:22:41.404+0000] {processor.py:183} INFO - Processing /opt/airflow/dags/pakakumi_scraper.py took 0.147 seconds
[2026-01-03T19:23:11.606+0000] {processor.py:161} INFO - Started process (PID=2492) to work on /opt/airflow/dags/pakakumi_scraper.py
[2026-01-03T19:23:11.608+0000] {processor.py:830} INFO - Processing file /opt/airflow/dags/pakakumi_scraper.py for tasks to queue
[2026-01-03T19:23:11.611+0000] {logging_mixin.py:188} INFO - [2026-01-03T19:23:11.610+0000] {dagbag.py:540} INFO - Filling up the DagBag from /opt/airflow/dags/pakakumi_scraper.py
[2026-01-03T19:23:11.637+0000] {processor.py:840} INFO - DAG(s) 'pakakumi_scraper' retrieved from /opt/airflow/dags/pakakumi_scraper.py
[2026-01-03T19:23:11.683+0000] {logging_mixin.py:188} INFO - [2026-01-03T19:23:11.682+0000] {dag.py:3096} INFO - Sync 1 DAGs
[2026-01-03T19:23:11.730+0000] {logging_mixin.py:188} INFO - [2026-01-03T19:23:11.730+0000] {dag.py:3954} INFO - Setting next_dagrun for pakakumi_scraper to 2026-01-03 19:00:00+00:00, run_after=2026-01-03 20:00:00+00:00
[2026-01-03T19:23:11.768+0000] {processor.py:183} INFO - Processing /opt/airflow/dags/pakakumi_scraper.py took 0.175 seconds
[2026-01-03T19:23:41.881+0000] {processor.py:161} INFO - Started process (PID=2497) to work on /opt/airflow/dags/pakakumi_scraper.py
[2026-01-03T19:23:41.882+0000] {processor.py:830} INFO - Processing file /opt/airflow/dags/pakakumi_scraper.py for tasks to queue
[2026-01-03T19:23:41.885+0000] {logging_mixin.py:188} INFO - [2026-01-03T19:23:41.884+0000] {dagbag.py:540} INFO - Filling up the DagBag from /opt/airflow/dags/pakakumi_scraper.py
[2026-01-03T19:23:41.912+0000] {processor.py:840} INFO - DAG(s) 'pakakumi_scraper' retrieved from /opt/airflow/dags/pakakumi_scraper.py
[2026-01-03T19:23:41.955+0000] {logging_mixin.py:188} INFO - [2026-01-03T19:23:41.955+0000] {dag.py:3096} INFO - Sync 1 DAGs
[2026-01-03T19:23:41.992+0000] {logging_mixin.py:188} INFO - [2026-01-03T19:23:41.992+0000] {dag.py:3954} INFO - Setting next_dagrun for pakakumi_scraper to 2026-01-03 19:00:00+00:00, run_after=2026-01-03 20:00:00+00:00
[2026-01-03T19:23:42.023+0000] {processor.py:183} INFO - Processing /opt/airflow/dags/pakakumi_scraper.py took 0.153 seconds
[2026-01-03T19:24:12.259+0000] {processor.py:161} INFO - Started process (PID=2502) to work on /opt/airflow/dags/pakakumi_scraper.py
[2026-01-03T19:24:12.260+0000] {processor.py:830} INFO - Processing file /opt/airflow/dags/pakakumi_scraper.py for tasks to queue
[2026-01-03T19:24:12.263+0000] {logging_mixin.py:188} INFO - [2026-01-03T19:24:12.263+0000] {dagbag.py:540} INFO - Filling up the DagBag from /opt/airflow/dags/pakakumi_scraper.py
[2026-01-03T19:24:12.298+0000] {processor.py:840} INFO - DAG(s) 'pakakumi_scraper' retrieved from /opt/airflow/dags/pakakumi_scraper.py
[2026-01-03T19:24:12.338+0000] {logging_mixin.py:188} INFO - [2026-01-03T19:24:12.337+0000] {dag.py:3096} INFO - Sync 1 DAGs
[2026-01-03T19:24:12.368+0000] {logging_mixin.py:188} INFO - [2026-01-03T19:24:12.368+0000] {dag.py:3954} INFO - Setting next_dagrun for pakakumi_scraper to 2026-01-03 19:00:00+00:00, run_after=2026-01-03 20:00:00+00:00
[2026-01-03T19:24:12.392+0000] {processor.py:183} INFO - Processing /opt/airflow/dags/pakakumi_scraper.py took 0.143 seconds
[2026-01-03T19:24:42.551+0000] {processor.py:161} INFO - Started process (PID=2507) to work on /opt/airflow/dags/pakakumi_scraper.py
[2026-01-03T19:24:42.552+0000] {processor.py:830} INFO - Processing file /opt/airflow/dags/pakakumi_scraper.py for tasks to queue
[2026-01-03T19:24:42.556+0000] {logging_mixin.py:188} INFO - [2026-01-03T19:24:42.555+0000] {dagbag.py:540} INFO - Filling up the DagBag from /opt/airflow/dags/pakakumi_scraper.py
[2026-01-03T19:24:42.583+0000] {processor.py:840} INFO - DAG(s) 'pakakumi_scraper' retrieved from /opt/airflow/dags/pakakumi_scraper.py
[2026-01-03T19:24:42.628+0000] {logging_mixin.py:188} INFO - [2026-01-03T19:24:42.627+0000] {dag.py:3096} INFO - Sync 1 DAGs
[2026-01-03T19:24:42.664+0000] {logging_mixin.py:188} INFO - [2026-01-03T19:24:42.663+0000] {dag.py:3954} INFO - Setting next_dagrun for pakakumi_scraper to 2026-01-03 19:00:00+00:00, run_after=2026-01-03 20:00:00+00:00
[2026-01-03T19:24:42.700+0000] {processor.py:183} INFO - Processing /opt/airflow/dags/pakakumi_scraper.py took 0.159 seconds
[2026-01-03T19:25:12.907+0000] {processor.py:161} INFO - Started process (PID=2512) to work on /opt/airflow/dags/pakakumi_scraper.py
[2026-01-03T19:25:12.909+0000] {processor.py:830} INFO - Processing file /opt/airflow/dags/pakakumi_scraper.py for tasks to queue
[2026-01-03T19:25:12.914+0000] {logging_mixin.py:188} INFO - [2026-01-03T19:25:12.913+0000] {dagbag.py:540} INFO - Filling up the DagBag from /opt/airflow/dags/pakakumi_scraper.py
[2026-01-03T19:25:12.942+0000] {processor.py:840} INFO - DAG(s) 'pakakumi_scraper' retrieved from /opt/airflow/dags/pakakumi_scraper.py
[2026-01-03T19:25:12.988+0000] {logging_mixin.py:188} INFO - [2026-01-03T19:25:12.987+0000] {dag.py:3096} INFO - Sync 1 DAGs
[2026-01-03T19:25:13.022+0000] {logging_mixin.py:188} INFO - [2026-01-03T19:25:13.022+0000] {dag.py:3954} INFO - Setting next_dagrun for pakakumi_scraper to 2026-01-03 19:00:00+00:00, run_after=2026-01-03 20:00:00+00:00
[2026-01-03T19:25:13.048+0000] {processor.py:183} INFO - Processing /opt/airflow/dags/pakakumi_scraper.py took 0.154 seconds
[2026-01-03T19:25:43.217+0000] {processor.py:161} INFO - Started process (PID=2517) to work on /opt/airflow/dags/pakakumi_scraper.py
[2026-01-03T19:25:43.219+0000] {processor.py:830} INFO - Processing file /opt/airflow/dags/pakakumi_scraper.py for tasks to queue
[2026-01-03T19:25:43.222+0000] {logging_mixin.py:188} INFO - [2026-01-03T19:25:43.221+0000] {dagbag.py:540} INFO - Filling up the DagBag from /opt/airflow/dags/pakakumi_scraper.py
[2026-01-03T19:25:43.250+0000] {processor.py:840} INFO - DAG(s) 'pakakumi_scraper' retrieved from /opt/airflow/dags/pakakumi_scraper.py
[2026-01-03T19:25:43.291+0000] {logging_mixin.py:188} INFO - [2026-01-03T19:25:43.291+0000] {dag.py:3096} INFO - Sync 1 DAGs
[2026-01-03T19:25:43.325+0000] {logging_mixin.py:188} INFO - [2026-01-03T19:25:43.324+0000] {dag.py:3954} INFO - Setting next_dagrun for pakakumi_scraper to 2026-01-03 19:00:00+00:00, run_after=2026-01-03 20:00:00+00:00
[2026-01-03T19:25:43.352+0000] {processor.py:183} INFO - Processing /opt/airflow/dags/pakakumi_scraper.py took 0.145 seconds
[2026-01-03T19:26:13.597+0000] {processor.py:161} INFO - Started process (PID=2522) to work on /opt/airflow/dags/pakakumi_scraper.py
[2026-01-03T19:26:13.598+0000] {processor.py:830} INFO - Processing file /opt/airflow/dags/pakakumi_scraper.py for tasks to queue
[2026-01-03T19:26:13.601+0000] {logging_mixin.py:188} INFO - [2026-01-03T19:26:13.601+0000] {dagbag.py:540} INFO - Filling up the DagBag from /opt/airflow/dags/pakakumi_scraper.py
[2026-01-03T19:26:13.630+0000] {processor.py:840} INFO - DAG(s) 'pakakumi_scraper' retrieved from /opt/airflow/dags/pakakumi_scraper.py
[2026-01-03T19:26:13.695+0000] {logging_mixin.py:188} INFO - [2026-01-03T19:26:13.694+0000] {dag.py:3096} INFO - Sync 1 DAGs
[2026-01-03T19:26:13.729+0000] {logging_mixin.py:188} INFO - [2026-01-03T19:26:13.729+0000] {dag.py:3954} INFO - Setting next_dagrun for pakakumi_scraper to 2026-01-03 19:00:00+00:00, run_after=2026-01-03 20:00:00+00:00
[2026-01-03T19:26:13.754+0000] {processor.py:183} INFO - Processing /opt/airflow/dags/pakakumi_scraper.py took 0.167 seconds
[2026-01-03T19:26:43.885+0000] {processor.py:161} INFO - Started process (PID=2527) to work on /opt/airflow/dags/pakakumi_scraper.py
[2026-01-03T19:26:43.886+0000] {processor.py:830} INFO - Processing file /opt/airflow/dags/pakakumi_scraper.py for tasks to queue
[2026-01-03T19:26:43.892+0000] {logging_mixin.py:188} INFO - [2026-01-03T19:26:43.892+0000] {dagbag.py:540} INFO - Filling up the DagBag from /opt/airflow/dags/pakakumi_scraper.py
[2026-01-03T19:26:43.918+0000] {processor.py:840} INFO - DAG(s) 'pakakumi_scraper' retrieved from /opt/airflow/dags/pakakumi_scraper.py
[2026-01-03T19:26:43.961+0000] {logging_mixin.py:188} INFO - [2026-01-03T19:26:43.961+0000] {dag.py:3096} INFO - Sync 1 DAGs
[2026-01-03T19:26:43.994+0000] {logging_mixin.py:188} INFO - [2026-01-03T19:26:43.994+0000] {dag.py:3954} INFO - Setting next_dagrun for pakakumi_scraper to 2026-01-03 19:00:00+00:00, run_after=2026-01-03 20:00:00+00:00
[2026-01-03T19:26:44.030+0000] {processor.py:183} INFO - Processing /opt/airflow/dags/pakakumi_scraper.py took 0.154 seconds
[2026-01-03T19:27:14.272+0000] {processor.py:161} INFO - Started process (PID=2532) to work on /opt/airflow/dags/pakakumi_scraper.py
[2026-01-03T19:27:14.273+0000] {processor.py:830} INFO - Processing file /opt/airflow/dags/pakakumi_scraper.py for tasks to queue
[2026-01-03T19:27:14.276+0000] {logging_mixin.py:188} INFO - [2026-01-03T19:27:14.276+0000] {dagbag.py:540} INFO - Filling up the DagBag from /opt/airflow/dags/pakakumi_scraper.py
[2026-01-03T19:27:14.305+0000] {processor.py:840} INFO - DAG(s) 'pakakumi_scraper' retrieved from /opt/airflow/dags/pakakumi_scraper.py
[2026-01-03T19:27:14.345+0000] {logging_mixin.py:188} INFO - [2026-01-03T19:27:14.345+0000] {dag.py:3096} INFO - Sync 1 DAGs
[2026-01-03T19:27:14.377+0000] {logging_mixin.py:188} INFO - [2026-01-03T19:27:14.377+0000] {dag.py:3954} INFO - Setting next_dagrun for pakakumi_scraper to 2026-01-03 19:00:00+00:00, run_after=2026-01-03 20:00:00+00:00
[2026-01-03T19:27:14.408+0000] {processor.py:183} INFO - Processing /opt/airflow/dags/pakakumi_scraper.py took 0.146 seconds
[2026-01-03T19:27:44.546+0000] {processor.py:161} INFO - Started process (PID=2537) to work on /opt/airflow/dags/pakakumi_scraper.py
[2026-01-03T19:27:44.547+0000] {processor.py:830} INFO - Processing file /opt/airflow/dags/pakakumi_scraper.py for tasks to queue
[2026-01-03T19:27:44.550+0000] {logging_mixin.py:188} INFO - [2026-01-03T19:27:44.550+0000] {dagbag.py:540} INFO - Filling up the DagBag from /opt/airflow/dags/pakakumi_scraper.py
[2026-01-03T19:27:44.576+0000] {processor.py:840} INFO - DAG(s) 'pakakumi_scraper' retrieved from /opt/airflow/dags/pakakumi_scraper.py
[2026-01-03T19:27:44.619+0000] {logging_mixin.py:188} INFO - [2026-01-03T19:27:44.619+0000] {dag.py:3096} INFO - Sync 1 DAGs
[2026-01-03T19:27:44.653+0000] {logging_mixin.py:188} INFO - [2026-01-03T19:27:44.652+0000] {dag.py:3954} INFO - Setting next_dagrun for pakakumi_scraper to 2026-01-03 19:00:00+00:00, run_after=2026-01-03 20:00:00+00:00
[2026-01-03T19:27:44.679+0000] {processor.py:183} INFO - Processing /opt/airflow/dags/pakakumi_scraper.py took 0.147 seconds
[2026-01-03T19:28:14.932+0000] {processor.py:161} INFO - Started process (PID=2542) to work on /opt/airflow/dags/pakakumi_scraper.py
[2026-01-03T19:28:14.934+0000] {processor.py:830} INFO - Processing file /opt/airflow/dags/pakakumi_scraper.py for tasks to queue
[2026-01-03T19:28:14.937+0000] {logging_mixin.py:188} INFO - [2026-01-03T19:28:14.936+0000] {dagbag.py:540} INFO - Filling up the DagBag from /opt/airflow/dags/pakakumi_scraper.py
[2026-01-03T19:28:14.967+0000] {processor.py:840} INFO - DAG(s) 'pakakumi_scraper' retrieved from /opt/airflow/dags/pakakumi_scraper.py
[2026-01-03T19:28:15.012+0000] {logging_mixin.py:188} INFO - [2026-01-03T19:28:15.012+0000] {dag.py:3096} INFO - Sync 1 DAGs
[2026-01-03T19:28:15.052+0000] {logging_mixin.py:188} INFO - [2026-01-03T19:28:15.051+0000] {dag.py:3954} INFO - Setting next_dagrun for pakakumi_scraper to 2026-01-03 19:00:00+00:00, run_after=2026-01-03 20:00:00+00:00
[2026-01-03T19:28:15.086+0000] {processor.py:183} INFO - Processing /opt/airflow/dags/pakakumi_scraper.py took 0.168 seconds
[2026-01-03T19:28:45.194+0000] {processor.py:161} INFO - Started process (PID=2547) to work on /opt/airflow/dags/pakakumi_scraper.py
[2026-01-03T19:28:45.196+0000] {processor.py:830} INFO - Processing file /opt/airflow/dags/pakakumi_scraper.py for tasks to queue
[2026-01-03T19:28:45.199+0000] {logging_mixin.py:188} INFO - [2026-01-03T19:28:45.198+0000] {dagbag.py:540} INFO - Filling up the DagBag from /opt/airflow/dags/pakakumi_scraper.py
[2026-01-03T19:28:45.227+0000] {processor.py:840} INFO - DAG(s) 'pakakumi_scraper' retrieved from /opt/airflow/dags/pakakumi_scraper.py
[2026-01-03T19:28:45.270+0000] {logging_mixin.py:188} INFO - [2026-01-03T19:28:45.270+0000] {dag.py:3096} INFO - Sync 1 DAGs
[2026-01-03T19:28:45.308+0000] {logging_mixin.py:188} INFO - [2026-01-03T19:28:45.307+0000] {dag.py:3954} INFO - Setting next_dagrun for pakakumi_scraper to 2026-01-03 19:00:00+00:00, run_after=2026-01-03 20:00:00+00:00
[2026-01-03T19:28:45.337+0000] {processor.py:183} INFO - Processing /opt/airflow/dags/pakakumi_scraper.py took 0.153 seconds
[2026-01-03T19:29:15.579+0000] {processor.py:161} INFO - Started process (PID=2552) to work on /opt/airflow/dags/pakakumi_scraper.py
[2026-01-03T19:29:15.580+0000] {processor.py:830} INFO - Processing file /opt/airflow/dags/pakakumi_scraper.py for tasks to queue
[2026-01-03T19:29:15.583+0000] {logging_mixin.py:188} INFO - [2026-01-03T19:29:15.583+0000] {dagbag.py:540} INFO - Filling up the DagBag from /opt/airflow/dags/pakakumi_scraper.py
[2026-01-03T19:29:15.611+0000] {processor.py:840} INFO - DAG(s) 'pakakumi_scraper' retrieved from /opt/airflow/dags/pakakumi_scraper.py
[2026-01-03T19:29:15.651+0000] {logging_mixin.py:188} INFO - [2026-01-03T19:29:15.651+0000] {dag.py:3096} INFO - Sync 1 DAGs
[2026-01-03T19:29:15.684+0000] {logging_mixin.py:188} INFO - [2026-01-03T19:29:15.683+0000] {dag.py:3954} INFO - Setting next_dagrun for pakakumi_scraper to 2026-01-03 19:00:00+00:00, run_after=2026-01-03 20:00:00+00:00
[2026-01-03T19:29:15.712+0000] {processor.py:183} INFO - Processing /opt/airflow/dags/pakakumi_scraper.py took 0.142 seconds
[2026-01-03T19:29:45.884+0000] {processor.py:161} INFO - Started process (PID=2557) to work on /opt/airflow/dags/pakakumi_scraper.py
[2026-01-03T19:29:45.886+0000] {processor.py:830} INFO - Processing file /opt/airflow/dags/pakakumi_scraper.py for tasks to queue
[2026-01-03T19:29:45.890+0000] {logging_mixin.py:188} INFO - [2026-01-03T19:29:45.889+0000] {dagbag.py:540} INFO - Filling up the DagBag from /opt/airflow/dags/pakakumi_scraper.py
[2026-01-03T19:29:45.919+0000] {processor.py:840} INFO - DAG(s) 'pakakumi_scraper' retrieved from /opt/airflow/dags/pakakumi_scraper.py
[2026-01-03T19:29:45.961+0000] {logging_mixin.py:188} INFO - [2026-01-03T19:29:45.961+0000] {dag.py:3096} INFO - Sync 1 DAGs
[2026-01-03T19:29:45.994+0000] {logging_mixin.py:188} INFO - [2026-01-03T19:29:45.994+0000] {dag.py:3954} INFO - Setting next_dagrun for pakakumi_scraper to 2026-01-03 19:00:00+00:00, run_after=2026-01-03 20:00:00+00:00
[2026-01-03T19:29:46.020+0000] {processor.py:183} INFO - Processing /opt/airflow/dags/pakakumi_scraper.py took 0.147 seconds
[2026-01-03T19:30:16.214+0000] {processor.py:161} INFO - Started process (PID=2562) to work on /opt/airflow/dags/pakakumi_scraper.py
[2026-01-03T19:30:16.216+0000] {processor.py:830} INFO - Processing file /opt/airflow/dags/pakakumi_scraper.py for tasks to queue
[2026-01-03T19:30:16.221+0000] {logging_mixin.py:188} INFO - [2026-01-03T19:30:16.220+0000] {dagbag.py:540} INFO - Filling up the DagBag from /opt/airflow/dags/pakakumi_scraper.py
[2026-01-03T19:30:16.252+0000] {processor.py:840} INFO - DAG(s) 'pakakumi_scraper' retrieved from /opt/airflow/dags/pakakumi_scraper.py
[2026-01-03T19:30:16.303+0000] {logging_mixin.py:188} INFO - [2026-01-03T19:30:16.303+0000] {dag.py:3096} INFO - Sync 1 DAGs
[2026-01-03T19:30:16.338+0000] {logging_mixin.py:188} INFO - [2026-01-03T19:30:16.338+0000] {dag.py:3954} INFO - Setting next_dagrun for pakakumi_scraper to 2026-01-03 19:00:00+00:00, run_after=2026-01-03 20:00:00+00:00
[2026-01-03T19:30:16.365+0000] {processor.py:183} INFO - Processing /opt/airflow/dags/pakakumi_scraper.py took 0.169 seconds
[2026-01-03T19:30:46.506+0000] {processor.py:161} INFO - Started process (PID=2567) to work on /opt/airflow/dags/pakakumi_scraper.py
[2026-01-03T19:30:46.507+0000] {processor.py:830} INFO - Processing file /opt/airflow/dags/pakakumi_scraper.py for tasks to queue
[2026-01-03T19:30:46.510+0000] {logging_mixin.py:188} INFO - [2026-01-03T19:30:46.510+0000] {dagbag.py:540} INFO - Filling up the DagBag from /opt/airflow/dags/pakakumi_scraper.py
[2026-01-03T19:30:46.540+0000] {processor.py:840} INFO - DAG(s) 'pakakumi_scraper' retrieved from /opt/airflow/dags/pakakumi_scraper.py
[2026-01-03T19:30:46.588+0000] {logging_mixin.py:188} INFO - [2026-01-03T19:30:46.587+0000] {dag.py:3096} INFO - Sync 1 DAGs
[2026-01-03T19:30:46.621+0000] {logging_mixin.py:188} INFO - [2026-01-03T19:30:46.620+0000] {dag.py:3954} INFO - Setting next_dagrun for pakakumi_scraper to 2026-01-03 19:00:00+00:00, run_after=2026-01-03 20:00:00+00:00
[2026-01-03T19:30:46.649+0000] {processor.py:183} INFO - Processing /opt/airflow/dags/pakakumi_scraper.py took 0.152 seconds
[2026-01-03T19:31:16.855+0000] {processor.py:161} INFO - Started process (PID=2572) to work on /opt/airflow/dags/pakakumi_scraper.py
[2026-01-03T19:31:16.856+0000] {processor.py:830} INFO - Processing file /opt/airflow/dags/pakakumi_scraper.py for tasks to queue
[2026-01-03T19:31:16.860+0000] {logging_mixin.py:188} INFO - [2026-01-03T19:31:16.859+0000] {dagbag.py:540} INFO - Filling up the DagBag from /opt/airflow/dags/pakakumi_scraper.py
[2026-01-03T19:31:16.887+0000] {processor.py:840} INFO - DAG(s) 'pakakumi_scraper' retrieved from /opt/airflow/dags/pakakumi_scraper.py
[2026-01-03T19:31:16.934+0000] {logging_mixin.py:188} INFO - [2026-01-03T19:31:16.933+0000] {dag.py:3096} INFO - Sync 1 DAGs
[2026-01-03T19:31:16.973+0000] {logging_mixin.py:188} INFO - [2026-01-03T19:31:16.973+0000] {dag.py:3954} INFO - Setting next_dagrun for pakakumi_scraper to 2026-01-03 19:00:00+00:00, run_after=2026-01-03 20:00:00+00:00
[2026-01-03T19:31:17.002+0000] {processor.py:183} INFO - Processing /opt/airflow/dags/pakakumi_scraper.py took 0.158 seconds
[2026-01-03T19:31:47.150+0000] {processor.py:161} INFO - Started process (PID=2577) to work on /opt/airflow/dags/pakakumi_scraper.py
[2026-01-03T19:31:47.151+0000] {processor.py:830} INFO - Processing file /opt/airflow/dags/pakakumi_scraper.py for tasks to queue
[2026-01-03T19:31:47.155+0000] {logging_mixin.py:188} INFO - [2026-01-03T19:31:47.154+0000] {dagbag.py:540} INFO - Filling up the DagBag from /opt/airflow/dags/pakakumi_scraper.py
[2026-01-03T19:31:47.183+0000] {processor.py:840} INFO - DAG(s) 'pakakumi_scraper' retrieved from /opt/airflow/dags/pakakumi_scraper.py
[2026-01-03T19:31:47.226+0000] {logging_mixin.py:188} INFO - [2026-01-03T19:31:47.226+0000] {dag.py:3096} INFO - Sync 1 DAGs
[2026-01-03T19:31:47.262+0000] {logging_mixin.py:188} INFO - [2026-01-03T19:31:47.261+0000] {dag.py:3954} INFO - Setting next_dagrun for pakakumi_scraper to 2026-01-03 19:00:00+00:00, run_after=2026-01-03 20:00:00+00:00
[2026-01-03T19:31:47.290+0000] {processor.py:183} INFO - Processing /opt/airflow/dags/pakakumi_scraper.py took 0.150 seconds
[2026-01-03T19:32:17.512+0000] {processor.py:161} INFO - Started process (PID=2582) to work on /opt/airflow/dags/pakakumi_scraper.py
[2026-01-03T19:32:17.514+0000] {processor.py:830} INFO - Processing file /opt/airflow/dags/pakakumi_scraper.py for tasks to queue
[2026-01-03T19:32:17.517+0000] {logging_mixin.py:188} INFO - [2026-01-03T19:32:17.516+0000] {dagbag.py:540} INFO - Filling up the DagBag from /opt/airflow/dags/pakakumi_scraper.py
[2026-01-03T19:32:17.545+0000] {processor.py:840} INFO - DAG(s) 'pakakumi_scraper' retrieved from /opt/airflow/dags/pakakumi_scraper.py
[2026-01-03T19:32:17.588+0000] {logging_mixin.py:188} INFO - [2026-01-03T19:32:17.587+0000] {dag.py:3096} INFO - Sync 1 DAGs
[2026-01-03T19:32:17.621+0000] {logging_mixin.py:188} INFO - [2026-01-03T19:32:17.621+0000] {dag.py:3954} INFO - Setting next_dagrun for pakakumi_scraper to 2026-01-03 19:00:00+00:00, run_after=2026-01-03 20:00:00+00:00
[2026-01-03T19:32:17.647+0000] {processor.py:183} INFO - Processing /opt/airflow/dags/pakakumi_scraper.py took 0.151 seconds
[2026-01-03T19:32:47.764+0000] {processor.py:161} INFO - Started process (PID=2587) to work on /opt/airflow/dags/pakakumi_scraper.py
[2026-01-03T19:32:47.765+0000] {processor.py:830} INFO - Processing file /opt/airflow/dags/pakakumi_scraper.py for tasks to queue
[2026-01-03T19:32:47.768+0000] {logging_mixin.py:188} INFO - [2026-01-03T19:32:47.768+0000] {dagbag.py:540} INFO - Filling up the DagBag from /opt/airflow/dags/pakakumi_scraper.py
[2026-01-03T19:32:47.796+0000] {processor.py:840} INFO - DAG(s) 'pakakumi_scraper' retrieved from /opt/airflow/dags/pakakumi_scraper.py
[2026-01-03T19:32:47.839+0000] {logging_mixin.py:188} INFO - [2026-01-03T19:32:47.838+0000] {dag.py:3096} INFO - Sync 1 DAGs
[2026-01-03T19:32:47.873+0000] {logging_mixin.py:188} INFO - [2026-01-03T19:32:47.873+0000] {dag.py:3954} INFO - Setting next_dagrun for pakakumi_scraper to 2026-01-03 19:00:00+00:00, run_after=2026-01-03 20:00:00+00:00
[2026-01-03T19:32:47.903+0000] {processor.py:183} INFO - Processing /opt/airflow/dags/pakakumi_scraper.py took 0.154 seconds
[2026-01-03T19:33:18.144+0000] {processor.py:161} INFO - Started process (PID=2592) to work on /opt/airflow/dags/pakakumi_scraper.py
[2026-01-03T19:33:18.145+0000] {processor.py:830} INFO - Processing file /opt/airflow/dags/pakakumi_scraper.py for tasks to queue
[2026-01-03T19:33:18.148+0000] {logging_mixin.py:188} INFO - [2026-01-03T19:33:18.148+0000] {dagbag.py:540} INFO - Filling up the DagBag from /opt/airflow/dags/pakakumi_scraper.py
[2026-01-03T19:33:18.175+0000] {processor.py:840} INFO - DAG(s) 'pakakumi_scraper' retrieved from /opt/airflow/dags/pakakumi_scraper.py
[2026-01-03T19:33:18.216+0000] {logging_mixin.py:188} INFO - [2026-01-03T19:33:18.215+0000] {dag.py:3096} INFO - Sync 1 DAGs
[2026-01-03T19:33:18.249+0000] {logging_mixin.py:188} INFO - [2026-01-03T19:33:18.249+0000] {dag.py:3954} INFO - Setting next_dagrun for pakakumi_scraper to 2026-01-03 19:00:00+00:00, run_after=2026-01-03 20:00:00+00:00
[2026-01-03T19:33:18.285+0000] {processor.py:183} INFO - Processing /opt/airflow/dags/pakakumi_scraper.py took 0.154 seconds
[2026-01-03T19:33:48.387+0000] {processor.py:161} INFO - Started process (PID=2597) to work on /opt/airflow/dags/pakakumi_scraper.py
[2026-01-03T19:33:48.389+0000] {processor.py:830} INFO - Processing file /opt/airflow/dags/pakakumi_scraper.py for tasks to queue
[2026-01-03T19:33:48.392+0000] {logging_mixin.py:188} INFO - [2026-01-03T19:33:48.391+0000] {dagbag.py:540} INFO - Filling up the DagBag from /opt/airflow/dags/pakakumi_scraper.py
[2026-01-03T19:33:48.534+0000] {processor.py:840} INFO - DAG(s) 'pakakumi_scraper' retrieved from /opt/airflow/dags/pakakumi_scraper.py
[2026-01-03T19:33:48.593+0000] {logging_mixin.py:188} INFO - [2026-01-03T19:33:48.592+0000] {dag.py:3096} INFO - Sync 1 DAGs
[2026-01-03T19:33:48.627+0000] {logging_mixin.py:188} INFO - [2026-01-03T19:33:48.627+0000] {dag.py:3954} INFO - Setting next_dagrun for pakakumi_scraper to 2026-01-03 19:00:00+00:00, run_after=2026-01-03 20:00:00+00:00
[2026-01-03T19:33:48.653+0000] {processor.py:183} INFO - Processing /opt/airflow/dags/pakakumi_scraper.py took 0.276 seconds
[2026-01-03T19:34:18.745+0000] {processor.py:161} INFO - Started process (PID=2602) to work on /opt/airflow/dags/pakakumi_scraper.py
[2026-01-03T19:34:18.746+0000] {processor.py:830} INFO - Processing file /opt/airflow/dags/pakakumi_scraper.py for tasks to queue
[2026-01-03T19:34:18.751+0000] {logging_mixin.py:188} INFO - [2026-01-03T19:34:18.750+0000] {dagbag.py:540} INFO - Filling up the DagBag from /opt/airflow/dags/pakakumi_scraper.py
[2026-01-03T19:34:18.777+0000] {processor.py:840} INFO - DAG(s) 'pakakumi_scraper' retrieved from /opt/airflow/dags/pakakumi_scraper.py
[2026-01-03T19:34:18.822+0000] {logging_mixin.py:188} INFO - [2026-01-03T19:34:18.821+0000] {dag.py:3096} INFO - Sync 1 DAGs
[2026-01-03T19:34:18.858+0000] {logging_mixin.py:188} INFO - [2026-01-03T19:34:18.858+0000] {dag.py:3954} INFO - Setting next_dagrun for pakakumi_scraper to 2026-01-03 19:00:00+00:00, run_after=2026-01-03 20:00:00+00:00
[2026-01-03T19:34:18.885+0000] {processor.py:183} INFO - Processing /opt/airflow/dags/pakakumi_scraper.py took 0.149 seconds
[2026-01-03T19:34:49.212+0000] {processor.py:161} INFO - Started process (PID=2607) to work on /opt/airflow/dags/pakakumi_scraper.py
[2026-01-03T19:34:49.214+0000] {processor.py:830} INFO - Processing file /opt/airflow/dags/pakakumi_scraper.py for tasks to queue
[2026-01-03T19:34:49.216+0000] {logging_mixin.py:188} INFO - [2026-01-03T19:34:49.216+0000] {dagbag.py:540} INFO - Filling up the DagBag from /opt/airflow/dags/pakakumi_scraper.py
[2026-01-03T19:34:49.244+0000] {processor.py:840} INFO - DAG(s) 'pakakumi_scraper' retrieved from /opt/airflow/dags/pakakumi_scraper.py
[2026-01-03T19:34:49.286+0000] {logging_mixin.py:188} INFO - [2026-01-03T19:34:49.286+0000] {dag.py:3096} INFO - Sync 1 DAGs
[2026-01-03T19:34:49.320+0000] {logging_mixin.py:188} INFO - [2026-01-03T19:34:49.320+0000] {dag.py:3954} INFO - Setting next_dagrun for pakakumi_scraper to 2026-01-03 19:00:00+00:00, run_after=2026-01-03 20:00:00+00:00
[2026-01-03T19:34:49.351+0000] {processor.py:183} INFO - Processing /opt/airflow/dags/pakakumi_scraper.py took 0.148 seconds
[2026-01-03T19:35:19.451+0000] {processor.py:161} INFO - Started process (PID=2612) to work on /opt/airflow/dags/pakakumi_scraper.py
[2026-01-03T19:35:19.453+0000] {processor.py:830} INFO - Processing file /opt/airflow/dags/pakakumi_scraper.py for tasks to queue
[2026-01-03T19:35:19.457+0000] {logging_mixin.py:188} INFO - [2026-01-03T19:35:19.456+0000] {dagbag.py:540} INFO - Filling up the DagBag from /opt/airflow/dags/pakakumi_scraper.py
[2026-01-03T19:35:19.488+0000] {processor.py:840} INFO - DAG(s) 'pakakumi_scraper' retrieved from /opt/airflow/dags/pakakumi_scraper.py
[2026-01-03T19:35:19.532+0000] {logging_mixin.py:188} INFO - [2026-01-03T19:35:19.532+0000] {dag.py:3096} INFO - Sync 1 DAGs
[2026-01-03T19:35:19.567+0000] {logging_mixin.py:188} INFO - [2026-01-03T19:35:19.566+0000] {dag.py:3954} INFO - Setting next_dagrun for pakakumi_scraper to 2026-01-03 19:00:00+00:00, run_after=2026-01-03 20:00:00+00:00
[2026-01-03T19:35:19.592+0000] {processor.py:183} INFO - Processing /opt/airflow/dags/pakakumi_scraper.py took 0.156 seconds
[2026-01-03T19:35:49.894+0000] {processor.py:161} INFO - Started process (PID=2617) to work on /opt/airflow/dags/pakakumi_scraper.py
[2026-01-03T19:35:49.896+0000] {processor.py:830} INFO - Processing file /opt/airflow/dags/pakakumi_scraper.py for tasks to queue
[2026-01-03T19:35:49.898+0000] {logging_mixin.py:188} INFO - [2026-01-03T19:35:49.898+0000] {dagbag.py:540} INFO - Filling up the DagBag from /opt/airflow/dags/pakakumi_scraper.py
[2026-01-03T19:35:49.927+0000] {processor.py:840} INFO - DAG(s) 'pakakumi_scraper' retrieved from /opt/airflow/dags/pakakumi_scraper.py
[2026-01-03T19:35:49.967+0000] {logging_mixin.py:188} INFO - [2026-01-03T19:35:49.967+0000] {dag.py:3096} INFO - Sync 1 DAGs
[2026-01-03T19:35:50.003+0000] {logging_mixin.py:188} INFO - [2026-01-03T19:35:50.002+0000] {dag.py:3954} INFO - Setting next_dagrun for pakakumi_scraper to 2026-01-03 19:00:00+00:00, run_after=2026-01-03 20:00:00+00:00
[2026-01-03T19:35:50.032+0000] {processor.py:183} INFO - Processing /opt/airflow/dags/pakakumi_scraper.py took 0.147 seconds
[2026-01-03T19:36:20.197+0000] {processor.py:161} INFO - Started process (PID=2622) to work on /opt/airflow/dags/pakakumi_scraper.py
[2026-01-03T19:36:20.200+0000] {processor.py:830} INFO - Processing file /opt/airflow/dags/pakakumi_scraper.py for tasks to queue
[2026-01-03T19:36:20.207+0000] {logging_mixin.py:188} INFO - [2026-01-03T19:36:20.206+0000] {dagbag.py:540} INFO - Filling up the DagBag from /opt/airflow/dags/pakakumi_scraper.py
[2026-01-03T19:36:20.275+0000] {processor.py:840} INFO - DAG(s) 'pakakumi_scraper' retrieved from /opt/airflow/dags/pakakumi_scraper.py
[2026-01-03T19:36:20.322+0000] {logging_mixin.py:188} INFO - [2026-01-03T19:36:20.322+0000] {dag.py:3096} INFO - Sync 1 DAGs
[2026-01-03T19:36:20.358+0000] {logging_mixin.py:188} INFO - [2026-01-03T19:36:20.358+0000] {dag.py:3954} INFO - Setting next_dagrun for pakakumi_scraper to 2026-01-03 19:00:00+00:00, run_after=2026-01-03 20:00:00+00:00
[2026-01-03T19:36:20.384+0000] {processor.py:183} INFO - Processing /opt/airflow/dags/pakakumi_scraper.py took 0.207 seconds
[2026-01-03T19:36:50.606+0000] {processor.py:161} INFO - Started process (PID=2627) to work on /opt/airflow/dags/pakakumi_scraper.py
[2026-01-03T19:36:50.607+0000] {processor.py:830} INFO - Processing file /opt/airflow/dags/pakakumi_scraper.py for tasks to queue
[2026-01-03T19:36:50.609+0000] {logging_mixin.py:188} INFO - [2026-01-03T19:36:50.609+0000] {dagbag.py:540} INFO - Filling up the DagBag from /opt/airflow/dags/pakakumi_scraper.py
[2026-01-03T19:36:50.637+0000] {processor.py:840} INFO - DAG(s) 'pakakumi_scraper' retrieved from /opt/airflow/dags/pakakumi_scraper.py
[2026-01-03T19:36:50.677+0000] {logging_mixin.py:188} INFO - [2026-01-03T19:36:50.677+0000] {dag.py:3096} INFO - Sync 1 DAGs
[2026-01-03T19:36:50.710+0000] {logging_mixin.py:188} INFO - [2026-01-03T19:36:50.710+0000] {dag.py:3954} INFO - Setting next_dagrun for pakakumi_scraper to 2026-01-03 19:00:00+00:00, run_after=2026-01-03 20:00:00+00:00
[2026-01-03T19:36:50.738+0000] {processor.py:183} INFO - Processing /opt/airflow/dags/pakakumi_scraper.py took 0.144 seconds
[2026-01-03T19:37:20.841+0000] {processor.py:161} INFO - Started process (PID=2632) to work on /opt/airflow/dags/pakakumi_scraper.py
[2026-01-03T19:37:20.842+0000] {processor.py:830} INFO - Processing file /opt/airflow/dags/pakakumi_scraper.py for tasks to queue
[2026-01-03T19:37:20.845+0000] {logging_mixin.py:188} INFO - [2026-01-03T19:37:20.845+0000] {dagbag.py:540} INFO - Filling up the DagBag from /opt/airflow/dags/pakakumi_scraper.py
[2026-01-03T19:37:20.874+0000] {processor.py:840} INFO - DAG(s) 'pakakumi_scraper' retrieved from /opt/airflow/dags/pakakumi_scraper.py
[2026-01-03T19:37:20.917+0000] {logging_mixin.py:188} INFO - [2026-01-03T19:37:20.917+0000] {dag.py:3096} INFO - Sync 1 DAGs
[2026-01-03T19:37:20.954+0000] {logging_mixin.py:188} INFO - [2026-01-03T19:37:20.953+0000] {dag.py:3954} INFO - Setting next_dagrun for pakakumi_scraper to 2026-01-03 19:00:00+00:00, run_after=2026-01-03 20:00:00+00:00
[2026-01-03T19:37:20.980+0000] {processor.py:183} INFO - Processing /opt/airflow/dags/pakakumi_scraper.py took 0.149 seconds
[2026-01-03T19:37:51.236+0000] {processor.py:161} INFO - Started process (PID=2637) to work on /opt/airflow/dags/pakakumi_scraper.py
[2026-01-03T19:37:51.237+0000] {processor.py:830} INFO - Processing file /opt/airflow/dags/pakakumi_scraper.py for tasks to queue
[2026-01-03T19:37:51.241+0000] {logging_mixin.py:188} INFO - [2026-01-03T19:37:51.240+0000] {dagbag.py:540} INFO - Filling up the DagBag from /opt/airflow/dags/pakakumi_scraper.py
[2026-01-03T19:37:51.274+0000] {processor.py:840} INFO - DAG(s) 'pakakumi_scraper' retrieved from /opt/airflow/dags/pakakumi_scraper.py
[2026-01-03T19:37:51.320+0000] {logging_mixin.py:188} INFO - [2026-01-03T19:37:51.320+0000] {dag.py:3096} INFO - Sync 1 DAGs
[2026-01-03T19:37:51.358+0000] {logging_mixin.py:188} INFO - [2026-01-03T19:37:51.358+0000] {dag.py:3954} INFO - Setting next_dagrun for pakakumi_scraper to 2026-01-03 19:00:00+00:00, run_after=2026-01-03 20:00:00+00:00
[2026-01-03T19:37:51.383+0000] {processor.py:183} INFO - Processing /opt/airflow/dags/pakakumi_scraper.py took 0.159 seconds
[2026-01-03T19:38:21.508+0000] {processor.py:161} INFO - Started process (PID=2642) to work on /opt/airflow/dags/pakakumi_scraper.py
[2026-01-03T19:38:21.509+0000] {processor.py:830} INFO - Processing file /opt/airflow/dags/pakakumi_scraper.py for tasks to queue
[2026-01-03T19:38:21.512+0000] {logging_mixin.py:188} INFO - [2026-01-03T19:38:21.511+0000] {dagbag.py:540} INFO - Filling up the DagBag from /opt/airflow/dags/pakakumi_scraper.py
[2026-01-03T19:38:21.540+0000] {processor.py:840} INFO - DAG(s) 'pakakumi_scraper' retrieved from /opt/airflow/dags/pakakumi_scraper.py
[2026-01-03T19:38:21.586+0000] {logging_mixin.py:188} INFO - [2026-01-03T19:38:21.585+0000] {dag.py:3096} INFO - Sync 1 DAGs
[2026-01-03T19:38:21.621+0000] {logging_mixin.py:188} INFO - [2026-01-03T19:38:21.620+0000] {dag.py:3954} INFO - Setting next_dagrun for pakakumi_scraper to 2026-01-03 19:00:00+00:00, run_after=2026-01-03 20:00:00+00:00
[2026-01-03T19:38:21.648+0000] {processor.py:183} INFO - Processing /opt/airflow/dags/pakakumi_scraper.py took 0.153 seconds
[2026-01-03T19:38:51.874+0000] {processor.py:161} INFO - Started process (PID=2647) to work on /opt/airflow/dags/pakakumi_scraper.py
[2026-01-03T19:38:51.875+0000] {processor.py:830} INFO - Processing file /opt/airflow/dags/pakakumi_scraper.py for tasks to queue
[2026-01-03T19:38:51.878+0000] {logging_mixin.py:188} INFO - [2026-01-03T19:38:51.878+0000] {dagbag.py:540} INFO - Filling up the DagBag from /opt/airflow/dags/pakakumi_scraper.py
[2026-01-03T19:38:51.905+0000] {processor.py:840} INFO - DAG(s) 'pakakumi_scraper' retrieved from /opt/airflow/dags/pakakumi_scraper.py
[2026-01-03T19:38:51.947+0000] {logging_mixin.py:188} INFO - [2026-01-03T19:38:51.946+0000] {dag.py:3096} INFO - Sync 1 DAGs
[2026-01-03T19:38:51.982+0000] {logging_mixin.py:188} INFO - [2026-01-03T19:38:51.982+0000] {dag.py:3954} INFO - Setting next_dagrun for pakakumi_scraper to 2026-01-03 19:00:00+00:00, run_after=2026-01-03 20:00:00+00:00
[2026-01-03T19:38:52.007+0000] {processor.py:183} INFO - Processing /opt/airflow/dags/pakakumi_scraper.py took 0.143 seconds
[2026-01-03T19:39:22.141+0000] {processor.py:161} INFO - Started process (PID=2652) to work on /opt/airflow/dags/pakakumi_scraper.py
[2026-01-03T19:39:22.142+0000] {processor.py:830} INFO - Processing file /opt/airflow/dags/pakakumi_scraper.py for tasks to queue
[2026-01-03T19:39:22.147+0000] {logging_mixin.py:188} INFO - [2026-01-03T19:39:22.146+0000] {dagbag.py:540} INFO - Filling up the DagBag from /opt/airflow/dags/pakakumi_scraper.py
[2026-01-03T19:39:22.184+0000] {processor.py:840} INFO - DAG(s) 'pakakumi_scraper' retrieved from /opt/airflow/dags/pakakumi_scraper.py
[2026-01-03T19:39:22.228+0000] {logging_mixin.py:188} INFO - [2026-01-03T19:39:22.228+0000] {dag.py:3096} INFO - Sync 1 DAGs
[2026-01-03T19:39:22.268+0000] {logging_mixin.py:188} INFO - [2026-01-03T19:39:22.267+0000] {dag.py:3954} INFO - Setting next_dagrun for pakakumi_scraper to 2026-01-03 19:00:00+00:00, run_after=2026-01-03 20:00:00+00:00
[2026-01-03T19:39:22.300+0000] {processor.py:183} INFO - Processing /opt/airflow/dags/pakakumi_scraper.py took 0.173 seconds
[2026-01-03T19:39:52.521+0000] {processor.py:161} INFO - Started process (PID=2657) to work on /opt/airflow/dags/pakakumi_scraper.py
[2026-01-03T19:39:52.522+0000] {processor.py:830} INFO - Processing file /opt/airflow/dags/pakakumi_scraper.py for tasks to queue
[2026-01-03T19:39:52.527+0000] {logging_mixin.py:188} INFO - [2026-01-03T19:39:52.526+0000] {dagbag.py:540} INFO - Filling up the DagBag from /opt/airflow/dags/pakakumi_scraper.py
[2026-01-03T19:39:52.564+0000] {processor.py:840} INFO - DAG(s) 'pakakumi_scraper' retrieved from /opt/airflow/dags/pakakumi_scraper.py
[2026-01-03T19:39:52.611+0000] {logging_mixin.py:188} INFO - [2026-01-03T19:39:52.611+0000] {dag.py:3096} INFO - Sync 1 DAGs
[2026-01-03T19:39:52.646+0000] {logging_mixin.py:188} INFO - [2026-01-03T19:39:52.646+0000] {dag.py:3954} INFO - Setting next_dagrun for pakakumi_scraper to 2026-01-03 19:00:00+00:00, run_after=2026-01-03 20:00:00+00:00
[2026-01-03T19:39:52.674+0000] {processor.py:183} INFO - Processing /opt/airflow/dags/pakakumi_scraper.py took 0.167 seconds
[2026-01-03T19:40:22.745+0000] {processor.py:161} INFO - Started process (PID=2662) to work on /opt/airflow/dags/pakakumi_scraper.py
[2026-01-03T19:40:22.747+0000] {processor.py:830} INFO - Processing file /opt/airflow/dags/pakakumi_scraper.py for tasks to queue
[2026-01-03T19:40:22.750+0000] {logging_mixin.py:188} INFO - [2026-01-03T19:40:22.749+0000] {dagbag.py:540} INFO - Filling up the DagBag from /opt/airflow/dags/pakakumi_scraper.py
[2026-01-03T19:40:22.779+0000] {processor.py:840} INFO - DAG(s) 'pakakumi_scraper' retrieved from /opt/airflow/dags/pakakumi_scraper.py
[2026-01-03T19:40:22.822+0000] {logging_mixin.py:188} INFO - [2026-01-03T19:40:22.821+0000] {dag.py:3096} INFO - Sync 1 DAGs
[2026-01-03T19:40:22.864+0000] {logging_mixin.py:188} INFO - [2026-01-03T19:40:22.864+0000] {dag.py:3954} INFO - Setting next_dagrun for pakakumi_scraper to 2026-01-03 19:00:00+00:00, run_after=2026-01-03 20:00:00+00:00
[2026-01-03T19:40:22.895+0000] {processor.py:183} INFO - Processing /opt/airflow/dags/pakakumi_scraper.py took 0.159 seconds
[2026-01-03T19:40:53.155+0000] {processor.py:161} INFO - Started process (PID=2667) to work on /opt/airflow/dags/pakakumi_scraper.py
[2026-01-03T19:40:53.156+0000] {processor.py:830} INFO - Processing file /opt/airflow/dags/pakakumi_scraper.py for tasks to queue
[2026-01-03T19:40:53.159+0000] {logging_mixin.py:188} INFO - [2026-01-03T19:40:53.159+0000] {dagbag.py:540} INFO - Filling up the DagBag from /opt/airflow/dags/pakakumi_scraper.py
[2026-01-03T19:40:53.186+0000] {processor.py:840} INFO - DAG(s) 'pakakumi_scraper' retrieved from /opt/airflow/dags/pakakumi_scraper.py
[2026-01-03T19:40:53.227+0000] {logging_mixin.py:188} INFO - [2026-01-03T19:40:53.227+0000] {dag.py:3096} INFO - Sync 1 DAGs
[2026-01-03T19:40:53.261+0000] {logging_mixin.py:188} INFO - [2026-01-03T19:40:53.261+0000] {dag.py:3954} INFO - Setting next_dagrun for pakakumi_scraper to 2026-01-03 19:00:00+00:00, run_after=2026-01-03 20:00:00+00:00
[2026-01-03T19:40:53.289+0000] {processor.py:183} INFO - Processing /opt/airflow/dags/pakakumi_scraper.py took 0.146 seconds
[2026-01-03T19:41:23.394+0000] {processor.py:161} INFO - Started process (PID=2672) to work on /opt/airflow/dags/pakakumi_scraper.py
[2026-01-03T19:41:23.396+0000] {processor.py:830} INFO - Processing file /opt/airflow/dags/pakakumi_scraper.py for tasks to queue
[2026-01-03T19:41:23.400+0000] {logging_mixin.py:188} INFO - [2026-01-03T19:41:23.399+0000] {dagbag.py:540} INFO - Filling up the DagBag from /opt/airflow/dags/pakakumi_scraper.py
[2026-01-03T19:41:23.430+0000] {processor.py:840} INFO - DAG(s) 'pakakumi_scraper' retrieved from /opt/airflow/dags/pakakumi_scraper.py
[2026-01-03T19:41:23.476+0000] {logging_mixin.py:188} INFO - [2026-01-03T19:41:23.476+0000] {dag.py:3096} INFO - Sync 1 DAGs
[2026-01-03T19:41:23.511+0000] {logging_mixin.py:188} INFO - [2026-01-03T19:41:23.511+0000] {dag.py:3954} INFO - Setting next_dagrun for pakakumi_scraper to 2026-01-03 19:00:00+00:00, run_after=2026-01-03 20:00:00+00:00
[2026-01-03T19:41:23.537+0000] {processor.py:183} INFO - Processing /opt/airflow/dags/pakakumi_scraper.py took 0.152 seconds
[2026-01-03T19:41:53.786+0000] {processor.py:161} INFO - Started process (PID=2677) to work on /opt/airflow/dags/pakakumi_scraper.py
[2026-01-03T19:41:53.788+0000] {processor.py:830} INFO - Processing file /opt/airflow/dags/pakakumi_scraper.py for tasks to queue
[2026-01-03T19:41:53.790+0000] {logging_mixin.py:188} INFO - [2026-01-03T19:41:53.790+0000] {dagbag.py:540} INFO - Filling up the DagBag from /opt/airflow/dags/pakakumi_scraper.py
[2026-01-03T19:41:53.830+0000] {processor.py:840} INFO - DAG(s) 'pakakumi_scraper' retrieved from /opt/airflow/dags/pakakumi_scraper.py
[2026-01-03T19:41:53.870+0000] {logging_mixin.py:188} INFO - [2026-01-03T19:41:53.869+0000] {dag.py:3096} INFO - Sync 1 DAGs
[2026-01-03T19:41:53.902+0000] {logging_mixin.py:188} INFO - [2026-01-03T19:41:53.902+0000] {dag.py:3954} INFO - Setting next_dagrun for pakakumi_scraper to 2026-01-03 19:00:00+00:00, run_after=2026-01-03 20:00:00+00:00
[2026-01-03T19:41:53.929+0000] {processor.py:183} INFO - Processing /opt/airflow/dags/pakakumi_scraper.py took 0.154 seconds
[2026-01-03T19:42:24.083+0000] {processor.py:161} INFO - Started process (PID=2682) to work on /opt/airflow/dags/pakakumi_scraper.py
[2026-01-03T19:42:24.084+0000] {processor.py:830} INFO - Processing file /opt/airflow/dags/pakakumi_scraper.py for tasks to queue
[2026-01-03T19:42:24.087+0000] {logging_mixin.py:188} INFO - [2026-01-03T19:42:24.087+0000] {dagbag.py:540} INFO - Filling up the DagBag from /opt/airflow/dags/pakakumi_scraper.py
[2026-01-03T19:42:24.121+0000] {processor.py:840} INFO - DAG(s) 'pakakumi_scraper' retrieved from /opt/airflow/dags/pakakumi_scraper.py
[2026-01-03T19:42:24.175+0000] {logging_mixin.py:188} INFO - [2026-01-03T19:42:24.175+0000] {dag.py:3096} INFO - Sync 1 DAGs
[2026-01-03T19:42:24.209+0000] {logging_mixin.py:188} INFO - [2026-01-03T19:42:24.209+0000] {dag.py:3954} INFO - Setting next_dagrun for pakakumi_scraper to 2026-01-03 19:00:00+00:00, run_after=2026-01-03 20:00:00+00:00
[2026-01-03T19:42:24.237+0000] {processor.py:183} INFO - Processing /opt/airflow/dags/pakakumi_scraper.py took 0.166 seconds
[2026-01-03T19:42:54.458+0000] {processor.py:161} INFO - Started process (PID=2687) to work on /opt/airflow/dags/pakakumi_scraper.py
[2026-01-03T19:42:54.459+0000] {processor.py:830} INFO - Processing file /opt/airflow/dags/pakakumi_scraper.py for tasks to queue
[2026-01-03T19:42:54.462+0000] {logging_mixin.py:188} INFO - [2026-01-03T19:42:54.461+0000] {dagbag.py:540} INFO - Filling up the DagBag from /opt/airflow/dags/pakakumi_scraper.py
[2026-01-03T19:42:54.489+0000] {processor.py:840} INFO - DAG(s) 'pakakumi_scraper' retrieved from /opt/airflow/dags/pakakumi_scraper.py
[2026-01-03T19:42:54.529+0000] {logging_mixin.py:188} INFO - [2026-01-03T19:42:54.529+0000] {dag.py:3096} INFO - Sync 1 DAGs
[2026-01-03T19:42:54.564+0000] {logging_mixin.py:188} INFO - [2026-01-03T19:42:54.564+0000] {dag.py:3954} INFO - Setting next_dagrun for pakakumi_scraper to 2026-01-03 19:00:00+00:00, run_after=2026-01-03 20:00:00+00:00
[2026-01-03T19:42:54.592+0000] {processor.py:183} INFO - Processing /opt/airflow/dags/pakakumi_scraper.py took 0.145 seconds
[2026-01-03T19:43:24.720+0000] {processor.py:161} INFO - Started process (PID=2692) to work on /opt/airflow/dags/pakakumi_scraper.py
[2026-01-03T19:43:24.722+0000] {processor.py:830} INFO - Processing file /opt/airflow/dags/pakakumi_scraper.py for tasks to queue
[2026-01-03T19:43:24.725+0000] {logging_mixin.py:188} INFO - [2026-01-03T19:43:24.724+0000] {dagbag.py:540} INFO - Filling up the DagBag from /opt/airflow/dags/pakakumi_scraper.py
[2026-01-03T19:43:24.753+0000] {processor.py:840} INFO - DAG(s) 'pakakumi_scraper' retrieved from /opt/airflow/dags/pakakumi_scraper.py
[2026-01-03T19:43:24.795+0000] {logging_mixin.py:188} INFO - [2026-01-03T19:43:24.794+0000] {dag.py:3096} INFO - Sync 1 DAGs
[2026-01-03T19:43:24.829+0000] {logging_mixin.py:188} INFO - [2026-01-03T19:43:24.828+0000] {dag.py:3954} INFO - Setting next_dagrun for pakakumi_scraper to 2026-01-03 19:00:00+00:00, run_after=2026-01-03 20:00:00+00:00
[2026-01-03T19:43:24.853+0000] {processor.py:183} INFO - Processing /opt/airflow/dags/pakakumi_scraper.py took 0.144 seconds
[2026-01-03T19:43:55.034+0000] {processor.py:161} INFO - Started process (PID=2697) to work on /opt/airflow/dags/pakakumi_scraper.py
[2026-01-03T19:43:55.036+0000] {processor.py:830} INFO - Processing file /opt/airflow/dags/pakakumi_scraper.py for tasks to queue
[2026-01-03T19:43:55.039+0000] {logging_mixin.py:188} INFO - [2026-01-03T19:43:55.038+0000] {dagbag.py:540} INFO - Filling up the DagBag from /opt/airflow/dags/pakakumi_scraper.py
[2026-01-03T19:43:55.068+0000] {processor.py:840} INFO - DAG(s) 'pakakumi_scraper' retrieved from /opt/airflow/dags/pakakumi_scraper.py
[2026-01-03T19:43:55.113+0000] {logging_mixin.py:188} INFO - [2026-01-03T19:43:55.113+0000] {dag.py:3096} INFO - Sync 1 DAGs
[2026-01-03T19:43:55.154+0000] {logging_mixin.py:188} INFO - [2026-01-03T19:43:55.153+0000] {dag.py:3954} INFO - Setting next_dagrun for pakakumi_scraper to 2026-01-03 19:00:00+00:00, run_after=2026-01-03 20:00:00+00:00
[2026-01-03T19:43:55.181+0000] {processor.py:183} INFO - Processing /opt/airflow/dags/pakakumi_scraper.py took 0.157 seconds
[2026-01-03T19:44:25.363+0000] {processor.py:161} INFO - Started process (PID=2702) to work on /opt/airflow/dags/pakakumi_scraper.py
[2026-01-03T19:44:25.365+0000] {processor.py:830} INFO - Processing file /opt/airflow/dags/pakakumi_scraper.py for tasks to queue
[2026-01-03T19:44:25.368+0000] {logging_mixin.py:188} INFO - [2026-01-03T19:44:25.368+0000] {dagbag.py:540} INFO - Filling up the DagBag from /opt/airflow/dags/pakakumi_scraper.py
[2026-01-03T19:44:25.404+0000] {processor.py:840} INFO - DAG(s) 'pakakumi_scraper' retrieved from /opt/airflow/dags/pakakumi_scraper.py
[2026-01-03T19:44:25.457+0000] {logging_mixin.py:188} INFO - [2026-01-03T19:44:25.457+0000] {dag.py:3096} INFO - Sync 1 DAGs
[2026-01-03T19:44:25.494+0000] {logging_mixin.py:188} INFO - [2026-01-03T19:44:25.494+0000] {dag.py:3954} INFO - Setting next_dagrun for pakakumi_scraper to 2026-01-03 19:00:00+00:00, run_after=2026-01-03 20:00:00+00:00
[2026-01-03T19:44:25.525+0000] {processor.py:183} INFO - Processing /opt/airflow/dags/pakakumi_scraper.py took 0.173 seconds
[2026-01-03T19:44:55.636+0000] {processor.py:161} INFO - Started process (PID=2707) to work on /opt/airflow/dags/pakakumi_scraper.py
[2026-01-03T19:44:55.637+0000] {processor.py:830} INFO - Processing file /opt/airflow/dags/pakakumi_scraper.py for tasks to queue
[2026-01-03T19:44:55.640+0000] {logging_mixin.py:188} INFO - [2026-01-03T19:44:55.639+0000] {dagbag.py:540} INFO - Filling up the DagBag from /opt/airflow/dags/pakakumi_scraper.py
[2026-01-03T19:44:55.668+0000] {processor.py:840} INFO - DAG(s) 'pakakumi_scraper' retrieved from /opt/airflow/dags/pakakumi_scraper.py
[2026-01-03T19:44:55.710+0000] {logging_mixin.py:188} INFO - [2026-01-03T19:44:55.709+0000] {dag.py:3096} INFO - Sync 1 DAGs
[2026-01-03T19:44:55.745+0000] {logging_mixin.py:188} INFO - [2026-01-03T19:44:55.744+0000] {dag.py:3954} INFO - Setting next_dagrun for pakakumi_scraper to 2026-01-03 19:00:00+00:00, run_after=2026-01-03 20:00:00+00:00
[2026-01-03T19:44:55.774+0000] {processor.py:183} INFO - Processing /opt/airflow/dags/pakakumi_scraper.py took 0.148 seconds
[2026-01-03T19:45:25.993+0000] {processor.py:161} INFO - Started process (PID=2712) to work on /opt/airflow/dags/pakakumi_scraper.py
[2026-01-03T19:45:25.994+0000] {processor.py:830} INFO - Processing file /opt/airflow/dags/pakakumi_scraper.py for tasks to queue
[2026-01-03T19:45:25.997+0000] {logging_mixin.py:188} INFO - [2026-01-03T19:45:25.997+0000] {dagbag.py:540} INFO - Filling up the DagBag from /opt/airflow/dags/pakakumi_scraper.py
[2026-01-03T19:45:26.024+0000] {processor.py:840} INFO - DAG(s) 'pakakumi_scraper' retrieved from /opt/airflow/dags/pakakumi_scraper.py
[2026-01-03T19:45:26.066+0000] {logging_mixin.py:188} INFO - [2026-01-03T19:45:26.066+0000] {dag.py:3096} INFO - Sync 1 DAGs
[2026-01-03T19:45:26.100+0000] {logging_mixin.py:188} INFO - [2026-01-03T19:45:26.100+0000] {dag.py:3954} INFO - Setting next_dagrun for pakakumi_scraper to 2026-01-03 19:00:00+00:00, run_after=2026-01-03 20:00:00+00:00
[2026-01-03T19:45:26.128+0000] {processor.py:183} INFO - Processing /opt/airflow/dags/pakakumi_scraper.py took 0.144 seconds
[2026-01-03T19:45:56.242+0000] {processor.py:161} INFO - Started process (PID=2717) to work on /opt/airflow/dags/pakakumi_scraper.py
[2026-01-03T19:45:56.244+0000] {processor.py:830} INFO - Processing file /opt/airflow/dags/pakakumi_scraper.py for tasks to queue
[2026-01-03T19:45:56.247+0000] {logging_mixin.py:188} INFO - [2026-01-03T19:45:56.246+0000] {dagbag.py:540} INFO - Filling up the DagBag from /opt/airflow/dags/pakakumi_scraper.py
[2026-01-03T19:45:56.279+0000] {processor.py:840} INFO - DAG(s) 'pakakumi_scraper' retrieved from /opt/airflow/dags/pakakumi_scraper.py
[2026-01-03T19:45:56.328+0000] {logging_mixin.py:188} INFO - [2026-01-03T19:45:56.328+0000] {dag.py:3096} INFO - Sync 1 DAGs
[2026-01-03T19:45:56.364+0000] {logging_mixin.py:188} INFO - [2026-01-03T19:45:56.364+0000] {dag.py:3954} INFO - Setting next_dagrun for pakakumi_scraper to 2026-01-03 19:00:00+00:00, run_after=2026-01-03 20:00:00+00:00
[2026-01-03T19:45:56.398+0000] {processor.py:183} INFO - Processing /opt/airflow/dags/pakakumi_scraper.py took 0.168 seconds
[2026-01-03T19:46:26.582+0000] {processor.py:161} INFO - Started process (PID=2722) to work on /opt/airflow/dags/pakakumi_scraper.py
[2026-01-03T19:46:26.583+0000] {processor.py:830} INFO - Processing file /opt/airflow/dags/pakakumi_scraper.py for tasks to queue
[2026-01-03T19:46:26.586+0000] {logging_mixin.py:188} INFO - [2026-01-03T19:46:26.586+0000] {dagbag.py:540} INFO - Filling up the DagBag from /opt/airflow/dags/pakakumi_scraper.py
[2026-01-03T19:46:26.614+0000] {processor.py:840} INFO - DAG(s) 'pakakumi_scraper' retrieved from /opt/airflow/dags/pakakumi_scraper.py
[2026-01-03T19:46:26.657+0000] {logging_mixin.py:188} INFO - [2026-01-03T19:46:26.657+0000] {dag.py:3096} INFO - Sync 1 DAGs
[2026-01-03T19:46:26.692+0000] {logging_mixin.py:188} INFO - [2026-01-03T19:46:26.692+0000] {dag.py:3954} INFO - Setting next_dagrun for pakakumi_scraper to 2026-01-03 19:00:00+00:00, run_after=2026-01-03 20:00:00+00:00
[2026-01-03T19:46:26.719+0000] {processor.py:183} INFO - Processing /opt/airflow/dags/pakakumi_scraper.py took 0.147 seconds
[2026-01-03T19:46:56.917+0000] {processor.py:161} INFO - Started process (PID=2727) to work on /opt/airflow/dags/pakakumi_scraper.py
[2026-01-03T19:46:56.918+0000] {processor.py:830} INFO - Processing file /opt/airflow/dags/pakakumi_scraper.py for tasks to queue
[2026-01-03T19:46:56.921+0000] {logging_mixin.py:188} INFO - [2026-01-03T19:46:56.921+0000] {dagbag.py:540} INFO - Filling up the DagBag from /opt/airflow/dags/pakakumi_scraper.py
[2026-01-03T19:46:56.948+0000] {processor.py:840} INFO - DAG(s) 'pakakumi_scraper' retrieved from /opt/airflow/dags/pakakumi_scraper.py
[2026-01-03T19:46:56.988+0000] {logging_mixin.py:188} INFO - [2026-01-03T19:46:56.988+0000] {dag.py:3096} INFO - Sync 1 DAGs
[2026-01-03T19:46:57.024+0000] {logging_mixin.py:188} INFO - [2026-01-03T19:46:57.024+0000] {dag.py:3954} INFO - Setting next_dagrun for pakakumi_scraper to 2026-01-03 19:00:00+00:00, run_after=2026-01-03 20:00:00+00:00
[2026-01-03T19:46:57.050+0000] {processor.py:183} INFO - Processing /opt/airflow/dags/pakakumi_scraper.py took 0.143 seconds
[2026-01-03T19:47:27.219+0000] {processor.py:161} INFO - Started process (PID=2732) to work on /opt/airflow/dags/pakakumi_scraper.py
[2026-01-03T19:47:27.220+0000] {processor.py:830} INFO - Processing file /opt/airflow/dags/pakakumi_scraper.py for tasks to queue
[2026-01-03T19:47:27.224+0000] {logging_mixin.py:188} INFO - [2026-01-03T19:47:27.223+0000] {dagbag.py:540} INFO - Filling up the DagBag from /opt/airflow/dags/pakakumi_scraper.py
[2026-01-03T19:47:27.254+0000] {processor.py:840} INFO - DAG(s) 'pakakumi_scraper' retrieved from /opt/airflow/dags/pakakumi_scraper.py
[2026-01-03T19:47:27.293+0000] {logging_mixin.py:188} INFO - [2026-01-03T19:47:27.293+0000] {dag.py:3096} INFO - Sync 1 DAGs
[2026-01-03T19:47:27.325+0000] {logging_mixin.py:188} INFO - [2026-01-03T19:47:27.324+0000] {dag.py:3954} INFO - Setting next_dagrun for pakakumi_scraper to 2026-01-03 19:00:00+00:00, run_after=2026-01-03 20:00:00+00:00
[2026-01-03T19:47:27.352+0000] {processor.py:183} INFO - Processing /opt/airflow/dags/pakakumi_scraper.py took 0.145 seconds
[2026-01-03T19:47:57.564+0000] {processor.py:161} INFO - Started process (PID=2737) to work on /opt/airflow/dags/pakakumi_scraper.py
[2026-01-03T19:47:57.566+0000] {processor.py:830} INFO - Processing file /opt/airflow/dags/pakakumi_scraper.py for tasks to queue
[2026-01-03T19:47:57.569+0000] {logging_mixin.py:188} INFO - [2026-01-03T19:47:57.568+0000] {dagbag.py:540} INFO - Filling up the DagBag from /opt/airflow/dags/pakakumi_scraper.py
[2026-01-03T19:47:57.600+0000] {processor.py:840} INFO - DAG(s) 'pakakumi_scraper' retrieved from /opt/airflow/dags/pakakumi_scraper.py
[2026-01-03T19:47:57.644+0000] {logging_mixin.py:188} INFO - [2026-01-03T19:47:57.643+0000] {dag.py:3096} INFO - Sync 1 DAGs
[2026-01-03T19:47:57.677+0000] {logging_mixin.py:188} INFO - [2026-01-03T19:47:57.677+0000] {dag.py:3954} INFO - Setting next_dagrun for pakakumi_scraper to 2026-01-03 19:00:00+00:00, run_after=2026-01-03 20:00:00+00:00
[2026-01-03T19:47:57.702+0000] {processor.py:183} INFO - Processing /opt/airflow/dags/pakakumi_scraper.py took 0.160 seconds
[2026-01-03T19:48:27.890+0000] {processor.py:161} INFO - Started process (PID=2742) to work on /opt/airflow/dags/pakakumi_scraper.py
[2026-01-03T19:48:27.892+0000] {processor.py:830} INFO - Processing file /opt/airflow/dags/pakakumi_scraper.py for tasks to queue
[2026-01-03T19:48:27.896+0000] {logging_mixin.py:188} INFO - [2026-01-03T19:48:27.895+0000] {dagbag.py:540} INFO - Filling up the DagBag from /opt/airflow/dags/pakakumi_scraper.py
[2026-01-03T19:48:27.923+0000] {processor.py:840} INFO - DAG(s) 'pakakumi_scraper' retrieved from /opt/airflow/dags/pakakumi_scraper.py
[2026-01-03T19:48:27.963+0000] {logging_mixin.py:188} INFO - [2026-01-03T19:48:27.963+0000] {dag.py:3096} INFO - Sync 1 DAGs
[2026-01-03T19:48:27.995+0000] {logging_mixin.py:188} INFO - [2026-01-03T19:48:27.995+0000] {dag.py:3954} INFO - Setting next_dagrun for pakakumi_scraper to 2026-01-03 19:00:00+00:00, run_after=2026-01-03 20:00:00+00:00
[2026-01-03T19:48:28.021+0000] {processor.py:183} INFO - Processing /opt/airflow/dags/pakakumi_scraper.py took 0.144 seconds
[2026-01-03T19:48:58.198+0000] {processor.py:161} INFO - Started process (PID=2747) to work on /opt/airflow/dags/pakakumi_scraper.py
[2026-01-03T19:48:58.199+0000] {processor.py:830} INFO - Processing file /opt/airflow/dags/pakakumi_scraper.py for tasks to queue
[2026-01-03T19:48:58.202+0000] {logging_mixin.py:188} INFO - [2026-01-03T19:48:58.202+0000] {dagbag.py:540} INFO - Filling up the DagBag from /opt/airflow/dags/pakakumi_scraper.py
[2026-01-03T19:48:58.230+0000] {processor.py:840} INFO - DAG(s) 'pakakumi_scraper' retrieved from /opt/airflow/dags/pakakumi_scraper.py
[2026-01-03T19:48:58.270+0000] {logging_mixin.py:188} INFO - [2026-01-03T19:48:58.270+0000] {dag.py:3096} INFO - Sync 1 DAGs
[2026-01-03T19:48:58.302+0000] {logging_mixin.py:188} INFO - [2026-01-03T19:48:58.302+0000] {dag.py:3954} INFO - Setting next_dagrun for pakakumi_scraper to 2026-01-03 19:00:00+00:00, run_after=2026-01-03 20:00:00+00:00
[2026-01-03T19:48:58.325+0000] {processor.py:183} INFO - Processing /opt/airflow/dags/pakakumi_scraper.py took 0.138 seconds
[2026-01-03T19:49:28.551+0000] {processor.py:161} INFO - Started process (PID=2752) to work on /opt/airflow/dags/pakakumi_scraper.py
[2026-01-03T19:49:28.553+0000] {processor.py:830} INFO - Processing file /opt/airflow/dags/pakakumi_scraper.py for tasks to queue
[2026-01-03T19:49:28.556+0000] {logging_mixin.py:188} INFO - [2026-01-03T19:49:28.556+0000] {dagbag.py:540} INFO - Filling up the DagBag from /opt/airflow/dags/pakakumi_scraper.py
[2026-01-03T19:49:28.584+0000] {processor.py:840} INFO - DAG(s) 'pakakumi_scraper' retrieved from /opt/airflow/dags/pakakumi_scraper.py
[2026-01-03T19:49:28.624+0000] {logging_mixin.py:188} INFO - [2026-01-03T19:49:28.624+0000] {dag.py:3096} INFO - Sync 1 DAGs
[2026-01-03T19:49:28.657+0000] {logging_mixin.py:188} INFO - [2026-01-03T19:49:28.657+0000] {dag.py:3954} INFO - Setting next_dagrun for pakakumi_scraper to 2026-01-03 19:00:00+00:00, run_after=2026-01-03 20:00:00+00:00
[2026-01-03T19:49:28.685+0000] {processor.py:183} INFO - Processing /opt/airflow/dags/pakakumi_scraper.py took 0.146 seconds
[2026-01-03T19:49:58.844+0000] {processor.py:161} INFO - Started process (PID=2757) to work on /opt/airflow/dags/pakakumi_scraper.py
[2026-01-03T19:49:58.845+0000] {processor.py:830} INFO - Processing file /opt/airflow/dags/pakakumi_scraper.py for tasks to queue
[2026-01-03T19:49:58.849+0000] {logging_mixin.py:188} INFO - [2026-01-03T19:49:58.848+0000] {dagbag.py:540} INFO - Filling up the DagBag from /opt/airflow/dags/pakakumi_scraper.py
[2026-01-03T19:49:58.879+0000] {processor.py:840} INFO - DAG(s) 'pakakumi_scraper' retrieved from /opt/airflow/dags/pakakumi_scraper.py
[2026-01-03T19:49:58.926+0000] {logging_mixin.py:188} INFO - [2026-01-03T19:49:58.925+0000] {dag.py:3096} INFO - Sync 1 DAGs
[2026-01-03T19:49:58.969+0000] {logging_mixin.py:188} INFO - [2026-01-03T19:49:58.969+0000] {dag.py:3954} INFO - Setting next_dagrun for pakakumi_scraper to 2026-01-03 19:00:00+00:00, run_after=2026-01-03 20:00:00+00:00
[2026-01-03T19:49:58.999+0000] {processor.py:183} INFO - Processing /opt/airflow/dags/pakakumi_scraper.py took 0.166 seconds
[2026-01-03T19:50:29.177+0000] {processor.py:161} INFO - Started process (PID=2762) to work on /opt/airflow/dags/pakakumi_scraper.py
[2026-01-03T19:50:29.178+0000] {processor.py:830} INFO - Processing file /opt/airflow/dags/pakakumi_scraper.py for tasks to queue
[2026-01-03T19:50:29.181+0000] {logging_mixin.py:188} INFO - [2026-01-03T19:50:29.180+0000] {dagbag.py:540} INFO - Filling up the DagBag from /opt/airflow/dags/pakakumi_scraper.py
[2026-01-03T19:50:29.209+0000] {processor.py:840} INFO - DAG(s) 'pakakumi_scraper' retrieved from /opt/airflow/dags/pakakumi_scraper.py
[2026-01-03T19:50:29.250+0000] {logging_mixin.py:188} INFO - [2026-01-03T19:50:29.250+0000] {dag.py:3096} INFO - Sync 1 DAGs
[2026-01-03T19:50:29.282+0000] {logging_mixin.py:188} INFO - [2026-01-03T19:50:29.282+0000] {dag.py:3954} INFO - Setting next_dagrun for pakakumi_scraper to 2026-01-03 19:00:00+00:00, run_after=2026-01-03 20:00:00+00:00
[2026-01-03T19:50:29.311+0000] {processor.py:183} INFO - Processing /opt/airflow/dags/pakakumi_scraper.py took 0.145 seconds
[2026-01-03T19:50:59.485+0000] {processor.py:161} INFO - Started process (PID=2767) to work on /opt/airflow/dags/pakakumi_scraper.py
[2026-01-03T19:50:59.487+0000] {processor.py:830} INFO - Processing file /opt/airflow/dags/pakakumi_scraper.py for tasks to queue
[2026-01-03T19:50:59.490+0000] {logging_mixin.py:188} INFO - [2026-01-03T19:50:59.489+0000] {dagbag.py:540} INFO - Filling up the DagBag from /opt/airflow/dags/pakakumi_scraper.py
[2026-01-03T19:50:59.522+0000] {processor.py:840} INFO - DAG(s) 'pakakumi_scraper' retrieved from /opt/airflow/dags/pakakumi_scraper.py
[2026-01-03T19:50:59.567+0000] {logging_mixin.py:188} INFO - [2026-01-03T19:50:59.566+0000] {dag.py:3096} INFO - Sync 1 DAGs
[2026-01-03T19:50:59.603+0000] {logging_mixin.py:188} INFO - [2026-01-03T19:50:59.602+0000] {dag.py:3954} INFO - Setting next_dagrun for pakakumi_scraper to 2026-01-03 19:00:00+00:00, run_after=2026-01-03 20:00:00+00:00
[2026-01-03T19:50:59.631+0000] {processor.py:183} INFO - Processing /opt/airflow/dags/pakakumi_scraper.py took 0.157 seconds
[2026-01-03T19:51:29.806+0000] {processor.py:161} INFO - Started process (PID=2772) to work on /opt/airflow/dags/pakakumi_scraper.py
[2026-01-03T19:51:29.808+0000] {processor.py:830} INFO - Processing file /opt/airflow/dags/pakakumi_scraper.py for tasks to queue
[2026-01-03T19:51:29.811+0000] {logging_mixin.py:188} INFO - [2026-01-03T19:51:29.810+0000] {dagbag.py:540} INFO - Filling up the DagBag from /opt/airflow/dags/pakakumi_scraper.py
[2026-01-03T19:51:29.838+0000] {processor.py:840} INFO - DAG(s) 'pakakumi_scraper' retrieved from /opt/airflow/dags/pakakumi_scraper.py
[2026-01-03T19:51:29.877+0000] {logging_mixin.py:188} INFO - [2026-01-03T19:51:29.876+0000] {dag.py:3096} INFO - Sync 1 DAGs
[2026-01-03T19:51:29.909+0000] {logging_mixin.py:188} INFO - [2026-01-03T19:51:29.909+0000] {dag.py:3954} INFO - Setting next_dagrun for pakakumi_scraper to 2026-01-03 19:00:00+00:00, run_after=2026-01-03 20:00:00+00:00
[2026-01-03T19:51:29.936+0000] {processor.py:183} INFO - Processing /opt/airflow/dags/pakakumi_scraper.py took 0.142 seconds
[2026-01-03T19:52:00.116+0000] {processor.py:161} INFO - Started process (PID=2777) to work on /opt/airflow/dags/pakakumi_scraper.py
[2026-01-03T19:52:00.118+0000] {processor.py:830} INFO - Processing file /opt/airflow/dags/pakakumi_scraper.py for tasks to queue
[2026-01-03T19:52:00.120+0000] {logging_mixin.py:188} INFO - [2026-01-03T19:52:00.120+0000] {dagbag.py:540} INFO - Filling up the DagBag from /opt/airflow/dags/pakakumi_scraper.py
[2026-01-03T19:52:00.149+0000] {processor.py:840} INFO - DAG(s) 'pakakumi_scraper' retrieved from /opt/airflow/dags/pakakumi_scraper.py
[2026-01-03T19:52:00.189+0000] {logging_mixin.py:188} INFO - [2026-01-03T19:52:00.189+0000] {dag.py:3096} INFO - Sync 1 DAGs
[2026-01-03T19:52:00.222+0000] {logging_mixin.py:188} INFO - [2026-01-03T19:52:00.222+0000] {dag.py:3954} INFO - Setting next_dagrun for pakakumi_scraper to 2026-01-03 19:00:00+00:00, run_after=2026-01-03 20:00:00+00:00
[2026-01-03T19:52:00.245+0000] {processor.py:183} INFO - Processing /opt/airflow/dags/pakakumi_scraper.py took 0.140 seconds
[2026-01-03T19:52:30.425+0000] {processor.py:161} INFO - Started process (PID=2782) to work on /opt/airflow/dags/pakakumi_scraper.py
[2026-01-03T19:52:30.427+0000] {processor.py:830} INFO - Processing file /opt/airflow/dags/pakakumi_scraper.py for tasks to queue
[2026-01-03T19:52:30.429+0000] {logging_mixin.py:188} INFO - [2026-01-03T19:52:30.429+0000] {dagbag.py:540} INFO - Filling up the DagBag from /opt/airflow/dags/pakakumi_scraper.py
[2026-01-03T19:52:30.459+0000] {processor.py:840} INFO - DAG(s) 'pakakumi_scraper' retrieved from /opt/airflow/dags/pakakumi_scraper.py
[2026-01-03T19:52:30.500+0000] {logging_mixin.py:188} INFO - [2026-01-03T19:52:30.499+0000] {dag.py:3096} INFO - Sync 1 DAGs
[2026-01-03T19:52:30.533+0000] {logging_mixin.py:188} INFO - [2026-01-03T19:52:30.533+0000] {dag.py:3954} INFO - Setting next_dagrun for pakakumi_scraper to 2026-01-03 19:00:00+00:00, run_after=2026-01-03 20:00:00+00:00
[2026-01-03T19:52:30.561+0000] {processor.py:183} INFO - Processing /opt/airflow/dags/pakakumi_scraper.py took 0.145 seconds
[2026-01-03T19:53:00.774+0000] {processor.py:161} INFO - Started process (PID=2787) to work on /opt/airflow/dags/pakakumi_scraper.py
[2026-01-03T19:53:00.775+0000] {processor.py:830} INFO - Processing file /opt/airflow/dags/pakakumi_scraper.py for tasks to queue
[2026-01-03T19:53:00.778+0000] {logging_mixin.py:188} INFO - [2026-01-03T19:53:00.778+0000] {dagbag.py:540} INFO - Filling up the DagBag from /opt/airflow/dags/pakakumi_scraper.py
[2026-01-03T19:53:00.804+0000] {processor.py:840} INFO - DAG(s) 'pakakumi_scraper' retrieved from /opt/airflow/dags/pakakumi_scraper.py
[2026-01-03T19:53:00.846+0000] {logging_mixin.py:188} INFO - [2026-01-03T19:53:00.846+0000] {dag.py:3096} INFO - Sync 1 DAGs
[2026-01-03T19:53:00.880+0000] {logging_mixin.py:188} INFO - [2026-01-03T19:53:00.879+0000] {dag.py:3954} INFO - Setting next_dagrun for pakakumi_scraper to 2026-01-03 19:00:00+00:00, run_after=2026-01-03 20:00:00+00:00
[2026-01-03T19:53:00.908+0000] {processor.py:183} INFO - Processing /opt/airflow/dags/pakakumi_scraper.py took 0.147 seconds
[2026-01-03T19:53:31.061+0000] {processor.py:161} INFO - Started process (PID=2792) to work on /opt/airflow/dags/pakakumi_scraper.py
[2026-01-03T19:53:31.062+0000] {processor.py:830} INFO - Processing file /opt/airflow/dags/pakakumi_scraper.py for tasks to queue
[2026-01-03T19:53:31.065+0000] {logging_mixin.py:188} INFO - [2026-01-03T19:53:31.065+0000] {dagbag.py:540} INFO - Filling up the DagBag from /opt/airflow/dags/pakakumi_scraper.py
[2026-01-03T19:53:31.092+0000] {processor.py:840} INFO - DAG(s) 'pakakumi_scraper' retrieved from /opt/airflow/dags/pakakumi_scraper.py
[2026-01-03T19:53:31.132+0000] {logging_mixin.py:188} INFO - [2026-01-03T19:53:31.132+0000] {dag.py:3096} INFO - Sync 1 DAGs
[2026-01-03T19:53:31.163+0000] {logging_mixin.py:188} INFO - [2026-01-03T19:53:31.163+0000] {dag.py:3954} INFO - Setting next_dagrun for pakakumi_scraper to 2026-01-03 19:00:00+00:00, run_after=2026-01-03 20:00:00+00:00
[2026-01-03T19:53:31.186+0000] {processor.py:183} INFO - Processing /opt/airflow/dags/pakakumi_scraper.py took 0.135 seconds
[2026-01-03T19:54:01.433+0000] {processor.py:161} INFO - Started process (PID=2797) to work on /opt/airflow/dags/pakakumi_scraper.py
[2026-01-03T19:54:01.434+0000] {processor.py:830} INFO - Processing file /opt/airflow/dags/pakakumi_scraper.py for tasks to queue
[2026-01-03T19:54:01.437+0000] {logging_mixin.py:188} INFO - [2026-01-03T19:54:01.436+0000] {dagbag.py:540} INFO - Filling up the DagBag from /opt/airflow/dags/pakakumi_scraper.py
[2026-01-03T19:54:01.464+0000] {processor.py:840} INFO - DAG(s) 'pakakumi_scraper' retrieved from /opt/airflow/dags/pakakumi_scraper.py
[2026-01-03T19:54:01.505+0000] {logging_mixin.py:188} INFO - [2026-01-03T19:54:01.504+0000] {dag.py:3096} INFO - Sync 1 DAGs
[2026-01-03T19:54:01.536+0000] {logging_mixin.py:188} INFO - [2026-01-03T19:54:01.536+0000] {dag.py:3954} INFO - Setting next_dagrun for pakakumi_scraper to 2026-01-03 19:00:00+00:00, run_after=2026-01-03 20:00:00+00:00
[2026-01-03T19:54:01.563+0000] {processor.py:183} INFO - Processing /opt/airflow/dags/pakakumi_scraper.py took 0.142 seconds
[2026-01-03T19:54:31.721+0000] {processor.py:161} INFO - Started process (PID=2802) to work on /opt/airflow/dags/pakakumi_scraper.py
[2026-01-03T19:54:31.723+0000] {processor.py:830} INFO - Processing file /opt/airflow/dags/pakakumi_scraper.py for tasks to queue
[2026-01-03T19:54:31.726+0000] {logging_mixin.py:188} INFO - [2026-01-03T19:54:31.725+0000] {dagbag.py:540} INFO - Filling up the DagBag from /opt/airflow/dags/pakakumi_scraper.py
[2026-01-03T19:54:31.753+0000] {processor.py:840} INFO - DAG(s) 'pakakumi_scraper' retrieved from /opt/airflow/dags/pakakumi_scraper.py
[2026-01-03T19:54:31.795+0000] {logging_mixin.py:188} INFO - [2026-01-03T19:54:31.795+0000] {dag.py:3096} INFO - Sync 1 DAGs
[2026-01-03T19:54:31.828+0000] {logging_mixin.py:188} INFO - [2026-01-03T19:54:31.828+0000] {dag.py:3954} INFO - Setting next_dagrun for pakakumi_scraper to 2026-01-03 19:00:00+00:00, run_after=2026-01-03 20:00:00+00:00
[2026-01-03T19:54:31.857+0000] {processor.py:183} INFO - Processing /opt/airflow/dags/pakakumi_scraper.py took 0.145 seconds
[2026-01-03T19:55:02.079+0000] {processor.py:161} INFO - Started process (PID=2807) to work on /opt/airflow/dags/pakakumi_scraper.py
[2026-01-03T19:55:02.080+0000] {processor.py:830} INFO - Processing file /opt/airflow/dags/pakakumi_scraper.py for tasks to queue
[2026-01-03T19:55:02.083+0000] {logging_mixin.py:188} INFO - [2026-01-03T19:55:02.083+0000] {dagbag.py:540} INFO - Filling up the DagBag from /opt/airflow/dags/pakakumi_scraper.py
[2026-01-03T19:55:02.114+0000] {processor.py:840} INFO - DAG(s) 'pakakumi_scraper' retrieved from /opt/airflow/dags/pakakumi_scraper.py
[2026-01-03T19:55:02.153+0000] {logging_mixin.py:188} INFO - [2026-01-03T19:55:02.152+0000] {dag.py:3096} INFO - Sync 1 DAGs
[2026-01-03T19:55:02.185+0000] {logging_mixin.py:188} INFO - [2026-01-03T19:55:02.184+0000] {dag.py:3954} INFO - Setting next_dagrun for pakakumi_scraper to 2026-01-03 19:00:00+00:00, run_after=2026-01-03 20:00:00+00:00
[2026-01-03T19:55:02.210+0000] {processor.py:183} INFO - Processing /opt/airflow/dags/pakakumi_scraper.py took 0.141 seconds
[2026-01-03T19:55:32.356+0000] {processor.py:161} INFO - Started process (PID=2812) to work on /opt/airflow/dags/pakakumi_scraper.py
[2026-01-03T19:55:32.357+0000] {processor.py:830} INFO - Processing file /opt/airflow/dags/pakakumi_scraper.py for tasks to queue
[2026-01-03T19:55:32.360+0000] {logging_mixin.py:188} INFO - [2026-01-03T19:55:32.359+0000] {dagbag.py:540} INFO - Filling up the DagBag from /opt/airflow/dags/pakakumi_scraper.py
[2026-01-03T19:55:32.395+0000] {processor.py:840} INFO - DAG(s) 'pakakumi_scraper' retrieved from /opt/airflow/dags/pakakumi_scraper.py
[2026-01-03T19:55:32.437+0000] {logging_mixin.py:188} INFO - [2026-01-03T19:55:32.437+0000] {dag.py:3096} INFO - Sync 1 DAGs
[2026-01-03T19:55:32.492+0000] {logging_mixin.py:188} INFO - [2026-01-03T19:55:32.491+0000] {dag.py:3954} INFO - Setting next_dagrun for pakakumi_scraper to 2026-01-03 19:00:00+00:00, run_after=2026-01-03 20:00:00+00:00
[2026-01-03T19:55:32.529+0000] {processor.py:183} INFO - Processing /opt/airflow/dags/pakakumi_scraper.py took 0.184 seconds
[2026-01-03T19:56:02.783+0000] {processor.py:161} INFO - Started process (PID=2817) to work on /opt/airflow/dags/pakakumi_scraper.py
[2026-01-03T19:56:02.784+0000] {processor.py:830} INFO - Processing file /opt/airflow/dags/pakakumi_scraper.py for tasks to queue
[2026-01-03T19:56:02.787+0000] {logging_mixin.py:188} INFO - [2026-01-03T19:56:02.786+0000] {dagbag.py:540} INFO - Filling up the DagBag from /opt/airflow/dags/pakakumi_scraper.py
[2026-01-03T19:56:02.813+0000] {processor.py:840} INFO - DAG(s) 'pakakumi_scraper' retrieved from /opt/airflow/dags/pakakumi_scraper.py
[2026-01-03T19:56:02.855+0000] {logging_mixin.py:188} INFO - [2026-01-03T19:56:02.855+0000] {dag.py:3096} INFO - Sync 1 DAGs
[2026-01-03T19:56:02.890+0000] {logging_mixin.py:188} INFO - [2026-01-03T19:56:02.890+0000] {dag.py:3954} INFO - Setting next_dagrun for pakakumi_scraper to 2026-01-03 19:00:00+00:00, run_after=2026-01-03 20:00:00+00:00
[2026-01-03T19:56:02.917+0000] {processor.py:183} INFO - Processing /opt/airflow/dags/pakakumi_scraper.py took 0.156 seconds
[2026-01-03T19:56:33.084+0000] {processor.py:161} INFO - Started process (PID=2822) to work on /opt/airflow/dags/pakakumi_scraper.py
[2026-01-03T19:56:33.085+0000] {processor.py:830} INFO - Processing file /opt/airflow/dags/pakakumi_scraper.py for tasks to queue
[2026-01-03T19:56:33.089+0000] {logging_mixin.py:188} INFO - [2026-01-03T19:56:33.088+0000] {dagbag.py:540} INFO - Filling up the DagBag from /opt/airflow/dags/pakakumi_scraper.py
[2026-01-03T19:56:33.117+0000] {processor.py:840} INFO - DAG(s) 'pakakumi_scraper' retrieved from /opt/airflow/dags/pakakumi_scraper.py
[2026-01-03T19:56:33.160+0000] {logging_mixin.py:188} INFO - [2026-01-03T19:56:33.160+0000] {dag.py:3096} INFO - Sync 1 DAGs
[2026-01-03T19:56:33.193+0000] {logging_mixin.py:188} INFO - [2026-01-03T19:56:33.193+0000] {dag.py:3954} INFO - Setting next_dagrun for pakakumi_scraper to 2026-01-03 19:00:00+00:00, run_after=2026-01-03 20:00:00+00:00
[2026-01-03T19:56:33.221+0000] {processor.py:183} INFO - Processing /opt/airflow/dags/pakakumi_scraper.py took 0.148 seconds
[2026-01-03T19:57:03.466+0000] {processor.py:161} INFO - Started process (PID=2827) to work on /opt/airflow/dags/pakakumi_scraper.py
[2026-01-03T19:57:03.467+0000] {processor.py:830} INFO - Processing file /opt/airflow/dags/pakakumi_scraper.py for tasks to queue
[2026-01-03T19:57:03.470+0000] {logging_mixin.py:188} INFO - [2026-01-03T19:57:03.469+0000] {dagbag.py:540} INFO - Filling up the DagBag from /opt/airflow/dags/pakakumi_scraper.py
[2026-01-03T19:57:03.495+0000] {processor.py:840} INFO - DAG(s) 'pakakumi_scraper' retrieved from /opt/airflow/dags/pakakumi_scraper.py
[2026-01-03T19:57:03.534+0000] {logging_mixin.py:188} INFO - [2026-01-03T19:57:03.533+0000] {dag.py:3096} INFO - Sync 1 DAGs
[2026-01-03T19:57:03.568+0000] {logging_mixin.py:188} INFO - [2026-01-03T19:57:03.568+0000] {dag.py:3954} INFO - Setting next_dagrun for pakakumi_scraper to 2026-01-03 19:00:00+00:00, run_after=2026-01-03 20:00:00+00:00
[2026-01-03T19:57:03.591+0000] {processor.py:183} INFO - Processing /opt/airflow/dags/pakakumi_scraper.py took 0.134 seconds
[2026-01-03T19:57:33.749+0000] {processor.py:161} INFO - Started process (PID=2832) to work on /opt/airflow/dags/pakakumi_scraper.py
[2026-01-03T19:57:33.750+0000] {processor.py:830} INFO - Processing file /opt/airflow/dags/pakakumi_scraper.py for tasks to queue
[2026-01-03T19:57:33.753+0000] {logging_mixin.py:188} INFO - [2026-01-03T19:57:33.752+0000] {dagbag.py:540} INFO - Filling up the DagBag from /opt/airflow/dags/pakakumi_scraper.py
[2026-01-03T19:57:33.781+0000] {processor.py:840} INFO - DAG(s) 'pakakumi_scraper' retrieved from /opt/airflow/dags/pakakumi_scraper.py
[2026-01-03T19:57:33.853+0000] {logging_mixin.py:188} INFO - [2026-01-03T19:57:33.852+0000] {dag.py:3096} INFO - Sync 1 DAGs
[2026-01-03T19:57:33.886+0000] {logging_mixin.py:188} INFO - [2026-01-03T19:57:33.886+0000] {dag.py:3954} INFO - Setting next_dagrun for pakakumi_scraper to 2026-01-03 19:00:00+00:00, run_after=2026-01-03 20:00:00+00:00
[2026-01-03T19:57:33.911+0000] {processor.py:183} INFO - Processing /opt/airflow/dags/pakakumi_scraper.py took 0.175 seconds
[2026-01-03T19:58:04.118+0000] {processor.py:161} INFO - Started process (PID=2837) to work on /opt/airflow/dags/pakakumi_scraper.py
[2026-01-03T19:58:04.119+0000] {processor.py:830} INFO - Processing file /opt/airflow/dags/pakakumi_scraper.py for tasks to queue
[2026-01-03T19:58:04.122+0000] {logging_mixin.py:188} INFO - [2026-01-03T19:58:04.121+0000] {dagbag.py:540} INFO - Filling up the DagBag from /opt/airflow/dags/pakakumi_scraper.py
[2026-01-03T19:58:04.151+0000] {processor.py:840} INFO - DAG(s) 'pakakumi_scraper' retrieved from /opt/airflow/dags/pakakumi_scraper.py
[2026-01-03T19:58:04.190+0000] {logging_mixin.py:188} INFO - [2026-01-03T19:58:04.190+0000] {dag.py:3096} INFO - Sync 1 DAGs
[2026-01-03T19:58:04.222+0000] {logging_mixin.py:188} INFO - [2026-01-03T19:58:04.221+0000] {dag.py:3954} INFO - Setting next_dagrun for pakakumi_scraper to 2026-01-03 19:00:00+00:00, run_after=2026-01-03 20:00:00+00:00
[2026-01-03T19:58:04.245+0000] {processor.py:183} INFO - Processing /opt/airflow/dags/pakakumi_scraper.py took 0.137 seconds
[2026-01-03T19:58:34.432+0000] {processor.py:161} INFO - Started process (PID=2842) to work on /opt/airflow/dags/pakakumi_scraper.py
[2026-01-03T19:58:34.433+0000] {processor.py:830} INFO - Processing file /opt/airflow/dags/pakakumi_scraper.py for tasks to queue
[2026-01-03T19:58:34.436+0000] {logging_mixin.py:188} INFO - [2026-01-03T19:58:34.436+0000] {dagbag.py:540} INFO - Filling up the DagBag from /opt/airflow/dags/pakakumi_scraper.py
[2026-01-03T19:58:34.463+0000] {processor.py:840} INFO - DAG(s) 'pakakumi_scraper' retrieved from /opt/airflow/dags/pakakumi_scraper.py
[2026-01-03T19:58:34.507+0000] {logging_mixin.py:188} INFO - [2026-01-03T19:58:34.507+0000] {dag.py:3096} INFO - Sync 1 DAGs
[2026-01-03T19:58:34.540+0000] {logging_mixin.py:188} INFO - [2026-01-03T19:58:34.540+0000] {dag.py:3954} INFO - Setting next_dagrun for pakakumi_scraper to 2026-01-03 19:00:00+00:00, run_after=2026-01-03 20:00:00+00:00
[2026-01-03T19:58:34.566+0000] {processor.py:183} INFO - Processing /opt/airflow/dags/pakakumi_scraper.py took 0.146 seconds
[2026-01-03T19:59:04.719+0000] {processor.py:161} INFO - Started process (PID=2847) to work on /opt/airflow/dags/pakakumi_scraper.py
[2026-01-03T19:59:04.720+0000] {processor.py:830} INFO - Processing file /opt/airflow/dags/pakakumi_scraper.py for tasks to queue
[2026-01-03T19:59:04.723+0000] {logging_mixin.py:188} INFO - [2026-01-03T19:59:04.723+0000] {dagbag.py:540} INFO - Filling up the DagBag from /opt/airflow/dags/pakakumi_scraper.py
[2026-01-03T19:59:04.749+0000] {processor.py:840} INFO - DAG(s) 'pakakumi_scraper' retrieved from /opt/airflow/dags/pakakumi_scraper.py
[2026-01-03T19:59:04.790+0000] {logging_mixin.py:188} INFO - [2026-01-03T19:59:04.790+0000] {dag.py:3096} INFO - Sync 1 DAGs
[2026-01-03T19:59:04.823+0000] {logging_mixin.py:188} INFO - [2026-01-03T19:59:04.822+0000] {dag.py:3954} INFO - Setting next_dagrun for pakakumi_scraper to 2026-01-03 19:00:00+00:00, run_after=2026-01-03 20:00:00+00:00
[2026-01-03T19:59:04.846+0000] {processor.py:183} INFO - Processing /opt/airflow/dags/pakakumi_scraper.py took 0.137 seconds
[2026-01-03T19:59:35.117+0000] {processor.py:161} INFO - Started process (PID=2852) to work on /opt/airflow/dags/pakakumi_scraper.py
[2026-01-03T19:59:35.118+0000] {processor.py:830} INFO - Processing file /opt/airflow/dags/pakakumi_scraper.py for tasks to queue
[2026-01-03T19:59:35.121+0000] {logging_mixin.py:188} INFO - [2026-01-03T19:59:35.121+0000] {dagbag.py:540} INFO - Filling up the DagBag from /opt/airflow/dags/pakakumi_scraper.py
[2026-01-03T19:59:35.151+0000] {processor.py:840} INFO - DAG(s) 'pakakumi_scraper' retrieved from /opt/airflow/dags/pakakumi_scraper.py
[2026-01-03T19:59:35.194+0000] {logging_mixin.py:188} INFO - [2026-01-03T19:59:35.193+0000] {dag.py:3096} INFO - Sync 1 DAGs
[2026-01-03T19:59:35.244+0000] {logging_mixin.py:188} INFO - [2026-01-03T19:59:35.244+0000] {dag.py:3954} INFO - Setting next_dagrun for pakakumi_scraper to 2026-01-03 19:00:00+00:00, run_after=2026-01-03 20:00:00+00:00
[2026-01-03T19:59:35.302+0000] {processor.py:183} INFO - Processing /opt/airflow/dags/pakakumi_scraper.py took 0.194 seconds
[2026-01-03T20:00:05.603+0000] {processor.py:161} INFO - Started process (PID=2860) to work on /opt/airflow/dags/pakakumi_scraper.py
[2026-01-03T20:00:05.606+0000] {processor.py:830} INFO - Processing file /opt/airflow/dags/pakakumi_scraper.py for tasks to queue
[2026-01-03T20:00:05.610+0000] {logging_mixin.py:188} INFO - [2026-01-03T20:00:05.610+0000] {dagbag.py:540} INFO - Filling up the DagBag from /opt/airflow/dags/pakakumi_scraper.py
[2026-01-03T20:00:05.642+0000] {processor.py:840} INFO - DAG(s) 'pakakumi_scraper' retrieved from /opt/airflow/dags/pakakumi_scraper.py
[2026-01-03T20:00:05.685+0000] {logging_mixin.py:188} INFO - [2026-01-03T20:00:05.685+0000] {dag.py:3096} INFO - Sync 1 DAGs
[2026-01-03T20:00:05.720+0000] {logging_mixin.py:188} INFO - [2026-01-03T20:00:05.720+0000] {dag.py:3954} INFO - Setting next_dagrun for pakakumi_scraper to 2026-01-03 20:00:00+00:00, run_after=2026-01-03 21:00:00+00:00
[2026-01-03T20:00:05.751+0000] {processor.py:183} INFO - Processing /opt/airflow/dags/pakakumi_scraper.py took 0.177 seconds
[2026-01-03T20:00:36.009+0000] {processor.py:161} INFO - Started process (PID=2865) to work on /opt/airflow/dags/pakakumi_scraper.py
[2026-01-03T20:00:36.010+0000] {processor.py:830} INFO - Processing file /opt/airflow/dags/pakakumi_scraper.py for tasks to queue
[2026-01-03T20:00:36.013+0000] {logging_mixin.py:188} INFO - [2026-01-03T20:00:36.012+0000] {dagbag.py:540} INFO - Filling up the DagBag from /opt/airflow/dags/pakakumi_scraper.py
[2026-01-03T20:00:36.056+0000] {processor.py:840} INFO - DAG(s) 'pakakumi_scraper' retrieved from /opt/airflow/dags/pakakumi_scraper.py
[2026-01-03T20:00:36.098+0000] {logging_mixin.py:188} INFO - [2026-01-03T20:00:36.098+0000] {dag.py:3096} INFO - Sync 1 DAGs
[2026-01-03T20:00:36.131+0000] {logging_mixin.py:188} INFO - [2026-01-03T20:00:36.131+0000] {dag.py:3954} INFO - Setting next_dagrun for pakakumi_scraper to 2026-01-03 20:00:00+00:00, run_after=2026-01-03 21:00:00+00:00
[2026-01-03T20:00:36.157+0000] {processor.py:183} INFO - Processing /opt/airflow/dags/pakakumi_scraper.py took 0.158 seconds
[2026-01-03T20:01:06.240+0000] {processor.py:161} INFO - Started process (PID=2870) to work on /opt/airflow/dags/pakakumi_scraper.py
[2026-01-03T20:01:06.241+0000] {processor.py:830} INFO - Processing file /opt/airflow/dags/pakakumi_scraper.py for tasks to queue
[2026-01-03T20:01:06.244+0000] {logging_mixin.py:188} INFO - [2026-01-03T20:01:06.244+0000] {dagbag.py:540} INFO - Filling up the DagBag from /opt/airflow/dags/pakakumi_scraper.py
[2026-01-03T20:01:06.271+0000] {processor.py:840} INFO - DAG(s) 'pakakumi_scraper' retrieved from /opt/airflow/dags/pakakumi_scraper.py
[2026-01-03T20:01:06.313+0000] {logging_mixin.py:188} INFO - [2026-01-03T20:01:06.312+0000] {dag.py:3096} INFO - Sync 1 DAGs
[2026-01-03T20:01:06.345+0000] {logging_mixin.py:188} INFO - [2026-01-03T20:01:06.345+0000] {dag.py:3954} INFO - Setting next_dagrun for pakakumi_scraper to 2026-01-03 20:00:00+00:00, run_after=2026-01-03 21:00:00+00:00
[2026-01-03T20:01:06.373+0000] {processor.py:183} INFO - Processing /opt/airflow/dags/pakakumi_scraper.py took 0.143 seconds
[2026-01-03T20:01:36.652+0000] {processor.py:161} INFO - Started process (PID=2875) to work on /opt/airflow/dags/pakakumi_scraper.py
[2026-01-03T20:01:36.653+0000] {processor.py:830} INFO - Processing file /opt/airflow/dags/pakakumi_scraper.py for tasks to queue
[2026-01-03T20:01:36.656+0000] {logging_mixin.py:188} INFO - [2026-01-03T20:01:36.656+0000] {dagbag.py:540} INFO - Filling up the DagBag from /opt/airflow/dags/pakakumi_scraper.py
[2026-01-03T20:01:36.685+0000] {processor.py:840} INFO - DAG(s) 'pakakumi_scraper' retrieved from /opt/airflow/dags/pakakumi_scraper.py
[2026-01-03T20:01:36.729+0000] {logging_mixin.py:188} INFO - [2026-01-03T20:01:36.728+0000] {dag.py:3096} INFO - Sync 1 DAGs
[2026-01-03T20:01:36.801+0000] {logging_mixin.py:188} INFO - [2026-01-03T20:01:36.801+0000] {dag.py:3954} INFO - Setting next_dagrun for pakakumi_scraper to 2026-01-03 20:00:00+00:00, run_after=2026-01-03 21:00:00+00:00
[2026-01-03T20:01:36.889+0000] {processor.py:183} INFO - Processing /opt/airflow/dags/pakakumi_scraper.py took 0.247 seconds
[2026-01-03T20:02:07.137+0000] {processor.py:161} INFO - Started process (PID=2880) to work on /opt/airflow/dags/pakakumi_scraper.py
[2026-01-03T20:02:07.139+0000] {processor.py:830} INFO - Processing file /opt/airflow/dags/pakakumi_scraper.py for tasks to queue
[2026-01-03T20:02:07.143+0000] {logging_mixin.py:188} INFO - [2026-01-03T20:02:07.143+0000] {dagbag.py:540} INFO - Filling up the DagBag from /opt/airflow/dags/pakakumi_scraper.py
[2026-01-03T20:02:07.179+0000] {processor.py:840} INFO - DAG(s) 'pakakumi_scraper' retrieved from /opt/airflow/dags/pakakumi_scraper.py
[2026-01-03T20:02:07.224+0000] {logging_mixin.py:188} INFO - [2026-01-03T20:02:07.223+0000] {dag.py:3096} INFO - Sync 1 DAGs
[2026-01-03T20:02:07.258+0000] {logging_mixin.py:188} INFO - [2026-01-03T20:02:07.257+0000] {dag.py:3954} INFO - Setting next_dagrun for pakakumi_scraper to 2026-01-03 20:00:00+00:00, run_after=2026-01-03 21:00:00+00:00
[2026-01-03T20:02:07.284+0000] {processor.py:183} INFO - Processing /opt/airflow/dags/pakakumi_scraper.py took 0.159 seconds
[2026-01-03T20:02:37.357+0000] {processor.py:161} INFO - Started process (PID=2885) to work on /opt/airflow/dags/pakakumi_scraper.py
[2026-01-03T20:02:37.358+0000] {processor.py:830} INFO - Processing file /opt/airflow/dags/pakakumi_scraper.py for tasks to queue
[2026-01-03T20:02:37.363+0000] {logging_mixin.py:188} INFO - [2026-01-03T20:02:37.362+0000] {dagbag.py:540} INFO - Filling up the DagBag from /opt/airflow/dags/pakakumi_scraper.py
[2026-01-03T20:02:37.391+0000] {processor.py:840} INFO - DAG(s) 'pakakumi_scraper' retrieved from /opt/airflow/dags/pakakumi_scraper.py
[2026-01-03T20:02:37.432+0000] {logging_mixin.py:188} INFO - [2026-01-03T20:02:37.431+0000] {dag.py:3096} INFO - Sync 1 DAGs
[2026-01-03T20:02:37.466+0000] {logging_mixin.py:188} INFO - [2026-01-03T20:02:37.465+0000] {dag.py:3954} INFO - Setting next_dagrun for pakakumi_scraper to 2026-01-03 20:00:00+00:00, run_after=2026-01-03 21:00:00+00:00
[2026-01-03T20:02:37.494+0000] {processor.py:183} INFO - Processing /opt/airflow/dags/pakakumi_scraper.py took 0.148 seconds
[2026-01-03T20:03:07.757+0000] {processor.py:161} INFO - Started process (PID=2890) to work on /opt/airflow/dags/pakakumi_scraper.py
[2026-01-03T20:03:07.758+0000] {processor.py:830} INFO - Processing file /opt/airflow/dags/pakakumi_scraper.py for tasks to queue
[2026-01-03T20:03:07.762+0000] {logging_mixin.py:188} INFO - [2026-01-03T20:03:07.761+0000] {dagbag.py:540} INFO - Filling up the DagBag from /opt/airflow/dags/pakakumi_scraper.py
[2026-01-03T20:03:07.790+0000] {processor.py:840} INFO - DAG(s) 'pakakumi_scraper' retrieved from /opt/airflow/dags/pakakumi_scraper.py
[2026-01-03T20:03:07.830+0000] {logging_mixin.py:188} INFO - [2026-01-03T20:03:07.830+0000] {dag.py:3096} INFO - Sync 1 DAGs
[2026-01-03T20:03:07.864+0000] {logging_mixin.py:188} INFO - [2026-01-03T20:03:07.863+0000] {dag.py:3954} INFO - Setting next_dagrun for pakakumi_scraper to 2026-01-03 20:00:00+00:00, run_after=2026-01-03 21:00:00+00:00
[2026-01-03T20:03:07.891+0000] {processor.py:183} INFO - Processing /opt/airflow/dags/pakakumi_scraper.py took 0.145 seconds
[2026-01-03T20:03:37.993+0000] {processor.py:161} INFO - Started process (PID=2895) to work on /opt/airflow/dags/pakakumi_scraper.py
[2026-01-03T20:03:37.995+0000] {processor.py:830} INFO - Processing file /opt/airflow/dags/pakakumi_scraper.py for tasks to queue
[2026-01-03T20:03:37.999+0000] {logging_mixin.py:188} INFO - [2026-01-03T20:03:37.998+0000] {dagbag.py:540} INFO - Filling up the DagBag from /opt/airflow/dags/pakakumi_scraper.py
[2026-01-03T20:03:38.032+0000] {processor.py:840} INFO - DAG(s) 'pakakumi_scraper' retrieved from /opt/airflow/dags/pakakumi_scraper.py
[2026-01-03T20:03:38.092+0000] {logging_mixin.py:188} INFO - [2026-01-03T20:03:38.091+0000] {dag.py:3096} INFO - Sync 1 DAGs
[2026-01-03T20:03:38.126+0000] {logging_mixin.py:188} INFO - [2026-01-03T20:03:38.126+0000] {dag.py:3954} INFO - Setting next_dagrun for pakakumi_scraper to 2026-01-03 20:00:00+00:00, run_after=2026-01-03 21:00:00+00:00
[2026-01-03T20:03:38.150+0000] {processor.py:183} INFO - Processing /opt/airflow/dags/pakakumi_scraper.py took 0.171 seconds
[2026-01-03T20:04:08.342+0000] {processor.py:161} INFO - Started process (PID=2900) to work on /opt/airflow/dags/pakakumi_scraper.py
[2026-01-03T20:04:08.343+0000] {processor.py:830} INFO - Processing file /opt/airflow/dags/pakakumi_scraper.py for tasks to queue
[2026-01-03T20:04:08.348+0000] {logging_mixin.py:188} INFO - [2026-01-03T20:04:08.347+0000] {dagbag.py:540} INFO - Filling up the DagBag from /opt/airflow/dags/pakakumi_scraper.py
[2026-01-03T20:04:08.380+0000] {processor.py:840} INFO - DAG(s) 'pakakumi_scraper' retrieved from /opt/airflow/dags/pakakumi_scraper.py
[2026-01-03T20:04:08.422+0000] {logging_mixin.py:188} INFO - [2026-01-03T20:04:08.422+0000] {dag.py:3096} INFO - Sync 1 DAGs
[2026-01-03T20:04:08.455+0000] {logging_mixin.py:188} INFO - [2026-01-03T20:04:08.455+0000] {dag.py:3954} INFO - Setting next_dagrun for pakakumi_scraper to 2026-01-03 20:00:00+00:00, run_after=2026-01-03 21:00:00+00:00
[2026-01-03T20:04:08.482+0000] {processor.py:183} INFO - Processing /opt/airflow/dags/pakakumi_scraper.py took 0.156 seconds
[2026-01-03T20:04:38.665+0000] {processor.py:161} INFO - Started process (PID=2905) to work on /opt/airflow/dags/pakakumi_scraper.py
[2026-01-03T20:04:38.666+0000] {processor.py:830} INFO - Processing file /opt/airflow/dags/pakakumi_scraper.py for tasks to queue
[2026-01-03T20:04:38.670+0000] {logging_mixin.py:188} INFO - [2026-01-03T20:04:38.669+0000] {dagbag.py:540} INFO - Filling up the DagBag from /opt/airflow/dags/pakakumi_scraper.py
[2026-01-03T20:04:38.699+0000] {processor.py:840} INFO - DAG(s) 'pakakumi_scraper' retrieved from /opt/airflow/dags/pakakumi_scraper.py
[2026-01-03T20:04:38.745+0000] {logging_mixin.py:188} INFO - [2026-01-03T20:04:38.745+0000] {dag.py:3096} INFO - Sync 1 DAGs
[2026-01-03T20:04:38.787+0000] {logging_mixin.py:188} INFO - [2026-01-03T20:04:38.786+0000] {dag.py:3954} INFO - Setting next_dagrun for pakakumi_scraper to 2026-01-03 20:00:00+00:00, run_after=2026-01-03 21:00:00+00:00
[2026-01-03T20:04:38.815+0000] {processor.py:183} INFO - Processing /opt/airflow/dags/pakakumi_scraper.py took 0.160 seconds
[2026-01-03T20:05:08.981+0000] {processor.py:161} INFO - Started process (PID=2910) to work on /opt/airflow/dags/pakakumi_scraper.py
[2026-01-03T20:05:08.982+0000] {processor.py:830} INFO - Processing file /opt/airflow/dags/pakakumi_scraper.py for tasks to queue
[2026-01-03T20:05:08.986+0000] {logging_mixin.py:188} INFO - [2026-01-03T20:05:08.985+0000] {dagbag.py:540} INFO - Filling up the DagBag from /opt/airflow/dags/pakakumi_scraper.py
[2026-01-03T20:05:09.016+0000] {processor.py:840} INFO - DAG(s) 'pakakumi_scraper' retrieved from /opt/airflow/dags/pakakumi_scraper.py
[2026-01-03T20:05:09.057+0000] {logging_mixin.py:188} INFO - [2026-01-03T20:05:09.056+0000] {dag.py:3096} INFO - Sync 1 DAGs
[2026-01-03T20:05:09.089+0000] {logging_mixin.py:188} INFO - [2026-01-03T20:05:09.089+0000] {dag.py:3954} INFO - Setting next_dagrun for pakakumi_scraper to 2026-01-03 20:00:00+00:00, run_after=2026-01-03 21:00:00+00:00
[2026-01-03T20:05:09.116+0000] {processor.py:183} INFO - Processing /opt/airflow/dags/pakakumi_scraper.py took 0.148 seconds
[2026-01-03T20:05:39.285+0000] {processor.py:161} INFO - Started process (PID=2915) to work on /opt/airflow/dags/pakakumi_scraper.py
[2026-01-03T20:05:39.287+0000] {processor.py:830} INFO - Processing file /opt/airflow/dags/pakakumi_scraper.py for tasks to queue
[2026-01-03T20:05:39.292+0000] {logging_mixin.py:188} INFO - [2026-01-03T20:05:39.291+0000] {dagbag.py:540} INFO - Filling up the DagBag from /opt/airflow/dags/pakakumi_scraper.py
[2026-01-03T20:05:39.338+0000] {processor.py:840} INFO - DAG(s) 'pakakumi_scraper' retrieved from /opt/airflow/dags/pakakumi_scraper.py
[2026-01-03T20:05:39.383+0000] {logging_mixin.py:188} INFO - [2026-01-03T20:05:39.383+0000] {dag.py:3096} INFO - Sync 1 DAGs
[2026-01-03T20:05:39.424+0000] {logging_mixin.py:188} INFO - [2026-01-03T20:05:39.424+0000] {dag.py:3954} INFO - Setting next_dagrun for pakakumi_scraper to 2026-01-03 20:00:00+00:00, run_after=2026-01-03 21:00:00+00:00
[2026-01-03T20:05:39.459+0000] {processor.py:183} INFO - Processing /opt/airflow/dags/pakakumi_scraper.py took 0.193 seconds
[2026-01-03T20:06:09.579+0000] {processor.py:161} INFO - Started process (PID=2920) to work on /opt/airflow/dags/pakakumi_scraper.py
[2026-01-03T20:06:09.580+0000] {processor.py:830} INFO - Processing file /opt/airflow/dags/pakakumi_scraper.py for tasks to queue
[2026-01-03T20:06:09.584+0000] {logging_mixin.py:188} INFO - [2026-01-03T20:06:09.583+0000] {dagbag.py:540} INFO - Filling up the DagBag from /opt/airflow/dags/pakakumi_scraper.py
[2026-01-03T20:06:09.613+0000] {processor.py:840} INFO - DAG(s) 'pakakumi_scraper' retrieved from /opt/airflow/dags/pakakumi_scraper.py
[2026-01-03T20:06:09.656+0000] {logging_mixin.py:188} INFO - [2026-01-03T20:06:09.656+0000] {dag.py:3096} INFO - Sync 1 DAGs
[2026-01-03T20:06:09.690+0000] {logging_mixin.py:188} INFO - [2026-01-03T20:06:09.690+0000] {dag.py:3954} INFO - Setting next_dagrun for pakakumi_scraper to 2026-01-03 20:00:00+00:00, run_after=2026-01-03 21:00:00+00:00
[2026-01-03T20:06:09.717+0000] {processor.py:183} INFO - Processing /opt/airflow/dags/pakakumi_scraper.py took 0.148 seconds
[2026-01-03T20:06:39.950+0000] {processor.py:161} INFO - Started process (PID=2925) to work on /opt/airflow/dags/pakakumi_scraper.py
[2026-01-03T20:06:39.951+0000] {processor.py:830} INFO - Processing file /opt/airflow/dags/pakakumi_scraper.py for tasks to queue
[2026-01-03T20:06:39.954+0000] {logging_mixin.py:188} INFO - [2026-01-03T20:06:39.954+0000] {dagbag.py:540} INFO - Filling up the DagBag from /opt/airflow/dags/pakakumi_scraper.py
[2026-01-03T20:06:39.984+0000] {processor.py:840} INFO - DAG(s) 'pakakumi_scraper' retrieved from /opt/airflow/dags/pakakumi_scraper.py
[2026-01-03T20:06:40.026+0000] {logging_mixin.py:188} INFO - [2026-01-03T20:06:40.025+0000] {dag.py:3096} INFO - Sync 1 DAGs
[2026-01-03T20:06:40.060+0000] {logging_mixin.py:188} INFO - [2026-01-03T20:06:40.060+0000] {dag.py:3954} INFO - Setting next_dagrun for pakakumi_scraper to 2026-01-03 20:00:00+00:00, run_after=2026-01-03 21:00:00+00:00
[2026-01-03T20:06:40.087+0000] {processor.py:183} INFO - Processing /opt/airflow/dags/pakakumi_scraper.py took 0.150 seconds
[2026-01-03T20:07:10.259+0000] {processor.py:161} INFO - Started process (PID=2930) to work on /opt/airflow/dags/pakakumi_scraper.py
[2026-01-03T20:07:10.261+0000] {processor.py:830} INFO - Processing file /opt/airflow/dags/pakakumi_scraper.py for tasks to queue
[2026-01-03T20:07:10.264+0000] {logging_mixin.py:188} INFO - [2026-01-03T20:07:10.264+0000] {dagbag.py:540} INFO - Filling up the DagBag from /opt/airflow/dags/pakakumi_scraper.py
[2026-01-03T20:07:10.296+0000] {processor.py:840} INFO - DAG(s) 'pakakumi_scraper' retrieved from /opt/airflow/dags/pakakumi_scraper.py
[2026-01-03T20:07:10.339+0000] {logging_mixin.py:188} INFO - [2026-01-03T20:07:10.338+0000] {dag.py:3096} INFO - Sync 1 DAGs
[2026-01-03T20:07:10.372+0000] {logging_mixin.py:188} INFO - [2026-01-03T20:07:10.372+0000] {dag.py:3954} INFO - Setting next_dagrun for pakakumi_scraper to 2026-01-03 20:00:00+00:00, run_after=2026-01-03 21:00:00+00:00
[2026-01-03T20:07:10.401+0000] {processor.py:183} INFO - Processing /opt/airflow/dags/pakakumi_scraper.py took 0.163 seconds
[2026-01-03T20:07:40.562+0000] {processor.py:161} INFO - Started process (PID=2935) to work on /opt/airflow/dags/pakakumi_scraper.py
[2026-01-03T20:07:40.563+0000] {processor.py:830} INFO - Processing file /opt/airflow/dags/pakakumi_scraper.py for tasks to queue
[2026-01-03T20:07:40.566+0000] {logging_mixin.py:188} INFO - [2026-01-03T20:07:40.565+0000] {dagbag.py:540} INFO - Filling up the DagBag from /opt/airflow/dags/pakakumi_scraper.py
[2026-01-03T20:07:40.593+0000] {processor.py:840} INFO - DAG(s) 'pakakumi_scraper' retrieved from /opt/airflow/dags/pakakumi_scraper.py
[2026-01-03T20:07:40.644+0000] {logging_mixin.py:188} INFO - [2026-01-03T20:07:40.644+0000] {dag.py:3096} INFO - Sync 1 DAGs
[2026-01-03T20:07:40.682+0000] {logging_mixin.py:188} INFO - [2026-01-03T20:07:40.681+0000] {dag.py:3954} INFO - Setting next_dagrun for pakakumi_scraper to 2026-01-03 20:00:00+00:00, run_after=2026-01-03 21:00:00+00:00
[2026-01-03T20:07:40.712+0000] {processor.py:183} INFO - Processing /opt/airflow/dags/pakakumi_scraper.py took 0.162 seconds
[2026-01-03T20:08:10.919+0000] {processor.py:161} INFO - Started process (PID=2940) to work on /opt/airflow/dags/pakakumi_scraper.py
[2026-01-03T20:08:10.921+0000] {processor.py:830} INFO - Processing file /opt/airflow/dags/pakakumi_scraper.py for tasks to queue
[2026-01-03T20:08:10.924+0000] {logging_mixin.py:188} INFO - [2026-01-03T20:08:10.924+0000] {dagbag.py:540} INFO - Filling up the DagBag from /opt/airflow/dags/pakakumi_scraper.py
[2026-01-03T20:08:10.954+0000] {processor.py:840} INFO - DAG(s) 'pakakumi_scraper' retrieved from /opt/airflow/dags/pakakumi_scraper.py
[2026-01-03T20:08:10.994+0000] {logging_mixin.py:188} INFO - [2026-01-03T20:08:10.994+0000] {dag.py:3096} INFO - Sync 1 DAGs
[2026-01-03T20:08:11.028+0000] {logging_mixin.py:188} INFO - [2026-01-03T20:08:11.027+0000] {dag.py:3954} INFO - Setting next_dagrun for pakakumi_scraper to 2026-01-03 20:00:00+00:00, run_after=2026-01-03 21:00:00+00:00
[2026-01-03T20:08:11.054+0000] {processor.py:183} INFO - Processing /opt/airflow/dags/pakakumi_scraper.py took 0.148 seconds
[2026-01-03T20:08:41.232+0000] {processor.py:161} INFO - Started process (PID=2945) to work on /opt/airflow/dags/pakakumi_scraper.py
[2026-01-03T20:08:41.234+0000] {processor.py:830} INFO - Processing file /opt/airflow/dags/pakakumi_scraper.py for tasks to queue
[2026-01-03T20:08:41.238+0000] {logging_mixin.py:188} INFO - [2026-01-03T20:08:41.237+0000] {dagbag.py:540} INFO - Filling up the DagBag from /opt/airflow/dags/pakakumi_scraper.py
[2026-01-03T20:08:41.267+0000] {processor.py:840} INFO - DAG(s) 'pakakumi_scraper' retrieved from /opt/airflow/dags/pakakumi_scraper.py
[2026-01-03T20:08:41.308+0000] {logging_mixin.py:188} INFO - [2026-01-03T20:08:41.307+0000] {dag.py:3096} INFO - Sync 1 DAGs
[2026-01-03T20:08:41.340+0000] {logging_mixin.py:188} INFO - [2026-01-03T20:08:41.339+0000] {dag.py:3954} INFO - Setting next_dagrun for pakakumi_scraper to 2026-01-03 20:00:00+00:00, run_after=2026-01-03 21:00:00+00:00
[2026-01-03T20:08:41.367+0000] {processor.py:183} INFO - Processing /opt/airflow/dags/pakakumi_scraper.py took 0.150 seconds
[2026-01-03T20:09:11.549+0000] {processor.py:161} INFO - Started process (PID=2950) to work on /opt/airflow/dags/pakakumi_scraper.py
[2026-01-03T20:09:11.550+0000] {processor.py:830} INFO - Processing file /opt/airflow/dags/pakakumi_scraper.py for tasks to queue
[2026-01-03T20:09:11.553+0000] {logging_mixin.py:188} INFO - [2026-01-03T20:09:11.552+0000] {dagbag.py:540} INFO - Filling up the DagBag from /opt/airflow/dags/pakakumi_scraper.py
[2026-01-03T20:09:11.581+0000] {processor.py:840} INFO - DAG(s) 'pakakumi_scraper' retrieved from /opt/airflow/dags/pakakumi_scraper.py
[2026-01-03T20:09:11.622+0000] {logging_mixin.py:188} INFO - [2026-01-03T20:09:11.622+0000] {dag.py:3096} INFO - Sync 1 DAGs
[2026-01-03T20:09:11.655+0000] {logging_mixin.py:188} INFO - [2026-01-03T20:09:11.655+0000] {dag.py:3954} INFO - Setting next_dagrun for pakakumi_scraper to 2026-01-03 20:00:00+00:00, run_after=2026-01-03 21:00:00+00:00
[2026-01-03T20:09:11.682+0000] {processor.py:183} INFO - Processing /opt/airflow/dags/pakakumi_scraper.py took 0.145 seconds
[2026-01-03T20:09:41.896+0000] {processor.py:161} INFO - Started process (PID=2955) to work on /opt/airflow/dags/pakakumi_scraper.py
[2026-01-03T20:09:41.898+0000] {processor.py:830} INFO - Processing file /opt/airflow/dags/pakakumi_scraper.py for tasks to queue
[2026-01-03T20:09:41.901+0000] {logging_mixin.py:188} INFO - [2026-01-03T20:09:41.901+0000] {dagbag.py:540} INFO - Filling up the DagBag from /opt/airflow/dags/pakakumi_scraper.py
[2026-01-03T20:09:41.929+0000] {processor.py:840} INFO - DAG(s) 'pakakumi_scraper' retrieved from /opt/airflow/dags/pakakumi_scraper.py
[2026-01-03T20:09:41.975+0000] {logging_mixin.py:188} INFO - [2026-01-03T20:09:41.975+0000] {dag.py:3096} INFO - Sync 1 DAGs
[2026-01-03T20:09:42.012+0000] {logging_mixin.py:188} INFO - [2026-01-03T20:09:42.012+0000] {dag.py:3954} INFO - Setting next_dagrun for pakakumi_scraper to 2026-01-03 20:00:00+00:00, run_after=2026-01-03 21:00:00+00:00
[2026-01-03T20:09:42.041+0000] {processor.py:183} INFO - Processing /opt/airflow/dags/pakakumi_scraper.py took 0.156 seconds
[2026-01-03T20:10:12.162+0000] {processor.py:161} INFO - Started process (PID=2960) to work on /opt/airflow/dags/pakakumi_scraper.py
[2026-01-03T20:10:12.163+0000] {processor.py:830} INFO - Processing file /opt/airflow/dags/pakakumi_scraper.py for tasks to queue
[2026-01-03T20:10:12.165+0000] {logging_mixin.py:188} INFO - [2026-01-03T20:10:12.165+0000] {dagbag.py:540} INFO - Filling up the DagBag from /opt/airflow/dags/pakakumi_scraper.py
[2026-01-03T20:10:12.191+0000] {processor.py:840} INFO - DAG(s) 'pakakumi_scraper' retrieved from /opt/airflow/dags/pakakumi_scraper.py
[2026-01-03T20:10:12.234+0000] {logging_mixin.py:188} INFO - [2026-01-03T20:10:12.234+0000] {dag.py:3096} INFO - Sync 1 DAGs
[2026-01-03T20:10:12.269+0000] {logging_mixin.py:188} INFO - [2026-01-03T20:10:12.268+0000] {dag.py:3954} INFO - Setting next_dagrun for pakakumi_scraper to 2026-01-03 20:00:00+00:00, run_after=2026-01-03 21:00:00+00:00
[2026-01-03T20:10:12.297+0000] {processor.py:183} INFO - Processing /opt/airflow/dags/pakakumi_scraper.py took 0.145 seconds
[2026-01-03T20:10:42.545+0000] {processor.py:161} INFO - Started process (PID=2965) to work on /opt/airflow/dags/pakakumi_scraper.py
[2026-01-03T20:10:42.546+0000] {processor.py:830} INFO - Processing file /opt/airflow/dags/pakakumi_scraper.py for tasks to queue
[2026-01-03T20:10:42.549+0000] {logging_mixin.py:188} INFO - [2026-01-03T20:10:42.549+0000] {dagbag.py:540} INFO - Filling up the DagBag from /opt/airflow/dags/pakakumi_scraper.py
[2026-01-03T20:10:42.577+0000] {processor.py:840} INFO - DAG(s) 'pakakumi_scraper' retrieved from /opt/airflow/dags/pakakumi_scraper.py
[2026-01-03T20:10:42.626+0000] {logging_mixin.py:188} INFO - [2026-01-03T20:10:42.626+0000] {dag.py:3096} INFO - Sync 1 DAGs
[2026-01-03T20:10:42.662+0000] {logging_mixin.py:188} INFO - [2026-01-03T20:10:42.662+0000] {dag.py:3954} INFO - Setting next_dagrun for pakakumi_scraper to 2026-01-03 20:00:00+00:00, run_after=2026-01-03 21:00:00+00:00
[2026-01-03T20:10:42.691+0000] {processor.py:183} INFO - Processing /opt/airflow/dags/pakakumi_scraper.py took 0.155 seconds
[2026-01-03T20:11:12.806+0000] {processor.py:161} INFO - Started process (PID=2970) to work on /opt/airflow/dags/pakakumi_scraper.py
[2026-01-03T20:11:12.808+0000] {processor.py:830} INFO - Processing file /opt/airflow/dags/pakakumi_scraper.py for tasks to queue
[2026-01-03T20:11:12.813+0000] {logging_mixin.py:188} INFO - [2026-01-03T20:11:12.812+0000] {dagbag.py:540} INFO - Filling up the DagBag from /opt/airflow/dags/pakakumi_scraper.py
[2026-01-03T20:11:12.841+0000] {processor.py:840} INFO - DAG(s) 'pakakumi_scraper' retrieved from /opt/airflow/dags/pakakumi_scraper.py
[2026-01-03T20:11:12.884+0000] {logging_mixin.py:188} INFO - [2026-01-03T20:11:12.884+0000] {dag.py:3096} INFO - Sync 1 DAGs
[2026-01-03T20:11:12.919+0000] {logging_mixin.py:188} INFO - [2026-01-03T20:11:12.918+0000] {dag.py:3954} INFO - Setting next_dagrun for pakakumi_scraper to 2026-01-03 20:00:00+00:00, run_after=2026-01-03 21:00:00+00:00
[2026-01-03T20:11:12.945+0000] {processor.py:183} INFO - Processing /opt/airflow/dags/pakakumi_scraper.py took 0.152 seconds
[2026-01-03T20:11:43.162+0000] {processor.py:161} INFO - Started process (PID=2975) to work on /opt/airflow/dags/pakakumi_scraper.py
[2026-01-03T20:11:43.163+0000] {processor.py:830} INFO - Processing file /opt/airflow/dags/pakakumi_scraper.py for tasks to queue
[2026-01-03T20:11:43.166+0000] {logging_mixin.py:188} INFO - [2026-01-03T20:11:43.165+0000] {dagbag.py:540} INFO - Filling up the DagBag from /opt/airflow/dags/pakakumi_scraper.py
[2026-01-03T20:11:43.192+0000] {processor.py:840} INFO - DAG(s) 'pakakumi_scraper' retrieved from /opt/airflow/dags/pakakumi_scraper.py
[2026-01-03T20:11:43.234+0000] {logging_mixin.py:188} INFO - [2026-01-03T20:11:43.233+0000] {dag.py:3096} INFO - Sync 1 DAGs
[2026-01-03T20:11:43.267+0000] {logging_mixin.py:188} INFO - [2026-01-03T20:11:43.267+0000] {dag.py:3954} INFO - Setting next_dagrun for pakakumi_scraper to 2026-01-03 20:00:00+00:00, run_after=2026-01-03 21:00:00+00:00
[2026-01-03T20:11:43.296+0000] {processor.py:183} INFO - Processing /opt/airflow/dags/pakakumi_scraper.py took 0.143 seconds
[2026-01-03T20:12:13.394+0000] {processor.py:161} INFO - Started process (PID=2980) to work on /opt/airflow/dags/pakakumi_scraper.py
[2026-01-03T20:12:13.396+0000] {processor.py:830} INFO - Processing file /opt/airflow/dags/pakakumi_scraper.py for tasks to queue
[2026-01-03T20:12:13.399+0000] {logging_mixin.py:188} INFO - [2026-01-03T20:12:13.398+0000] {dagbag.py:540} INFO - Filling up the DagBag from /opt/airflow/dags/pakakumi_scraper.py
[2026-01-03T20:12:13.427+0000] {processor.py:840} INFO - DAG(s) 'pakakumi_scraper' retrieved from /opt/airflow/dags/pakakumi_scraper.py
[2026-01-03T20:12:13.469+0000] {logging_mixin.py:188} INFO - [2026-01-03T20:12:13.469+0000] {dag.py:3096} INFO - Sync 1 DAGs
[2026-01-03T20:12:13.504+0000] {logging_mixin.py:188} INFO - [2026-01-03T20:12:13.504+0000] {dag.py:3954} INFO - Setting next_dagrun for pakakumi_scraper to 2026-01-03 20:00:00+00:00, run_after=2026-01-03 21:00:00+00:00
[2026-01-03T20:12:13.531+0000] {processor.py:183} INFO - Processing /opt/airflow/dags/pakakumi_scraper.py took 0.148 seconds
[2026-01-03T20:12:43.727+0000] {processor.py:161} INFO - Started process (PID=2985) to work on /opt/airflow/dags/pakakumi_scraper.py
[2026-01-03T20:12:43.729+0000] {processor.py:830} INFO - Processing file /opt/airflow/dags/pakakumi_scraper.py for tasks to queue
[2026-01-03T20:12:43.731+0000] {logging_mixin.py:188} INFO - [2026-01-03T20:12:43.731+0000] {dagbag.py:540} INFO - Filling up the DagBag from /opt/airflow/dags/pakakumi_scraper.py
[2026-01-03T20:12:43.760+0000] {processor.py:840} INFO - DAG(s) 'pakakumi_scraper' retrieved from /opt/airflow/dags/pakakumi_scraper.py
[2026-01-03T20:12:43.804+0000] {logging_mixin.py:188} INFO - [2026-01-03T20:12:43.804+0000] {dag.py:3096} INFO - Sync 1 DAGs
[2026-01-03T20:12:43.839+0000] {logging_mixin.py:188} INFO - [2026-01-03T20:12:43.839+0000] {dag.py:3954} INFO - Setting next_dagrun for pakakumi_scraper to 2026-01-03 20:00:00+00:00, run_after=2026-01-03 21:00:00+00:00
[2026-01-03T20:12:43.868+0000] {processor.py:183} INFO - Processing /opt/airflow/dags/pakakumi_scraper.py took 0.152 seconds
