[2026-01-07T19:56:37.525+0000] {processor.py:161} INFO - Started process (PID=163) to work on /opt/airflow/dags/pakakumi_scraper.py
[2026-01-07T19:56:37.529+0000] {processor.py:830} INFO - Processing file /opt/airflow/dags/pakakumi_scraper.py for tasks to queue
[2026-01-07T19:56:37.536+0000] {logging_mixin.py:188} INFO - [2026-01-07T19:56:37.535+0000] {dagbag.py:540} INFO - Filling up the DagBag from /opt/airflow/dags/pakakumi_scraper.py
[2026-01-07T19:56:37.628+0000] {processor.py:840} INFO - DAG(s) 'pakakumi_scraper' retrieved from /opt/airflow/dags/pakakumi_scraper.py
[2026-01-07T19:56:37.975+0000] {logging_mixin.py:188} INFO - [2026-01-07T19:56:37.974+0000] {dag.py:3096} INFO - Sync 1 DAGs
[2026-01-07T19:56:38.059+0000] {logging_mixin.py:188} INFO - [2026-01-07T19:56:38.058+0000] {dag.py:3954} INFO - Setting next_dagrun for pakakumi_scraper to 2026-01-07 19:00:00+00:00, run_after=2026-01-07 20:00:00+00:00
[2026-01-07T19:56:38.117+0000] {processor.py:183} INFO - Processing /opt/airflow/dags/pakakumi_scraper.py took 0.616 seconds
[2026-01-07T19:57:08.361+0000] {processor.py:161} INFO - Started process (PID=175) to work on /opt/airflow/dags/pakakumi_scraper.py
[2026-01-07T19:57:08.363+0000] {processor.py:830} INFO - Processing file /opt/airflow/dags/pakakumi_scraper.py for tasks to queue
[2026-01-07T19:57:08.367+0000] {logging_mixin.py:188} INFO - [2026-01-07T19:57:08.366+0000] {dagbag.py:540} INFO - Filling up the DagBag from /opt/airflow/dags/pakakumi_scraper.py
[2026-01-07T19:57:08.397+0000] {processor.py:840} INFO - DAG(s) 'pakakumi_scraper' retrieved from /opt/airflow/dags/pakakumi_scraper.py
[2026-01-07T19:57:08.444+0000] {logging_mixin.py:188} INFO - [2026-01-07T19:57:08.444+0000] {dag.py:3096} INFO - Sync 1 DAGs
[2026-01-07T19:57:08.479+0000] {logging_mixin.py:188} INFO - [2026-01-07T19:57:08.478+0000] {dag.py:3954} INFO - Setting next_dagrun for pakakumi_scraper to 2026-01-07 19:00:00+00:00, run_after=2026-01-07 20:00:00+00:00
[2026-01-07T19:57:08.507+0000] {processor.py:183} INFO - Processing /opt/airflow/dags/pakakumi_scraper.py took 0.157 seconds
[2026-01-07T19:57:38.609+0000] {processor.py:161} INFO - Started process (PID=180) to work on /opt/airflow/dags/pakakumi_scraper.py
[2026-01-07T19:57:38.610+0000] {processor.py:830} INFO - Processing file /opt/airflow/dags/pakakumi_scraper.py for tasks to queue
[2026-01-07T19:57:38.613+0000] {logging_mixin.py:188} INFO - [2026-01-07T19:57:38.613+0000] {dagbag.py:540} INFO - Filling up the DagBag from /opt/airflow/dags/pakakumi_scraper.py
[2026-01-07T19:57:38.651+0000] {processor.py:840} INFO - DAG(s) 'pakakumi_scraper' retrieved from /opt/airflow/dags/pakakumi_scraper.py
[2026-01-07T19:57:38.705+0000] {logging_mixin.py:188} INFO - [2026-01-07T19:57:38.705+0000] {dag.py:3096} INFO - Sync 1 DAGs
[2026-01-07T19:57:38.745+0000] {logging_mixin.py:188} INFO - [2026-01-07T19:57:38.745+0000] {dag.py:3954} INFO - Setting next_dagrun for pakakumi_scraper to 2026-01-07 19:00:00+00:00, run_after=2026-01-07 20:00:00+00:00
[2026-01-07T19:57:38.772+0000] {processor.py:183} INFO - Processing /opt/airflow/dags/pakakumi_scraper.py took 0.178 seconds
[2026-01-07T19:58:08.973+0000] {processor.py:161} INFO - Started process (PID=185) to work on /opt/airflow/dags/pakakumi_scraper.py
[2026-01-07T19:58:08.974+0000] {processor.py:830} INFO - Processing file /opt/airflow/dags/pakakumi_scraper.py for tasks to queue
[2026-01-07T19:58:08.976+0000] {logging_mixin.py:188} INFO - [2026-01-07T19:58:08.976+0000] {dagbag.py:540} INFO - Filling up the DagBag from /opt/airflow/dags/pakakumi_scraper.py
[2026-01-07T19:58:09.004+0000] {processor.py:840} INFO - DAG(s) 'pakakumi_scraper' retrieved from /opt/airflow/dags/pakakumi_scraper.py
[2026-01-07T19:58:09.048+0000] {logging_mixin.py:188} INFO - [2026-01-07T19:58:09.048+0000] {dag.py:3096} INFO - Sync 1 DAGs
[2026-01-07T19:58:09.085+0000] {logging_mixin.py:188} INFO - [2026-01-07T19:58:09.085+0000] {dag.py:3954} INFO - Setting next_dagrun for pakakumi_scraper to 2026-01-07 19:00:00+00:00, run_after=2026-01-07 20:00:00+00:00
[2026-01-07T19:58:09.116+0000] {processor.py:183} INFO - Processing /opt/airflow/dags/pakakumi_scraper.py took 0.152 seconds
[2026-01-07T19:58:39.256+0000] {processor.py:161} INFO - Started process (PID=190) to work on /opt/airflow/dags/pakakumi_scraper.py
[2026-01-07T19:58:39.257+0000] {processor.py:830} INFO - Processing file /opt/airflow/dags/pakakumi_scraper.py for tasks to queue
[2026-01-07T19:58:39.261+0000] {logging_mixin.py:188} INFO - [2026-01-07T19:58:39.260+0000] {dagbag.py:540} INFO - Filling up the DagBag from /opt/airflow/dags/pakakumi_scraper.py
[2026-01-07T19:58:39.305+0000] {processor.py:840} INFO - DAG(s) 'pakakumi_scraper' retrieved from /opt/airflow/dags/pakakumi_scraper.py
[2026-01-07T19:58:39.346+0000] {logging_mixin.py:188} INFO - [2026-01-07T19:58:39.346+0000] {dag.py:3096} INFO - Sync 1 DAGs
[2026-01-07T19:58:39.381+0000] {logging_mixin.py:188} INFO - [2026-01-07T19:58:39.380+0000] {dag.py:3954} INFO - Setting next_dagrun for pakakumi_scraper to 2026-01-07 19:00:00+00:00, run_after=2026-01-07 20:00:00+00:00
[2026-01-07T19:58:39.406+0000] {processor.py:183} INFO - Processing /opt/airflow/dags/pakakumi_scraper.py took 0.163 seconds
[2026-01-07T19:59:09.626+0000] {processor.py:161} INFO - Started process (PID=195) to work on /opt/airflow/dags/pakakumi_scraper.py
[2026-01-07T19:59:09.627+0000] {processor.py:830} INFO - Processing file /opt/airflow/dags/pakakumi_scraper.py for tasks to queue
[2026-01-07T19:59:09.630+0000] {logging_mixin.py:188} INFO - [2026-01-07T19:59:09.630+0000] {dagbag.py:540} INFO - Filling up the DagBag from /opt/airflow/dags/pakakumi_scraper.py
[2026-01-07T19:59:09.662+0000] {processor.py:840} INFO - DAG(s) 'pakakumi_scraper' retrieved from /opt/airflow/dags/pakakumi_scraper.py
[2026-01-07T19:59:09.709+0000] {logging_mixin.py:188} INFO - [2026-01-07T19:59:09.709+0000] {dag.py:3096} INFO - Sync 1 DAGs
[2026-01-07T19:59:09.748+0000] {logging_mixin.py:188} INFO - [2026-01-07T19:59:09.747+0000] {dag.py:3954} INFO - Setting next_dagrun for pakakumi_scraper to 2026-01-07 19:00:00+00:00, run_after=2026-01-07 20:00:00+00:00
[2026-01-07T19:59:09.777+0000] {processor.py:183} INFO - Processing /opt/airflow/dags/pakakumi_scraper.py took 0.172 seconds
[2026-01-07T19:59:39.902+0000] {processor.py:161} INFO - Started process (PID=200) to work on /opt/airflow/dags/pakakumi_scraper.py
[2026-01-07T19:59:39.904+0000] {processor.py:830} INFO - Processing file /opt/airflow/dags/pakakumi_scraper.py for tasks to queue
[2026-01-07T19:59:39.908+0000] {logging_mixin.py:188} INFO - [2026-01-07T19:59:39.907+0000] {dagbag.py:540} INFO - Filling up the DagBag from /opt/airflow/dags/pakakumi_scraper.py
[2026-01-07T19:59:39.942+0000] {processor.py:840} INFO - DAG(s) 'pakakumi_scraper' retrieved from /opt/airflow/dags/pakakumi_scraper.py
[2026-01-07T19:59:39.988+0000] {logging_mixin.py:188} INFO - [2026-01-07T19:59:39.988+0000] {dag.py:3096} INFO - Sync 1 DAGs
[2026-01-07T19:59:40.028+0000] {logging_mixin.py:188} INFO - [2026-01-07T19:59:40.028+0000] {dag.py:3954} INFO - Setting next_dagrun for pakakumi_scraper to 2026-01-07 19:00:00+00:00, run_after=2026-01-07 20:00:00+00:00
[2026-01-07T19:59:40.056+0000] {processor.py:183} INFO - Processing /opt/airflow/dags/pakakumi_scraper.py took 0.168 seconds
[2026-01-07T20:00:10.242+0000] {processor.py:161} INFO - Started process (PID=208) to work on /opt/airflow/dags/pakakumi_scraper.py
[2026-01-07T20:00:10.243+0000] {processor.py:830} INFO - Processing file /opt/airflow/dags/pakakumi_scraper.py for tasks to queue
[2026-01-07T20:00:10.246+0000] {logging_mixin.py:188} INFO - [2026-01-07T20:00:10.245+0000] {dagbag.py:540} INFO - Filling up the DagBag from /opt/airflow/dags/pakakumi_scraper.py
[2026-01-07T20:00:10.274+0000] {processor.py:840} INFO - DAG(s) 'pakakumi_scraper' retrieved from /opt/airflow/dags/pakakumi_scraper.py
[2026-01-07T20:00:10.314+0000] {logging_mixin.py:188} INFO - [2026-01-07T20:00:10.314+0000] {dag.py:3096} INFO - Sync 1 DAGs
[2026-01-07T20:00:10.345+0000] {logging_mixin.py:188} INFO - [2026-01-07T20:00:10.345+0000] {dag.py:3954} INFO - Setting next_dagrun for pakakumi_scraper to 2026-01-07 20:00:00+00:00, run_after=2026-01-07 21:00:00+00:00
[2026-01-07T20:00:10.373+0000] {processor.py:183} INFO - Processing /opt/airflow/dags/pakakumi_scraper.py took 0.140 seconds
[2026-01-07T20:00:40.603+0000] {processor.py:161} INFO - Started process (PID=213) to work on /opt/airflow/dags/pakakumi_scraper.py
[2026-01-07T20:00:40.604+0000] {processor.py:830} INFO - Processing file /opt/airflow/dags/pakakumi_scraper.py for tasks to queue
[2026-01-07T20:00:40.607+0000] {logging_mixin.py:188} INFO - [2026-01-07T20:00:40.607+0000] {dagbag.py:540} INFO - Filling up the DagBag from /opt/airflow/dags/pakakumi_scraper.py
[2026-01-07T20:00:40.635+0000] {processor.py:840} INFO - DAG(s) 'pakakumi_scraper' retrieved from /opt/airflow/dags/pakakumi_scraper.py
[2026-01-07T20:00:40.675+0000] {logging_mixin.py:188} INFO - [2026-01-07T20:00:40.675+0000] {dag.py:3096} INFO - Sync 1 DAGs
[2026-01-07T20:00:40.710+0000] {logging_mixin.py:188} INFO - [2026-01-07T20:00:40.709+0000] {dag.py:3954} INFO - Setting next_dagrun for pakakumi_scraper to 2026-01-07 20:00:00+00:00, run_after=2026-01-07 21:00:00+00:00
[2026-01-07T20:00:40.733+0000] {processor.py:183} INFO - Processing /opt/airflow/dags/pakakumi_scraper.py took 0.139 seconds
[2026-01-07T20:01:10.814+0000] {processor.py:161} INFO - Started process (PID=218) to work on /opt/airflow/dags/pakakumi_scraper.py
[2026-01-07T20:01:10.816+0000] {processor.py:830} INFO - Processing file /opt/airflow/dags/pakakumi_scraper.py for tasks to queue
[2026-01-07T20:01:10.819+0000] {logging_mixin.py:188} INFO - [2026-01-07T20:01:10.818+0000] {dagbag.py:540} INFO - Filling up the DagBag from /opt/airflow/dags/pakakumi_scraper.py
[2026-01-07T20:01:10.850+0000] {processor.py:840} INFO - DAG(s) 'pakakumi_scraper' retrieved from /opt/airflow/dags/pakakumi_scraper.py
[2026-01-07T20:01:10.900+0000] {logging_mixin.py:188} INFO - [2026-01-07T20:01:10.899+0000] {dag.py:3096} INFO - Sync 1 DAGs
[2026-01-07T20:01:10.936+0000] {logging_mixin.py:188} INFO - [2026-01-07T20:01:10.935+0000] {dag.py:3954} INFO - Setting next_dagrun for pakakumi_scraper to 2026-01-07 20:00:00+00:00, run_after=2026-01-07 21:00:00+00:00
[2026-01-07T20:01:10.966+0000] {processor.py:183} INFO - Processing /opt/airflow/dags/pakakumi_scraper.py took 0.163 seconds
[2026-01-07T20:01:41.167+0000] {processor.py:161} INFO - Started process (PID=223) to work on /opt/airflow/dags/pakakumi_scraper.py
[2026-01-07T20:01:41.168+0000] {processor.py:830} INFO - Processing file /opt/airflow/dags/pakakumi_scraper.py for tasks to queue
[2026-01-07T20:01:41.171+0000] {logging_mixin.py:188} INFO - [2026-01-07T20:01:41.171+0000] {dagbag.py:540} INFO - Filling up the DagBag from /opt/airflow/dags/pakakumi_scraper.py
[2026-01-07T20:01:41.199+0000] {processor.py:840} INFO - DAG(s) 'pakakumi_scraper' retrieved from /opt/airflow/dags/pakakumi_scraper.py
[2026-01-07T20:01:41.243+0000] {logging_mixin.py:188} INFO - [2026-01-07T20:01:41.242+0000] {dag.py:3096} INFO - Sync 1 DAGs
[2026-01-07T20:01:41.279+0000] {logging_mixin.py:188} INFO - [2026-01-07T20:01:41.279+0000] {dag.py:3954} INFO - Setting next_dagrun for pakakumi_scraper to 2026-01-07 20:00:00+00:00, run_after=2026-01-07 21:00:00+00:00
[2026-01-07T20:01:41.304+0000] {processor.py:183} INFO - Processing /opt/airflow/dags/pakakumi_scraper.py took 0.146 seconds
[2026-01-07T20:02:11.398+0000] {processor.py:161} INFO - Started process (PID=228) to work on /opt/airflow/dags/pakakumi_scraper.py
[2026-01-07T20:02:11.399+0000] {processor.py:830} INFO - Processing file /opt/airflow/dags/pakakumi_scraper.py for tasks to queue
[2026-01-07T20:02:11.402+0000] {logging_mixin.py:188} INFO - [2026-01-07T20:02:11.402+0000] {dagbag.py:540} INFO - Filling up the DagBag from /opt/airflow/dags/pakakumi_scraper.py
[2026-01-07T20:02:11.432+0000] {processor.py:840} INFO - DAG(s) 'pakakumi_scraper' retrieved from /opt/airflow/dags/pakakumi_scraper.py
[2026-01-07T20:02:11.476+0000] {logging_mixin.py:188} INFO - [2026-01-07T20:02:11.476+0000] {dag.py:3096} INFO - Sync 1 DAGs
[2026-01-07T20:02:11.518+0000] {logging_mixin.py:188} INFO - [2026-01-07T20:02:11.517+0000] {dag.py:3954} INFO - Setting next_dagrun for pakakumi_scraper to 2026-01-07 20:00:00+00:00, run_after=2026-01-07 21:00:00+00:00
[2026-01-07T20:02:11.553+0000] {processor.py:183} INFO - Processing /opt/airflow/dags/pakakumi_scraper.py took 0.164 seconds
[2026-01-07T20:02:41.731+0000] {processor.py:161} INFO - Started process (PID=233) to work on /opt/airflow/dags/pakakumi_scraper.py
[2026-01-07T20:02:41.733+0000] {processor.py:830} INFO - Processing file /opt/airflow/dags/pakakumi_scraper.py for tasks to queue
[2026-01-07T20:02:41.736+0000] {logging_mixin.py:188} INFO - [2026-01-07T20:02:41.735+0000] {dagbag.py:540} INFO - Filling up the DagBag from /opt/airflow/dags/pakakumi_scraper.py
[2026-01-07T20:02:41.783+0000] {processor.py:840} INFO - DAG(s) 'pakakumi_scraper' retrieved from /opt/airflow/dags/pakakumi_scraper.py
[2026-01-07T20:02:41.830+0000] {logging_mixin.py:188} INFO - [2026-01-07T20:02:41.829+0000] {dag.py:3096} INFO - Sync 1 DAGs
[2026-01-07T20:02:41.868+0000] {logging_mixin.py:188} INFO - [2026-01-07T20:02:41.868+0000] {dag.py:3954} INFO - Setting next_dagrun for pakakumi_scraper to 2026-01-07 20:00:00+00:00, run_after=2026-01-07 21:00:00+00:00
[2026-01-07T20:02:41.900+0000] {processor.py:183} INFO - Processing /opt/airflow/dags/pakakumi_scraper.py took 0.179 seconds
[2026-01-07T20:03:12.003+0000] {processor.py:161} INFO - Started process (PID=238) to work on /opt/airflow/dags/pakakumi_scraper.py
[2026-01-07T20:03:12.004+0000] {processor.py:830} INFO - Processing file /opt/airflow/dags/pakakumi_scraper.py for tasks to queue
[2026-01-07T20:03:12.009+0000] {logging_mixin.py:188} INFO - [2026-01-07T20:03:12.009+0000] {dagbag.py:540} INFO - Filling up the DagBag from /opt/airflow/dags/pakakumi_scraper.py
[2026-01-07T20:03:12.038+0000] {processor.py:840} INFO - DAG(s) 'pakakumi_scraper' retrieved from /opt/airflow/dags/pakakumi_scraper.py
[2026-01-07T20:03:12.080+0000] {logging_mixin.py:188} INFO - [2026-01-07T20:03:12.079+0000] {dag.py:3096} INFO - Sync 1 DAGs
[2026-01-07T20:03:12.112+0000] {logging_mixin.py:188} INFO - [2026-01-07T20:03:12.111+0000] {dag.py:3954} INFO - Setting next_dagrun for pakakumi_scraper to 2026-01-07 20:00:00+00:00, run_after=2026-01-07 21:00:00+00:00
[2026-01-07T20:03:12.137+0000] {processor.py:183} INFO - Processing /opt/airflow/dags/pakakumi_scraper.py took 0.149 seconds
[2026-01-07T20:03:42.376+0000] {processor.py:161} INFO - Started process (PID=243) to work on /opt/airflow/dags/pakakumi_scraper.py
[2026-01-07T20:03:42.377+0000] {processor.py:830} INFO - Processing file /opt/airflow/dags/pakakumi_scraper.py for tasks to queue
[2026-01-07T20:03:42.380+0000] {logging_mixin.py:188} INFO - [2026-01-07T20:03:42.379+0000] {dagbag.py:540} INFO - Filling up the DagBag from /opt/airflow/dags/pakakumi_scraper.py
[2026-01-07T20:03:42.405+0000] {processor.py:840} INFO - DAG(s) 'pakakumi_scraper' retrieved from /opt/airflow/dags/pakakumi_scraper.py
[2026-01-07T20:03:42.446+0000] {logging_mixin.py:188} INFO - [2026-01-07T20:03:42.446+0000] {dag.py:3096} INFO - Sync 1 DAGs
[2026-01-07T20:03:42.480+0000] {logging_mixin.py:188} INFO - [2026-01-07T20:03:42.480+0000] {dag.py:3954} INFO - Setting next_dagrun for pakakumi_scraper to 2026-01-07 20:00:00+00:00, run_after=2026-01-07 21:00:00+00:00
[2026-01-07T20:03:42.505+0000] {processor.py:183} INFO - Processing /opt/airflow/dags/pakakumi_scraper.py took 0.142 seconds
[2026-01-07T20:04:12.592+0000] {processor.py:161} INFO - Started process (PID=248) to work on /opt/airflow/dags/pakakumi_scraper.py
[2026-01-07T20:04:12.593+0000] {processor.py:830} INFO - Processing file /opt/airflow/dags/pakakumi_scraper.py for tasks to queue
[2026-01-07T20:04:12.596+0000] {logging_mixin.py:188} INFO - [2026-01-07T20:04:12.596+0000] {dagbag.py:540} INFO - Filling up the DagBag from /opt/airflow/dags/pakakumi_scraper.py
[2026-01-07T20:04:12.625+0000] {processor.py:840} INFO - DAG(s) 'pakakumi_scraper' retrieved from /opt/airflow/dags/pakakumi_scraper.py
[2026-01-07T20:04:12.671+0000] {logging_mixin.py:188} INFO - [2026-01-07T20:04:12.670+0000] {dag.py:3096} INFO - Sync 1 DAGs
[2026-01-07T20:04:12.706+0000] {logging_mixin.py:188} INFO - [2026-01-07T20:04:12.705+0000] {dag.py:3954} INFO - Setting next_dagrun for pakakumi_scraper to 2026-01-07 20:00:00+00:00, run_after=2026-01-07 21:00:00+00:00
[2026-01-07T20:04:12.730+0000] {processor.py:183} INFO - Processing /opt/airflow/dags/pakakumi_scraper.py took 0.148 seconds
[2026-01-07T20:04:42.996+0000] {processor.py:161} INFO - Started process (PID=253) to work on /opt/airflow/dags/pakakumi_scraper.py
[2026-01-07T20:04:43.009+0000] {processor.py:830} INFO - Processing file /opt/airflow/dags/pakakumi_scraper.py for tasks to queue
[2026-01-07T20:04:43.013+0000] {logging_mixin.py:188} INFO - [2026-01-07T20:04:43.012+0000] {dagbag.py:540} INFO - Filling up the DagBag from /opt/airflow/dags/pakakumi_scraper.py
[2026-01-07T20:04:43.052+0000] {processor.py:840} INFO - DAG(s) 'pakakumi_scraper' retrieved from /opt/airflow/dags/pakakumi_scraper.py
[2026-01-07T20:04:43.095+0000] {logging_mixin.py:188} INFO - [2026-01-07T20:04:43.095+0000] {dag.py:3096} INFO - Sync 1 DAGs
[2026-01-07T20:04:43.133+0000] {logging_mixin.py:188} INFO - [2026-01-07T20:04:43.133+0000] {dag.py:3954} INFO - Setting next_dagrun for pakakumi_scraper to 2026-01-07 20:00:00+00:00, run_after=2026-01-07 21:00:00+00:00
[2026-01-07T20:04:43.159+0000] {processor.py:183} INFO - Processing /opt/airflow/dags/pakakumi_scraper.py took 0.188 seconds
[2026-01-07T20:05:13.264+0000] {processor.py:161} INFO - Started process (PID=258) to work on /opt/airflow/dags/pakakumi_scraper.py
[2026-01-07T20:05:13.265+0000] {processor.py:830} INFO - Processing file /opt/airflow/dags/pakakumi_scraper.py for tasks to queue
[2026-01-07T20:05:13.268+0000] {logging_mixin.py:188} INFO - [2026-01-07T20:05:13.268+0000] {dagbag.py:540} INFO - Filling up the DagBag from /opt/airflow/dags/pakakumi_scraper.py
[2026-01-07T20:05:13.296+0000] {processor.py:840} INFO - DAG(s) 'pakakumi_scraper' retrieved from /opt/airflow/dags/pakakumi_scraper.py
[2026-01-07T20:05:13.341+0000] {logging_mixin.py:188} INFO - [2026-01-07T20:05:13.341+0000] {dag.py:3096} INFO - Sync 1 DAGs
[2026-01-07T20:05:13.373+0000] {logging_mixin.py:188} INFO - [2026-01-07T20:05:13.372+0000] {dag.py:3954} INFO - Setting next_dagrun for pakakumi_scraper to 2026-01-07 20:00:00+00:00, run_after=2026-01-07 21:00:00+00:00
[2026-01-07T20:05:13.399+0000] {processor.py:183} INFO - Processing /opt/airflow/dags/pakakumi_scraper.py took 0.147 seconds
[2026-01-07T20:05:43.694+0000] {processor.py:161} INFO - Started process (PID=263) to work on /opt/airflow/dags/pakakumi_scraper.py
[2026-01-07T20:05:43.696+0000] {processor.py:830} INFO - Processing file /opt/airflow/dags/pakakumi_scraper.py for tasks to queue
[2026-01-07T20:05:43.700+0000] {logging_mixin.py:188} INFO - [2026-01-07T20:05:43.699+0000] {dagbag.py:540} INFO - Filling up the DagBag from /opt/airflow/dags/pakakumi_scraper.py
[2026-01-07T20:05:43.726+0000] {processor.py:840} INFO - DAG(s) 'pakakumi_scraper' retrieved from /opt/airflow/dags/pakakumi_scraper.py
[2026-01-07T20:05:43.765+0000] {logging_mixin.py:188} INFO - [2026-01-07T20:05:43.765+0000] {dag.py:3096} INFO - Sync 1 DAGs
[2026-01-07T20:05:43.798+0000] {logging_mixin.py:188} INFO - [2026-01-07T20:05:43.797+0000] {dag.py:3954} INFO - Setting next_dagrun for pakakumi_scraper to 2026-01-07 20:00:00+00:00, run_after=2026-01-07 21:00:00+00:00
[2026-01-07T20:05:43.820+0000] {processor.py:183} INFO - Processing /opt/airflow/dags/pakakumi_scraper.py took 0.137 seconds
[2026-01-07T20:06:13.905+0000] {processor.py:161} INFO - Started process (PID=268) to work on /opt/airflow/dags/pakakumi_scraper.py
[2026-01-07T20:06:13.906+0000] {processor.py:830} INFO - Processing file /opt/airflow/dags/pakakumi_scraper.py for tasks to queue
[2026-01-07T20:06:13.909+0000] {logging_mixin.py:188} INFO - [2026-01-07T20:06:13.908+0000] {dagbag.py:540} INFO - Filling up the DagBag from /opt/airflow/dags/pakakumi_scraper.py
[2026-01-07T20:06:13.937+0000] {processor.py:840} INFO - DAG(s) 'pakakumi_scraper' retrieved from /opt/airflow/dags/pakakumi_scraper.py
[2026-01-07T20:06:13.980+0000] {logging_mixin.py:188} INFO - [2026-01-07T20:06:13.980+0000] {dag.py:3096} INFO - Sync 1 DAGs
[2026-01-07T20:06:14.017+0000] {logging_mixin.py:188} INFO - [2026-01-07T20:06:14.017+0000] {dag.py:3954} INFO - Setting next_dagrun for pakakumi_scraper to 2026-01-07 20:00:00+00:00, run_after=2026-01-07 21:00:00+00:00
[2026-01-07T20:06:14.043+0000] {processor.py:183} INFO - Processing /opt/airflow/dags/pakakumi_scraper.py took 0.147 seconds
[2026-01-07T20:06:44.409+0000] {processor.py:161} INFO - Started process (PID=273) to work on /opt/airflow/dags/pakakumi_scraper.py
[2026-01-07T20:06:44.411+0000] {processor.py:830} INFO - Processing file /opt/airflow/dags/pakakumi_scraper.py for tasks to queue
[2026-01-07T20:06:44.416+0000] {logging_mixin.py:188} INFO - [2026-01-07T20:06:44.415+0000] {dagbag.py:540} INFO - Filling up the DagBag from /opt/airflow/dags/pakakumi_scraper.py
[2026-01-07T20:06:44.443+0000] {processor.py:840} INFO - DAG(s) 'pakakumi_scraper' retrieved from /opt/airflow/dags/pakakumi_scraper.py
[2026-01-07T20:06:44.485+0000] {logging_mixin.py:188} INFO - [2026-01-07T20:06:44.484+0000] {dag.py:3096} INFO - Sync 1 DAGs
[2026-01-07T20:06:44.517+0000] {logging_mixin.py:188} INFO - [2026-01-07T20:06:44.517+0000] {dag.py:3954} INFO - Setting next_dagrun for pakakumi_scraper to 2026-01-07 20:00:00+00:00, run_after=2026-01-07 21:00:00+00:00
[2026-01-07T20:06:44.541+0000] {processor.py:183} INFO - Processing /opt/airflow/dags/pakakumi_scraper.py took 0.147 seconds
[2026-01-07T20:07:14.649+0000] {processor.py:161} INFO - Started process (PID=278) to work on /opt/airflow/dags/pakakumi_scraper.py
[2026-01-07T20:07:14.651+0000] {processor.py:830} INFO - Processing file /opt/airflow/dags/pakakumi_scraper.py for tasks to queue
[2026-01-07T20:07:14.654+0000] {logging_mixin.py:188} INFO - [2026-01-07T20:07:14.654+0000] {dagbag.py:540} INFO - Filling up the DagBag from /opt/airflow/dags/pakakumi_scraper.py
[2026-01-07T20:07:14.688+0000] {processor.py:840} INFO - DAG(s) 'pakakumi_scraper' retrieved from /opt/airflow/dags/pakakumi_scraper.py
[2026-01-07T20:07:14.739+0000] {logging_mixin.py:188} INFO - [2026-01-07T20:07:14.738+0000] {dag.py:3096} INFO - Sync 1 DAGs
[2026-01-07T20:07:14.790+0000] {logging_mixin.py:188} INFO - [2026-01-07T20:07:14.790+0000] {dag.py:3954} INFO - Setting next_dagrun for pakakumi_scraper to 2026-01-07 20:00:00+00:00, run_after=2026-01-07 21:00:00+00:00
[2026-01-07T20:07:14.817+0000] {processor.py:183} INFO - Processing /opt/airflow/dags/pakakumi_scraper.py took 0.180 seconds
[2026-01-07T20:07:45.002+0000] {processor.py:161} INFO - Started process (PID=283) to work on /opt/airflow/dags/pakakumi_scraper.py
[2026-01-07T20:07:45.004+0000] {processor.py:830} INFO - Processing file /opt/airflow/dags/pakakumi_scraper.py for tasks to queue
[2026-01-07T20:07:45.008+0000] {logging_mixin.py:188} INFO - [2026-01-07T20:07:45.007+0000] {dagbag.py:540} INFO - Filling up the DagBag from /opt/airflow/dags/pakakumi_scraper.py
[2026-01-07T20:07:45.040+0000] {processor.py:840} INFO - DAG(s) 'pakakumi_scraper' retrieved from /opt/airflow/dags/pakakumi_scraper.py
[2026-01-07T20:07:45.084+0000] {logging_mixin.py:188} INFO - [2026-01-07T20:07:45.083+0000] {dag.py:3096} INFO - Sync 1 DAGs
[2026-01-07T20:07:45.124+0000] {logging_mixin.py:188} INFO - [2026-01-07T20:07:45.124+0000] {dag.py:3954} INFO - Setting next_dagrun for pakakumi_scraper to 2026-01-07 20:00:00+00:00, run_after=2026-01-07 21:00:00+00:00
[2026-01-07T20:07:45.155+0000] {processor.py:183} INFO - Processing /opt/airflow/dags/pakakumi_scraper.py took 0.166 seconds
[2026-01-07T20:08:15.219+0000] {processor.py:161} INFO - Started process (PID=288) to work on /opt/airflow/dags/pakakumi_scraper.py
[2026-01-07T20:08:15.220+0000] {processor.py:830} INFO - Processing file /opt/airflow/dags/pakakumi_scraper.py for tasks to queue
[2026-01-07T20:08:15.224+0000] {logging_mixin.py:188} INFO - [2026-01-07T20:08:15.223+0000] {dagbag.py:540} INFO - Filling up the DagBag from /opt/airflow/dags/pakakumi_scraper.py
[2026-01-07T20:08:15.253+0000] {processor.py:840} INFO - DAG(s) 'pakakumi_scraper' retrieved from /opt/airflow/dags/pakakumi_scraper.py
[2026-01-07T20:08:15.301+0000] {logging_mixin.py:188} INFO - [2026-01-07T20:08:15.301+0000] {dag.py:3096} INFO - Sync 1 DAGs
[2026-01-07T20:08:15.345+0000] {logging_mixin.py:188} INFO - [2026-01-07T20:08:15.344+0000] {dag.py:3954} INFO - Setting next_dagrun for pakakumi_scraper to 2026-01-07 20:00:00+00:00, run_after=2026-01-07 21:00:00+00:00
[2026-01-07T20:08:15.376+0000] {processor.py:183} INFO - Processing /opt/airflow/dags/pakakumi_scraper.py took 0.168 seconds
[2026-01-07T20:08:45.636+0000] {processor.py:161} INFO - Started process (PID=293) to work on /opt/airflow/dags/pakakumi_scraper.py
[2026-01-07T20:08:45.637+0000] {processor.py:830} INFO - Processing file /opt/airflow/dags/pakakumi_scraper.py for tasks to queue
[2026-01-07T20:08:45.640+0000] {logging_mixin.py:188} INFO - [2026-01-07T20:08:45.640+0000] {dagbag.py:540} INFO - Filling up the DagBag from /opt/airflow/dags/pakakumi_scraper.py
[2026-01-07T20:08:45.680+0000] {processor.py:840} INFO - DAG(s) 'pakakumi_scraper' retrieved from /opt/airflow/dags/pakakumi_scraper.py
[2026-01-07T20:08:45.730+0000] {logging_mixin.py:188} INFO - [2026-01-07T20:08:45.729+0000] {dag.py:3096} INFO - Sync 1 DAGs
[2026-01-07T20:08:45.766+0000] {logging_mixin.py:188} INFO - [2026-01-07T20:08:45.766+0000] {dag.py:3954} INFO - Setting next_dagrun for pakakumi_scraper to 2026-01-07 20:00:00+00:00, run_after=2026-01-07 21:00:00+00:00
[2026-01-07T20:08:45.798+0000] {processor.py:183} INFO - Processing /opt/airflow/dags/pakakumi_scraper.py took 0.175 seconds
[2026-01-07T20:09:16.039+0000] {processor.py:161} INFO - Started process (PID=298) to work on /opt/airflow/dags/pakakumi_scraper.py
[2026-01-07T20:09:16.041+0000] {processor.py:830} INFO - Processing file /opt/airflow/dags/pakakumi_scraper.py for tasks to queue
[2026-01-07T20:09:16.044+0000] {logging_mixin.py:188} INFO - [2026-01-07T20:09:16.043+0000] {dagbag.py:540} INFO - Filling up the DagBag from /opt/airflow/dags/pakakumi_scraper.py
[2026-01-07T20:09:16.076+0000] {processor.py:840} INFO - DAG(s) 'pakakumi_scraper' retrieved from /opt/airflow/dags/pakakumi_scraper.py
[2026-01-07T20:09:16.121+0000] {logging_mixin.py:188} INFO - [2026-01-07T20:09:16.120+0000] {dag.py:3096} INFO - Sync 1 DAGs
[2026-01-07T20:09:16.163+0000] {logging_mixin.py:188} INFO - [2026-01-07T20:09:16.163+0000] {dag.py:3954} INFO - Setting next_dagrun for pakakumi_scraper to 2026-01-07 20:00:00+00:00, run_after=2026-01-07 21:00:00+00:00
[2026-01-07T20:09:16.189+0000] {processor.py:183} INFO - Processing /opt/airflow/dags/pakakumi_scraper.py took 0.160 seconds
[2026-01-07T20:09:46.263+0000] {processor.py:161} INFO - Started process (PID=303) to work on /opt/airflow/dags/pakakumi_scraper.py
[2026-01-07T20:09:46.264+0000] {processor.py:830} INFO - Processing file /opt/airflow/dags/pakakumi_scraper.py for tasks to queue
[2026-01-07T20:09:46.267+0000] {logging_mixin.py:188} INFO - [2026-01-07T20:09:46.267+0000] {dagbag.py:540} INFO - Filling up the DagBag from /opt/airflow/dags/pakakumi_scraper.py
[2026-01-07T20:09:46.295+0000] {processor.py:840} INFO - DAG(s) 'pakakumi_scraper' retrieved from /opt/airflow/dags/pakakumi_scraper.py
[2026-01-07T20:09:46.338+0000] {logging_mixin.py:188} INFO - [2026-01-07T20:09:46.337+0000] {dag.py:3096} INFO - Sync 1 DAGs
[2026-01-07T20:09:46.372+0000] {logging_mixin.py:188} INFO - [2026-01-07T20:09:46.371+0000] {dag.py:3954} INFO - Setting next_dagrun for pakakumi_scraper to 2026-01-07 20:00:00+00:00, run_after=2026-01-07 21:00:00+00:00
[2026-01-07T20:09:46.398+0000] {processor.py:183} INFO - Processing /opt/airflow/dags/pakakumi_scraper.py took 0.144 seconds
[2026-01-07T20:10:16.638+0000] {processor.py:161} INFO - Started process (PID=308) to work on /opt/airflow/dags/pakakumi_scraper.py
[2026-01-07T20:10:16.640+0000] {processor.py:830} INFO - Processing file /opt/airflow/dags/pakakumi_scraper.py for tasks to queue
[2026-01-07T20:10:16.643+0000] {logging_mixin.py:188} INFO - [2026-01-07T20:10:16.642+0000] {dagbag.py:540} INFO - Filling up the DagBag from /opt/airflow/dags/pakakumi_scraper.py
[2026-01-07T20:10:16.672+0000] {processor.py:840} INFO - DAG(s) 'pakakumi_scraper' retrieved from /opt/airflow/dags/pakakumi_scraper.py
[2026-01-07T20:10:16.715+0000] {logging_mixin.py:188} INFO - [2026-01-07T20:10:16.714+0000] {dag.py:3096} INFO - Sync 1 DAGs
[2026-01-07T20:10:16.750+0000] {logging_mixin.py:188} INFO - [2026-01-07T20:10:16.749+0000] {dag.py:3954} INFO - Setting next_dagrun for pakakumi_scraper to 2026-01-07 20:00:00+00:00, run_after=2026-01-07 21:00:00+00:00
[2026-01-07T20:10:16.776+0000] {processor.py:183} INFO - Processing /opt/airflow/dags/pakakumi_scraper.py took 0.147 seconds
[2026-01-07T20:10:46.872+0000] {processor.py:161} INFO - Started process (PID=313) to work on /opt/airflow/dags/pakakumi_scraper.py
[2026-01-07T20:10:46.873+0000] {processor.py:830} INFO - Processing file /opt/airflow/dags/pakakumi_scraper.py for tasks to queue
[2026-01-07T20:10:46.876+0000] {logging_mixin.py:188} INFO - [2026-01-07T20:10:46.876+0000] {dagbag.py:540} INFO - Filling up the DagBag from /opt/airflow/dags/pakakumi_scraper.py
[2026-01-07T20:10:46.905+0000] {processor.py:840} INFO - DAG(s) 'pakakumi_scraper' retrieved from /opt/airflow/dags/pakakumi_scraper.py
[2026-01-07T20:10:46.948+0000] {logging_mixin.py:188} INFO - [2026-01-07T20:10:46.948+0000] {dag.py:3096} INFO - Sync 1 DAGs
[2026-01-07T20:10:46.983+0000] {logging_mixin.py:188} INFO - [2026-01-07T20:10:46.983+0000] {dag.py:3954} INFO - Setting next_dagrun for pakakumi_scraper to 2026-01-07 20:00:00+00:00, run_after=2026-01-07 21:00:00+00:00
[2026-01-07T20:10:47.007+0000] {processor.py:183} INFO - Processing /opt/airflow/dags/pakakumi_scraper.py took 0.145 seconds
[2026-01-07T20:11:17.241+0000] {processor.py:161} INFO - Started process (PID=318) to work on /opt/airflow/dags/pakakumi_scraper.py
[2026-01-07T20:11:17.242+0000] {processor.py:830} INFO - Processing file /opt/airflow/dags/pakakumi_scraper.py for tasks to queue
[2026-01-07T20:11:17.245+0000] {logging_mixin.py:188} INFO - [2026-01-07T20:11:17.244+0000] {dagbag.py:540} INFO - Filling up the DagBag from /opt/airflow/dags/pakakumi_scraper.py
[2026-01-07T20:11:17.273+0000] {processor.py:840} INFO - DAG(s) 'pakakumi_scraper' retrieved from /opt/airflow/dags/pakakumi_scraper.py
[2026-01-07T20:11:17.317+0000] {logging_mixin.py:188} INFO - [2026-01-07T20:11:17.316+0000] {dag.py:3096} INFO - Sync 1 DAGs
[2026-01-07T20:11:17.351+0000] {logging_mixin.py:188} INFO - [2026-01-07T20:11:17.351+0000] {dag.py:3954} INFO - Setting next_dagrun for pakakumi_scraper to 2026-01-07 20:00:00+00:00, run_after=2026-01-07 21:00:00+00:00
[2026-01-07T20:11:17.377+0000] {processor.py:183} INFO - Processing /opt/airflow/dags/pakakumi_scraper.py took 0.144 seconds
[2026-01-07T20:11:47.535+0000] {processor.py:161} INFO - Started process (PID=323) to work on /opt/airflow/dags/pakakumi_scraper.py
[2026-01-07T20:11:47.537+0000] {processor.py:830} INFO - Processing file /opt/airflow/dags/pakakumi_scraper.py for tasks to queue
[2026-01-07T20:11:47.540+0000] {logging_mixin.py:188} INFO - [2026-01-07T20:11:47.540+0000] {dagbag.py:540} INFO - Filling up the DagBag from /opt/airflow/dags/pakakumi_scraper.py
[2026-01-07T20:11:47.580+0000] {processor.py:840} INFO - DAG(s) 'pakakumi_scraper' retrieved from /opt/airflow/dags/pakakumi_scraper.py
[2026-01-07T20:11:47.629+0000] {logging_mixin.py:188} INFO - [2026-01-07T20:11:47.629+0000] {dag.py:3096} INFO - Sync 1 DAGs
[2026-01-07T20:11:47.663+0000] {logging_mixin.py:188} INFO - [2026-01-07T20:11:47.663+0000] {dag.py:3954} INFO - Setting next_dagrun for pakakumi_scraper to 2026-01-07 20:00:00+00:00, run_after=2026-01-07 21:00:00+00:00
[2026-01-07T20:11:47.698+0000] {processor.py:183} INFO - Processing /opt/airflow/dags/pakakumi_scraper.py took 0.175 seconds
[2026-01-07T20:12:17.814+0000] {processor.py:161} INFO - Started process (PID=328) to work on /opt/airflow/dags/pakakumi_scraper.py
[2026-01-07T20:12:17.815+0000] {processor.py:830} INFO - Processing file /opt/airflow/dags/pakakumi_scraper.py for tasks to queue
[2026-01-07T20:12:17.818+0000] {logging_mixin.py:188} INFO - [2026-01-07T20:12:17.818+0000] {dagbag.py:540} INFO - Filling up the DagBag from /opt/airflow/dags/pakakumi_scraper.py
[2026-01-07T20:12:17.846+0000] {processor.py:840} INFO - DAG(s) 'pakakumi_scraper' retrieved from /opt/airflow/dags/pakakumi_scraper.py
[2026-01-07T20:12:17.889+0000] {logging_mixin.py:188} INFO - [2026-01-07T20:12:17.889+0000] {dag.py:3096} INFO - Sync 1 DAGs
[2026-01-07T20:12:17.922+0000] {logging_mixin.py:188} INFO - [2026-01-07T20:12:17.922+0000] {dag.py:3954} INFO - Setting next_dagrun for pakakumi_scraper to 2026-01-07 20:00:00+00:00, run_after=2026-01-07 21:00:00+00:00
[2026-01-07T20:12:17.948+0000] {processor.py:183} INFO - Processing /opt/airflow/dags/pakakumi_scraper.py took 0.144 seconds
[2026-01-07T20:12:48.132+0000] {processor.py:161} INFO - Started process (PID=333) to work on /opt/airflow/dags/pakakumi_scraper.py
[2026-01-07T20:12:48.134+0000] {processor.py:830} INFO - Processing file /opt/airflow/dags/pakakumi_scraper.py for tasks to queue
[2026-01-07T20:12:48.137+0000] {logging_mixin.py:188} INFO - [2026-01-07T20:12:48.136+0000] {dagbag.py:540} INFO - Filling up the DagBag from /opt/airflow/dags/pakakumi_scraper.py
[2026-01-07T20:12:48.166+0000] {processor.py:840} INFO - DAG(s) 'pakakumi_scraper' retrieved from /opt/airflow/dags/pakakumi_scraper.py
[2026-01-07T20:12:48.209+0000] {logging_mixin.py:188} INFO - [2026-01-07T20:12:48.209+0000] {dag.py:3096} INFO - Sync 1 DAGs
[2026-01-07T20:12:48.244+0000] {logging_mixin.py:188} INFO - [2026-01-07T20:12:48.244+0000] {dag.py:3954} INFO - Setting next_dagrun for pakakumi_scraper to 2026-01-07 20:00:00+00:00, run_after=2026-01-07 21:00:00+00:00
[2026-01-07T20:12:48.272+0000] {processor.py:183} INFO - Processing /opt/airflow/dags/pakakumi_scraper.py took 0.149 seconds
[2026-01-07T20:13:18.409+0000] {processor.py:161} INFO - Started process (PID=338) to work on /opt/airflow/dags/pakakumi_scraper.py
[2026-01-07T20:13:18.411+0000] {processor.py:830} INFO - Processing file /opt/airflow/dags/pakakumi_scraper.py for tasks to queue
[2026-01-07T20:13:18.414+0000] {logging_mixin.py:188} INFO - [2026-01-07T20:13:18.413+0000] {dagbag.py:540} INFO - Filling up the DagBag from /opt/airflow/dags/pakakumi_scraper.py
[2026-01-07T20:13:18.444+0000] {processor.py:840} INFO - DAG(s) 'pakakumi_scraper' retrieved from /opt/airflow/dags/pakakumi_scraper.py
[2026-01-07T20:13:18.493+0000] {logging_mixin.py:188} INFO - [2026-01-07T20:13:18.493+0000] {dag.py:3096} INFO - Sync 1 DAGs
[2026-01-07T20:13:18.531+0000] {logging_mixin.py:188} INFO - [2026-01-07T20:13:18.531+0000] {dag.py:3954} INFO - Setting next_dagrun for pakakumi_scraper to 2026-01-07 20:00:00+00:00, run_after=2026-01-07 21:00:00+00:00
[2026-01-07T20:13:18.561+0000] {processor.py:183} INFO - Processing /opt/airflow/dags/pakakumi_scraper.py took 0.166 seconds
[2026-01-07T20:13:48.749+0000] {processor.py:161} INFO - Started process (PID=343) to work on /opt/airflow/dags/pakakumi_scraper.py
[2026-01-07T20:13:48.750+0000] {processor.py:830} INFO - Processing file /opt/airflow/dags/pakakumi_scraper.py for tasks to queue
[2026-01-07T20:13:48.754+0000] {logging_mixin.py:188} INFO - [2026-01-07T20:13:48.753+0000] {dagbag.py:540} INFO - Filling up the DagBag from /opt/airflow/dags/pakakumi_scraper.py
[2026-01-07T20:13:48.790+0000] {processor.py:840} INFO - DAG(s) 'pakakumi_scraper' retrieved from /opt/airflow/dags/pakakumi_scraper.py
[2026-01-07T20:13:48.846+0000] {logging_mixin.py:188} INFO - [2026-01-07T20:13:48.845+0000] {dag.py:3096} INFO - Sync 1 DAGs
[2026-01-07T20:13:48.886+0000] {logging_mixin.py:188} INFO - [2026-01-07T20:13:48.886+0000] {dag.py:3954} INFO - Setting next_dagrun for pakakumi_scraper to 2026-01-07 20:00:00+00:00, run_after=2026-01-07 21:00:00+00:00
[2026-01-07T20:13:48.911+0000] {processor.py:183} INFO - Processing /opt/airflow/dags/pakakumi_scraper.py took 0.177 seconds
[2026-01-07T20:14:19.028+0000] {processor.py:161} INFO - Started process (PID=348) to work on /opt/airflow/dags/pakakumi_scraper.py
[2026-01-07T20:14:19.030+0000] {processor.py:830} INFO - Processing file /opt/airflow/dags/pakakumi_scraper.py for tasks to queue
[2026-01-07T20:14:19.033+0000] {logging_mixin.py:188} INFO - [2026-01-07T20:14:19.033+0000] {dagbag.py:540} INFO - Filling up the DagBag from /opt/airflow/dags/pakakumi_scraper.py
[2026-01-07T20:14:19.062+0000] {processor.py:840} INFO - DAG(s) 'pakakumi_scraper' retrieved from /opt/airflow/dags/pakakumi_scraper.py
[2026-01-07T20:14:19.110+0000] {logging_mixin.py:188} INFO - [2026-01-07T20:14:19.110+0000] {dag.py:3096} INFO - Sync 1 DAGs
[2026-01-07T20:14:19.147+0000] {logging_mixin.py:188} INFO - [2026-01-07T20:14:19.147+0000] {dag.py:3954} INFO - Setting next_dagrun for pakakumi_scraper to 2026-01-07 20:00:00+00:00, run_after=2026-01-07 21:00:00+00:00
[2026-01-07T20:14:19.173+0000] {processor.py:183} INFO - Processing /opt/airflow/dags/pakakumi_scraper.py took 0.154 seconds
[2026-01-07T20:14:49.368+0000] {processor.py:161} INFO - Started process (PID=353) to work on /opt/airflow/dags/pakakumi_scraper.py
[2026-01-07T20:14:49.369+0000] {processor.py:830} INFO - Processing file /opt/airflow/dags/pakakumi_scraper.py for tasks to queue
[2026-01-07T20:14:49.374+0000] {logging_mixin.py:188} INFO - [2026-01-07T20:14:49.373+0000] {dagbag.py:540} INFO - Filling up the DagBag from /opt/airflow/dags/pakakumi_scraper.py
[2026-01-07T20:14:49.404+0000] {processor.py:840} INFO - DAG(s) 'pakakumi_scraper' retrieved from /opt/airflow/dags/pakakumi_scraper.py
[2026-01-07T20:14:49.452+0000] {logging_mixin.py:188} INFO - [2026-01-07T20:14:49.452+0000] {dag.py:3096} INFO - Sync 1 DAGs
[2026-01-07T20:14:49.491+0000] {logging_mixin.py:188} INFO - [2026-01-07T20:14:49.491+0000] {dag.py:3954} INFO - Setting next_dagrun for pakakumi_scraper to 2026-01-07 20:00:00+00:00, run_after=2026-01-07 21:00:00+00:00
[2026-01-07T20:14:49.520+0000] {processor.py:183} INFO - Processing /opt/airflow/dags/pakakumi_scraper.py took 0.161 seconds
[2026-01-07T20:15:19.627+0000] {processor.py:161} INFO - Started process (PID=358) to work on /opt/airflow/dags/pakakumi_scraper.py
[2026-01-07T20:15:19.628+0000] {processor.py:830} INFO - Processing file /opt/airflow/dags/pakakumi_scraper.py for tasks to queue
[2026-01-07T20:15:19.631+0000] {logging_mixin.py:188} INFO - [2026-01-07T20:15:19.631+0000] {dagbag.py:540} INFO - Filling up the DagBag from /opt/airflow/dags/pakakumi_scraper.py
[2026-01-07T20:15:19.667+0000] {processor.py:840} INFO - DAG(s) 'pakakumi_scraper' retrieved from /opt/airflow/dags/pakakumi_scraper.py
[2026-01-07T20:15:19.716+0000] {logging_mixin.py:188} INFO - [2026-01-07T20:15:19.716+0000] {dag.py:3096} INFO - Sync 1 DAGs
[2026-01-07T20:15:19.752+0000] {logging_mixin.py:188} INFO - [2026-01-07T20:15:19.752+0000] {dag.py:3954} INFO - Setting next_dagrun for pakakumi_scraper to 2026-01-07 20:00:00+00:00, run_after=2026-01-07 21:00:00+00:00
[2026-01-07T20:15:19.782+0000] {processor.py:183} INFO - Processing /opt/airflow/dags/pakakumi_scraper.py took 0.166 seconds
[2026-01-07T20:15:50.013+0000] {processor.py:161} INFO - Started process (PID=363) to work on /opt/airflow/dags/pakakumi_scraper.py
[2026-01-07T20:15:50.015+0000] {processor.py:830} INFO - Processing file /opt/airflow/dags/pakakumi_scraper.py for tasks to queue
[2026-01-07T20:15:50.020+0000] {logging_mixin.py:188} INFO - [2026-01-07T20:15:50.019+0000] {dagbag.py:540} INFO - Filling up the DagBag from /opt/airflow/dags/pakakumi_scraper.py
[2026-01-07T20:15:50.054+0000] {processor.py:840} INFO - DAG(s) 'pakakumi_scraper' retrieved from /opt/airflow/dags/pakakumi_scraper.py
[2026-01-07T20:15:50.103+0000] {logging_mixin.py:188} INFO - [2026-01-07T20:15:50.103+0000] {dag.py:3096} INFO - Sync 1 DAGs
[2026-01-07T20:15:50.141+0000] {logging_mixin.py:188} INFO - [2026-01-07T20:15:50.140+0000] {dag.py:3954} INFO - Setting next_dagrun for pakakumi_scraper to 2026-01-07 20:00:00+00:00, run_after=2026-01-07 21:00:00+00:00
[2026-01-07T20:15:50.168+0000] {processor.py:183} INFO - Processing /opt/airflow/dags/pakakumi_scraper.py took 0.177 seconds
[2026-01-07T20:16:20.266+0000] {processor.py:161} INFO - Started process (PID=368) to work on /opt/airflow/dags/pakakumi_scraper.py
[2026-01-07T20:16:20.267+0000] {processor.py:830} INFO - Processing file /opt/airflow/dags/pakakumi_scraper.py for tasks to queue
[2026-01-07T20:16:20.271+0000] {logging_mixin.py:188} INFO - [2026-01-07T20:16:20.271+0000] {dagbag.py:540} INFO - Filling up the DagBag from /opt/airflow/dags/pakakumi_scraper.py
[2026-01-07T20:16:20.303+0000] {processor.py:840} INFO - DAG(s) 'pakakumi_scraper' retrieved from /opt/airflow/dags/pakakumi_scraper.py
[2026-01-07T20:16:20.349+0000] {logging_mixin.py:188} INFO - [2026-01-07T20:16:20.349+0000] {dag.py:3096} INFO - Sync 1 DAGs
[2026-01-07T20:16:20.387+0000] {logging_mixin.py:188} INFO - [2026-01-07T20:16:20.387+0000] {dag.py:3954} INFO - Setting next_dagrun for pakakumi_scraper to 2026-01-07 20:00:00+00:00, run_after=2026-01-07 21:00:00+00:00
[2026-01-07T20:16:20.414+0000] {processor.py:183} INFO - Processing /opt/airflow/dags/pakakumi_scraper.py took 0.157 seconds
[2026-01-07T20:16:50.680+0000] {processor.py:161} INFO - Started process (PID=373) to work on /opt/airflow/dags/pakakumi_scraper.py
[2026-01-07T20:16:50.681+0000] {processor.py:830} INFO - Processing file /opt/airflow/dags/pakakumi_scraper.py for tasks to queue
[2026-01-07T20:16:50.685+0000] {logging_mixin.py:188} INFO - [2026-01-07T20:16:50.684+0000] {dagbag.py:540} INFO - Filling up the DagBag from /opt/airflow/dags/pakakumi_scraper.py
[2026-01-07T20:16:50.714+0000] {processor.py:840} INFO - DAG(s) 'pakakumi_scraper' retrieved from /opt/airflow/dags/pakakumi_scraper.py
[2026-01-07T20:16:50.766+0000] {logging_mixin.py:188} INFO - [2026-01-07T20:16:50.765+0000] {dag.py:3096} INFO - Sync 1 DAGs
[2026-01-07T20:16:50.816+0000] {logging_mixin.py:188} INFO - [2026-01-07T20:16:50.816+0000] {dag.py:3954} INFO - Setting next_dagrun for pakakumi_scraper to 2026-01-07 20:00:00+00:00, run_after=2026-01-07 21:00:00+00:00
[2026-01-07T20:16:50.845+0000] {processor.py:183} INFO - Processing /opt/airflow/dags/pakakumi_scraper.py took 0.175 seconds
[2026-01-07T20:17:20.949+0000] {processor.py:161} INFO - Started process (PID=378) to work on /opt/airflow/dags/pakakumi_scraper.py
[2026-01-07T20:17:20.950+0000] {processor.py:830} INFO - Processing file /opt/airflow/dags/pakakumi_scraper.py for tasks to queue
[2026-01-07T20:17:20.953+0000] {logging_mixin.py:188} INFO - [2026-01-07T20:17:20.953+0000] {dagbag.py:540} INFO - Filling up the DagBag from /opt/airflow/dags/pakakumi_scraper.py
[2026-01-07T20:17:20.983+0000] {processor.py:840} INFO - DAG(s) 'pakakumi_scraper' retrieved from /opt/airflow/dags/pakakumi_scraper.py
[2026-01-07T20:17:21.028+0000] {logging_mixin.py:188} INFO - [2026-01-07T20:17:21.028+0000] {dag.py:3096} INFO - Sync 1 DAGs
[2026-01-07T20:17:21.063+0000] {logging_mixin.py:188} INFO - [2026-01-07T20:17:21.063+0000] {dag.py:3954} INFO - Setting next_dagrun for pakakumi_scraper to 2026-01-07 20:00:00+00:00, run_after=2026-01-07 21:00:00+00:00
[2026-01-07T20:17:21.089+0000] {processor.py:183} INFO - Processing /opt/airflow/dags/pakakumi_scraper.py took 0.153 seconds
[2026-01-07T20:17:51.328+0000] {processor.py:161} INFO - Started process (PID=383) to work on /opt/airflow/dags/pakakumi_scraper.py
[2026-01-07T20:17:51.329+0000] {processor.py:830} INFO - Processing file /opt/airflow/dags/pakakumi_scraper.py for tasks to queue
[2026-01-07T20:17:51.332+0000] {logging_mixin.py:188} INFO - [2026-01-07T20:17:51.331+0000] {dagbag.py:540} INFO - Filling up the DagBag from /opt/airflow/dags/pakakumi_scraper.py
[2026-01-07T20:17:51.359+0000] {processor.py:840} INFO - DAG(s) 'pakakumi_scraper' retrieved from /opt/airflow/dags/pakakumi_scraper.py
[2026-01-07T20:17:51.401+0000] {logging_mixin.py:188} INFO - [2026-01-07T20:17:51.401+0000] {dag.py:3096} INFO - Sync 1 DAGs
[2026-01-07T20:17:51.439+0000] {logging_mixin.py:188} INFO - [2026-01-07T20:17:51.439+0000] {dag.py:3954} INFO - Setting next_dagrun for pakakumi_scraper to 2026-01-07 20:00:00+00:00, run_after=2026-01-07 21:00:00+00:00
[2026-01-07T20:17:51.469+0000] {processor.py:183} INFO - Processing /opt/airflow/dags/pakakumi_scraper.py took 0.152 seconds
[2026-01-07T20:18:21.612+0000] {processor.py:161} INFO - Started process (PID=388) to work on /opt/airflow/dags/pakakumi_scraper.py
[2026-01-07T20:18:21.613+0000] {processor.py:830} INFO - Processing file /opt/airflow/dags/pakakumi_scraper.py for tasks to queue
[2026-01-07T20:18:21.617+0000] {logging_mixin.py:188} INFO - [2026-01-07T20:18:21.616+0000] {dagbag.py:540} INFO - Filling up the DagBag from /opt/airflow/dags/pakakumi_scraper.py
[2026-01-07T20:18:21.649+0000] {processor.py:840} INFO - DAG(s) 'pakakumi_scraper' retrieved from /opt/airflow/dags/pakakumi_scraper.py
[2026-01-07T20:18:21.693+0000] {logging_mixin.py:188} INFO - [2026-01-07T20:18:21.692+0000] {dag.py:3096} INFO - Sync 1 DAGs
[2026-01-07T20:18:21.726+0000] {logging_mixin.py:188} INFO - [2026-01-07T20:18:21.726+0000] {dag.py:3954} INFO - Setting next_dagrun for pakakumi_scraper to 2026-01-07 20:00:00+00:00, run_after=2026-01-07 21:00:00+00:00
[2026-01-07T20:18:21.752+0000] {processor.py:183} INFO - Processing /opt/airflow/dags/pakakumi_scraper.py took 0.151 seconds
[2026-01-07T20:18:51.975+0000] {processor.py:161} INFO - Started process (PID=393) to work on /opt/airflow/dags/pakakumi_scraper.py
[2026-01-07T20:18:51.977+0000] {processor.py:830} INFO - Processing file /opt/airflow/dags/pakakumi_scraper.py for tasks to queue
[2026-01-07T20:18:51.979+0000] {logging_mixin.py:188} INFO - [2026-01-07T20:18:51.979+0000] {dagbag.py:540} INFO - Filling up the DagBag from /opt/airflow/dags/pakakumi_scraper.py
[2026-01-07T20:18:52.014+0000] {processor.py:840} INFO - DAG(s) 'pakakumi_scraper' retrieved from /opt/airflow/dags/pakakumi_scraper.py
[2026-01-07T20:18:52.055+0000] {logging_mixin.py:188} INFO - [2026-01-07T20:18:52.055+0000] {dag.py:3096} INFO - Sync 1 DAGs
[2026-01-07T20:18:52.089+0000] {logging_mixin.py:188} INFO - [2026-01-07T20:18:52.089+0000] {dag.py:3954} INFO - Setting next_dagrun for pakakumi_scraper to 2026-01-07 20:00:00+00:00, run_after=2026-01-07 21:00:00+00:00
[2026-01-07T20:18:52.115+0000] {processor.py:183} INFO - Processing /opt/airflow/dags/pakakumi_scraper.py took 0.151 seconds
[2026-01-07T20:19:22.241+0000] {processor.py:161} INFO - Started process (PID=398) to work on /opt/airflow/dags/pakakumi_scraper.py
[2026-01-07T20:19:22.243+0000] {processor.py:830} INFO - Processing file /opt/airflow/dags/pakakumi_scraper.py for tasks to queue
[2026-01-07T20:19:22.246+0000] {logging_mixin.py:188} INFO - [2026-01-07T20:19:22.246+0000] {dagbag.py:540} INFO - Filling up the DagBag from /opt/airflow/dags/pakakumi_scraper.py
[2026-01-07T20:19:22.279+0000] {processor.py:840} INFO - DAG(s) 'pakakumi_scraper' retrieved from /opt/airflow/dags/pakakumi_scraper.py
[2026-01-07T20:19:22.323+0000] {logging_mixin.py:188} INFO - [2026-01-07T20:19:22.323+0000] {dag.py:3096} INFO - Sync 1 DAGs
[2026-01-07T20:19:22.359+0000] {logging_mixin.py:188} INFO - [2026-01-07T20:19:22.359+0000] {dag.py:3954} INFO - Setting next_dagrun for pakakumi_scraper to 2026-01-07 20:00:00+00:00, run_after=2026-01-07 21:00:00+00:00
[2026-01-07T20:19:22.387+0000] {processor.py:183} INFO - Processing /opt/airflow/dags/pakakumi_scraper.py took 0.158 seconds
[2026-01-07T20:19:52.584+0000] {processor.py:161} INFO - Started process (PID=403) to work on /opt/airflow/dags/pakakumi_scraper.py
[2026-01-07T20:19:52.585+0000] {processor.py:830} INFO - Processing file /opt/airflow/dags/pakakumi_scraper.py for tasks to queue
[2026-01-07T20:19:52.589+0000] {logging_mixin.py:188} INFO - [2026-01-07T20:19:52.588+0000] {dagbag.py:540} INFO - Filling up the DagBag from /opt/airflow/dags/pakakumi_scraper.py
[2026-01-07T20:19:52.615+0000] {processor.py:840} INFO - DAG(s) 'pakakumi_scraper' retrieved from /opt/airflow/dags/pakakumi_scraper.py
[2026-01-07T20:19:52.662+0000] {logging_mixin.py:188} INFO - [2026-01-07T20:19:52.662+0000] {dag.py:3096} INFO - Sync 1 DAGs
[2026-01-07T20:19:52.696+0000] {logging_mixin.py:188} INFO - [2026-01-07T20:19:52.695+0000] {dag.py:3954} INFO - Setting next_dagrun for pakakumi_scraper to 2026-01-07 20:00:00+00:00, run_after=2026-01-07 21:00:00+00:00
[2026-01-07T20:19:52.720+0000] {processor.py:183} INFO - Processing /opt/airflow/dags/pakakumi_scraper.py took 0.147 seconds
[2026-01-07T20:20:22.816+0000] {processor.py:161} INFO - Started process (PID=408) to work on /opt/airflow/dags/pakakumi_scraper.py
[2026-01-07T20:20:22.817+0000] {processor.py:830} INFO - Processing file /opt/airflow/dags/pakakumi_scraper.py for tasks to queue
[2026-01-07T20:20:22.821+0000] {logging_mixin.py:188} INFO - [2026-01-07T20:20:22.820+0000] {dagbag.py:540} INFO - Filling up the DagBag from /opt/airflow/dags/pakakumi_scraper.py
[2026-01-07T20:20:22.851+0000] {processor.py:840} INFO - DAG(s) 'pakakumi_scraper' retrieved from /opt/airflow/dags/pakakumi_scraper.py
[2026-01-07T20:20:22.903+0000] {logging_mixin.py:188} INFO - [2026-01-07T20:20:22.903+0000] {dag.py:3096} INFO - Sync 1 DAGs
[2026-01-07T20:20:22.947+0000] {logging_mixin.py:188} INFO - [2026-01-07T20:20:22.946+0000] {dag.py:3954} INFO - Setting next_dagrun for pakakumi_scraper to 2026-01-07 20:00:00+00:00, run_after=2026-01-07 21:00:00+00:00
[2026-01-07T20:20:22.994+0000] {processor.py:183} INFO - Processing /opt/airflow/dags/pakakumi_scraper.py took 0.189 seconds
[2026-01-07T20:20:53.149+0000] {processor.py:161} INFO - Started process (PID=413) to work on /opt/airflow/dags/pakakumi_scraper.py
[2026-01-07T20:20:53.150+0000] {processor.py:830} INFO - Processing file /opt/airflow/dags/pakakumi_scraper.py for tasks to queue
[2026-01-07T20:20:53.155+0000] {logging_mixin.py:188} INFO - [2026-01-07T20:20:53.153+0000] {dagbag.py:540} INFO - Filling up the DagBag from /opt/airflow/dags/pakakumi_scraper.py
[2026-01-07T20:20:53.183+0000] {processor.py:840} INFO - DAG(s) 'pakakumi_scraper' retrieved from /opt/airflow/dags/pakakumi_scraper.py
[2026-01-07T20:20:53.235+0000] {logging_mixin.py:188} INFO - [2026-01-07T20:20:53.235+0000] {dag.py:3096} INFO - Sync 1 DAGs
[2026-01-07T20:20:53.273+0000] {logging_mixin.py:188} INFO - [2026-01-07T20:20:53.272+0000] {dag.py:3954} INFO - Setting next_dagrun for pakakumi_scraper to 2026-01-07 20:00:00+00:00, run_after=2026-01-07 21:00:00+00:00
[2026-01-07T20:20:53.365+0000] {processor.py:183} INFO - Processing /opt/airflow/dags/pakakumi_scraper.py took 0.225 seconds
[2026-01-07T20:21:23.617+0000] {processor.py:161} INFO - Started process (PID=418) to work on /opt/airflow/dags/pakakumi_scraper.py
[2026-01-07T20:21:23.618+0000] {processor.py:830} INFO - Processing file /opt/airflow/dags/pakakumi_scraper.py for tasks to queue
[2026-01-07T20:21:23.624+0000] {logging_mixin.py:188} INFO - [2026-01-07T20:21:23.623+0000] {dagbag.py:540} INFO - Filling up the DagBag from /opt/airflow/dags/pakakumi_scraper.py
[2026-01-07T20:21:23.655+0000] {processor.py:840} INFO - DAG(s) 'pakakumi_scraper' retrieved from /opt/airflow/dags/pakakumi_scraper.py
[2026-01-07T20:21:23.701+0000] {logging_mixin.py:188} INFO - [2026-01-07T20:21:23.701+0000] {dag.py:3096} INFO - Sync 1 DAGs
[2026-01-07T20:21:23.739+0000] {logging_mixin.py:188} INFO - [2026-01-07T20:21:23.738+0000] {dag.py:3954} INFO - Setting next_dagrun for pakakumi_scraper to 2026-01-07 20:00:00+00:00, run_after=2026-01-07 21:00:00+00:00
[2026-01-07T20:21:23.768+0000] {processor.py:183} INFO - Processing /opt/airflow/dags/pakakumi_scraper.py took 0.163 seconds
[2026-01-07T20:21:53.868+0000] {processor.py:161} INFO - Started process (PID=423) to work on /opt/airflow/dags/pakakumi_scraper.py
[2026-01-07T20:21:53.870+0000] {processor.py:830} INFO - Processing file /opt/airflow/dags/pakakumi_scraper.py for tasks to queue
[2026-01-07T20:21:53.873+0000] {logging_mixin.py:188} INFO - [2026-01-07T20:21:53.873+0000] {dagbag.py:540} INFO - Filling up the DagBag from /opt/airflow/dags/pakakumi_scraper.py
[2026-01-07T20:21:53.902+0000] {processor.py:840} INFO - DAG(s) 'pakakumi_scraper' retrieved from /opt/airflow/dags/pakakumi_scraper.py
[2026-01-07T20:21:53.947+0000] {logging_mixin.py:188} INFO - [2026-01-07T20:21:53.947+0000] {dag.py:3096} INFO - Sync 1 DAGs
[2026-01-07T20:21:53.993+0000] {logging_mixin.py:188} INFO - [2026-01-07T20:21:53.993+0000] {dag.py:3954} INFO - Setting next_dagrun for pakakumi_scraper to 2026-01-07 20:00:00+00:00, run_after=2026-01-07 21:00:00+00:00
[2026-01-07T20:21:54.023+0000] {processor.py:183} INFO - Processing /opt/airflow/dags/pakakumi_scraper.py took 0.164 seconds
[2026-01-07T20:22:24.212+0000] {processor.py:161} INFO - Started process (PID=428) to work on /opt/airflow/dags/pakakumi_scraper.py
[2026-01-07T20:22:24.213+0000] {processor.py:830} INFO - Processing file /opt/airflow/dags/pakakumi_scraper.py for tasks to queue
[2026-01-07T20:22:24.216+0000] {logging_mixin.py:188} INFO - [2026-01-07T20:22:24.215+0000] {dagbag.py:540} INFO - Filling up the DagBag from /opt/airflow/dags/pakakumi_scraper.py
[2026-01-07T20:22:24.251+0000] {processor.py:840} INFO - DAG(s) 'pakakumi_scraper' retrieved from /opt/airflow/dags/pakakumi_scraper.py
[2026-01-07T20:22:24.296+0000] {logging_mixin.py:188} INFO - [2026-01-07T20:22:24.295+0000] {dag.py:3096} INFO - Sync 1 DAGs
[2026-01-07T20:22:24.336+0000] {logging_mixin.py:188} INFO - [2026-01-07T20:22:24.335+0000] {dag.py:3954} INFO - Setting next_dagrun for pakakumi_scraper to 2026-01-07 20:00:00+00:00, run_after=2026-01-07 21:00:00+00:00
[2026-01-07T20:22:24.368+0000] {processor.py:183} INFO - Processing /opt/airflow/dags/pakakumi_scraper.py took 0.166 seconds
[2026-01-07T20:22:54.460+0000] {processor.py:161} INFO - Started process (PID=433) to work on /opt/airflow/dags/pakakumi_scraper.py
[2026-01-07T20:22:54.462+0000] {processor.py:830} INFO - Processing file /opt/airflow/dags/pakakumi_scraper.py for tasks to queue
[2026-01-07T20:22:54.467+0000] {logging_mixin.py:188} INFO - [2026-01-07T20:22:54.466+0000] {dagbag.py:540} INFO - Filling up the DagBag from /opt/airflow/dags/pakakumi_scraper.py
[2026-01-07T20:22:54.515+0000] {processor.py:840} INFO - DAG(s) 'pakakumi_scraper' retrieved from /opt/airflow/dags/pakakumi_scraper.py
[2026-01-07T20:22:54.572+0000] {logging_mixin.py:188} INFO - [2026-01-07T20:22:54.572+0000] {dag.py:3096} INFO - Sync 1 DAGs
[2026-01-07T20:22:54.612+0000] {logging_mixin.py:188} INFO - [2026-01-07T20:22:54.612+0000] {dag.py:3954} INFO - Setting next_dagrun for pakakumi_scraper to 2026-01-07 20:00:00+00:00, run_after=2026-01-07 21:00:00+00:00
[2026-01-07T20:22:54.642+0000] {processor.py:183} INFO - Processing /opt/airflow/dags/pakakumi_scraper.py took 0.200 seconds
[2026-01-07T20:23:24.803+0000] {processor.py:161} INFO - Started process (PID=438) to work on /opt/airflow/dags/pakakumi_scraper.py
[2026-01-07T20:23:24.805+0000] {processor.py:830} INFO - Processing file /opt/airflow/dags/pakakumi_scraper.py for tasks to queue
[2026-01-07T20:23:24.807+0000] {logging_mixin.py:188} INFO - [2026-01-07T20:23:24.807+0000] {dagbag.py:540} INFO - Filling up the DagBag from /opt/airflow/dags/pakakumi_scraper.py
[2026-01-07T20:23:24.847+0000] {processor.py:840} INFO - DAG(s) 'pakakumi_scraper' retrieved from /opt/airflow/dags/pakakumi_scraper.py
[2026-01-07T20:23:24.897+0000] {logging_mixin.py:188} INFO - [2026-01-07T20:23:24.897+0000] {dag.py:3096} INFO - Sync 1 DAGs
[2026-01-07T20:23:24.935+0000] {logging_mixin.py:188} INFO - [2026-01-07T20:23:24.935+0000] {dag.py:3954} INFO - Setting next_dagrun for pakakumi_scraper to 2026-01-07 20:00:00+00:00, run_after=2026-01-07 21:00:00+00:00
[2026-01-07T20:23:24.965+0000] {processor.py:183} INFO - Processing /opt/airflow/dags/pakakumi_scraper.py took 0.171 seconds
[2026-01-07T20:23:55.073+0000] {processor.py:161} INFO - Started process (PID=443) to work on /opt/airflow/dags/pakakumi_scraper.py
[2026-01-07T20:23:55.075+0000] {processor.py:830} INFO - Processing file /opt/airflow/dags/pakakumi_scraper.py for tasks to queue
[2026-01-07T20:23:55.078+0000] {logging_mixin.py:188} INFO - [2026-01-07T20:23:55.077+0000] {dagbag.py:540} INFO - Filling up the DagBag from /opt/airflow/dags/pakakumi_scraper.py
[2026-01-07T20:23:55.112+0000] {processor.py:840} INFO - DAG(s) 'pakakumi_scraper' retrieved from /opt/airflow/dags/pakakumi_scraper.py
[2026-01-07T20:23:55.158+0000] {logging_mixin.py:188} INFO - [2026-01-07T20:23:55.158+0000] {dag.py:3096} INFO - Sync 1 DAGs
[2026-01-07T20:23:55.198+0000] {logging_mixin.py:188} INFO - [2026-01-07T20:23:55.198+0000] {dag.py:3954} INFO - Setting next_dagrun for pakakumi_scraper to 2026-01-07 20:00:00+00:00, run_after=2026-01-07 21:00:00+00:00
[2026-01-07T20:23:55.230+0000] {processor.py:183} INFO - Processing /opt/airflow/dags/pakakumi_scraper.py took 0.179 seconds
[2026-01-07T20:24:25.384+0000] {processor.py:161} INFO - Started process (PID=448) to work on /opt/airflow/dags/pakakumi_scraper.py
[2026-01-07T20:24:25.388+0000] {processor.py:830} INFO - Processing file /opt/airflow/dags/pakakumi_scraper.py for tasks to queue
[2026-01-07T20:24:25.392+0000] {logging_mixin.py:188} INFO - [2026-01-07T20:24:25.391+0000] {dagbag.py:540} INFO - Filling up the DagBag from /opt/airflow/dags/pakakumi_scraper.py
[2026-01-07T20:24:25.426+0000] {processor.py:840} INFO - DAG(s) 'pakakumi_scraper' retrieved from /opt/airflow/dags/pakakumi_scraper.py
[2026-01-07T20:24:25.474+0000] {logging_mixin.py:188} INFO - [2026-01-07T20:24:25.474+0000] {dag.py:3096} INFO - Sync 1 DAGs
[2026-01-07T20:24:25.517+0000] {logging_mixin.py:188} INFO - [2026-01-07T20:24:25.517+0000] {dag.py:3954} INFO - Setting next_dagrun for pakakumi_scraper to 2026-01-07 20:00:00+00:00, run_after=2026-01-07 21:00:00+00:00
[2026-01-07T20:24:25.552+0000] {processor.py:183} INFO - Processing /opt/airflow/dags/pakakumi_scraper.py took 0.181 seconds
[2026-01-07T20:24:55.679+0000] {processor.py:161} INFO - Started process (PID=453) to work on /opt/airflow/dags/pakakumi_scraper.py
[2026-01-07T20:24:55.681+0000] {processor.py:830} INFO - Processing file /opt/airflow/dags/pakakumi_scraper.py for tasks to queue
[2026-01-07T20:24:55.688+0000] {logging_mixin.py:188} INFO - [2026-01-07T20:24:55.687+0000] {dagbag.py:540} INFO - Filling up the DagBag from /opt/airflow/dags/pakakumi_scraper.py
[2026-01-07T20:24:55.739+0000] {processor.py:840} INFO - DAG(s) 'pakakumi_scraper' retrieved from /opt/airflow/dags/pakakumi_scraper.py
[2026-01-07T20:24:55.782+0000] {logging_mixin.py:188} INFO - [2026-01-07T20:24:55.782+0000] {dag.py:3096} INFO - Sync 1 DAGs
[2026-01-07T20:24:55.830+0000] {logging_mixin.py:188} INFO - [2026-01-07T20:24:55.830+0000] {dag.py:3954} INFO - Setting next_dagrun for pakakumi_scraper to 2026-01-07 20:00:00+00:00, run_after=2026-01-07 21:00:00+00:00
[2026-01-07T20:24:55.857+0000] {processor.py:183} INFO - Processing /opt/airflow/dags/pakakumi_scraper.py took 0.193 seconds
[2026-01-07T20:25:25.988+0000] {processor.py:161} INFO - Started process (PID=458) to work on /opt/airflow/dags/pakakumi_scraper.py
[2026-01-07T20:25:25.989+0000] {processor.py:830} INFO - Processing file /opt/airflow/dags/pakakumi_scraper.py for tasks to queue
[2026-01-07T20:25:25.993+0000] {logging_mixin.py:188} INFO - [2026-01-07T20:25:25.992+0000] {dagbag.py:540} INFO - Filling up the DagBag from /opt/airflow/dags/pakakumi_scraper.py
[2026-01-07T20:25:26.022+0000] {processor.py:840} INFO - DAG(s) 'pakakumi_scraper' retrieved from /opt/airflow/dags/pakakumi_scraper.py
[2026-01-07T20:25:26.072+0000] {logging_mixin.py:188} INFO - [2026-01-07T20:25:26.071+0000] {dag.py:3096} INFO - Sync 1 DAGs
[2026-01-07T20:25:26.116+0000] {logging_mixin.py:188} INFO - [2026-01-07T20:25:26.115+0000] {dag.py:3954} INFO - Setting next_dagrun for pakakumi_scraper to 2026-01-07 20:00:00+00:00, run_after=2026-01-07 21:00:00+00:00
[2026-01-07T20:25:26.157+0000] {processor.py:183} INFO - Processing /opt/airflow/dags/pakakumi_scraper.py took 0.179 seconds
[2026-01-07T20:25:56.319+0000] {processor.py:161} INFO - Started process (PID=463) to work on /opt/airflow/dags/pakakumi_scraper.py
[2026-01-07T20:25:56.321+0000] {processor.py:830} INFO - Processing file /opt/airflow/dags/pakakumi_scraper.py for tasks to queue
[2026-01-07T20:25:56.325+0000] {logging_mixin.py:188} INFO - [2026-01-07T20:25:56.325+0000] {dagbag.py:540} INFO - Filling up the DagBag from /opt/airflow/dags/pakakumi_scraper.py
[2026-01-07T20:25:56.379+0000] {processor.py:840} INFO - DAG(s) 'pakakumi_scraper' retrieved from /opt/airflow/dags/pakakumi_scraper.py
[2026-01-07T20:25:56.425+0000] {logging_mixin.py:188} INFO - [2026-01-07T20:25:56.425+0000] {dag.py:3096} INFO - Sync 1 DAGs
[2026-01-07T20:25:56.467+0000] {logging_mixin.py:188} INFO - [2026-01-07T20:25:56.467+0000] {dag.py:3954} INFO - Setting next_dagrun for pakakumi_scraper to 2026-01-07 20:00:00+00:00, run_after=2026-01-07 21:00:00+00:00
[2026-01-07T20:25:56.510+0000] {processor.py:183} INFO - Processing /opt/airflow/dags/pakakumi_scraper.py took 0.200 seconds
[2026-01-07T20:26:26.603+0000] {processor.py:161} INFO - Started process (PID=468) to work on /opt/airflow/dags/pakakumi_scraper.py
[2026-01-07T20:26:26.605+0000] {processor.py:830} INFO - Processing file /opt/airflow/dags/pakakumi_scraper.py for tasks to queue
[2026-01-07T20:26:26.609+0000] {logging_mixin.py:188} INFO - [2026-01-07T20:26:26.608+0000] {dagbag.py:540} INFO - Filling up the DagBag from /opt/airflow/dags/pakakumi_scraper.py
[2026-01-07T20:26:26.639+0000] {processor.py:840} INFO - DAG(s) 'pakakumi_scraper' retrieved from /opt/airflow/dags/pakakumi_scraper.py
[2026-01-07T20:26:26.689+0000] {logging_mixin.py:188} INFO - [2026-01-07T20:26:26.689+0000] {dag.py:3096} INFO - Sync 1 DAGs
[2026-01-07T20:26:26.753+0000] {logging_mixin.py:188} INFO - [2026-01-07T20:26:26.753+0000] {dag.py:3954} INFO - Setting next_dagrun for pakakumi_scraper to 2026-01-07 20:00:00+00:00, run_after=2026-01-07 21:00:00+00:00
[2026-01-07T20:26:26.783+0000] {processor.py:183} INFO - Processing /opt/airflow/dags/pakakumi_scraper.py took 0.189 seconds
[2026-01-07T20:26:56.995+0000] {processor.py:161} INFO - Started process (PID=473) to work on /opt/airflow/dags/pakakumi_scraper.py
[2026-01-07T20:26:56.996+0000] {processor.py:830} INFO - Processing file /opt/airflow/dags/pakakumi_scraper.py for tasks to queue
[2026-01-07T20:26:56.999+0000] {logging_mixin.py:188} INFO - [2026-01-07T20:26:56.999+0000] {dagbag.py:540} INFO - Filling up the DagBag from /opt/airflow/dags/pakakumi_scraper.py
[2026-01-07T20:26:57.031+0000] {processor.py:840} INFO - DAG(s) 'pakakumi_scraper' retrieved from /opt/airflow/dags/pakakumi_scraper.py
[2026-01-07T20:26:57.079+0000] {logging_mixin.py:188} INFO - [2026-01-07T20:26:57.079+0000] {dag.py:3096} INFO - Sync 1 DAGs
[2026-01-07T20:26:57.122+0000] {logging_mixin.py:188} INFO - [2026-01-07T20:26:57.122+0000] {dag.py:3954} INFO - Setting next_dagrun for pakakumi_scraper to 2026-01-07 20:00:00+00:00, run_after=2026-01-07 21:00:00+00:00
[2026-01-07T20:26:57.156+0000] {processor.py:183} INFO - Processing /opt/airflow/dags/pakakumi_scraper.py took 0.172 seconds
[2026-01-07T20:27:27.329+0000] {processor.py:161} INFO - Started process (PID=478) to work on /opt/airflow/dags/pakakumi_scraper.py
[2026-01-07T20:27:27.330+0000] {processor.py:830} INFO - Processing file /opt/airflow/dags/pakakumi_scraper.py for tasks to queue
[2026-01-07T20:27:27.334+0000] {logging_mixin.py:188} INFO - [2026-01-07T20:27:27.333+0000] {dagbag.py:540} INFO - Filling up the DagBag from /opt/airflow/dags/pakakumi_scraper.py
[2026-01-07T20:27:27.380+0000] {processor.py:840} INFO - DAG(s) 'pakakumi_scraper' retrieved from /opt/airflow/dags/pakakumi_scraper.py
[2026-01-07T20:27:27.445+0000] {logging_mixin.py:188} INFO - [2026-01-07T20:27:27.444+0000] {dag.py:3096} INFO - Sync 1 DAGs
[2026-01-07T20:27:27.497+0000] {logging_mixin.py:188} INFO - [2026-01-07T20:27:27.496+0000] {dag.py:3954} INFO - Setting next_dagrun for pakakumi_scraper to 2026-01-07 20:00:00+00:00, run_after=2026-01-07 21:00:00+00:00
[2026-01-07T20:27:27.532+0000] {processor.py:183} INFO - Processing /opt/airflow/dags/pakakumi_scraper.py took 0.220 seconds
[2026-01-07T20:27:57.746+0000] {processor.py:161} INFO - Started process (PID=483) to work on /opt/airflow/dags/pakakumi_scraper.py
[2026-01-07T20:27:57.747+0000] {processor.py:830} INFO - Processing file /opt/airflow/dags/pakakumi_scraper.py for tasks to queue
[2026-01-07T20:27:57.749+0000] {logging_mixin.py:188} INFO - [2026-01-07T20:27:57.749+0000] {dagbag.py:540} INFO - Filling up the DagBag from /opt/airflow/dags/pakakumi_scraper.py
[2026-01-07T20:27:57.793+0000] {processor.py:840} INFO - DAG(s) 'pakakumi_scraper' retrieved from /opt/airflow/dags/pakakumi_scraper.py
[2026-01-07T20:27:57.839+0000] {logging_mixin.py:188} INFO - [2026-01-07T20:27:57.839+0000] {dag.py:3096} INFO - Sync 1 DAGs
[2026-01-07T20:27:57.882+0000] {logging_mixin.py:188} INFO - [2026-01-07T20:27:57.882+0000] {dag.py:3954} INFO - Setting next_dagrun for pakakumi_scraper to 2026-01-07 20:00:00+00:00, run_after=2026-01-07 21:00:00+00:00
[2026-01-07T20:27:57.921+0000] {processor.py:183} INFO - Processing /opt/airflow/dags/pakakumi_scraper.py took 0.186 seconds
[2026-01-07T20:28:28.129+0000] {processor.py:161} INFO - Started process (PID=488) to work on /opt/airflow/dags/pakakumi_scraper.py
[2026-01-07T20:28:28.130+0000] {processor.py:830} INFO - Processing file /opt/airflow/dags/pakakumi_scraper.py for tasks to queue
[2026-01-07T20:28:28.133+0000] {logging_mixin.py:188} INFO - [2026-01-07T20:28:28.132+0000] {dagbag.py:540} INFO - Filling up the DagBag from /opt/airflow/dags/pakakumi_scraper.py
[2026-01-07T20:28:28.177+0000] {processor.py:840} INFO - DAG(s) 'pakakumi_scraper' retrieved from /opt/airflow/dags/pakakumi_scraper.py
[2026-01-07T20:28:28.233+0000] {logging_mixin.py:188} INFO - [2026-01-07T20:28:28.232+0000] {dag.py:3096} INFO - Sync 1 DAGs
[2026-01-07T20:28:28.280+0000] {logging_mixin.py:188} INFO - [2026-01-07T20:28:28.280+0000] {dag.py:3954} INFO - Setting next_dagrun for pakakumi_scraper to 2026-01-07 20:00:00+00:00, run_after=2026-01-07 21:00:00+00:00
[2026-01-07T20:28:28.320+0000] {processor.py:183} INFO - Processing /opt/airflow/dags/pakakumi_scraper.py took 0.208 seconds
[2026-01-07T20:28:58.575+0000] {processor.py:161} INFO - Started process (PID=493) to work on /opt/airflow/dags/pakakumi_scraper.py
[2026-01-07T20:28:58.577+0000] {processor.py:830} INFO - Processing file /opt/airflow/dags/pakakumi_scraper.py for tasks to queue
[2026-01-07T20:28:58.580+0000] {logging_mixin.py:188} INFO - [2026-01-07T20:28:58.580+0000] {dagbag.py:540} INFO - Filling up the DagBag from /opt/airflow/dags/pakakumi_scraper.py
[2026-01-07T20:28:58.613+0000] {processor.py:840} INFO - DAG(s) 'pakakumi_scraper' retrieved from /opt/airflow/dags/pakakumi_scraper.py
[2026-01-07T20:28:58.662+0000] {logging_mixin.py:188} INFO - [2026-01-07T20:28:58.661+0000] {dag.py:3096} INFO - Sync 1 DAGs
[2026-01-07T20:28:58.714+0000] {logging_mixin.py:188} INFO - [2026-01-07T20:28:58.714+0000] {dag.py:3954} INFO - Setting next_dagrun for pakakumi_scraper to 2026-01-07 20:00:00+00:00, run_after=2026-01-07 21:00:00+00:00
[2026-01-07T20:28:58.748+0000] {processor.py:183} INFO - Processing /opt/airflow/dags/pakakumi_scraper.py took 0.185 seconds
[2026-01-07T20:29:28.986+0000] {processor.py:161} INFO - Started process (PID=498) to work on /opt/airflow/dags/pakakumi_scraper.py
[2026-01-07T20:29:28.988+0000] {processor.py:830} INFO - Processing file /opt/airflow/dags/pakakumi_scraper.py for tasks to queue
[2026-01-07T20:29:28.992+0000] {logging_mixin.py:188} INFO - [2026-01-07T20:29:28.991+0000] {dagbag.py:540} INFO - Filling up the DagBag from /opt/airflow/dags/pakakumi_scraper.py
[2026-01-07T20:29:29.026+0000] {processor.py:840} INFO - DAG(s) 'pakakumi_scraper' retrieved from /opt/airflow/dags/pakakumi_scraper.py
[2026-01-07T20:29:29.086+0000] {logging_mixin.py:188} INFO - [2026-01-07T20:29:29.086+0000] {dag.py:3096} INFO - Sync 1 DAGs
[2026-01-07T20:29:29.128+0000] {logging_mixin.py:188} INFO - [2026-01-07T20:29:29.128+0000] {dag.py:3954} INFO - Setting next_dagrun for pakakumi_scraper to 2026-01-07 20:00:00+00:00, run_after=2026-01-07 21:00:00+00:00
[2026-01-07T20:29:29.162+0000] {processor.py:183} INFO - Processing /opt/airflow/dags/pakakumi_scraper.py took 0.187 seconds
[2026-01-07T20:29:59.412+0000] {processor.py:161} INFO - Started process (PID=503) to work on /opt/airflow/dags/pakakumi_scraper.py
[2026-01-07T20:29:59.414+0000] {processor.py:830} INFO - Processing file /opt/airflow/dags/pakakumi_scraper.py for tasks to queue
[2026-01-07T20:29:59.420+0000] {logging_mixin.py:188} INFO - [2026-01-07T20:29:59.420+0000] {dagbag.py:540} INFO - Filling up the DagBag from /opt/airflow/dags/pakakumi_scraper.py
[2026-01-07T20:29:59.454+0000] {processor.py:840} INFO - DAG(s) 'pakakumi_scraper' retrieved from /opt/airflow/dags/pakakumi_scraper.py
[2026-01-07T20:29:59.503+0000] {logging_mixin.py:188} INFO - [2026-01-07T20:29:59.503+0000] {dag.py:3096} INFO - Sync 1 DAGs
[2026-01-07T20:29:59.546+0000] {logging_mixin.py:188} INFO - [2026-01-07T20:29:59.546+0000] {dag.py:3954} INFO - Setting next_dagrun for pakakumi_scraper to 2026-01-07 20:00:00+00:00, run_after=2026-01-07 21:00:00+00:00
[2026-01-07T20:29:59.579+0000] {processor.py:183} INFO - Processing /opt/airflow/dags/pakakumi_scraper.py took 0.180 seconds
[2026-01-07T20:30:29.855+0000] {processor.py:161} INFO - Started process (PID=508) to work on /opt/airflow/dags/pakakumi_scraper.py
[2026-01-07T20:30:29.856+0000] {processor.py:830} INFO - Processing file /opt/airflow/dags/pakakumi_scraper.py for tasks to queue
[2026-01-07T20:30:29.860+0000] {logging_mixin.py:188} INFO - [2026-01-07T20:30:29.860+0000] {dagbag.py:540} INFO - Filling up the DagBag from /opt/airflow/dags/pakakumi_scraper.py
[2026-01-07T20:30:29.890+0000] {processor.py:840} INFO - DAG(s) 'pakakumi_scraper' retrieved from /opt/airflow/dags/pakakumi_scraper.py
[2026-01-07T20:30:29.933+0000] {logging_mixin.py:188} INFO - [2026-01-07T20:30:29.933+0000] {dag.py:3096} INFO - Sync 1 DAGs
[2026-01-07T20:30:29.967+0000] {logging_mixin.py:188} INFO - [2026-01-07T20:30:29.966+0000] {dag.py:3954} INFO - Setting next_dagrun for pakakumi_scraper to 2026-01-07 20:00:00+00:00, run_after=2026-01-07 21:00:00+00:00
[2026-01-07T20:30:29.991+0000] {processor.py:183} INFO - Processing /opt/airflow/dags/pakakumi_scraper.py took 0.149 seconds
[2026-01-07T20:31:00.230+0000] {processor.py:161} INFO - Started process (PID=513) to work on /opt/airflow/dags/pakakumi_scraper.py
[2026-01-07T20:31:00.232+0000] {processor.py:830} INFO - Processing file /opt/airflow/dags/pakakumi_scraper.py for tasks to queue
[2026-01-07T20:31:00.237+0000] {logging_mixin.py:188} INFO - [2026-01-07T20:31:00.237+0000] {dagbag.py:540} INFO - Filling up the DagBag from /opt/airflow/dags/pakakumi_scraper.py
[2026-01-07T20:31:00.276+0000] {processor.py:840} INFO - DAG(s) 'pakakumi_scraper' retrieved from /opt/airflow/dags/pakakumi_scraper.py
[2026-01-07T20:31:00.327+0000] {logging_mixin.py:188} INFO - [2026-01-07T20:31:00.327+0000] {dag.py:3096} INFO - Sync 1 DAGs
[2026-01-07T20:31:00.371+0000] {logging_mixin.py:188} INFO - [2026-01-07T20:31:00.371+0000] {dag.py:3954} INFO - Setting next_dagrun for pakakumi_scraper to 2026-01-07 20:00:00+00:00, run_after=2026-01-07 21:00:00+00:00
[2026-01-07T20:31:00.407+0000] {processor.py:183} INFO - Processing /opt/airflow/dags/pakakumi_scraper.py took 0.187 seconds
[2026-01-07T20:31:30.643+0000] {processor.py:161} INFO - Started process (PID=518) to work on /opt/airflow/dags/pakakumi_scraper.py
[2026-01-07T20:31:30.645+0000] {processor.py:830} INFO - Processing file /opt/airflow/dags/pakakumi_scraper.py for tasks to queue
[2026-01-07T20:31:30.649+0000] {logging_mixin.py:188} INFO - [2026-01-07T20:31:30.648+0000] {dagbag.py:540} INFO - Filling up the DagBag from /opt/airflow/dags/pakakumi_scraper.py
[2026-01-07T20:31:30.680+0000] {processor.py:840} INFO - DAG(s) 'pakakumi_scraper' retrieved from /opt/airflow/dags/pakakumi_scraper.py
[2026-01-07T20:31:30.733+0000] {logging_mixin.py:188} INFO - [2026-01-07T20:31:30.733+0000] {dag.py:3096} INFO - Sync 1 DAGs
[2026-01-07T20:31:30.778+0000] {logging_mixin.py:188} INFO - [2026-01-07T20:31:30.777+0000] {dag.py:3954} INFO - Setting next_dagrun for pakakumi_scraper to 2026-01-07 20:00:00+00:00, run_after=2026-01-07 21:00:00+00:00
[2026-01-07T20:31:30.814+0000] {processor.py:183} INFO - Processing /opt/airflow/dags/pakakumi_scraper.py took 0.183 seconds
[2026-01-07T20:32:01.104+0000] {processor.py:161} INFO - Started process (PID=523) to work on /opt/airflow/dags/pakakumi_scraper.py
[2026-01-07T20:32:01.107+0000] {processor.py:830} INFO - Processing file /opt/airflow/dags/pakakumi_scraper.py for tasks to queue
[2026-01-07T20:32:01.110+0000] {logging_mixin.py:188} INFO - [2026-01-07T20:32:01.110+0000] {dagbag.py:540} INFO - Filling up the DagBag from /opt/airflow/dags/pakakumi_scraper.py
[2026-01-07T20:32:01.144+0000] {processor.py:840} INFO - DAG(s) 'pakakumi_scraper' retrieved from /opt/airflow/dags/pakakumi_scraper.py
[2026-01-07T20:32:01.195+0000] {logging_mixin.py:188} INFO - [2026-01-07T20:32:01.195+0000] {dag.py:3096} INFO - Sync 1 DAGs
[2026-01-07T20:32:01.238+0000] {logging_mixin.py:188} INFO - [2026-01-07T20:32:01.237+0000] {dag.py:3954} INFO - Setting next_dagrun for pakakumi_scraper to 2026-01-07 20:00:00+00:00, run_after=2026-01-07 21:00:00+00:00
[2026-01-07T20:32:01.274+0000] {processor.py:183} INFO - Processing /opt/airflow/dags/pakakumi_scraper.py took 0.183 seconds
[2026-01-07T20:32:31.512+0000] {processor.py:161} INFO - Started process (PID=528) to work on /opt/airflow/dags/pakakumi_scraper.py
[2026-01-07T20:32:31.514+0000] {processor.py:830} INFO - Processing file /opt/airflow/dags/pakakumi_scraper.py for tasks to queue
[2026-01-07T20:32:31.519+0000] {logging_mixin.py:188} INFO - [2026-01-07T20:32:31.517+0000] {dagbag.py:540} INFO - Filling up the DagBag from /opt/airflow/dags/pakakumi_scraper.py
[2026-01-07T20:32:31.556+0000] {processor.py:840} INFO - DAG(s) 'pakakumi_scraper' retrieved from /opt/airflow/dags/pakakumi_scraper.py
[2026-01-07T20:32:31.608+0000] {logging_mixin.py:188} INFO - [2026-01-07T20:32:31.607+0000] {dag.py:3096} INFO - Sync 1 DAGs
[2026-01-07T20:32:31.646+0000] {logging_mixin.py:188} INFO - [2026-01-07T20:32:31.646+0000] {dag.py:3954} INFO - Setting next_dagrun for pakakumi_scraper to 2026-01-07 20:00:00+00:00, run_after=2026-01-07 21:00:00+00:00
[2026-01-07T20:32:31.728+0000] {processor.py:183} INFO - Processing /opt/airflow/dags/pakakumi_scraper.py took 0.229 seconds
[2026-01-07T20:33:01.974+0000] {processor.py:161} INFO - Started process (PID=533) to work on /opt/airflow/dags/pakakumi_scraper.py
[2026-01-07T20:33:01.977+0000] {processor.py:830} INFO - Processing file /opt/airflow/dags/pakakumi_scraper.py for tasks to queue
[2026-01-07T20:33:01.980+0000] {logging_mixin.py:188} INFO - [2026-01-07T20:33:01.980+0000] {dagbag.py:540} INFO - Filling up the DagBag from /opt/airflow/dags/pakakumi_scraper.py
[2026-01-07T20:33:02.019+0000] {processor.py:840} INFO - DAG(s) 'pakakumi_scraper' retrieved from /opt/airflow/dags/pakakumi_scraper.py
[2026-01-07T20:33:02.075+0000] {logging_mixin.py:188} INFO - [2026-01-07T20:33:02.075+0000] {dag.py:3096} INFO - Sync 1 DAGs
[2026-01-07T20:33:02.122+0000] {logging_mixin.py:188} INFO - [2026-01-07T20:33:02.121+0000] {dag.py:3954} INFO - Setting next_dagrun for pakakumi_scraper to 2026-01-07 20:00:00+00:00, run_after=2026-01-07 21:00:00+00:00
[2026-01-07T20:33:02.156+0000] {processor.py:183} INFO - Processing /opt/airflow/dags/pakakumi_scraper.py took 0.198 seconds
[2026-01-07T20:33:32.460+0000] {processor.py:161} INFO - Started process (PID=538) to work on /opt/airflow/dags/pakakumi_scraper.py
[2026-01-07T20:33:32.461+0000] {processor.py:830} INFO - Processing file /opt/airflow/dags/pakakumi_scraper.py for tasks to queue
[2026-01-07T20:33:32.465+0000] {logging_mixin.py:188} INFO - [2026-01-07T20:33:32.464+0000] {dagbag.py:540} INFO - Filling up the DagBag from /opt/airflow/dags/pakakumi_scraper.py
[2026-01-07T20:33:32.500+0000] {processor.py:840} INFO - DAG(s) 'pakakumi_scraper' retrieved from /opt/airflow/dags/pakakumi_scraper.py
[2026-01-07T20:33:32.552+0000] {logging_mixin.py:188} INFO - [2026-01-07T20:33:32.551+0000] {dag.py:3096} INFO - Sync 1 DAGs
[2026-01-07T20:33:32.589+0000] {logging_mixin.py:188} INFO - [2026-01-07T20:33:32.588+0000] {dag.py:3954} INFO - Setting next_dagrun for pakakumi_scraper to 2026-01-07 20:00:00+00:00, run_after=2026-01-07 21:00:00+00:00
[2026-01-07T20:33:32.625+0000] {processor.py:183} INFO - Processing /opt/airflow/dags/pakakumi_scraper.py took 0.175 seconds
[2026-01-07T20:34:02.681+0000] {processor.py:161} INFO - Started process (PID=543) to work on /opt/airflow/dags/pakakumi_scraper.py
[2026-01-07T20:34:02.685+0000] {processor.py:830} INFO - Processing file /opt/airflow/dags/pakakumi_scraper.py for tasks to queue
[2026-01-07T20:34:02.689+0000] {logging_mixin.py:188} INFO - [2026-01-07T20:34:02.689+0000] {dagbag.py:540} INFO - Filling up the DagBag from /opt/airflow/dags/pakakumi_scraper.py
[2026-01-07T20:34:02.724+0000] {processor.py:840} INFO - DAG(s) 'pakakumi_scraper' retrieved from /opt/airflow/dags/pakakumi_scraper.py
[2026-01-07T20:34:02.774+0000] {logging_mixin.py:188} INFO - [2026-01-07T20:34:02.774+0000] {dag.py:3096} INFO - Sync 1 DAGs
[2026-01-07T20:34:02.813+0000] {logging_mixin.py:188} INFO - [2026-01-07T20:34:02.813+0000] {dag.py:3954} INFO - Setting next_dagrun for pakakumi_scraper to 2026-01-07 20:00:00+00:00, run_after=2026-01-07 21:00:00+00:00
[2026-01-07T20:34:02.851+0000] {processor.py:183} INFO - Processing /opt/airflow/dags/pakakumi_scraper.py took 0.179 seconds
[2026-01-07T20:34:33.156+0000] {processor.py:161} INFO - Started process (PID=548) to work on /opt/airflow/dags/pakakumi_scraper.py
[2026-01-07T20:34:33.157+0000] {processor.py:830} INFO - Processing file /opt/airflow/dags/pakakumi_scraper.py for tasks to queue
[2026-01-07T20:34:33.161+0000] {logging_mixin.py:188} INFO - [2026-01-07T20:34:33.160+0000] {dagbag.py:540} INFO - Filling up the DagBag from /opt/airflow/dags/pakakumi_scraper.py
[2026-01-07T20:34:33.211+0000] {processor.py:840} INFO - DAG(s) 'pakakumi_scraper' retrieved from /opt/airflow/dags/pakakumi_scraper.py
[2026-01-07T20:34:33.269+0000] {logging_mixin.py:188} INFO - [2026-01-07T20:34:33.269+0000] {dag.py:3096} INFO - Sync 1 DAGs
[2026-01-07T20:34:33.309+0000] {logging_mixin.py:188} INFO - [2026-01-07T20:34:33.309+0000] {dag.py:3954} INFO - Setting next_dagrun for pakakumi_scraper to 2026-01-07 20:00:00+00:00, run_after=2026-01-07 21:00:00+00:00
[2026-01-07T20:34:33.355+0000] {processor.py:183} INFO - Processing /opt/airflow/dags/pakakumi_scraper.py took 0.211 seconds
[2026-01-07T20:35:03.606+0000] {processor.py:161} INFO - Started process (PID=553) to work on /opt/airflow/dags/pakakumi_scraper.py
[2026-01-07T20:35:03.608+0000] {processor.py:830} INFO - Processing file /opt/airflow/dags/pakakumi_scraper.py for tasks to queue
[2026-01-07T20:35:03.612+0000] {logging_mixin.py:188} INFO - [2026-01-07T20:35:03.611+0000] {dagbag.py:540} INFO - Filling up the DagBag from /opt/airflow/dags/pakakumi_scraper.py
[2026-01-07T20:35:03.647+0000] {processor.py:840} INFO - DAG(s) 'pakakumi_scraper' retrieved from /opt/airflow/dags/pakakumi_scraper.py
[2026-01-07T20:35:03.696+0000] {logging_mixin.py:188} INFO - [2026-01-07T20:35:03.695+0000] {dag.py:3096} INFO - Sync 1 DAGs
[2026-01-07T20:35:03.742+0000] {logging_mixin.py:188} INFO - [2026-01-07T20:35:03.741+0000] {dag.py:3954} INFO - Setting next_dagrun for pakakumi_scraper to 2026-01-07 20:00:00+00:00, run_after=2026-01-07 21:00:00+00:00
[2026-01-07T20:35:03.773+0000] {processor.py:183} INFO - Processing /opt/airflow/dags/pakakumi_scraper.py took 0.179 seconds
[2026-01-07T20:35:34.007+0000] {processor.py:161} INFO - Started process (PID=558) to work on /opt/airflow/dags/pakakumi_scraper.py
[2026-01-07T20:35:34.009+0000] {processor.py:830} INFO - Processing file /opt/airflow/dags/pakakumi_scraper.py for tasks to queue
[2026-01-07T20:35:34.013+0000] {logging_mixin.py:188} INFO - [2026-01-07T20:35:34.012+0000] {dagbag.py:540} INFO - Filling up the DagBag from /opt/airflow/dags/pakakumi_scraper.py
[2026-01-07T20:35:34.046+0000] {processor.py:840} INFO - DAG(s) 'pakakumi_scraper' retrieved from /opt/airflow/dags/pakakumi_scraper.py
[2026-01-07T20:35:34.103+0000] {logging_mixin.py:188} INFO - [2026-01-07T20:35:34.103+0000] {dag.py:3096} INFO - Sync 1 DAGs
[2026-01-07T20:35:34.143+0000] {logging_mixin.py:188} INFO - [2026-01-07T20:35:34.143+0000] {dag.py:3954} INFO - Setting next_dagrun for pakakumi_scraper to 2026-01-07 20:00:00+00:00, run_after=2026-01-07 21:00:00+00:00
[2026-01-07T20:35:34.177+0000] {processor.py:183} INFO - Processing /opt/airflow/dags/pakakumi_scraper.py took 0.182 seconds
[2026-01-07T20:36:04.503+0000] {processor.py:161} INFO - Started process (PID=563) to work on /opt/airflow/dags/pakakumi_scraper.py
[2026-01-07T20:36:04.505+0000] {processor.py:830} INFO - Processing file /opt/airflow/dags/pakakumi_scraper.py for tasks to queue
[2026-01-07T20:36:04.508+0000] {logging_mixin.py:188} INFO - [2026-01-07T20:36:04.508+0000] {dagbag.py:540} INFO - Filling up the DagBag from /opt/airflow/dags/pakakumi_scraper.py
[2026-01-07T20:36:04.540+0000] {processor.py:840} INFO - DAG(s) 'pakakumi_scraper' retrieved from /opt/airflow/dags/pakakumi_scraper.py
[2026-01-07T20:36:04.590+0000] {logging_mixin.py:188} INFO - [2026-01-07T20:36:04.589+0000] {dag.py:3096} INFO - Sync 1 DAGs
[2026-01-07T20:36:04.628+0000] {logging_mixin.py:188} INFO - [2026-01-07T20:36:04.627+0000] {dag.py:3954} INFO - Setting next_dagrun for pakakumi_scraper to 2026-01-07 20:00:00+00:00, run_after=2026-01-07 21:00:00+00:00
[2026-01-07T20:36:04.660+0000] {processor.py:183} INFO - Processing /opt/airflow/dags/pakakumi_scraper.py took 0.168 seconds
[2026-01-07T20:36:34.793+0000] {processor.py:161} INFO - Started process (PID=568) to work on /opt/airflow/dags/pakakumi_scraper.py
[2026-01-07T20:36:34.795+0000] {processor.py:830} INFO - Processing file /opt/airflow/dags/pakakumi_scraper.py for tasks to queue
[2026-01-07T20:36:34.800+0000] {logging_mixin.py:188} INFO - [2026-01-07T20:36:34.799+0000] {dagbag.py:540} INFO - Filling up the DagBag from /opt/airflow/dags/pakakumi_scraper.py
[2026-01-07T20:36:34.837+0000] {processor.py:840} INFO - DAG(s) 'pakakumi_scraper' retrieved from /opt/airflow/dags/pakakumi_scraper.py
[2026-01-07T20:36:34.889+0000] {logging_mixin.py:188} INFO - [2026-01-07T20:36:34.888+0000] {dag.py:3096} INFO - Sync 1 DAGs
[2026-01-07T20:36:34.926+0000] {logging_mixin.py:188} INFO - [2026-01-07T20:36:34.926+0000] {dag.py:3954} INFO - Setting next_dagrun for pakakumi_scraper to 2026-01-07 20:00:00+00:00, run_after=2026-01-07 21:00:00+00:00
[2026-01-07T20:36:34.970+0000] {processor.py:183} INFO - Processing /opt/airflow/dags/pakakumi_scraper.py took 0.187 seconds
[2026-01-07T20:37:05.223+0000] {processor.py:161} INFO - Started process (PID=573) to work on /opt/airflow/dags/pakakumi_scraper.py
[2026-01-07T20:37:05.225+0000] {processor.py:830} INFO - Processing file /opt/airflow/dags/pakakumi_scraper.py for tasks to queue
[2026-01-07T20:37:05.235+0000] {logging_mixin.py:188} INFO - [2026-01-07T20:37:05.234+0000] {dagbag.py:540} INFO - Filling up the DagBag from /opt/airflow/dags/pakakumi_scraper.py
[2026-01-07T20:37:05.290+0000] {processor.py:840} INFO - DAG(s) 'pakakumi_scraper' retrieved from /opt/airflow/dags/pakakumi_scraper.py
[2026-01-07T20:37:05.351+0000] {logging_mixin.py:188} INFO - [2026-01-07T20:37:05.351+0000] {dag.py:3096} INFO - Sync 1 DAGs
[2026-01-07T20:37:05.397+0000] {logging_mixin.py:188} INFO - [2026-01-07T20:37:05.397+0000] {dag.py:3954} INFO - Setting next_dagrun for pakakumi_scraper to 2026-01-07 20:00:00+00:00, run_after=2026-01-07 21:00:00+00:00
[2026-01-07T20:37:05.422+0000] {processor.py:183} INFO - Processing /opt/airflow/dags/pakakumi_scraper.py took 0.220 seconds
[2026-01-07T20:37:35.709+0000] {processor.py:161} INFO - Started process (PID=578) to work on /opt/airflow/dags/pakakumi_scraper.py
[2026-01-07T20:37:35.714+0000] {processor.py:830} INFO - Processing file /opt/airflow/dags/pakakumi_scraper.py for tasks to queue
[2026-01-07T20:37:35.718+0000] {logging_mixin.py:188} INFO - [2026-01-07T20:37:35.718+0000] {dagbag.py:540} INFO - Filling up the DagBag from /opt/airflow/dags/pakakumi_scraper.py
[2026-01-07T20:37:35.751+0000] {processor.py:840} INFO - DAG(s) 'pakakumi_scraper' retrieved from /opt/airflow/dags/pakakumi_scraper.py
[2026-01-07T20:37:35.802+0000] {logging_mixin.py:188} INFO - [2026-01-07T20:37:35.802+0000] {dag.py:3096} INFO - Sync 1 DAGs
[2026-01-07T20:37:35.840+0000] {logging_mixin.py:188} INFO - [2026-01-07T20:37:35.840+0000] {dag.py:3954} INFO - Setting next_dagrun for pakakumi_scraper to 2026-01-07 20:00:00+00:00, run_after=2026-01-07 21:00:00+00:00
[2026-01-07T20:37:35.871+0000] {processor.py:183} INFO - Processing /opt/airflow/dags/pakakumi_scraper.py took 0.173 seconds
[2026-01-07T20:38:06.101+0000] {processor.py:161} INFO - Started process (PID=583) to work on /opt/airflow/dags/pakakumi_scraper.py
[2026-01-07T20:38:06.103+0000] {processor.py:830} INFO - Processing file /opt/airflow/dags/pakakumi_scraper.py for tasks to queue
[2026-01-07T20:38:06.106+0000] {logging_mixin.py:188} INFO - [2026-01-07T20:38:06.106+0000] {dagbag.py:540} INFO - Filling up the DagBag from /opt/airflow/dags/pakakumi_scraper.py
[2026-01-07T20:38:06.140+0000] {processor.py:840} INFO - DAG(s) 'pakakumi_scraper' retrieved from /opt/airflow/dags/pakakumi_scraper.py
[2026-01-07T20:38:06.192+0000] {logging_mixin.py:188} INFO - [2026-01-07T20:38:06.192+0000] {dag.py:3096} INFO - Sync 1 DAGs
[2026-01-07T20:38:06.240+0000] {logging_mixin.py:188} INFO - [2026-01-07T20:38:06.240+0000] {dag.py:3954} INFO - Setting next_dagrun for pakakumi_scraper to 2026-01-07 20:00:00+00:00, run_after=2026-01-07 21:00:00+00:00
[2026-01-07T20:38:06.273+0000] {processor.py:183} INFO - Processing /opt/airflow/dags/pakakumi_scraper.py took 0.185 seconds
[2026-01-07T20:38:36.531+0000] {processor.py:161} INFO - Started process (PID=588) to work on /opt/airflow/dags/pakakumi_scraper.py
[2026-01-07T20:38:36.532+0000] {processor.py:830} INFO - Processing file /opt/airflow/dags/pakakumi_scraper.py for tasks to queue
[2026-01-07T20:38:36.535+0000] {logging_mixin.py:188} INFO - [2026-01-07T20:38:36.535+0000] {dagbag.py:540} INFO - Filling up the DagBag from /opt/airflow/dags/pakakumi_scraper.py
[2026-01-07T20:38:36.569+0000] {processor.py:840} INFO - DAG(s) 'pakakumi_scraper' retrieved from /opt/airflow/dags/pakakumi_scraper.py
[2026-01-07T20:38:36.621+0000] {logging_mixin.py:188} INFO - [2026-01-07T20:38:36.620+0000] {dag.py:3096} INFO - Sync 1 DAGs
[2026-01-07T20:38:36.662+0000] {logging_mixin.py:188} INFO - [2026-01-07T20:38:36.662+0000] {dag.py:3954} INFO - Setting next_dagrun for pakakumi_scraper to 2026-01-07 20:00:00+00:00, run_after=2026-01-07 21:00:00+00:00
[2026-01-07T20:38:36.693+0000] {processor.py:183} INFO - Processing /opt/airflow/dags/pakakumi_scraper.py took 0.174 seconds
[2026-01-07T20:39:06.760+0000] {processor.py:161} INFO - Started process (PID=593) to work on /opt/airflow/dags/pakakumi_scraper.py
[2026-01-07T20:39:06.761+0000] {processor.py:830} INFO - Processing file /opt/airflow/dags/pakakumi_scraper.py for tasks to queue
[2026-01-07T20:39:06.764+0000] {logging_mixin.py:188} INFO - [2026-01-07T20:39:06.764+0000] {dagbag.py:540} INFO - Filling up the DagBag from /opt/airflow/dags/pakakumi_scraper.py
[2026-01-07T20:39:06.805+0000] {processor.py:840} INFO - DAG(s) 'pakakumi_scraper' retrieved from /opt/airflow/dags/pakakumi_scraper.py
[2026-01-07T20:39:06.865+0000] {logging_mixin.py:188} INFO - [2026-01-07T20:39:06.864+0000] {dag.py:3096} INFO - Sync 1 DAGs
[2026-01-07T20:39:06.906+0000] {logging_mixin.py:188} INFO - [2026-01-07T20:39:06.906+0000] {dag.py:3954} INFO - Setting next_dagrun for pakakumi_scraper to 2026-01-07 20:00:00+00:00, run_after=2026-01-07 21:00:00+00:00
[2026-01-07T20:39:06.948+0000] {processor.py:183} INFO - Processing /opt/airflow/dags/pakakumi_scraper.py took 0.201 seconds
[2026-01-07T20:39:37.223+0000] {processor.py:161} INFO - Started process (PID=598) to work on /opt/airflow/dags/pakakumi_scraper.py
[2026-01-07T20:39:37.225+0000] {processor.py:830} INFO - Processing file /opt/airflow/dags/pakakumi_scraper.py for tasks to queue
[2026-01-07T20:39:37.228+0000] {logging_mixin.py:188} INFO - [2026-01-07T20:39:37.228+0000] {dagbag.py:540} INFO - Filling up the DagBag from /opt/airflow/dags/pakakumi_scraper.py
[2026-01-07T20:39:37.266+0000] {processor.py:840} INFO - DAG(s) 'pakakumi_scraper' retrieved from /opt/airflow/dags/pakakumi_scraper.py
[2026-01-07T20:39:37.317+0000] {logging_mixin.py:188} INFO - [2026-01-07T20:39:37.317+0000] {dag.py:3096} INFO - Sync 1 DAGs
[2026-01-07T20:39:37.366+0000] {logging_mixin.py:188} INFO - [2026-01-07T20:39:37.366+0000] {dag.py:3954} INFO - Setting next_dagrun for pakakumi_scraper to 2026-01-07 20:00:00+00:00, run_after=2026-01-07 21:00:00+00:00
[2026-01-07T20:39:37.410+0000] {processor.py:183} INFO - Processing /opt/airflow/dags/pakakumi_scraper.py took 0.199 seconds
[2026-01-07T20:40:07.494+0000] {processor.py:161} INFO - Started process (PID=603) to work on /opt/airflow/dags/pakakumi_scraper.py
[2026-01-07T20:40:07.495+0000] {processor.py:830} INFO - Processing file /opt/airflow/dags/pakakumi_scraper.py for tasks to queue
[2026-01-07T20:40:07.498+0000] {logging_mixin.py:188} INFO - [2026-01-07T20:40:07.498+0000] {dagbag.py:540} INFO - Filling up the DagBag from /opt/airflow/dags/pakakumi_scraper.py
[2026-01-07T20:40:07.532+0000] {processor.py:840} INFO - DAG(s) 'pakakumi_scraper' retrieved from /opt/airflow/dags/pakakumi_scraper.py
[2026-01-07T20:40:07.587+0000] {logging_mixin.py:188} INFO - [2026-01-07T20:40:07.586+0000] {dag.py:3096} INFO - Sync 1 DAGs
[2026-01-07T20:40:07.642+0000] {logging_mixin.py:188} INFO - [2026-01-07T20:40:07.641+0000] {dag.py:3954} INFO - Setting next_dagrun for pakakumi_scraper to 2026-01-07 20:00:00+00:00, run_after=2026-01-07 21:00:00+00:00
[2026-01-07T20:40:07.677+0000] {processor.py:183} INFO - Processing /opt/airflow/dags/pakakumi_scraper.py took 0.194 seconds
[2026-01-07T20:40:37.861+0000] {processor.py:161} INFO - Started process (PID=608) to work on /opt/airflow/dags/pakakumi_scraper.py
[2026-01-07T20:40:37.863+0000] {processor.py:830} INFO - Processing file /opt/airflow/dags/pakakumi_scraper.py for tasks to queue
[2026-01-07T20:40:37.866+0000] {logging_mixin.py:188} INFO - [2026-01-07T20:40:37.865+0000] {dagbag.py:540} INFO - Filling up the DagBag from /opt/airflow/dags/pakakumi_scraper.py
[2026-01-07T20:40:37.905+0000] {processor.py:840} INFO - DAG(s) 'pakakumi_scraper' retrieved from /opt/airflow/dags/pakakumi_scraper.py
[2026-01-07T20:40:37.957+0000] {logging_mixin.py:188} INFO - [2026-01-07T20:40:37.956+0000] {dag.py:3096} INFO - Sync 1 DAGs
[2026-01-07T20:40:37.997+0000] {logging_mixin.py:188} INFO - [2026-01-07T20:40:37.996+0000] {dag.py:3954} INFO - Setting next_dagrun for pakakumi_scraper to 2026-01-07 20:00:00+00:00, run_after=2026-01-07 21:00:00+00:00
[2026-01-07T20:40:38.025+0000] {processor.py:183} INFO - Processing /opt/airflow/dags/pakakumi_scraper.py took 0.178 seconds
[2026-01-07T20:41:08.112+0000] {processor.py:161} INFO - Started process (PID=613) to work on /opt/airflow/dags/pakakumi_scraper.py
[2026-01-07T20:41:08.113+0000] {processor.py:830} INFO - Processing file /opt/airflow/dags/pakakumi_scraper.py for tasks to queue
[2026-01-07T20:41:08.116+0000] {logging_mixin.py:188} INFO - [2026-01-07T20:41:08.115+0000] {dagbag.py:540} INFO - Filling up the DagBag from /opt/airflow/dags/pakakumi_scraper.py
[2026-01-07T20:41:08.145+0000] {processor.py:840} INFO - DAG(s) 'pakakumi_scraper' retrieved from /opt/airflow/dags/pakakumi_scraper.py
[2026-01-07T20:41:08.191+0000] {logging_mixin.py:188} INFO - [2026-01-07T20:41:08.190+0000] {dag.py:3096} INFO - Sync 1 DAGs
[2026-01-07T20:41:08.227+0000] {logging_mixin.py:188} INFO - [2026-01-07T20:41:08.226+0000] {dag.py:3954} INFO - Setting next_dagrun for pakakumi_scraper to 2026-01-07 20:00:00+00:00, run_after=2026-01-07 21:00:00+00:00
[2026-01-07T20:41:08.257+0000] {processor.py:183} INFO - Processing /opt/airflow/dags/pakakumi_scraper.py took 0.156 seconds
[2026-01-07T20:41:38.491+0000] {processor.py:161} INFO - Started process (PID=618) to work on /opt/airflow/dags/pakakumi_scraper.py
[2026-01-07T20:41:38.492+0000] {processor.py:830} INFO - Processing file /opt/airflow/dags/pakakumi_scraper.py for tasks to queue
[2026-01-07T20:41:38.496+0000] {logging_mixin.py:188} INFO - [2026-01-07T20:41:38.495+0000] {dagbag.py:540} INFO - Filling up the DagBag from /opt/airflow/dags/pakakumi_scraper.py
[2026-01-07T20:41:38.541+0000] {processor.py:840} INFO - DAG(s) 'pakakumi_scraper' retrieved from /opt/airflow/dags/pakakumi_scraper.py
[2026-01-07T20:41:38.590+0000] {logging_mixin.py:188} INFO - [2026-01-07T20:41:38.590+0000] {dag.py:3096} INFO - Sync 1 DAGs
[2026-01-07T20:41:38.629+0000] {logging_mixin.py:188} INFO - [2026-01-07T20:41:38.628+0000] {dag.py:3954} INFO - Setting next_dagrun for pakakumi_scraper to 2026-01-07 20:00:00+00:00, run_after=2026-01-07 21:00:00+00:00
[2026-01-07T20:41:38.660+0000] {processor.py:183} INFO - Processing /opt/airflow/dags/pakakumi_scraper.py took 0.180 seconds
[2026-01-07T20:42:08.853+0000] {processor.py:161} INFO - Started process (PID=623) to work on /opt/airflow/dags/pakakumi_scraper.py
[2026-01-07T20:42:08.855+0000] {processor.py:830} INFO - Processing file /opt/airflow/dags/pakakumi_scraper.py for tasks to queue
[2026-01-07T20:42:08.858+0000] {logging_mixin.py:188} INFO - [2026-01-07T20:42:08.857+0000] {dagbag.py:540} INFO - Filling up the DagBag from /opt/airflow/dags/pakakumi_scraper.py
[2026-01-07T20:42:08.894+0000] {processor.py:840} INFO - DAG(s) 'pakakumi_scraper' retrieved from /opt/airflow/dags/pakakumi_scraper.py
[2026-01-07T20:42:08.944+0000] {logging_mixin.py:188} INFO - [2026-01-07T20:42:08.944+0000] {dag.py:3096} INFO - Sync 1 DAGs
[2026-01-07T20:42:08.989+0000] {logging_mixin.py:188} INFO - [2026-01-07T20:42:08.989+0000] {dag.py:3954} INFO - Setting next_dagrun for pakakumi_scraper to 2026-01-07 20:00:00+00:00, run_after=2026-01-07 21:00:00+00:00
[2026-01-07T20:42:09.025+0000] {processor.py:183} INFO - Processing /opt/airflow/dags/pakakumi_scraper.py took 0.185 seconds
[2026-01-07T20:42:39.262+0000] {processor.py:161} INFO - Started process (PID=628) to work on /opt/airflow/dags/pakakumi_scraper.py
[2026-01-07T20:42:39.264+0000] {processor.py:830} INFO - Processing file /opt/airflow/dags/pakakumi_scraper.py for tasks to queue
[2026-01-07T20:42:39.273+0000] {logging_mixin.py:188} INFO - [2026-01-07T20:42:39.273+0000] {dagbag.py:540} INFO - Filling up the DagBag from /opt/airflow/dags/pakakumi_scraper.py
[2026-01-07T20:42:39.306+0000] {processor.py:840} INFO - DAG(s) 'pakakumi_scraper' retrieved from /opt/airflow/dags/pakakumi_scraper.py
[2026-01-07T20:42:39.357+0000] {logging_mixin.py:188} INFO - [2026-01-07T20:42:39.357+0000] {dag.py:3096} INFO - Sync 1 DAGs
[2026-01-07T20:42:39.401+0000] {logging_mixin.py:188} INFO - [2026-01-07T20:42:39.400+0000] {dag.py:3954} INFO - Setting next_dagrun for pakakumi_scraper to 2026-01-07 20:00:00+00:00, run_after=2026-01-07 21:00:00+00:00
[2026-01-07T20:42:39.447+0000] {processor.py:183} INFO - Processing /opt/airflow/dags/pakakumi_scraper.py took 0.198 seconds
[2026-01-07T20:43:09.720+0000] {processor.py:161} INFO - Started process (PID=633) to work on /opt/airflow/dags/pakakumi_scraper.py
[2026-01-07T20:43:09.721+0000] {processor.py:830} INFO - Processing file /opt/airflow/dags/pakakumi_scraper.py for tasks to queue
[2026-01-07T20:43:09.724+0000] {logging_mixin.py:188} INFO - [2026-01-07T20:43:09.724+0000] {dagbag.py:540} INFO - Filling up the DagBag from /opt/airflow/dags/pakakumi_scraper.py
[2026-01-07T20:43:09.761+0000] {processor.py:840} INFO - DAG(s) 'pakakumi_scraper' retrieved from /opt/airflow/dags/pakakumi_scraper.py
[2026-01-07T20:43:09.811+0000] {logging_mixin.py:188} INFO - [2026-01-07T20:43:09.810+0000] {dag.py:3096} INFO - Sync 1 DAGs
[2026-01-07T20:43:09.859+0000] {logging_mixin.py:188} INFO - [2026-01-07T20:43:09.859+0000] {dag.py:3954} INFO - Setting next_dagrun for pakakumi_scraper to 2026-01-07 20:00:00+00:00, run_after=2026-01-07 21:00:00+00:00
[2026-01-07T20:43:09.896+0000] {processor.py:183} INFO - Processing /opt/airflow/dags/pakakumi_scraper.py took 0.188 seconds
[2026-01-07T20:43:40.156+0000] {processor.py:161} INFO - Started process (PID=638) to work on /opt/airflow/dags/pakakumi_scraper.py
[2026-01-07T20:43:40.158+0000] {processor.py:830} INFO - Processing file /opt/airflow/dags/pakakumi_scraper.py for tasks to queue
[2026-01-07T20:43:40.161+0000] {logging_mixin.py:188} INFO - [2026-01-07T20:43:40.161+0000] {dagbag.py:540} INFO - Filling up the DagBag from /opt/airflow/dags/pakakumi_scraper.py
[2026-01-07T20:43:40.197+0000] {processor.py:840} INFO - DAG(s) 'pakakumi_scraper' retrieved from /opt/airflow/dags/pakakumi_scraper.py
[2026-01-07T20:43:40.246+0000] {logging_mixin.py:188} INFO - [2026-01-07T20:43:40.246+0000] {dag.py:3096} INFO - Sync 1 DAGs
[2026-01-07T20:43:40.289+0000] {logging_mixin.py:188} INFO - [2026-01-07T20:43:40.289+0000] {dag.py:3954} INFO - Setting next_dagrun for pakakumi_scraper to 2026-01-07 20:00:00+00:00, run_after=2026-01-07 21:00:00+00:00
[2026-01-07T20:43:40.325+0000] {processor.py:183} INFO - Processing /opt/airflow/dags/pakakumi_scraper.py took 0.179 seconds
[2026-01-07T20:44:10.627+0000] {processor.py:161} INFO - Started process (PID=643) to work on /opt/airflow/dags/pakakumi_scraper.py
[2026-01-07T20:44:10.629+0000] {processor.py:830} INFO - Processing file /opt/airflow/dags/pakakumi_scraper.py for tasks to queue
[2026-01-07T20:44:10.632+0000] {logging_mixin.py:188} INFO - [2026-01-07T20:44:10.632+0000] {dagbag.py:540} INFO - Filling up the DagBag from /opt/airflow/dags/pakakumi_scraper.py
[2026-01-07T20:44:10.663+0000] {processor.py:840} INFO - DAG(s) 'pakakumi_scraper' retrieved from /opt/airflow/dags/pakakumi_scraper.py
[2026-01-07T20:44:10.717+0000] {logging_mixin.py:188} INFO - [2026-01-07T20:44:10.717+0000] {dag.py:3096} INFO - Sync 1 DAGs
[2026-01-07T20:44:10.757+0000] {logging_mixin.py:188} INFO - [2026-01-07T20:44:10.757+0000] {dag.py:3954} INFO - Setting next_dagrun for pakakumi_scraper to 2026-01-07 20:00:00+00:00, run_after=2026-01-07 21:00:00+00:00
[2026-01-07T20:44:10.790+0000] {processor.py:183} INFO - Processing /opt/airflow/dags/pakakumi_scraper.py took 0.173 seconds
[2026-01-07T20:44:41.056+0000] {processor.py:161} INFO - Started process (PID=648) to work on /opt/airflow/dags/pakakumi_scraper.py
[2026-01-07T20:44:41.058+0000] {processor.py:830} INFO - Processing file /opt/airflow/dags/pakakumi_scraper.py for tasks to queue
[2026-01-07T20:44:41.061+0000] {logging_mixin.py:188} INFO - [2026-01-07T20:44:41.061+0000] {dagbag.py:540} INFO - Filling up the DagBag from /opt/airflow/dags/pakakumi_scraper.py
[2026-01-07T20:44:41.094+0000] {processor.py:840} INFO - DAG(s) 'pakakumi_scraper' retrieved from /opt/airflow/dags/pakakumi_scraper.py
[2026-01-07T20:44:41.144+0000] {logging_mixin.py:188} INFO - [2026-01-07T20:44:41.144+0000] {dag.py:3096} INFO - Sync 1 DAGs
[2026-01-07T20:44:41.184+0000] {logging_mixin.py:188} INFO - [2026-01-07T20:44:41.184+0000] {dag.py:3954} INFO - Setting next_dagrun for pakakumi_scraper to 2026-01-07 20:00:00+00:00, run_after=2026-01-07 21:00:00+00:00
[2026-01-07T20:44:41.217+0000] {processor.py:183} INFO - Processing /opt/airflow/dags/pakakumi_scraper.py took 0.174 seconds
[2026-01-07T20:45:11.516+0000] {processor.py:161} INFO - Started process (PID=653) to work on /opt/airflow/dags/pakakumi_scraper.py
[2026-01-07T20:45:11.519+0000] {processor.py:830} INFO - Processing file /opt/airflow/dags/pakakumi_scraper.py for tasks to queue
[2026-01-07T20:45:11.522+0000] {logging_mixin.py:188} INFO - [2026-01-07T20:45:11.522+0000] {dagbag.py:540} INFO - Filling up the DagBag from /opt/airflow/dags/pakakumi_scraper.py
[2026-01-07T20:45:11.560+0000] {processor.py:840} INFO - DAG(s) 'pakakumi_scraper' retrieved from /opt/airflow/dags/pakakumi_scraper.py
[2026-01-07T20:45:11.616+0000] {logging_mixin.py:188} INFO - [2026-01-07T20:45:11.615+0000] {dag.py:3096} INFO - Sync 1 DAGs
[2026-01-07T20:45:11.659+0000] {logging_mixin.py:188} INFO - [2026-01-07T20:45:11.659+0000] {dag.py:3954} INFO - Setting next_dagrun for pakakumi_scraper to 2026-01-07 20:00:00+00:00, run_after=2026-01-07 21:00:00+00:00
[2026-01-07T20:45:11.693+0000] {processor.py:183} INFO - Processing /opt/airflow/dags/pakakumi_scraper.py took 0.191 seconds
[2026-01-07T20:45:41.939+0000] {processor.py:161} INFO - Started process (PID=658) to work on /opt/airflow/dags/pakakumi_scraper.py
[2026-01-07T20:45:41.941+0000] {processor.py:830} INFO - Processing file /opt/airflow/dags/pakakumi_scraper.py for tasks to queue
[2026-01-07T20:45:41.944+0000] {logging_mixin.py:188} INFO - [2026-01-07T20:45:41.943+0000] {dagbag.py:540} INFO - Filling up the DagBag from /opt/airflow/dags/pakakumi_scraper.py
[2026-01-07T20:45:41.976+0000] {processor.py:840} INFO - DAG(s) 'pakakumi_scraper' retrieved from /opt/airflow/dags/pakakumi_scraper.py
[2026-01-07T20:45:42.027+0000] {logging_mixin.py:188} INFO - [2026-01-07T20:45:42.027+0000] {dag.py:3096} INFO - Sync 1 DAGs
[2026-01-07T20:45:42.071+0000] {logging_mixin.py:188} INFO - [2026-01-07T20:45:42.070+0000] {dag.py:3954} INFO - Setting next_dagrun for pakakumi_scraper to 2026-01-07 20:00:00+00:00, run_after=2026-01-07 21:00:00+00:00
[2026-01-07T20:45:42.105+0000] {processor.py:183} INFO - Processing /opt/airflow/dags/pakakumi_scraper.py took 0.178 seconds
[2026-01-07T20:46:12.351+0000] {processor.py:161} INFO - Started process (PID=663) to work on /opt/airflow/dags/pakakumi_scraper.py
[2026-01-07T20:46:12.353+0000] {processor.py:830} INFO - Processing file /opt/airflow/dags/pakakumi_scraper.py for tasks to queue
[2026-01-07T20:46:12.356+0000] {logging_mixin.py:188} INFO - [2026-01-07T20:46:12.356+0000] {dagbag.py:540} INFO - Filling up the DagBag from /opt/airflow/dags/pakakumi_scraper.py
[2026-01-07T20:46:12.399+0000] {processor.py:840} INFO - DAG(s) 'pakakumi_scraper' retrieved from /opt/airflow/dags/pakakumi_scraper.py
[2026-01-07T20:46:12.454+0000] {logging_mixin.py:188} INFO - [2026-01-07T20:46:12.454+0000] {dag.py:3096} INFO - Sync 1 DAGs
[2026-01-07T20:46:12.514+0000] {logging_mixin.py:188} INFO - [2026-01-07T20:46:12.513+0000] {dag.py:3954} INFO - Setting next_dagrun for pakakumi_scraper to 2026-01-07 20:00:00+00:00, run_after=2026-01-07 21:00:00+00:00
[2026-01-07T20:46:12.550+0000] {processor.py:183} INFO - Processing /opt/airflow/dags/pakakumi_scraper.py took 0.210 seconds
[2026-01-07T20:46:42.707+0000] {processor.py:161} INFO - Started process (PID=668) to work on /opt/airflow/dags/pakakumi_scraper.py
[2026-01-07T20:46:42.708+0000] {processor.py:830} INFO - Processing file /opt/airflow/dags/pakakumi_scraper.py for tasks to queue
[2026-01-07T20:46:42.713+0000] {logging_mixin.py:188} INFO - [2026-01-07T20:46:42.712+0000] {dagbag.py:540} INFO - Filling up the DagBag from /opt/airflow/dags/pakakumi_scraper.py
[2026-01-07T20:46:42.752+0000] {processor.py:840} INFO - DAG(s) 'pakakumi_scraper' retrieved from /opt/airflow/dags/pakakumi_scraper.py
[2026-01-07T20:46:42.795+0000] {logging_mixin.py:188} INFO - [2026-01-07T20:46:42.794+0000] {dag.py:3096} INFO - Sync 1 DAGs
[2026-01-07T20:46:42.829+0000] {logging_mixin.py:188} INFO - [2026-01-07T20:46:42.829+0000] {dag.py:3954} INFO - Setting next_dagrun for pakakumi_scraper to 2026-01-07 20:00:00+00:00, run_after=2026-01-07 21:00:00+00:00
[2026-01-07T20:46:42.863+0000] {processor.py:183} INFO - Processing /opt/airflow/dags/pakakumi_scraper.py took 0.172 seconds
[2026-01-07T20:47:13.045+0000] {processor.py:161} INFO - Started process (PID=673) to work on /opt/airflow/dags/pakakumi_scraper.py
[2026-01-07T20:47:13.047+0000] {processor.py:830} INFO - Processing file /opt/airflow/dags/pakakumi_scraper.py for tasks to queue
[2026-01-07T20:47:13.050+0000] {logging_mixin.py:188} INFO - [2026-01-07T20:47:13.049+0000] {dagbag.py:540} INFO - Filling up the DagBag from /opt/airflow/dags/pakakumi_scraper.py
[2026-01-07T20:47:13.079+0000] {processor.py:840} INFO - DAG(s) 'pakakumi_scraper' retrieved from /opt/airflow/dags/pakakumi_scraper.py
[2026-01-07T20:47:13.123+0000] {logging_mixin.py:188} INFO - [2026-01-07T20:47:13.123+0000] {dag.py:3096} INFO - Sync 1 DAGs
[2026-01-07T20:47:13.159+0000] {logging_mixin.py:188} INFO - [2026-01-07T20:47:13.158+0000] {dag.py:3954} INFO - Setting next_dagrun for pakakumi_scraper to 2026-01-07 20:00:00+00:00, run_after=2026-01-07 21:00:00+00:00
[2026-01-07T20:47:13.183+0000] {processor.py:183} INFO - Processing /opt/airflow/dags/pakakumi_scraper.py took 0.147 seconds
[2026-01-07T20:47:43.328+0000] {processor.py:161} INFO - Started process (PID=678) to work on /opt/airflow/dags/pakakumi_scraper.py
[2026-01-07T20:47:43.329+0000] {processor.py:830} INFO - Processing file /opt/airflow/dags/pakakumi_scraper.py for tasks to queue
[2026-01-07T20:47:43.332+0000] {logging_mixin.py:188} INFO - [2026-01-07T20:47:43.332+0000] {dagbag.py:540} INFO - Filling up the DagBag from /opt/airflow/dags/pakakumi_scraper.py
[2026-01-07T20:47:43.362+0000] {processor.py:840} INFO - DAG(s) 'pakakumi_scraper' retrieved from /opt/airflow/dags/pakakumi_scraper.py
[2026-01-07T20:47:43.403+0000] {logging_mixin.py:188} INFO - [2026-01-07T20:47:43.403+0000] {dag.py:3096} INFO - Sync 1 DAGs
[2026-01-07T20:47:43.439+0000] {logging_mixin.py:188} INFO - [2026-01-07T20:47:43.438+0000] {dag.py:3954} INFO - Setting next_dagrun for pakakumi_scraper to 2026-01-07 20:00:00+00:00, run_after=2026-01-07 21:00:00+00:00
[2026-01-07T20:47:43.468+0000] {processor.py:183} INFO - Processing /opt/airflow/dags/pakakumi_scraper.py took 0.151 seconds
[2026-01-07T20:48:13.604+0000] {processor.py:161} INFO - Started process (PID=683) to work on /opt/airflow/dags/pakakumi_scraper.py
[2026-01-07T20:48:13.605+0000] {processor.py:830} INFO - Processing file /opt/airflow/dags/pakakumi_scraper.py for tasks to queue
[2026-01-07T20:48:13.608+0000] {logging_mixin.py:188} INFO - [2026-01-07T20:48:13.608+0000] {dagbag.py:540} INFO - Filling up the DagBag from /opt/airflow/dags/pakakumi_scraper.py
[2026-01-07T20:48:13.639+0000] {processor.py:840} INFO - DAG(s) 'pakakumi_scraper' retrieved from /opt/airflow/dags/pakakumi_scraper.py
[2026-01-07T20:48:13.685+0000] {logging_mixin.py:188} INFO - [2026-01-07T20:48:13.685+0000] {dag.py:3096} INFO - Sync 1 DAGs
[2026-01-07T20:48:13.722+0000] {logging_mixin.py:188} INFO - [2026-01-07T20:48:13.722+0000] {dag.py:3954} INFO - Setting next_dagrun for pakakumi_scraper to 2026-01-07 20:00:00+00:00, run_after=2026-01-07 21:00:00+00:00
[2026-01-07T20:48:13.752+0000] {processor.py:183} INFO - Processing /opt/airflow/dags/pakakumi_scraper.py took 0.157 seconds
[2026-01-07T20:48:43.897+0000] {processor.py:161} INFO - Started process (PID=688) to work on /opt/airflow/dags/pakakumi_scraper.py
[2026-01-07T20:48:43.899+0000] {processor.py:830} INFO - Processing file /opt/airflow/dags/pakakumi_scraper.py for tasks to queue
[2026-01-07T20:48:43.902+0000] {logging_mixin.py:188} INFO - [2026-01-07T20:48:43.901+0000] {dagbag.py:540} INFO - Filling up the DagBag from /opt/airflow/dags/pakakumi_scraper.py
[2026-01-07T20:48:43.938+0000] {processor.py:840} INFO - DAG(s) 'pakakumi_scraper' retrieved from /opt/airflow/dags/pakakumi_scraper.py
[2026-01-07T20:48:43.981+0000] {logging_mixin.py:188} INFO - [2026-01-07T20:48:43.980+0000] {dag.py:3096} INFO - Sync 1 DAGs
[2026-01-07T20:48:44.015+0000] {logging_mixin.py:188} INFO - [2026-01-07T20:48:44.015+0000] {dag.py:3954} INFO - Setting next_dagrun for pakakumi_scraper to 2026-01-07 20:00:00+00:00, run_after=2026-01-07 21:00:00+00:00
[2026-01-07T20:48:44.042+0000] {processor.py:183} INFO - Processing /opt/airflow/dags/pakakumi_scraper.py took 0.157 seconds
[2026-01-07T20:49:14.194+0000] {processor.py:161} INFO - Started process (PID=693) to work on /opt/airflow/dags/pakakumi_scraper.py
[2026-01-07T20:49:14.195+0000] {processor.py:830} INFO - Processing file /opt/airflow/dags/pakakumi_scraper.py for tasks to queue
[2026-01-07T20:49:14.198+0000] {logging_mixin.py:188} INFO - [2026-01-07T20:49:14.197+0000] {dagbag.py:540} INFO - Filling up the DagBag from /opt/airflow/dags/pakakumi_scraper.py
[2026-01-07T20:49:14.232+0000] {processor.py:840} INFO - DAG(s) 'pakakumi_scraper' retrieved from /opt/airflow/dags/pakakumi_scraper.py
[2026-01-07T20:49:14.279+0000] {logging_mixin.py:188} INFO - [2026-01-07T20:49:14.279+0000] {dag.py:3096} INFO - Sync 1 DAGs
[2026-01-07T20:49:14.314+0000] {logging_mixin.py:188} INFO - [2026-01-07T20:49:14.314+0000] {dag.py:3954} INFO - Setting next_dagrun for pakakumi_scraper to 2026-01-07 20:00:00+00:00, run_after=2026-01-07 21:00:00+00:00
[2026-01-07T20:49:14.345+0000] {processor.py:183} INFO - Processing /opt/airflow/dags/pakakumi_scraper.py took 0.162 seconds
[2026-01-07T20:49:44.541+0000] {processor.py:161} INFO - Started process (PID=698) to work on /opt/airflow/dags/pakakumi_scraper.py
[2026-01-07T20:49:44.543+0000] {processor.py:830} INFO - Processing file /opt/airflow/dags/pakakumi_scraper.py for tasks to queue
[2026-01-07T20:49:44.547+0000] {logging_mixin.py:188} INFO - [2026-01-07T20:49:44.546+0000] {dagbag.py:540} INFO - Filling up the DagBag from /opt/airflow/dags/pakakumi_scraper.py
[2026-01-07T20:49:44.581+0000] {processor.py:840} INFO - DAG(s) 'pakakumi_scraper' retrieved from /opt/airflow/dags/pakakumi_scraper.py
[2026-01-07T20:49:44.623+0000] {logging_mixin.py:188} INFO - [2026-01-07T20:49:44.623+0000] {dag.py:3096} INFO - Sync 1 DAGs
[2026-01-07T20:49:44.661+0000] {logging_mixin.py:188} INFO - [2026-01-07T20:49:44.660+0000] {dag.py:3954} INFO - Setting next_dagrun for pakakumi_scraper to 2026-01-07 20:00:00+00:00, run_after=2026-01-07 21:00:00+00:00
[2026-01-07T20:49:44.691+0000] {processor.py:183} INFO - Processing /opt/airflow/dags/pakakumi_scraper.py took 0.165 seconds
[2026-01-07T20:50:14.806+0000] {processor.py:161} INFO - Started process (PID=703) to work on /opt/airflow/dags/pakakumi_scraper.py
[2026-01-07T20:50:14.808+0000] {processor.py:830} INFO - Processing file /opt/airflow/dags/pakakumi_scraper.py for tasks to queue
[2026-01-07T20:50:14.811+0000] {logging_mixin.py:188} INFO - [2026-01-07T20:50:14.810+0000] {dagbag.py:540} INFO - Filling up the DagBag from /opt/airflow/dags/pakakumi_scraper.py
[2026-01-07T20:50:14.842+0000] {processor.py:840} INFO - DAG(s) 'pakakumi_scraper' retrieved from /opt/airflow/dags/pakakumi_scraper.py
[2026-01-07T20:50:14.886+0000] {logging_mixin.py:188} INFO - [2026-01-07T20:50:14.886+0000] {dag.py:3096} INFO - Sync 1 DAGs
[2026-01-07T20:50:14.927+0000] {logging_mixin.py:188} INFO - [2026-01-07T20:50:14.927+0000] {dag.py:3954} INFO - Setting next_dagrun for pakakumi_scraper to 2026-01-07 20:00:00+00:00, run_after=2026-01-07 21:00:00+00:00
[2026-01-07T20:50:14.956+0000] {processor.py:183} INFO - Processing /opt/airflow/dags/pakakumi_scraper.py took 0.160 seconds
[2026-01-07T20:50:45.178+0000] {processor.py:161} INFO - Started process (PID=708) to work on /opt/airflow/dags/pakakumi_scraper.py
[2026-01-07T20:50:45.180+0000] {processor.py:830} INFO - Processing file /opt/airflow/dags/pakakumi_scraper.py for tasks to queue
[2026-01-07T20:50:45.183+0000] {logging_mixin.py:188} INFO - [2026-01-07T20:50:45.182+0000] {dagbag.py:540} INFO - Filling up the DagBag from /opt/airflow/dags/pakakumi_scraper.py
[2026-01-07T20:50:45.213+0000] {processor.py:840} INFO - DAG(s) 'pakakumi_scraper' retrieved from /opt/airflow/dags/pakakumi_scraper.py
[2026-01-07T20:50:45.262+0000] {logging_mixin.py:188} INFO - [2026-01-07T20:50:45.261+0000] {dag.py:3096} INFO - Sync 1 DAGs
[2026-01-07T20:50:45.300+0000] {logging_mixin.py:188} INFO - [2026-01-07T20:50:45.300+0000] {dag.py:3954} INFO - Setting next_dagrun for pakakumi_scraper to 2026-01-07 20:00:00+00:00, run_after=2026-01-07 21:00:00+00:00
[2026-01-07T20:50:45.337+0000] {processor.py:183} INFO - Processing /opt/airflow/dags/pakakumi_scraper.py took 0.169 seconds
[2026-01-07T20:51:15.427+0000] {processor.py:161} INFO - Started process (PID=713) to work on /opt/airflow/dags/pakakumi_scraper.py
[2026-01-07T20:51:15.429+0000] {processor.py:830} INFO - Processing file /opt/airflow/dags/pakakumi_scraper.py for tasks to queue
[2026-01-07T20:51:15.432+0000] {logging_mixin.py:188} INFO - [2026-01-07T20:51:15.431+0000] {dagbag.py:540} INFO - Filling up the DagBag from /opt/airflow/dags/pakakumi_scraper.py
[2026-01-07T20:51:15.460+0000] {processor.py:840} INFO - DAG(s) 'pakakumi_scraper' retrieved from /opt/airflow/dags/pakakumi_scraper.py
[2026-01-07T20:51:15.511+0000] {logging_mixin.py:188} INFO - [2026-01-07T20:51:15.511+0000] {dag.py:3096} INFO - Sync 1 DAGs
[2026-01-07T20:51:15.547+0000] {logging_mixin.py:188} INFO - [2026-01-07T20:51:15.547+0000] {dag.py:3954} INFO - Setting next_dagrun for pakakumi_scraper to 2026-01-07 20:00:00+00:00, run_after=2026-01-07 21:00:00+00:00
[2026-01-07T20:51:15.577+0000] {processor.py:183} INFO - Processing /opt/airflow/dags/pakakumi_scraper.py took 0.163 seconds
[2026-01-07T20:51:45.833+0000] {processor.py:161} INFO - Started process (PID=718) to work on /opt/airflow/dags/pakakumi_scraper.py
[2026-01-07T20:51:45.843+0000] {processor.py:830} INFO - Processing file /opt/airflow/dags/pakakumi_scraper.py for tasks to queue
[2026-01-07T20:51:45.848+0000] {logging_mixin.py:188} INFO - [2026-01-07T20:51:45.847+0000] {dagbag.py:540} INFO - Filling up the DagBag from /opt/airflow/dags/pakakumi_scraper.py
[2026-01-07T20:51:45.918+0000] {processor.py:840} INFO - DAG(s) 'pakakumi_scraper' retrieved from /opt/airflow/dags/pakakumi_scraper.py
[2026-01-07T20:51:45.994+0000] {logging_mixin.py:188} INFO - [2026-01-07T20:51:45.993+0000] {dag.py:3096} INFO - Sync 1 DAGs
[2026-01-07T20:51:46.038+0000] {logging_mixin.py:188} INFO - [2026-01-07T20:51:46.037+0000] {dag.py:3954} INFO - Setting next_dagrun for pakakumi_scraper to 2026-01-07 20:00:00+00:00, run_after=2026-01-07 21:00:00+00:00
[2026-01-07T20:51:46.064+0000] {processor.py:183} INFO - Processing /opt/airflow/dags/pakakumi_scraper.py took 0.242 seconds
[2026-01-07T20:52:16.300+0000] {processor.py:161} INFO - Started process (PID=723) to work on /opt/airflow/dags/pakakumi_scraper.py
[2026-01-07T20:52:16.303+0000] {processor.py:830} INFO - Processing file /opt/airflow/dags/pakakumi_scraper.py for tasks to queue
[2026-01-07T20:52:16.306+0000] {logging_mixin.py:188} INFO - [2026-01-07T20:52:16.306+0000] {dagbag.py:540} INFO - Filling up the DagBag from /opt/airflow/dags/pakakumi_scraper.py
[2026-01-07T20:52:16.340+0000] {processor.py:840} INFO - DAG(s) 'pakakumi_scraper' retrieved from /opt/airflow/dags/pakakumi_scraper.py
[2026-01-07T20:52:16.387+0000] {logging_mixin.py:188} INFO - [2026-01-07T20:52:16.383+0000] {dag.py:3096} INFO - Sync 1 DAGs
[2026-01-07T20:52:16.426+0000] {logging_mixin.py:188} INFO - [2026-01-07T20:52:16.425+0000] {dag.py:3954} INFO - Setting next_dagrun for pakakumi_scraper to 2026-01-07 20:00:00+00:00, run_after=2026-01-07 21:00:00+00:00
[2026-01-07T20:52:16.453+0000] {processor.py:183} INFO - Processing /opt/airflow/dags/pakakumi_scraper.py took 0.163 seconds
[2026-01-07T20:52:46.514+0000] {processor.py:161} INFO - Started process (PID=728) to work on /opt/airflow/dags/pakakumi_scraper.py
[2026-01-07T20:52:46.516+0000] {processor.py:830} INFO - Processing file /opt/airflow/dags/pakakumi_scraper.py for tasks to queue
[2026-01-07T20:52:46.519+0000] {logging_mixin.py:188} INFO - [2026-01-07T20:52:46.519+0000] {dagbag.py:540} INFO - Filling up the DagBag from /opt/airflow/dags/pakakumi_scraper.py
[2026-01-07T20:52:46.548+0000] {processor.py:840} INFO - DAG(s) 'pakakumi_scraper' retrieved from /opt/airflow/dags/pakakumi_scraper.py
[2026-01-07T20:52:46.600+0000] {logging_mixin.py:188} INFO - [2026-01-07T20:52:46.600+0000] {dag.py:3096} INFO - Sync 1 DAGs
[2026-01-07T20:52:46.638+0000] {logging_mixin.py:188} INFO - [2026-01-07T20:52:46.638+0000] {dag.py:3954} INFO - Setting next_dagrun for pakakumi_scraper to 2026-01-07 20:00:00+00:00, run_after=2026-01-07 21:00:00+00:00
[2026-01-07T20:52:46.667+0000] {processor.py:183} INFO - Processing /opt/airflow/dags/pakakumi_scraper.py took 0.162 seconds
[2026-01-07T20:53:16.917+0000] {processor.py:161} INFO - Started process (PID=733) to work on /opt/airflow/dags/pakakumi_scraper.py
[2026-01-07T20:53:16.919+0000] {processor.py:830} INFO - Processing file /opt/airflow/dags/pakakumi_scraper.py for tasks to queue
[2026-01-07T20:53:16.921+0000] {logging_mixin.py:188} INFO - [2026-01-07T20:53:16.921+0000] {dagbag.py:540} INFO - Filling up the DagBag from /opt/airflow/dags/pakakumi_scraper.py
[2026-01-07T20:53:16.949+0000] {processor.py:840} INFO - DAG(s) 'pakakumi_scraper' retrieved from /opt/airflow/dags/pakakumi_scraper.py
[2026-01-07T20:53:16.993+0000] {logging_mixin.py:188} INFO - [2026-01-07T20:53:16.993+0000] {dag.py:3096} INFO - Sync 1 DAGs
[2026-01-07T20:53:17.038+0000] {logging_mixin.py:188} INFO - [2026-01-07T20:53:17.037+0000] {dag.py:3954} INFO - Setting next_dagrun for pakakumi_scraper to 2026-01-07 20:00:00+00:00, run_after=2026-01-07 21:00:00+00:00
[2026-01-07T20:53:17.069+0000] {processor.py:183} INFO - Processing /opt/airflow/dags/pakakumi_scraper.py took 0.161 seconds
[2026-01-07T20:53:47.294+0000] {processor.py:161} INFO - Started process (PID=738) to work on /opt/airflow/dags/pakakumi_scraper.py
[2026-01-07T20:53:47.296+0000] {processor.py:830} INFO - Processing file /opt/airflow/dags/pakakumi_scraper.py for tasks to queue
[2026-01-07T20:53:47.301+0000] {logging_mixin.py:188} INFO - [2026-01-07T20:53:47.300+0000] {dagbag.py:540} INFO - Filling up the DagBag from /opt/airflow/dags/pakakumi_scraper.py
[2026-01-07T20:53:47.332+0000] {processor.py:840} INFO - DAG(s) 'pakakumi_scraper' retrieved from /opt/airflow/dags/pakakumi_scraper.py
[2026-01-07T20:53:47.381+0000] {logging_mixin.py:188} INFO - [2026-01-07T20:53:47.381+0000] {dag.py:3096} INFO - Sync 1 DAGs
[2026-01-07T20:53:47.421+0000] {logging_mixin.py:188} INFO - [2026-01-07T20:53:47.420+0000] {dag.py:3954} INFO - Setting next_dagrun for pakakumi_scraper to 2026-01-07 20:00:00+00:00, run_after=2026-01-07 21:00:00+00:00
[2026-01-07T20:53:47.449+0000] {processor.py:183} INFO - Processing /opt/airflow/dags/pakakumi_scraper.py took 0.165 seconds
[2026-01-07T20:54:17.521+0000] {processor.py:161} INFO - Started process (PID=743) to work on /opt/airflow/dags/pakakumi_scraper.py
[2026-01-07T20:54:17.522+0000] {processor.py:830} INFO - Processing file /opt/airflow/dags/pakakumi_scraper.py for tasks to queue
[2026-01-07T20:54:17.525+0000] {logging_mixin.py:188} INFO - [2026-01-07T20:54:17.524+0000] {dagbag.py:540} INFO - Filling up the DagBag from /opt/airflow/dags/pakakumi_scraper.py
[2026-01-07T20:54:17.553+0000] {processor.py:840} INFO - DAG(s) 'pakakumi_scraper' retrieved from /opt/airflow/dags/pakakumi_scraper.py
[2026-01-07T20:54:17.599+0000] {logging_mixin.py:188} INFO - [2026-01-07T20:54:17.599+0000] {dag.py:3096} INFO - Sync 1 DAGs
[2026-01-07T20:54:17.639+0000] {logging_mixin.py:188} INFO - [2026-01-07T20:54:17.638+0000] {dag.py:3954} INFO - Setting next_dagrun for pakakumi_scraper to 2026-01-07 20:00:00+00:00, run_after=2026-01-07 21:00:00+00:00
[2026-01-07T20:54:17.666+0000] {processor.py:183} INFO - Processing /opt/airflow/dags/pakakumi_scraper.py took 0.155 seconds
[2026-01-07T20:54:47.874+0000] {processor.py:161} INFO - Started process (PID=748) to work on /opt/airflow/dags/pakakumi_scraper.py
[2026-01-07T20:54:47.875+0000] {processor.py:830} INFO - Processing file /opt/airflow/dags/pakakumi_scraper.py for tasks to queue
[2026-01-07T20:54:47.886+0000] {logging_mixin.py:188} INFO - [2026-01-07T20:54:47.885+0000] {dagbag.py:540} INFO - Filling up the DagBag from /opt/airflow/dags/pakakumi_scraper.py
[2026-01-07T20:54:47.932+0000] {processor.py:840} INFO - DAG(s) 'pakakumi_scraper' retrieved from /opt/airflow/dags/pakakumi_scraper.py
[2026-01-07T20:54:47.974+0000] {logging_mixin.py:188} INFO - [2026-01-07T20:54:47.973+0000] {dag.py:3096} INFO - Sync 1 DAGs
[2026-01-07T20:54:48.015+0000] {logging_mixin.py:188} INFO - [2026-01-07T20:54:48.014+0000] {dag.py:3954} INFO - Setting next_dagrun for pakakumi_scraper to 2026-01-07 20:00:00+00:00, run_after=2026-01-07 21:00:00+00:00
[2026-01-07T20:54:48.040+0000] {processor.py:183} INFO - Processing /opt/airflow/dags/pakakumi_scraper.py took 0.176 seconds
[2026-01-07T20:55:18.094+0000] {processor.py:161} INFO - Started process (PID=753) to work on /opt/airflow/dags/pakakumi_scraper.py
[2026-01-07T20:55:18.095+0000] {processor.py:830} INFO - Processing file /opt/airflow/dags/pakakumi_scraper.py for tasks to queue
[2026-01-07T20:55:18.099+0000] {logging_mixin.py:188} INFO - [2026-01-07T20:55:18.098+0000] {dagbag.py:540} INFO - Filling up the DagBag from /opt/airflow/dags/pakakumi_scraper.py
[2026-01-07T20:55:18.135+0000] {processor.py:840} INFO - DAG(s) 'pakakumi_scraper' retrieved from /opt/airflow/dags/pakakumi_scraper.py
[2026-01-07T20:55:18.188+0000] {logging_mixin.py:188} INFO - [2026-01-07T20:55:18.188+0000] {dag.py:3096} INFO - Sync 1 DAGs
[2026-01-07T20:55:18.224+0000] {logging_mixin.py:188} INFO - [2026-01-07T20:55:18.224+0000] {dag.py:3954} INFO - Setting next_dagrun for pakakumi_scraper to 2026-01-07 20:00:00+00:00, run_after=2026-01-07 21:00:00+00:00
[2026-01-07T20:55:18.256+0000] {processor.py:183} INFO - Processing /opt/airflow/dags/pakakumi_scraper.py took 0.171 seconds
[2026-01-07T20:55:48.486+0000] {processor.py:161} INFO - Started process (PID=758) to work on /opt/airflow/dags/pakakumi_scraper.py
[2026-01-07T20:55:48.487+0000] {processor.py:830} INFO - Processing file /opt/airflow/dags/pakakumi_scraper.py for tasks to queue
[2026-01-07T20:55:48.493+0000] {logging_mixin.py:188} INFO - [2026-01-07T20:55:48.492+0000] {dagbag.py:540} INFO - Filling up the DagBag from /opt/airflow/dags/pakakumi_scraper.py
[2026-01-07T20:55:48.523+0000] {processor.py:840} INFO - DAG(s) 'pakakumi_scraper' retrieved from /opt/airflow/dags/pakakumi_scraper.py
[2026-01-07T20:55:48.567+0000] {logging_mixin.py:188} INFO - [2026-01-07T20:55:48.566+0000] {dag.py:3096} INFO - Sync 1 DAGs
[2026-01-07T20:55:48.608+0000] {logging_mixin.py:188} INFO - [2026-01-07T20:55:48.608+0000] {dag.py:3954} INFO - Setting next_dagrun for pakakumi_scraper to 2026-01-07 20:00:00+00:00, run_after=2026-01-07 21:00:00+00:00
[2026-01-07T20:55:48.638+0000] {processor.py:183} INFO - Processing /opt/airflow/dags/pakakumi_scraper.py took 0.161 seconds
[2026-01-07T20:56:18.735+0000] {processor.py:161} INFO - Started process (PID=763) to work on /opt/airflow/dags/pakakumi_scraper.py
[2026-01-07T20:56:18.736+0000] {processor.py:830} INFO - Processing file /opt/airflow/dags/pakakumi_scraper.py for tasks to queue
[2026-01-07T20:56:18.740+0000] {logging_mixin.py:188} INFO - [2026-01-07T20:56:18.739+0000] {dagbag.py:540} INFO - Filling up the DagBag from /opt/airflow/dags/pakakumi_scraper.py
[2026-01-07T20:56:18.767+0000] {processor.py:840} INFO - DAG(s) 'pakakumi_scraper' retrieved from /opt/airflow/dags/pakakumi_scraper.py
[2026-01-07T20:56:18.810+0000] {logging_mixin.py:188} INFO - [2026-01-07T20:56:18.809+0000] {dag.py:3096} INFO - Sync 1 DAGs
[2026-01-07T20:56:18.847+0000] {logging_mixin.py:188} INFO - [2026-01-07T20:56:18.847+0000] {dag.py:3954} INFO - Setting next_dagrun for pakakumi_scraper to 2026-01-07 20:00:00+00:00, run_after=2026-01-07 21:00:00+00:00
[2026-01-07T20:56:18.876+0000] {processor.py:183} INFO - Processing /opt/airflow/dags/pakakumi_scraper.py took 0.151 seconds
[2026-01-07T20:56:49.185+0000] {processor.py:161} INFO - Started process (PID=768) to work on /opt/airflow/dags/pakakumi_scraper.py
[2026-01-07T20:56:49.186+0000] {processor.py:830} INFO - Processing file /opt/airflow/dags/pakakumi_scraper.py for tasks to queue
[2026-01-07T20:56:49.189+0000] {logging_mixin.py:188} INFO - [2026-01-07T20:56:49.188+0000] {dagbag.py:540} INFO - Filling up the DagBag from /opt/airflow/dags/pakakumi_scraper.py
[2026-01-07T20:56:49.217+0000] {processor.py:840} INFO - DAG(s) 'pakakumi_scraper' retrieved from /opt/airflow/dags/pakakumi_scraper.py
[2026-01-07T20:56:49.257+0000] {logging_mixin.py:188} INFO - [2026-01-07T20:56:49.256+0000] {dag.py:3096} INFO - Sync 1 DAGs
[2026-01-07T20:56:49.291+0000] {logging_mixin.py:188} INFO - [2026-01-07T20:56:49.290+0000] {dag.py:3954} INFO - Setting next_dagrun for pakakumi_scraper to 2026-01-07 20:00:00+00:00, run_after=2026-01-07 21:00:00+00:00
[2026-01-07T20:56:49.315+0000] {processor.py:183} INFO - Processing /opt/airflow/dags/pakakumi_scraper.py took 0.139 seconds
[2026-01-07T20:57:19.431+0000] {processor.py:161} INFO - Started process (PID=773) to work on /opt/airflow/dags/pakakumi_scraper.py
[2026-01-07T20:57:19.432+0000] {processor.py:830} INFO - Processing file /opt/airflow/dags/pakakumi_scraper.py for tasks to queue
[2026-01-07T20:57:19.435+0000] {logging_mixin.py:188} INFO - [2026-01-07T20:57:19.435+0000] {dagbag.py:540} INFO - Filling up the DagBag from /opt/airflow/dags/pakakumi_scraper.py
[2026-01-07T20:57:19.464+0000] {processor.py:840} INFO - DAG(s) 'pakakumi_scraper' retrieved from /opt/airflow/dags/pakakumi_scraper.py
[2026-01-07T20:57:19.505+0000] {logging_mixin.py:188} INFO - [2026-01-07T20:57:19.505+0000] {dag.py:3096} INFO - Sync 1 DAGs
[2026-01-07T20:57:19.537+0000] {logging_mixin.py:188} INFO - [2026-01-07T20:57:19.537+0000] {dag.py:3954} INFO - Setting next_dagrun for pakakumi_scraper to 2026-01-07 20:00:00+00:00, run_after=2026-01-07 21:00:00+00:00
[2026-01-07T20:57:19.563+0000] {processor.py:183} INFO - Processing /opt/airflow/dags/pakakumi_scraper.py took 0.148 seconds
[2026-01-07T20:57:49.786+0000] {processor.py:161} INFO - Started process (PID=778) to work on /opt/airflow/dags/pakakumi_scraper.py
[2026-01-07T20:57:49.788+0000] {processor.py:830} INFO - Processing file /opt/airflow/dags/pakakumi_scraper.py for tasks to queue
[2026-01-07T20:57:49.792+0000] {logging_mixin.py:188} INFO - [2026-01-07T20:57:49.791+0000] {dagbag.py:540} INFO - Filling up the DagBag from /opt/airflow/dags/pakakumi_scraper.py
[2026-01-07T20:57:49.821+0000] {processor.py:840} INFO - DAG(s) 'pakakumi_scraper' retrieved from /opt/airflow/dags/pakakumi_scraper.py
[2026-01-07T20:57:49.864+0000] {logging_mixin.py:188} INFO - [2026-01-07T20:57:49.863+0000] {dag.py:3096} INFO - Sync 1 DAGs
[2026-01-07T20:57:49.899+0000] {logging_mixin.py:188} INFO - [2026-01-07T20:57:49.898+0000] {dag.py:3954} INFO - Setting next_dagrun for pakakumi_scraper to 2026-01-07 20:00:00+00:00, run_after=2026-01-07 21:00:00+00:00
[2026-01-07T20:57:49.923+0000] {processor.py:183} INFO - Processing /opt/airflow/dags/pakakumi_scraper.py took 0.147 seconds
[2026-01-07T20:58:19.998+0000] {processor.py:161} INFO - Started process (PID=783) to work on /opt/airflow/dags/pakakumi_scraper.py
[2026-01-07T20:58:20.000+0000] {processor.py:830} INFO - Processing file /opt/airflow/dags/pakakumi_scraper.py for tasks to queue
[2026-01-07T20:58:20.003+0000] {logging_mixin.py:188} INFO - [2026-01-07T20:58:20.003+0000] {dagbag.py:540} INFO - Filling up the DagBag from /opt/airflow/dags/pakakumi_scraper.py
[2026-01-07T20:58:20.034+0000] {processor.py:840} INFO - DAG(s) 'pakakumi_scraper' retrieved from /opt/airflow/dags/pakakumi_scraper.py
[2026-01-07T20:58:20.111+0000] {logging_mixin.py:188} INFO - [2026-01-07T20:58:20.111+0000] {dag.py:3096} INFO - Sync 1 DAGs
[2026-01-07T20:58:20.162+0000] {logging_mixin.py:188} INFO - [2026-01-07T20:58:20.161+0000] {dag.py:3954} INFO - Setting next_dagrun for pakakumi_scraper to 2026-01-07 20:00:00+00:00, run_after=2026-01-07 21:00:00+00:00
[2026-01-07T20:58:20.206+0000] {processor.py:183} INFO - Processing /opt/airflow/dags/pakakumi_scraper.py took 0.218 seconds
[2026-01-07T20:58:50.351+0000] {processor.py:161} INFO - Started process (PID=788) to work on /opt/airflow/dags/pakakumi_scraper.py
[2026-01-07T20:58:50.354+0000] {processor.py:830} INFO - Processing file /opt/airflow/dags/pakakumi_scraper.py for tasks to queue
[2026-01-07T20:58:50.357+0000] {logging_mixin.py:188} INFO - [2026-01-07T20:58:50.357+0000] {dagbag.py:540} INFO - Filling up the DagBag from /opt/airflow/dags/pakakumi_scraper.py
[2026-01-07T20:58:50.425+0000] {processor.py:840} INFO - DAG(s) 'pakakumi_scraper' retrieved from /opt/airflow/dags/pakakumi_scraper.py
[2026-01-07T20:58:50.520+0000] {logging_mixin.py:188} INFO - [2026-01-07T20:58:50.519+0000] {dag.py:3096} INFO - Sync 1 DAGs
[2026-01-07T20:58:50.611+0000] {logging_mixin.py:188} INFO - [2026-01-07T20:58:50.610+0000] {dag.py:3954} INFO - Setting next_dagrun for pakakumi_scraper to 2026-01-07 20:00:00+00:00, run_after=2026-01-07 21:00:00+00:00
[2026-01-07T20:58:50.710+0000] {processor.py:183} INFO - Processing /opt/airflow/dags/pakakumi_scraper.py took 0.377 seconds
[2026-01-07T20:59:20.979+0000] {processor.py:161} INFO - Started process (PID=793) to work on /opt/airflow/dags/pakakumi_scraper.py
[2026-01-07T20:59:20.981+0000] {processor.py:830} INFO - Processing file /opt/airflow/dags/pakakumi_scraper.py for tasks to queue
[2026-01-07T20:59:20.986+0000] {logging_mixin.py:188} INFO - [2026-01-07T20:59:20.985+0000] {dagbag.py:540} INFO - Filling up the DagBag from /opt/airflow/dags/pakakumi_scraper.py
[2026-01-07T20:59:21.014+0000] {processor.py:840} INFO - DAG(s) 'pakakumi_scraper' retrieved from /opt/airflow/dags/pakakumi_scraper.py
[2026-01-07T20:59:21.059+0000] {logging_mixin.py:188} INFO - [2026-01-07T20:59:21.058+0000] {dag.py:3096} INFO - Sync 1 DAGs
[2026-01-07T20:59:21.097+0000] {logging_mixin.py:188} INFO - [2026-01-07T20:59:21.096+0000] {dag.py:3954} INFO - Setting next_dagrun for pakakumi_scraper to 2026-01-07 20:00:00+00:00, run_after=2026-01-07 21:00:00+00:00
[2026-01-07T20:59:21.128+0000] {processor.py:183} INFO - Processing /opt/airflow/dags/pakakumi_scraper.py took 0.158 seconds
[2026-01-07T20:59:51.371+0000] {processor.py:161} INFO - Started process (PID=798) to work on /opt/airflow/dags/pakakumi_scraper.py
[2026-01-07T20:59:51.373+0000] {processor.py:830} INFO - Processing file /opt/airflow/dags/pakakumi_scraper.py for tasks to queue
[2026-01-07T20:59:51.376+0000] {logging_mixin.py:188} INFO - [2026-01-07T20:59:51.375+0000] {dagbag.py:540} INFO - Filling up the DagBag from /opt/airflow/dags/pakakumi_scraper.py
[2026-01-07T20:59:51.409+0000] {processor.py:840} INFO - DAG(s) 'pakakumi_scraper' retrieved from /opt/airflow/dags/pakakumi_scraper.py
[2026-01-07T20:59:51.454+0000] {logging_mixin.py:188} INFO - [2026-01-07T20:59:51.453+0000] {dag.py:3096} INFO - Sync 1 DAGs
[2026-01-07T20:59:51.491+0000] {logging_mixin.py:188} INFO - [2026-01-07T20:59:51.491+0000] {dag.py:3954} INFO - Setting next_dagrun for pakakumi_scraper to 2026-01-07 20:00:00+00:00, run_after=2026-01-07 21:00:00+00:00
[2026-01-07T20:59:51.523+0000] {processor.py:183} INFO - Processing /opt/airflow/dags/pakakumi_scraper.py took 0.163 seconds
[2026-01-07T21:00:21.771+0000] {processor.py:161} INFO - Started process (PID=806) to work on /opt/airflow/dags/pakakumi_scraper.py
[2026-01-07T21:00:21.773+0000] {processor.py:830} INFO - Processing file /opt/airflow/dags/pakakumi_scraper.py for tasks to queue
[2026-01-07T21:00:21.776+0000] {logging_mixin.py:188} INFO - [2026-01-07T21:00:21.775+0000] {dagbag.py:540} INFO - Filling up the DagBag from /opt/airflow/dags/pakakumi_scraper.py
[2026-01-07T21:00:21.805+0000] {processor.py:840} INFO - DAG(s) 'pakakumi_scraper' retrieved from /opt/airflow/dags/pakakumi_scraper.py
[2026-01-07T21:00:21.852+0000] {logging_mixin.py:188} INFO - [2026-01-07T21:00:21.851+0000] {dag.py:3096} INFO - Sync 1 DAGs
[2026-01-07T21:00:21.892+0000] {logging_mixin.py:188} INFO - [2026-01-07T21:00:21.891+0000] {dag.py:3954} INFO - Setting next_dagrun for pakakumi_scraper to 2026-01-07 21:00:00+00:00, run_after=2026-01-07 22:00:00+00:00
[2026-01-07T21:00:21.918+0000] {processor.py:183} INFO - Processing /opt/airflow/dags/pakakumi_scraper.py took 0.157 seconds
[2026-01-07T21:00:52.186+0000] {processor.py:161} INFO - Started process (PID=811) to work on /opt/airflow/dags/pakakumi_scraper.py
[2026-01-07T21:00:52.188+0000] {processor.py:830} INFO - Processing file /opt/airflow/dags/pakakumi_scraper.py for tasks to queue
[2026-01-07T21:00:52.191+0000] {logging_mixin.py:188} INFO - [2026-01-07T21:00:52.190+0000] {dagbag.py:540} INFO - Filling up the DagBag from /opt/airflow/dags/pakakumi_scraper.py
[2026-01-07T21:00:52.219+0000] {processor.py:840} INFO - DAG(s) 'pakakumi_scraper' retrieved from /opt/airflow/dags/pakakumi_scraper.py
[2026-01-07T21:00:52.264+0000] {logging_mixin.py:188} INFO - [2026-01-07T21:00:52.264+0000] {dag.py:3096} INFO - Sync 1 DAGs
[2026-01-07T21:00:52.301+0000] {logging_mixin.py:188} INFO - [2026-01-07T21:00:52.301+0000] {dag.py:3954} INFO - Setting next_dagrun for pakakumi_scraper to 2026-01-07 21:00:00+00:00, run_after=2026-01-07 22:00:00+00:00
[2026-01-07T21:00:52.328+0000] {processor.py:183} INFO - Processing /opt/airflow/dags/pakakumi_scraper.py took 0.159 seconds
[2026-01-07T21:01:22.554+0000] {processor.py:161} INFO - Started process (PID=816) to work on /opt/airflow/dags/pakakumi_scraper.py
[2026-01-07T21:01:22.556+0000] {processor.py:830} INFO - Processing file /opt/airflow/dags/pakakumi_scraper.py for tasks to queue
[2026-01-07T21:01:22.559+0000] {logging_mixin.py:188} INFO - [2026-01-07T21:01:22.558+0000] {dagbag.py:540} INFO - Filling up the DagBag from /opt/airflow/dags/pakakumi_scraper.py
[2026-01-07T21:01:22.588+0000] {processor.py:840} INFO - DAG(s) 'pakakumi_scraper' retrieved from /opt/airflow/dags/pakakumi_scraper.py
[2026-01-07T21:01:22.634+0000] {logging_mixin.py:188} INFO - [2026-01-07T21:01:22.634+0000] {dag.py:3096} INFO - Sync 1 DAGs
[2026-01-07T21:01:22.671+0000] {logging_mixin.py:188} INFO - [2026-01-07T21:01:22.671+0000] {dag.py:3954} INFO - Setting next_dagrun for pakakumi_scraper to 2026-01-07 21:00:00+00:00, run_after=2026-01-07 22:00:00+00:00
[2026-01-07T21:01:22.702+0000] {processor.py:183} INFO - Processing /opt/airflow/dags/pakakumi_scraper.py took 0.158 seconds
[2026-01-07T21:01:52.855+0000] {processor.py:161} INFO - Started process (PID=821) to work on /opt/airflow/dags/pakakumi_scraper.py
[2026-01-07T21:01:52.857+0000] {processor.py:830} INFO - Processing file /opt/airflow/dags/pakakumi_scraper.py for tasks to queue
[2026-01-07T21:01:52.862+0000] {logging_mixin.py:188} INFO - [2026-01-07T21:01:52.861+0000] {dagbag.py:540} INFO - Filling up the DagBag from /opt/airflow/dags/pakakumi_scraper.py
[2026-01-07T21:01:52.895+0000] {processor.py:840} INFO - DAG(s) 'pakakumi_scraper' retrieved from /opt/airflow/dags/pakakumi_scraper.py
[2026-01-07T21:01:52.939+0000] {logging_mixin.py:188} INFO - [2026-01-07T21:01:52.939+0000] {dag.py:3096} INFO - Sync 1 DAGs
[2026-01-07T21:01:52.975+0000] {logging_mixin.py:188} INFO - [2026-01-07T21:01:52.975+0000] {dag.py:3954} INFO - Setting next_dagrun for pakakumi_scraper to 2026-01-07 21:00:00+00:00, run_after=2026-01-07 22:00:00+00:00
[2026-01-07T21:01:53.002+0000] {processor.py:183} INFO - Processing /opt/airflow/dags/pakakumi_scraper.py took 0.157 seconds
[2026-01-07T21:02:23.143+0000] {processor.py:161} INFO - Started process (PID=826) to work on /opt/airflow/dags/pakakumi_scraper.py
[2026-01-07T21:02:23.145+0000] {processor.py:830} INFO - Processing file /opt/airflow/dags/pakakumi_scraper.py for tasks to queue
[2026-01-07T21:02:23.149+0000] {logging_mixin.py:188} INFO - [2026-01-07T21:02:23.148+0000] {dagbag.py:540} INFO - Filling up the DagBag from /opt/airflow/dags/pakakumi_scraper.py
[2026-01-07T21:02:23.179+0000] {processor.py:840} INFO - DAG(s) 'pakakumi_scraper' retrieved from /opt/airflow/dags/pakakumi_scraper.py
[2026-01-07T21:02:23.222+0000] {logging_mixin.py:188} INFO - [2026-01-07T21:02:23.222+0000] {dag.py:3096} INFO - Sync 1 DAGs
[2026-01-07T21:02:23.259+0000] {logging_mixin.py:188} INFO - [2026-01-07T21:02:23.259+0000] {dag.py:3954} INFO - Setting next_dagrun for pakakumi_scraper to 2026-01-07 21:00:00+00:00, run_after=2026-01-07 22:00:00+00:00
[2026-01-07T21:02:23.286+0000] {processor.py:183} INFO - Processing /opt/airflow/dags/pakakumi_scraper.py took 0.155 seconds
[2026-01-07T21:02:53.436+0000] {processor.py:161} INFO - Started process (PID=831) to work on /opt/airflow/dags/pakakumi_scraper.py
[2026-01-07T21:02:53.438+0000] {processor.py:830} INFO - Processing file /opt/airflow/dags/pakakumi_scraper.py for tasks to queue
[2026-01-07T21:02:53.442+0000] {logging_mixin.py:188} INFO - [2026-01-07T21:02:53.441+0000] {dagbag.py:540} INFO - Filling up the DagBag from /opt/airflow/dags/pakakumi_scraper.py
[2026-01-07T21:02:53.470+0000] {processor.py:840} INFO - DAG(s) 'pakakumi_scraper' retrieved from /opt/airflow/dags/pakakumi_scraper.py
[2026-01-07T21:02:53.516+0000] {logging_mixin.py:188} INFO - [2026-01-07T21:02:53.516+0000] {dag.py:3096} INFO - Sync 1 DAGs
[2026-01-07T21:02:53.552+0000] {logging_mixin.py:188} INFO - [2026-01-07T21:02:53.552+0000] {dag.py:3954} INFO - Setting next_dagrun for pakakumi_scraper to 2026-01-07 21:00:00+00:00, run_after=2026-01-07 22:00:00+00:00
[2026-01-07T21:02:53.579+0000] {processor.py:183} INFO - Processing /opt/airflow/dags/pakakumi_scraper.py took 0.152 seconds
[2026-01-07T21:03:23.742+0000] {processor.py:161} INFO - Started process (PID=836) to work on /opt/airflow/dags/pakakumi_scraper.py
[2026-01-07T21:03:23.743+0000] {processor.py:830} INFO - Processing file /opt/airflow/dags/pakakumi_scraper.py for tasks to queue
[2026-01-07T21:03:23.746+0000] {logging_mixin.py:188} INFO - [2026-01-07T21:03:23.746+0000] {dagbag.py:540} INFO - Filling up the DagBag from /opt/airflow/dags/pakakumi_scraper.py
[2026-01-07T21:03:23.782+0000] {processor.py:840} INFO - DAG(s) 'pakakumi_scraper' retrieved from /opt/airflow/dags/pakakumi_scraper.py
[2026-01-07T21:03:23.829+0000] {logging_mixin.py:188} INFO - [2026-01-07T21:03:23.829+0000] {dag.py:3096} INFO - Sync 1 DAGs
[2026-01-07T21:03:23.867+0000] {logging_mixin.py:188} INFO - [2026-01-07T21:03:23.867+0000] {dag.py:3954} INFO - Setting next_dagrun for pakakumi_scraper to 2026-01-07 21:00:00+00:00, run_after=2026-01-07 22:00:00+00:00
[2026-01-07T21:03:23.893+0000] {processor.py:183} INFO - Processing /opt/airflow/dags/pakakumi_scraper.py took 0.166 seconds
[2026-01-07T21:03:54.007+0000] {processor.py:161} INFO - Started process (PID=841) to work on /opt/airflow/dags/pakakumi_scraper.py
[2026-01-07T21:03:54.009+0000] {processor.py:830} INFO - Processing file /opt/airflow/dags/pakakumi_scraper.py for tasks to queue
[2026-01-07T21:03:54.012+0000] {logging_mixin.py:188} INFO - [2026-01-07T21:03:54.011+0000] {dagbag.py:540} INFO - Filling up the DagBag from /opt/airflow/dags/pakakumi_scraper.py
[2026-01-07T21:03:54.043+0000] {processor.py:840} INFO - DAG(s) 'pakakumi_scraper' retrieved from /opt/airflow/dags/pakakumi_scraper.py
[2026-01-07T21:03:54.088+0000] {logging_mixin.py:188} INFO - [2026-01-07T21:03:54.088+0000] {dag.py:3096} INFO - Sync 1 DAGs
[2026-01-07T21:03:54.125+0000] {logging_mixin.py:188} INFO - [2026-01-07T21:03:54.125+0000] {dag.py:3954} INFO - Setting next_dagrun for pakakumi_scraper to 2026-01-07 21:00:00+00:00, run_after=2026-01-07 22:00:00+00:00
[2026-01-07T21:03:54.151+0000] {processor.py:183} INFO - Processing /opt/airflow/dags/pakakumi_scraper.py took 0.154 seconds
[2026-01-07T21:04:24.325+0000] {processor.py:161} INFO - Started process (PID=846) to work on /opt/airflow/dags/pakakumi_scraper.py
[2026-01-07T21:04:24.326+0000] {processor.py:830} INFO - Processing file /opt/airflow/dags/pakakumi_scraper.py for tasks to queue
[2026-01-07T21:04:24.329+0000] {logging_mixin.py:188} INFO - [2026-01-07T21:04:24.328+0000] {dagbag.py:540} INFO - Filling up the DagBag from /opt/airflow/dags/pakakumi_scraper.py
[2026-01-07T21:04:24.359+0000] {processor.py:840} INFO - DAG(s) 'pakakumi_scraper' retrieved from /opt/airflow/dags/pakakumi_scraper.py
[2026-01-07T21:04:24.404+0000] {logging_mixin.py:188} INFO - [2026-01-07T21:04:24.404+0000] {dag.py:3096} INFO - Sync 1 DAGs
[2026-01-07T21:04:24.442+0000] {logging_mixin.py:188} INFO - [2026-01-07T21:04:24.442+0000] {dag.py:3954} INFO - Setting next_dagrun for pakakumi_scraper to 2026-01-07 21:00:00+00:00, run_after=2026-01-07 22:00:00+00:00
[2026-01-07T21:04:24.468+0000] {processor.py:183} INFO - Processing /opt/airflow/dags/pakakumi_scraper.py took 0.154 seconds
[2026-01-07T21:04:54.580+0000] {processor.py:161} INFO - Started process (PID=851) to work on /opt/airflow/dags/pakakumi_scraper.py
[2026-01-07T21:04:54.581+0000] {processor.py:830} INFO - Processing file /opt/airflow/dags/pakakumi_scraper.py for tasks to queue
[2026-01-07T21:04:54.584+0000] {logging_mixin.py:188} INFO - [2026-01-07T21:04:54.584+0000] {dagbag.py:540} INFO - Filling up the DagBag from /opt/airflow/dags/pakakumi_scraper.py
[2026-01-07T21:04:54.613+0000] {processor.py:840} INFO - DAG(s) 'pakakumi_scraper' retrieved from /opt/airflow/dags/pakakumi_scraper.py
[2026-01-07T21:04:54.658+0000] {logging_mixin.py:188} INFO - [2026-01-07T21:04:54.658+0000] {dag.py:3096} INFO - Sync 1 DAGs
[2026-01-07T21:04:54.694+0000] {logging_mixin.py:188} INFO - [2026-01-07T21:04:54.693+0000] {dag.py:3954} INFO - Setting next_dagrun for pakakumi_scraper to 2026-01-07 21:00:00+00:00, run_after=2026-01-07 22:00:00+00:00
[2026-01-07T21:04:54.721+0000] {processor.py:183} INFO - Processing /opt/airflow/dags/pakakumi_scraper.py took 0.151 seconds
[2026-01-07T21:05:24.931+0000] {processor.py:161} INFO - Started process (PID=856) to work on /opt/airflow/dags/pakakumi_scraper.py
[2026-01-07T21:05:24.932+0000] {processor.py:830} INFO - Processing file /opt/airflow/dags/pakakumi_scraper.py for tasks to queue
[2026-01-07T21:05:24.935+0000] {logging_mixin.py:188} INFO - [2026-01-07T21:05:24.935+0000] {dagbag.py:540} INFO - Filling up the DagBag from /opt/airflow/dags/pakakumi_scraper.py
[2026-01-07T21:05:24.962+0000] {processor.py:840} INFO - DAG(s) 'pakakumi_scraper' retrieved from /opt/airflow/dags/pakakumi_scraper.py
[2026-01-07T21:05:25.005+0000] {logging_mixin.py:188} INFO - [2026-01-07T21:05:25.005+0000] {dag.py:3096} INFO - Sync 1 DAGs
[2026-01-07T21:05:25.059+0000] {logging_mixin.py:188} INFO - [2026-01-07T21:05:25.059+0000] {dag.py:3954} INFO - Setting next_dagrun for pakakumi_scraper to 2026-01-07 21:00:00+00:00, run_after=2026-01-07 22:00:00+00:00
[2026-01-07T21:05:25.086+0000] {processor.py:183} INFO - Processing /opt/airflow/dags/pakakumi_scraper.py took 0.165 seconds
[2026-01-07T21:05:55.177+0000] {processor.py:161} INFO - Started process (PID=861) to work on /opt/airflow/dags/pakakumi_scraper.py
[2026-01-07T21:05:55.179+0000] {processor.py:830} INFO - Processing file /opt/airflow/dags/pakakumi_scraper.py for tasks to queue
[2026-01-07T21:05:55.181+0000] {logging_mixin.py:188} INFO - [2026-01-07T21:05:55.181+0000] {dagbag.py:540} INFO - Filling up the DagBag from /opt/airflow/dags/pakakumi_scraper.py
[2026-01-07T21:05:55.212+0000] {processor.py:840} INFO - DAG(s) 'pakakumi_scraper' retrieved from /opt/airflow/dags/pakakumi_scraper.py
[2026-01-07T21:05:55.256+0000] {logging_mixin.py:188} INFO - [2026-01-07T21:05:55.255+0000] {dag.py:3096} INFO - Sync 1 DAGs
[2026-01-07T21:05:55.294+0000] {logging_mixin.py:188} INFO - [2026-01-07T21:05:55.294+0000] {dag.py:3954} INFO - Setting next_dagrun for pakakumi_scraper to 2026-01-07 21:00:00+00:00, run_after=2026-01-07 22:00:00+00:00
[2026-01-07T21:05:55.323+0000] {processor.py:183} INFO - Processing /opt/airflow/dags/pakakumi_scraper.py took 0.156 seconds
[2026-01-07T21:06:25.562+0000] {processor.py:161} INFO - Started process (PID=866) to work on /opt/airflow/dags/pakakumi_scraper.py
[2026-01-07T21:06:25.563+0000] {processor.py:830} INFO - Processing file /opt/airflow/dags/pakakumi_scraper.py for tasks to queue
[2026-01-07T21:06:25.566+0000] {logging_mixin.py:188} INFO - [2026-01-07T21:06:25.565+0000] {dagbag.py:540} INFO - Filling up the DagBag from /opt/airflow/dags/pakakumi_scraper.py
[2026-01-07T21:06:25.592+0000] {processor.py:840} INFO - DAG(s) 'pakakumi_scraper' retrieved from /opt/airflow/dags/pakakumi_scraper.py
[2026-01-07T21:06:25.636+0000] {logging_mixin.py:188} INFO - [2026-01-07T21:06:25.635+0000] {dag.py:3096} INFO - Sync 1 DAGs
[2026-01-07T21:06:25.673+0000] {logging_mixin.py:188} INFO - [2026-01-07T21:06:25.672+0000] {dag.py:3954} INFO - Setting next_dagrun for pakakumi_scraper to 2026-01-07 21:00:00+00:00, run_after=2026-01-07 22:00:00+00:00
[2026-01-07T21:06:25.701+0000] {processor.py:183} INFO - Processing /opt/airflow/dags/pakakumi_scraper.py took 0.148 seconds
[2026-01-07T21:06:55.838+0000] {processor.py:161} INFO - Started process (PID=871) to work on /opt/airflow/dags/pakakumi_scraper.py
[2026-01-07T21:06:55.840+0000] {processor.py:830} INFO - Processing file /opt/airflow/dags/pakakumi_scraper.py for tasks to queue
[2026-01-07T21:06:55.843+0000] {logging_mixin.py:188} INFO - [2026-01-07T21:06:55.843+0000] {dagbag.py:540} INFO - Filling up the DagBag from /opt/airflow/dags/pakakumi_scraper.py
[2026-01-07T21:06:55.874+0000] {processor.py:840} INFO - DAG(s) 'pakakumi_scraper' retrieved from /opt/airflow/dags/pakakumi_scraper.py
[2026-01-07T21:06:55.919+0000] {logging_mixin.py:188} INFO - [2026-01-07T21:06:55.919+0000] {dag.py:3096} INFO - Sync 1 DAGs
[2026-01-07T21:06:55.954+0000] {logging_mixin.py:188} INFO - [2026-01-07T21:06:55.954+0000] {dag.py:3954} INFO - Setting next_dagrun for pakakumi_scraper to 2026-01-07 21:00:00+00:00, run_after=2026-01-07 22:00:00+00:00
[2026-01-07T21:06:55.978+0000] {processor.py:183} INFO - Processing /opt/airflow/dags/pakakumi_scraper.py took 0.151 seconds
[2026-01-07T21:07:26.167+0000] {processor.py:161} INFO - Started process (PID=876) to work on /opt/airflow/dags/pakakumi_scraper.py
[2026-01-07T21:07:26.168+0000] {processor.py:830} INFO - Processing file /opt/airflow/dags/pakakumi_scraper.py for tasks to queue
[2026-01-07T21:07:26.171+0000] {logging_mixin.py:188} INFO - [2026-01-07T21:07:26.171+0000] {dagbag.py:540} INFO - Filling up the DagBag from /opt/airflow/dags/pakakumi_scraper.py
[2026-01-07T21:07:26.201+0000] {processor.py:840} INFO - DAG(s) 'pakakumi_scraper' retrieved from /opt/airflow/dags/pakakumi_scraper.py
[2026-01-07T21:07:26.249+0000] {logging_mixin.py:188} INFO - [2026-01-07T21:07:26.249+0000] {dag.py:3096} INFO - Sync 1 DAGs
[2026-01-07T21:07:26.284+0000] {logging_mixin.py:188} INFO - [2026-01-07T21:07:26.284+0000] {dag.py:3954} INFO - Setting next_dagrun for pakakumi_scraper to 2026-01-07 21:00:00+00:00, run_after=2026-01-07 22:00:00+00:00
[2026-01-07T21:07:26.308+0000] {processor.py:183} INFO - Processing /opt/airflow/dags/pakakumi_scraper.py took 0.151 seconds
[2026-01-07T21:07:56.448+0000] {processor.py:161} INFO - Started process (PID=881) to work on /opt/airflow/dags/pakakumi_scraper.py
[2026-01-07T21:07:56.450+0000] {processor.py:830} INFO - Processing file /opt/airflow/dags/pakakumi_scraper.py for tasks to queue
[2026-01-07T21:07:56.453+0000] {logging_mixin.py:188} INFO - [2026-01-07T21:07:56.452+0000] {dagbag.py:540} INFO - Filling up the DagBag from /opt/airflow/dags/pakakumi_scraper.py
[2026-01-07T21:07:56.484+0000] {processor.py:840} INFO - DAG(s) 'pakakumi_scraper' retrieved from /opt/airflow/dags/pakakumi_scraper.py
[2026-01-07T21:07:56.528+0000] {logging_mixin.py:188} INFO - [2026-01-07T21:07:56.528+0000] {dag.py:3096} INFO - Sync 1 DAGs
[2026-01-07T21:07:56.565+0000] {logging_mixin.py:188} INFO - [2026-01-07T21:07:56.564+0000] {dag.py:3954} INFO - Setting next_dagrun for pakakumi_scraper to 2026-01-07 21:00:00+00:00, run_after=2026-01-07 22:00:00+00:00
[2026-01-07T21:07:56.595+0000] {processor.py:183} INFO - Processing /opt/airflow/dags/pakakumi_scraper.py took 0.156 seconds
[2026-01-07T21:08:26.807+0000] {processor.py:161} INFO - Started process (PID=886) to work on /opt/airflow/dags/pakakumi_scraper.py
[2026-01-07T21:08:26.808+0000] {processor.py:830} INFO - Processing file /opt/airflow/dags/pakakumi_scraper.py for tasks to queue
[2026-01-07T21:08:26.811+0000] {logging_mixin.py:188} INFO - [2026-01-07T21:08:26.811+0000] {dagbag.py:540} INFO - Filling up the DagBag from /opt/airflow/dags/pakakumi_scraper.py
[2026-01-07T21:08:26.836+0000] {processor.py:840} INFO - DAG(s) 'pakakumi_scraper' retrieved from /opt/airflow/dags/pakakumi_scraper.py
[2026-01-07T21:08:26.879+0000] {logging_mixin.py:188} INFO - [2026-01-07T21:08:26.879+0000] {dag.py:3096} INFO - Sync 1 DAGs
[2026-01-07T21:08:26.915+0000] {logging_mixin.py:188} INFO - [2026-01-07T21:08:26.915+0000] {dag.py:3954} INFO - Setting next_dagrun for pakakumi_scraper to 2026-01-07 21:00:00+00:00, run_after=2026-01-07 22:00:00+00:00
[2026-01-07T21:08:26.940+0000] {processor.py:183} INFO - Processing /opt/airflow/dags/pakakumi_scraper.py took 0.146 seconds
[2026-01-07T21:08:57.067+0000] {processor.py:161} INFO - Started process (PID=891) to work on /opt/airflow/dags/pakakumi_scraper.py
[2026-01-07T21:08:57.069+0000] {processor.py:830} INFO - Processing file /opt/airflow/dags/pakakumi_scraper.py for tasks to queue
[2026-01-07T21:08:57.072+0000] {logging_mixin.py:188} INFO - [2026-01-07T21:08:57.071+0000] {dagbag.py:540} INFO - Filling up the DagBag from /opt/airflow/dags/pakakumi_scraper.py
[2026-01-07T21:08:57.100+0000] {processor.py:840} INFO - DAG(s) 'pakakumi_scraper' retrieved from /opt/airflow/dags/pakakumi_scraper.py
[2026-01-07T21:08:57.148+0000] {logging_mixin.py:188} INFO - [2026-01-07T21:08:57.148+0000] {dag.py:3096} INFO - Sync 1 DAGs
[2026-01-07T21:08:57.190+0000] {logging_mixin.py:188} INFO - [2026-01-07T21:08:57.190+0000] {dag.py:3954} INFO - Setting next_dagrun for pakakumi_scraper to 2026-01-07 21:00:00+00:00, run_after=2026-01-07 22:00:00+00:00
[2026-01-07T21:08:57.222+0000] {processor.py:183} INFO - Processing /opt/airflow/dags/pakakumi_scraper.py took 0.166 seconds
[2026-01-07T21:09:27.360+0000] {processor.py:161} INFO - Started process (PID=896) to work on /opt/airflow/dags/pakakumi_scraper.py
[2026-01-07T21:09:27.361+0000] {processor.py:830} INFO - Processing file /opt/airflow/dags/pakakumi_scraper.py for tasks to queue
[2026-01-07T21:09:27.365+0000] {logging_mixin.py:188} INFO - [2026-01-07T21:09:27.364+0000] {dagbag.py:540} INFO - Filling up the DagBag from /opt/airflow/dags/pakakumi_scraper.py
[2026-01-07T21:09:27.392+0000] {processor.py:840} INFO - DAG(s) 'pakakumi_scraper' retrieved from /opt/airflow/dags/pakakumi_scraper.py
[2026-01-07T21:09:27.436+0000] {logging_mixin.py:188} INFO - [2026-01-07T21:09:27.436+0000] {dag.py:3096} INFO - Sync 1 DAGs
[2026-01-07T21:09:27.472+0000] {logging_mixin.py:188} INFO - [2026-01-07T21:09:27.472+0000] {dag.py:3954} INFO - Setting next_dagrun for pakakumi_scraper to 2026-01-07 21:00:00+00:00, run_after=2026-01-07 22:00:00+00:00
[2026-01-07T21:09:27.500+0000] {processor.py:183} INFO - Processing /opt/airflow/dags/pakakumi_scraper.py took 0.150 seconds
[2026-01-07T21:09:57.673+0000] {processor.py:161} INFO - Started process (PID=901) to work on /opt/airflow/dags/pakakumi_scraper.py
[2026-01-07T21:09:57.675+0000] {processor.py:830} INFO - Processing file /opt/airflow/dags/pakakumi_scraper.py for tasks to queue
[2026-01-07T21:09:57.678+0000] {logging_mixin.py:188} INFO - [2026-01-07T21:09:57.677+0000] {dagbag.py:540} INFO - Filling up the DagBag from /opt/airflow/dags/pakakumi_scraper.py
[2026-01-07T21:09:57.709+0000] {processor.py:840} INFO - DAG(s) 'pakakumi_scraper' retrieved from /opt/airflow/dags/pakakumi_scraper.py
[2026-01-07T21:09:57.756+0000] {logging_mixin.py:188} INFO - [2026-01-07T21:09:57.755+0000] {dag.py:3096} INFO - Sync 1 DAGs
[2026-01-07T21:09:57.794+0000] {logging_mixin.py:188} INFO - [2026-01-07T21:09:57.793+0000] {dag.py:3954} INFO - Setting next_dagrun for pakakumi_scraper to 2026-01-07 21:00:00+00:00, run_after=2026-01-07 22:00:00+00:00
[2026-01-07T21:09:57.824+0000] {processor.py:183} INFO - Processing /opt/airflow/dags/pakakumi_scraper.py took 0.163 seconds
[2026-01-07T21:10:27.948+0000] {processor.py:161} INFO - Started process (PID=906) to work on /opt/airflow/dags/pakakumi_scraper.py
[2026-01-07T21:10:27.950+0000] {processor.py:830} INFO - Processing file /opt/airflow/dags/pakakumi_scraper.py for tasks to queue
[2026-01-07T21:10:27.953+0000] {logging_mixin.py:188} INFO - [2026-01-07T21:10:27.952+0000] {dagbag.py:540} INFO - Filling up the DagBag from /opt/airflow/dags/pakakumi_scraper.py
[2026-01-07T21:10:27.984+0000] {processor.py:840} INFO - DAG(s) 'pakakumi_scraper' retrieved from /opt/airflow/dags/pakakumi_scraper.py
[2026-01-07T21:10:28.029+0000] {logging_mixin.py:188} INFO - [2026-01-07T21:10:28.029+0000] {dag.py:3096} INFO - Sync 1 DAGs
[2026-01-07T21:10:28.065+0000] {logging_mixin.py:188} INFO - [2026-01-07T21:10:28.065+0000] {dag.py:3954} INFO - Setting next_dagrun for pakakumi_scraper to 2026-01-07 21:00:00+00:00, run_after=2026-01-07 22:00:00+00:00
[2026-01-07T21:10:28.094+0000] {processor.py:183} INFO - Processing /opt/airflow/dags/pakakumi_scraper.py took 0.156 seconds
[2026-01-07T21:10:58.240+0000] {processor.py:161} INFO - Started process (PID=911) to work on /opt/airflow/dags/pakakumi_scraper.py
[2026-01-07T21:10:58.241+0000] {processor.py:830} INFO - Processing file /opt/airflow/dags/pakakumi_scraper.py for tasks to queue
[2026-01-07T21:10:58.244+0000] {logging_mixin.py:188} INFO - [2026-01-07T21:10:58.244+0000] {dagbag.py:540} INFO - Filling up the DagBag from /opt/airflow/dags/pakakumi_scraper.py
[2026-01-07T21:10:58.275+0000] {processor.py:840} INFO - DAG(s) 'pakakumi_scraper' retrieved from /opt/airflow/dags/pakakumi_scraper.py
[2026-01-07T21:10:58.324+0000] {logging_mixin.py:188} INFO - [2026-01-07T21:10:58.323+0000] {dag.py:3096} INFO - Sync 1 DAGs
[2026-01-07T21:10:58.361+0000] {logging_mixin.py:188} INFO - [2026-01-07T21:10:58.361+0000] {dag.py:3954} INFO - Setting next_dagrun for pakakumi_scraper to 2026-01-07 21:00:00+00:00, run_after=2026-01-07 22:00:00+00:00
[2026-01-07T21:10:58.387+0000] {processor.py:183} INFO - Processing /opt/airflow/dags/pakakumi_scraper.py took 0.160 seconds
[2026-01-07T21:11:28.544+0000] {processor.py:161} INFO - Started process (PID=916) to work on /opt/airflow/dags/pakakumi_scraper.py
[2026-01-07T21:11:28.545+0000] {processor.py:830} INFO - Processing file /opt/airflow/dags/pakakumi_scraper.py for tasks to queue
[2026-01-07T21:11:28.549+0000] {logging_mixin.py:188} INFO - [2026-01-07T21:11:28.549+0000] {dagbag.py:540} INFO - Filling up the DagBag from /opt/airflow/dags/pakakumi_scraper.py
[2026-01-07T21:11:28.580+0000] {processor.py:840} INFO - DAG(s) 'pakakumi_scraper' retrieved from /opt/airflow/dags/pakakumi_scraper.py
[2026-01-07T21:11:28.623+0000] {logging_mixin.py:188} INFO - [2026-01-07T21:11:28.623+0000] {dag.py:3096} INFO - Sync 1 DAGs
[2026-01-07T21:11:28.660+0000] {logging_mixin.py:188} INFO - [2026-01-07T21:11:28.660+0000] {dag.py:3954} INFO - Setting next_dagrun for pakakumi_scraper to 2026-01-07 21:00:00+00:00, run_after=2026-01-07 22:00:00+00:00
[2026-01-07T21:11:28.687+0000] {processor.py:183} INFO - Processing /opt/airflow/dags/pakakumi_scraper.py took 0.154 seconds
[2026-01-07T21:11:58.947+0000] {processor.py:161} INFO - Started process (PID=921) to work on /opt/airflow/dags/pakakumi_scraper.py
[2026-01-07T21:11:58.949+0000] {processor.py:830} INFO - Processing file /opt/airflow/dags/pakakumi_scraper.py for tasks to queue
[2026-01-07T21:11:58.952+0000] {logging_mixin.py:188} INFO - [2026-01-07T21:11:58.951+0000] {dagbag.py:540} INFO - Filling up the DagBag from /opt/airflow/dags/pakakumi_scraper.py
[2026-01-07T21:11:58.995+0000] {processor.py:840} INFO - DAG(s) 'pakakumi_scraper' retrieved from /opt/airflow/dags/pakakumi_scraper.py
[2026-01-07T21:11:59.043+0000] {logging_mixin.py:188} INFO - [2026-01-07T21:11:59.042+0000] {dag.py:3096} INFO - Sync 1 DAGs
[2026-01-07T21:11:59.087+0000] {logging_mixin.py:188} INFO - [2026-01-07T21:11:59.087+0000] {dag.py:3954} INFO - Setting next_dagrun for pakakumi_scraper to 2026-01-07 21:00:00+00:00, run_after=2026-01-07 22:00:00+00:00
[2026-01-07T21:11:59.167+0000] {processor.py:183} INFO - Processing /opt/airflow/dags/pakakumi_scraper.py took 0.229 seconds
[2026-01-07T21:12:29.404+0000] {processor.py:161} INFO - Started process (PID=926) to work on /opt/airflow/dags/pakakumi_scraper.py
[2026-01-07T21:12:29.406+0000] {processor.py:830} INFO - Processing file /opt/airflow/dags/pakakumi_scraper.py for tasks to queue
[2026-01-07T21:12:29.409+0000] {logging_mixin.py:188} INFO - [2026-01-07T21:12:29.409+0000] {dagbag.py:540} INFO - Filling up the DagBag from /opt/airflow/dags/pakakumi_scraper.py
[2026-01-07T21:12:29.437+0000] {processor.py:840} INFO - DAG(s) 'pakakumi_scraper' retrieved from /opt/airflow/dags/pakakumi_scraper.py
[2026-01-07T21:12:29.482+0000] {logging_mixin.py:188} INFO - [2026-01-07T21:12:29.481+0000] {dag.py:3096} INFO - Sync 1 DAGs
[2026-01-07T21:12:29.515+0000] {logging_mixin.py:188} INFO - [2026-01-07T21:12:29.515+0000] {dag.py:3954} INFO - Setting next_dagrun for pakakumi_scraper to 2026-01-07 21:00:00+00:00, run_after=2026-01-07 22:00:00+00:00
[2026-01-07T21:12:29.542+0000] {processor.py:183} INFO - Processing /opt/airflow/dags/pakakumi_scraper.py took 0.148 seconds
[2026-01-07T21:12:59.637+0000] {processor.py:161} INFO - Started process (PID=931) to work on /opt/airflow/dags/pakakumi_scraper.py
[2026-01-07T21:12:59.639+0000] {processor.py:830} INFO - Processing file /opt/airflow/dags/pakakumi_scraper.py for tasks to queue
[2026-01-07T21:12:59.642+0000] {logging_mixin.py:188} INFO - [2026-01-07T21:12:59.641+0000] {dagbag.py:540} INFO - Filling up the DagBag from /opt/airflow/dags/pakakumi_scraper.py
[2026-01-07T21:12:59.692+0000] {processor.py:840} INFO - DAG(s) 'pakakumi_scraper' retrieved from /opt/airflow/dags/pakakumi_scraper.py
[2026-01-07T21:12:59.800+0000] {logging_mixin.py:188} INFO - [2026-01-07T21:12:59.799+0000] {dag.py:3096} INFO - Sync 1 DAGs
[2026-01-07T21:12:59.855+0000] {logging_mixin.py:188} INFO - [2026-01-07T21:12:59.855+0000] {dag.py:3954} INFO - Setting next_dagrun for pakakumi_scraper to 2026-01-07 21:00:00+00:00, run_after=2026-01-07 22:00:00+00:00
[2026-01-07T21:12:59.892+0000] {processor.py:183} INFO - Processing /opt/airflow/dags/pakakumi_scraper.py took 0.273 seconds
[2026-01-07T21:13:30.020+0000] {processor.py:161} INFO - Started process (PID=936) to work on /opt/airflow/dags/pakakumi_scraper.py
[2026-01-07T21:13:30.021+0000] {processor.py:830} INFO - Processing file /opt/airflow/dags/pakakumi_scraper.py for tasks to queue
[2026-01-07T21:13:30.025+0000] {logging_mixin.py:188} INFO - [2026-01-07T21:13:30.024+0000] {dagbag.py:540} INFO - Filling up the DagBag from /opt/airflow/dags/pakakumi_scraper.py
[2026-01-07T21:13:30.054+0000] {processor.py:840} INFO - DAG(s) 'pakakumi_scraper' retrieved from /opt/airflow/dags/pakakumi_scraper.py
[2026-01-07T21:13:30.100+0000] {logging_mixin.py:188} INFO - [2026-01-07T21:13:30.099+0000] {dag.py:3096} INFO - Sync 1 DAGs
[2026-01-07T21:13:30.135+0000] {logging_mixin.py:188} INFO - [2026-01-07T21:13:30.135+0000] {dag.py:3954} INFO - Setting next_dagrun for pakakumi_scraper to 2026-01-07 21:00:00+00:00, run_after=2026-01-07 22:00:00+00:00
[2026-01-07T21:13:30.163+0000] {processor.py:183} INFO - Processing /opt/airflow/dags/pakakumi_scraper.py took 0.157 seconds
[2026-01-07T21:14:00.380+0000] {processor.py:161} INFO - Started process (PID=941) to work on /opt/airflow/dags/pakakumi_scraper.py
[2026-01-07T21:14:00.382+0000] {processor.py:830} INFO - Processing file /opt/airflow/dags/pakakumi_scraper.py for tasks to queue
[2026-01-07T21:14:00.386+0000] {logging_mixin.py:188} INFO - [2026-01-07T21:14:00.385+0000] {dagbag.py:540} INFO - Filling up the DagBag from /opt/airflow/dags/pakakumi_scraper.py
[2026-01-07T21:14:00.414+0000] {processor.py:840} INFO - DAG(s) 'pakakumi_scraper' retrieved from /opt/airflow/dags/pakakumi_scraper.py
[2026-01-07T21:14:00.460+0000] {logging_mixin.py:188} INFO - [2026-01-07T21:14:00.459+0000] {dag.py:3096} INFO - Sync 1 DAGs
[2026-01-07T21:14:00.498+0000] {logging_mixin.py:188} INFO - [2026-01-07T21:14:00.497+0000] {dag.py:3954} INFO - Setting next_dagrun for pakakumi_scraper to 2026-01-07 21:00:00+00:00, run_after=2026-01-07 22:00:00+00:00
[2026-01-07T21:14:00.528+0000] {processor.py:183} INFO - Processing /opt/airflow/dags/pakakumi_scraper.py took 0.162 seconds
[2026-01-07T21:14:30.623+0000] {processor.py:161} INFO - Started process (PID=946) to work on /opt/airflow/dags/pakakumi_scraper.py
[2026-01-07T21:14:30.625+0000] {processor.py:830} INFO - Processing file /opt/airflow/dags/pakakumi_scraper.py for tasks to queue
[2026-01-07T21:14:30.629+0000] {logging_mixin.py:188} INFO - [2026-01-07T21:14:30.629+0000] {dagbag.py:540} INFO - Filling up the DagBag from /opt/airflow/dags/pakakumi_scraper.py
[2026-01-07T21:14:30.657+0000] {processor.py:840} INFO - DAG(s) 'pakakumi_scraper' retrieved from /opt/airflow/dags/pakakumi_scraper.py
[2026-01-07T21:14:30.700+0000] {logging_mixin.py:188} INFO - [2026-01-07T21:14:30.700+0000] {dag.py:3096} INFO - Sync 1 DAGs
[2026-01-07T21:14:30.737+0000] {logging_mixin.py:188} INFO - [2026-01-07T21:14:30.736+0000] {dag.py:3954} INFO - Setting next_dagrun for pakakumi_scraper to 2026-01-07 21:00:00+00:00, run_after=2026-01-07 22:00:00+00:00
[2026-01-07T21:14:30.768+0000] {processor.py:183} INFO - Processing /opt/airflow/dags/pakakumi_scraper.py took 0.158 seconds
[2026-01-07T21:15:01.007+0000] {processor.py:161} INFO - Started process (PID=951) to work on /opt/airflow/dags/pakakumi_scraper.py
[2026-01-07T21:15:01.008+0000] {processor.py:830} INFO - Processing file /opt/airflow/dags/pakakumi_scraper.py for tasks to queue
[2026-01-07T21:15:01.011+0000] {logging_mixin.py:188} INFO - [2026-01-07T21:15:01.011+0000] {dagbag.py:540} INFO - Filling up the DagBag from /opt/airflow/dags/pakakumi_scraper.py
[2026-01-07T21:15:01.039+0000] {processor.py:840} INFO - DAG(s) 'pakakumi_scraper' retrieved from /opt/airflow/dags/pakakumi_scraper.py
[2026-01-07T21:15:01.084+0000] {logging_mixin.py:188} INFO - [2026-01-07T21:15:01.083+0000] {dag.py:3096} INFO - Sync 1 DAGs
[2026-01-07T21:15:01.122+0000] {logging_mixin.py:188} INFO - [2026-01-07T21:15:01.121+0000] {dag.py:3954} INFO - Setting next_dagrun for pakakumi_scraper to 2026-01-07 21:00:00+00:00, run_after=2026-01-07 22:00:00+00:00
[2026-01-07T21:15:01.149+0000] {processor.py:183} INFO - Processing /opt/airflow/dags/pakakumi_scraper.py took 0.152 seconds
[2026-01-07T21:15:31.254+0000] {processor.py:161} INFO - Started process (PID=956) to work on /opt/airflow/dags/pakakumi_scraper.py
[2026-01-07T21:15:31.256+0000] {processor.py:830} INFO - Processing file /opt/airflow/dags/pakakumi_scraper.py for tasks to queue
[2026-01-07T21:15:31.259+0000] {logging_mixin.py:188} INFO - [2026-01-07T21:15:31.258+0000] {dagbag.py:540} INFO - Filling up the DagBag from /opt/airflow/dags/pakakumi_scraper.py
[2026-01-07T21:15:31.287+0000] {processor.py:840} INFO - DAG(s) 'pakakumi_scraper' retrieved from /opt/airflow/dags/pakakumi_scraper.py
[2026-01-07T21:15:31.333+0000] {logging_mixin.py:188} INFO - [2026-01-07T21:15:31.332+0000] {dag.py:3096} INFO - Sync 1 DAGs
[2026-01-07T21:15:31.375+0000] {logging_mixin.py:188} INFO - [2026-01-07T21:15:31.375+0000] {dag.py:3954} INFO - Setting next_dagrun for pakakumi_scraper to 2026-01-07 21:00:00+00:00, run_after=2026-01-07 22:00:00+00:00
[2026-01-07T21:15:31.404+0000] {processor.py:183} INFO - Processing /opt/airflow/dags/pakakumi_scraper.py took 0.161 seconds
[2026-01-07T21:16:01.591+0000] {processor.py:161} INFO - Started process (PID=961) to work on /opt/airflow/dags/pakakumi_scraper.py
[2026-01-07T21:16:01.593+0000] {processor.py:830} INFO - Processing file /opt/airflow/dags/pakakumi_scraper.py for tasks to queue
[2026-01-07T21:16:01.596+0000] {logging_mixin.py:188} INFO - [2026-01-07T21:16:01.595+0000] {dagbag.py:540} INFO - Filling up the DagBag from /opt/airflow/dags/pakakumi_scraper.py
[2026-01-07T21:16:01.627+0000] {processor.py:840} INFO - DAG(s) 'pakakumi_scraper' retrieved from /opt/airflow/dags/pakakumi_scraper.py
[2026-01-07T21:16:01.670+0000] {logging_mixin.py:188} INFO - [2026-01-07T21:16:01.669+0000] {dag.py:3096} INFO - Sync 1 DAGs
[2026-01-07T21:16:01.706+0000] {logging_mixin.py:188} INFO - [2026-01-07T21:16:01.706+0000] {dag.py:3954} INFO - Setting next_dagrun for pakakumi_scraper to 2026-01-07 21:00:00+00:00, run_after=2026-01-07 22:00:00+00:00
[2026-01-07T21:16:01.735+0000] {processor.py:183} INFO - Processing /opt/airflow/dags/pakakumi_scraper.py took 0.154 seconds
[2026-01-07T21:16:31.871+0000] {processor.py:161} INFO - Started process (PID=966) to work on /opt/airflow/dags/pakakumi_scraper.py
[2026-01-07T21:16:31.872+0000] {processor.py:830} INFO - Processing file /opt/airflow/dags/pakakumi_scraper.py for tasks to queue
[2026-01-07T21:16:31.875+0000] {logging_mixin.py:188} INFO - [2026-01-07T21:16:31.874+0000] {dagbag.py:540} INFO - Filling up the DagBag from /opt/airflow/dags/pakakumi_scraper.py
[2026-01-07T21:16:31.905+0000] {processor.py:840} INFO - DAG(s) 'pakakumi_scraper' retrieved from /opt/airflow/dags/pakakumi_scraper.py
[2026-01-07T21:16:31.949+0000] {logging_mixin.py:188} INFO - [2026-01-07T21:16:31.948+0000] {dag.py:3096} INFO - Sync 1 DAGs
[2026-01-07T21:16:31.982+0000] {logging_mixin.py:188} INFO - [2026-01-07T21:16:31.982+0000] {dag.py:3954} INFO - Setting next_dagrun for pakakumi_scraper to 2026-01-07 21:00:00+00:00, run_after=2026-01-07 22:00:00+00:00
[2026-01-07T21:16:32.010+0000] {processor.py:183} INFO - Processing /opt/airflow/dags/pakakumi_scraper.py took 0.151 seconds
[2026-01-07T21:17:02.236+0000] {processor.py:161} INFO - Started process (PID=971) to work on /opt/airflow/dags/pakakumi_scraper.py
[2026-01-07T21:17:02.237+0000] {processor.py:830} INFO - Processing file /opt/airflow/dags/pakakumi_scraper.py for tasks to queue
[2026-01-07T21:17:02.240+0000] {logging_mixin.py:188} INFO - [2026-01-07T21:17:02.239+0000] {dagbag.py:540} INFO - Filling up the DagBag from /opt/airflow/dags/pakakumi_scraper.py
[2026-01-07T21:17:02.269+0000] {processor.py:840} INFO - DAG(s) 'pakakumi_scraper' retrieved from /opt/airflow/dags/pakakumi_scraper.py
[2026-01-07T21:17:02.311+0000] {logging_mixin.py:188} INFO - [2026-01-07T21:17:02.310+0000] {dag.py:3096} INFO - Sync 1 DAGs
[2026-01-07T21:17:02.347+0000] {logging_mixin.py:188} INFO - [2026-01-07T21:17:02.347+0000] {dag.py:3954} INFO - Setting next_dagrun for pakakumi_scraper to 2026-01-07 21:00:00+00:00, run_after=2026-01-07 22:00:00+00:00
[2026-01-07T21:17:02.374+0000] {processor.py:183} INFO - Processing /opt/airflow/dags/pakakumi_scraper.py took 0.147 seconds
[2026-01-07T21:17:32.457+0000] {processor.py:161} INFO - Started process (PID=976) to work on /opt/airflow/dags/pakakumi_scraper.py
[2026-01-07T21:17:32.459+0000] {processor.py:830} INFO - Processing file /opt/airflow/dags/pakakumi_scraper.py for tasks to queue
[2026-01-07T21:17:32.462+0000] {logging_mixin.py:188} INFO - [2026-01-07T21:17:32.461+0000] {dagbag.py:540} INFO - Filling up the DagBag from /opt/airflow/dags/pakakumi_scraper.py
[2026-01-07T21:17:32.490+0000] {processor.py:840} INFO - DAG(s) 'pakakumi_scraper' retrieved from /opt/airflow/dags/pakakumi_scraper.py
[2026-01-07T21:17:32.537+0000] {logging_mixin.py:188} INFO - [2026-01-07T21:17:32.536+0000] {dag.py:3096} INFO - Sync 1 DAGs
[2026-01-07T21:17:32.574+0000] {logging_mixin.py:188} INFO - [2026-01-07T21:17:32.574+0000] {dag.py:3954} INFO - Setting next_dagrun for pakakumi_scraper to 2026-01-07 21:00:00+00:00, run_after=2026-01-07 22:00:00+00:00
[2026-01-07T21:17:32.601+0000] {processor.py:183} INFO - Processing /opt/airflow/dags/pakakumi_scraper.py took 0.153 seconds
[2026-01-07T21:18:02.818+0000] {processor.py:161} INFO - Started process (PID=981) to work on /opt/airflow/dags/pakakumi_scraper.py
[2026-01-07T21:18:02.819+0000] {processor.py:830} INFO - Processing file /opt/airflow/dags/pakakumi_scraper.py for tasks to queue
[2026-01-07T21:18:02.823+0000] {logging_mixin.py:188} INFO - [2026-01-07T21:18:02.822+0000] {dagbag.py:540} INFO - Filling up the DagBag from /opt/airflow/dags/pakakumi_scraper.py
[2026-01-07T21:18:02.850+0000] {processor.py:840} INFO - DAG(s) 'pakakumi_scraper' retrieved from /opt/airflow/dags/pakakumi_scraper.py
[2026-01-07T21:18:02.893+0000] {logging_mixin.py:188} INFO - [2026-01-07T21:18:02.893+0000] {dag.py:3096} INFO - Sync 1 DAGs
[2026-01-07T21:18:02.929+0000] {logging_mixin.py:188} INFO - [2026-01-07T21:18:02.928+0000] {dag.py:3954} INFO - Setting next_dagrun for pakakumi_scraper to 2026-01-07 21:00:00+00:00, run_after=2026-01-07 22:00:00+00:00
[2026-01-07T21:18:02.957+0000] {processor.py:183} INFO - Processing /opt/airflow/dags/pakakumi_scraper.py took 0.148 seconds
[2026-01-07T21:18:33.086+0000] {processor.py:161} INFO - Started process (PID=986) to work on /opt/airflow/dags/pakakumi_scraper.py
[2026-01-07T21:18:33.090+0000] {processor.py:830} INFO - Processing file /opt/airflow/dags/pakakumi_scraper.py for tasks to queue
[2026-01-07T21:18:33.093+0000] {logging_mixin.py:188} INFO - [2026-01-07T21:18:33.093+0000] {dagbag.py:540} INFO - Filling up the DagBag from /opt/airflow/dags/pakakumi_scraper.py
[2026-01-07T21:18:33.125+0000] {processor.py:840} INFO - DAG(s) 'pakakumi_scraper' retrieved from /opt/airflow/dags/pakakumi_scraper.py
[2026-01-07T21:18:33.177+0000] {logging_mixin.py:188} INFO - [2026-01-07T21:18:33.176+0000] {dag.py:3096} INFO - Sync 1 DAGs
[2026-01-07T21:18:33.224+0000] {logging_mixin.py:188} INFO - [2026-01-07T21:18:33.224+0000] {dag.py:3954} INFO - Setting next_dagrun for pakakumi_scraper to 2026-01-07 21:00:00+00:00, run_after=2026-01-07 22:00:00+00:00
[2026-01-07T21:18:33.255+0000] {processor.py:183} INFO - Processing /opt/airflow/dags/pakakumi_scraper.py took 0.180 seconds
[2026-01-07T21:19:03.435+0000] {processor.py:161} INFO - Started process (PID=991) to work on /opt/airflow/dags/pakakumi_scraper.py
[2026-01-07T21:19:03.437+0000] {processor.py:830} INFO - Processing file /opt/airflow/dags/pakakumi_scraper.py for tasks to queue
[2026-01-07T21:19:03.441+0000] {logging_mixin.py:188} INFO - [2026-01-07T21:19:03.440+0000] {dagbag.py:540} INFO - Filling up the DagBag from /opt/airflow/dags/pakakumi_scraper.py
[2026-01-07T21:19:03.473+0000] {processor.py:840} INFO - DAG(s) 'pakakumi_scraper' retrieved from /opt/airflow/dags/pakakumi_scraper.py
[2026-01-07T21:19:03.516+0000] {logging_mixin.py:188} INFO - [2026-01-07T21:19:03.515+0000] {dag.py:3096} INFO - Sync 1 DAGs
[2026-01-07T21:19:03.553+0000] {logging_mixin.py:188} INFO - [2026-01-07T21:19:03.553+0000] {dag.py:3954} INFO - Setting next_dagrun for pakakumi_scraper to 2026-01-07 21:00:00+00:00, run_after=2026-01-07 22:00:00+00:00
[2026-01-07T21:19:03.583+0000] {processor.py:183} INFO - Processing /opt/airflow/dags/pakakumi_scraper.py took 0.161 seconds
[2026-01-07T21:19:33.703+0000] {processor.py:161} INFO - Started process (PID=996) to work on /opt/airflow/dags/pakakumi_scraper.py
[2026-01-07T21:19:33.704+0000] {processor.py:830} INFO - Processing file /opt/airflow/dags/pakakumi_scraper.py for tasks to queue
[2026-01-07T21:19:33.707+0000] {logging_mixin.py:188} INFO - [2026-01-07T21:19:33.707+0000] {dagbag.py:540} INFO - Filling up the DagBag from /opt/airflow/dags/pakakumi_scraper.py
[2026-01-07T21:19:33.740+0000] {processor.py:840} INFO - DAG(s) 'pakakumi_scraper' retrieved from /opt/airflow/dags/pakakumi_scraper.py
[2026-01-07T21:19:33.810+0000] {logging_mixin.py:188} INFO - [2026-01-07T21:19:33.810+0000] {dag.py:3096} INFO - Sync 1 DAGs
[2026-01-07T21:19:33.871+0000] {logging_mixin.py:188} INFO - [2026-01-07T21:19:33.871+0000] {dag.py:3954} INFO - Setting next_dagrun for pakakumi_scraper to 2026-01-07 21:00:00+00:00, run_after=2026-01-07 22:00:00+00:00
[2026-01-07T21:19:33.904+0000] {processor.py:183} INFO - Processing /opt/airflow/dags/pakakumi_scraper.py took 0.212 seconds
[2026-01-07T21:20:04.087+0000] {processor.py:161} INFO - Started process (PID=1001) to work on /opt/airflow/dags/pakakumi_scraper.py
[2026-01-07T21:20:04.089+0000] {processor.py:830} INFO - Processing file /opt/airflow/dags/pakakumi_scraper.py for tasks to queue
[2026-01-07T21:20:04.092+0000] {logging_mixin.py:188} INFO - [2026-01-07T21:20:04.091+0000] {dagbag.py:540} INFO - Filling up the DagBag from /opt/airflow/dags/pakakumi_scraper.py
[2026-01-07T21:20:04.121+0000] {processor.py:840} INFO - DAG(s) 'pakakumi_scraper' retrieved from /opt/airflow/dags/pakakumi_scraper.py
[2026-01-07T21:20:04.166+0000] {logging_mixin.py:188} INFO - [2026-01-07T21:20:04.166+0000] {dag.py:3096} INFO - Sync 1 DAGs
[2026-01-07T21:20:04.203+0000] {logging_mixin.py:188} INFO - [2026-01-07T21:20:04.203+0000] {dag.py:3954} INFO - Setting next_dagrun for pakakumi_scraper to 2026-01-07 21:00:00+00:00, run_after=2026-01-07 22:00:00+00:00
[2026-01-07T21:20:04.231+0000] {processor.py:183} INFO - Processing /opt/airflow/dags/pakakumi_scraper.py took 0.161 seconds
[2026-01-07T21:20:34.381+0000] {processor.py:161} INFO - Started process (PID=1006) to work on /opt/airflow/dags/pakakumi_scraper.py
[2026-01-07T21:20:34.382+0000] {processor.py:830} INFO - Processing file /opt/airflow/dags/pakakumi_scraper.py for tasks to queue
[2026-01-07T21:20:34.385+0000] {logging_mixin.py:188} INFO - [2026-01-07T21:20:34.385+0000] {dagbag.py:540} INFO - Filling up the DagBag from /opt/airflow/dags/pakakumi_scraper.py
[2026-01-07T21:20:34.414+0000] {processor.py:840} INFO - DAG(s) 'pakakumi_scraper' retrieved from /opt/airflow/dags/pakakumi_scraper.py
[2026-01-07T21:20:34.460+0000] {logging_mixin.py:188} INFO - [2026-01-07T21:20:34.459+0000] {dag.py:3096} INFO - Sync 1 DAGs
[2026-01-07T21:20:34.504+0000] {logging_mixin.py:188} INFO - [2026-01-07T21:20:34.503+0000] {dag.py:3954} INFO - Setting next_dagrun for pakakumi_scraper to 2026-01-07 21:00:00+00:00, run_after=2026-01-07 22:00:00+00:00
[2026-01-07T21:20:34.537+0000] {processor.py:183} INFO - Processing /opt/airflow/dags/pakakumi_scraper.py took 0.167 seconds
[2026-01-07T21:21:04.667+0000] {processor.py:161} INFO - Started process (PID=1011) to work on /opt/airflow/dags/pakakumi_scraper.py
[2026-01-07T21:21:04.669+0000] {processor.py:830} INFO - Processing file /opt/airflow/dags/pakakumi_scraper.py for tasks to queue
[2026-01-07T21:21:04.673+0000] {logging_mixin.py:188} INFO - [2026-01-07T21:21:04.672+0000] {dagbag.py:540} INFO - Filling up the DagBag from /opt/airflow/dags/pakakumi_scraper.py
[2026-01-07T21:21:04.701+0000] {processor.py:840} INFO - DAG(s) 'pakakumi_scraper' retrieved from /opt/airflow/dags/pakakumi_scraper.py
[2026-01-07T21:21:04.747+0000] {logging_mixin.py:188} INFO - [2026-01-07T21:21:04.747+0000] {dag.py:3096} INFO - Sync 1 DAGs
[2026-01-07T21:21:04.782+0000] {logging_mixin.py:188} INFO - [2026-01-07T21:21:04.781+0000] {dag.py:3954} INFO - Setting next_dagrun for pakakumi_scraper to 2026-01-07 21:00:00+00:00, run_after=2026-01-07 22:00:00+00:00
[2026-01-07T21:21:04.811+0000] {processor.py:183} INFO - Processing /opt/airflow/dags/pakakumi_scraper.py took 0.153 seconds
[2026-01-07T21:21:34.995+0000] {processor.py:161} INFO - Started process (PID=1016) to work on /opt/airflow/dags/pakakumi_scraper.py
[2026-01-07T21:21:34.997+0000] {processor.py:830} INFO - Processing file /opt/airflow/dags/pakakumi_scraper.py for tasks to queue
[2026-01-07T21:21:35.001+0000] {logging_mixin.py:188} INFO - [2026-01-07T21:21:35.000+0000] {dagbag.py:540} INFO - Filling up the DagBag from /opt/airflow/dags/pakakumi_scraper.py
[2026-01-07T21:21:35.029+0000] {processor.py:840} INFO - DAG(s) 'pakakumi_scraper' retrieved from /opt/airflow/dags/pakakumi_scraper.py
[2026-01-07T21:21:35.078+0000] {logging_mixin.py:188} INFO - [2026-01-07T21:21:35.077+0000] {dag.py:3096} INFO - Sync 1 DAGs
[2026-01-07T21:21:35.114+0000] {logging_mixin.py:188} INFO - [2026-01-07T21:21:35.113+0000] {dag.py:3954} INFO - Setting next_dagrun for pakakumi_scraper to 2026-01-07 21:00:00+00:00, run_after=2026-01-07 22:00:00+00:00
[2026-01-07T21:21:35.139+0000] {processor.py:183} INFO - Processing /opt/airflow/dags/pakakumi_scraper.py took 0.154 seconds
[2026-01-07T21:22:05.344+0000] {processor.py:161} INFO - Started process (PID=1021) to work on /opt/airflow/dags/pakakumi_scraper.py
[2026-01-07T21:22:05.347+0000] {processor.py:830} INFO - Processing file /opt/airflow/dags/pakakumi_scraper.py for tasks to queue
[2026-01-07T21:22:05.350+0000] {logging_mixin.py:188} INFO - [2026-01-07T21:22:05.349+0000] {dagbag.py:540} INFO - Filling up the DagBag from /opt/airflow/dags/pakakumi_scraper.py
[2026-01-07T21:22:05.379+0000] {processor.py:840} INFO - DAG(s) 'pakakumi_scraper' retrieved from /opt/airflow/dags/pakakumi_scraper.py
[2026-01-07T21:22:05.421+0000] {logging_mixin.py:188} INFO - [2026-01-07T21:22:05.421+0000] {dag.py:3096} INFO - Sync 1 DAGs
[2026-01-07T21:22:05.456+0000] {logging_mixin.py:188} INFO - [2026-01-07T21:22:05.456+0000] {dag.py:3954} INFO - Setting next_dagrun for pakakumi_scraper to 2026-01-07 21:00:00+00:00, run_after=2026-01-07 22:00:00+00:00
[2026-01-07T21:22:05.485+0000] {processor.py:183} INFO - Processing /opt/airflow/dags/pakakumi_scraper.py took 0.154 seconds
[2026-01-07T21:22:35.605+0000] {processor.py:161} INFO - Started process (PID=1026) to work on /opt/airflow/dags/pakakumi_scraper.py
[2026-01-07T21:22:35.607+0000] {processor.py:830} INFO - Processing file /opt/airflow/dags/pakakumi_scraper.py for tasks to queue
[2026-01-07T21:22:35.610+0000] {logging_mixin.py:188} INFO - [2026-01-07T21:22:35.610+0000] {dagbag.py:540} INFO - Filling up the DagBag from /opt/airflow/dags/pakakumi_scraper.py
[2026-01-07T21:22:35.640+0000] {processor.py:840} INFO - DAG(s) 'pakakumi_scraper' retrieved from /opt/airflow/dags/pakakumi_scraper.py
[2026-01-07T21:22:35.684+0000] {logging_mixin.py:188} INFO - [2026-01-07T21:22:35.683+0000] {dag.py:3096} INFO - Sync 1 DAGs
[2026-01-07T21:22:35.722+0000] {logging_mixin.py:188} INFO - [2026-01-07T21:22:35.722+0000] {dag.py:3954} INFO - Setting next_dagrun for pakakumi_scraper to 2026-01-07 21:00:00+00:00, run_after=2026-01-07 22:00:00+00:00
[2026-01-07T21:22:35.751+0000] {processor.py:183} INFO - Processing /opt/airflow/dags/pakakumi_scraper.py took 0.156 seconds
[2026-01-07T21:23:05.917+0000] {processor.py:161} INFO - Started process (PID=1031) to work on /opt/airflow/dags/pakakumi_scraper.py
[2026-01-07T21:23:05.918+0000] {processor.py:830} INFO - Processing file /opt/airflow/dags/pakakumi_scraper.py for tasks to queue
[2026-01-07T21:23:05.921+0000] {logging_mixin.py:188} INFO - [2026-01-07T21:23:05.921+0000] {dagbag.py:540} INFO - Filling up the DagBag from /opt/airflow/dags/pakakumi_scraper.py
[2026-01-07T21:23:05.954+0000] {processor.py:840} INFO - DAG(s) 'pakakumi_scraper' retrieved from /opt/airflow/dags/pakakumi_scraper.py
[2026-01-07T21:23:05.995+0000] {logging_mixin.py:188} INFO - [2026-01-07T21:23:05.995+0000] {dag.py:3096} INFO - Sync 1 DAGs
[2026-01-07T21:23:06.031+0000] {logging_mixin.py:188} INFO - [2026-01-07T21:23:06.031+0000] {dag.py:3954} INFO - Setting next_dagrun for pakakumi_scraper to 2026-01-07 21:00:00+00:00, run_after=2026-01-07 22:00:00+00:00
[2026-01-07T21:23:06.062+0000] {processor.py:183} INFO - Processing /opt/airflow/dags/pakakumi_scraper.py took 0.157 seconds
[2026-01-07T21:23:36.202+0000] {processor.py:161} INFO - Started process (PID=1036) to work on /opt/airflow/dags/pakakumi_scraper.py
[2026-01-07T21:23:36.204+0000] {processor.py:830} INFO - Processing file /opt/airflow/dags/pakakumi_scraper.py for tasks to queue
[2026-01-07T21:23:36.207+0000] {logging_mixin.py:188} INFO - [2026-01-07T21:23:36.207+0000] {dagbag.py:540} INFO - Filling up the DagBag from /opt/airflow/dags/pakakumi_scraper.py
[2026-01-07T21:23:36.238+0000] {processor.py:840} INFO - DAG(s) 'pakakumi_scraper' retrieved from /opt/airflow/dags/pakakumi_scraper.py
[2026-01-07T21:23:36.286+0000] {logging_mixin.py:188} INFO - [2026-01-07T21:23:36.286+0000] {dag.py:3096} INFO - Sync 1 DAGs
[2026-01-07T21:23:36.322+0000] {logging_mixin.py:188} INFO - [2026-01-07T21:23:36.322+0000] {dag.py:3954} INFO - Setting next_dagrun for pakakumi_scraper to 2026-01-07 21:00:00+00:00, run_after=2026-01-07 22:00:00+00:00
[2026-01-07T21:23:36.348+0000] {processor.py:183} INFO - Processing /opt/airflow/dags/pakakumi_scraper.py took 0.158 seconds
[2026-01-07T21:24:06.495+0000] {processor.py:161} INFO - Started process (PID=1041) to work on /opt/airflow/dags/pakakumi_scraper.py
[2026-01-07T21:24:06.496+0000] {processor.py:830} INFO - Processing file /opt/airflow/dags/pakakumi_scraper.py for tasks to queue
[2026-01-07T21:24:06.499+0000] {logging_mixin.py:188} INFO - [2026-01-07T21:24:06.499+0000] {dagbag.py:540} INFO - Filling up the DagBag from /opt/airflow/dags/pakakumi_scraper.py
[2026-01-07T21:24:06.540+0000] {processor.py:840} INFO - DAG(s) 'pakakumi_scraper' retrieved from /opt/airflow/dags/pakakumi_scraper.py
[2026-01-07T21:24:06.582+0000] {logging_mixin.py:188} INFO - [2026-01-07T21:24:06.582+0000] {dag.py:3096} INFO - Sync 1 DAGs
[2026-01-07T21:24:06.616+0000] {logging_mixin.py:188} INFO - [2026-01-07T21:24:06.616+0000] {dag.py:3954} INFO - Setting next_dagrun for pakakumi_scraper to 2026-01-07 21:00:00+00:00, run_after=2026-01-07 22:00:00+00:00
[2026-01-07T21:24:06.642+0000] {processor.py:183} INFO - Processing /opt/airflow/dags/pakakumi_scraper.py took 0.157 seconds
[2026-01-07T21:24:36.814+0000] {processor.py:161} INFO - Started process (PID=1046) to work on /opt/airflow/dags/pakakumi_scraper.py
[2026-01-07T21:24:36.815+0000] {processor.py:830} INFO - Processing file /opt/airflow/dags/pakakumi_scraper.py for tasks to queue
[2026-01-07T21:24:36.818+0000] {logging_mixin.py:188} INFO - [2026-01-07T21:24:36.817+0000] {dagbag.py:540} INFO - Filling up the DagBag from /opt/airflow/dags/pakakumi_scraper.py
[2026-01-07T21:24:36.846+0000] {processor.py:840} INFO - DAG(s) 'pakakumi_scraper' retrieved from /opt/airflow/dags/pakakumi_scraper.py
[2026-01-07T21:24:36.892+0000] {logging_mixin.py:188} INFO - [2026-01-07T21:24:36.891+0000] {dag.py:3096} INFO - Sync 1 DAGs
[2026-01-07T21:24:36.927+0000] {logging_mixin.py:188} INFO - [2026-01-07T21:24:36.927+0000] {dag.py:3954} INFO - Setting next_dagrun for pakakumi_scraper to 2026-01-07 21:00:00+00:00, run_after=2026-01-07 22:00:00+00:00
[2026-01-07T21:24:36.954+0000] {processor.py:183} INFO - Processing /opt/airflow/dags/pakakumi_scraper.py took 0.152 seconds
[2026-01-07T21:25:07.104+0000] {processor.py:161} INFO - Started process (PID=1051) to work on /opt/airflow/dags/pakakumi_scraper.py
[2026-01-07T21:25:07.106+0000] {processor.py:830} INFO - Processing file /opt/airflow/dags/pakakumi_scraper.py for tasks to queue
[2026-01-07T21:25:07.109+0000] {logging_mixin.py:188} INFO - [2026-01-07T21:25:07.109+0000] {dagbag.py:540} INFO - Filling up the DagBag from /opt/airflow/dags/pakakumi_scraper.py
[2026-01-07T21:25:07.149+0000] {processor.py:840} INFO - DAG(s) 'pakakumi_scraper' retrieved from /opt/airflow/dags/pakakumi_scraper.py
[2026-01-07T21:25:07.193+0000] {logging_mixin.py:188} INFO - [2026-01-07T21:25:07.193+0000] {dag.py:3096} INFO - Sync 1 DAGs
[2026-01-07T21:25:07.232+0000] {logging_mixin.py:188} INFO - [2026-01-07T21:25:07.231+0000] {dag.py:3954} INFO - Setting next_dagrun for pakakumi_scraper to 2026-01-07 21:00:00+00:00, run_after=2026-01-07 22:00:00+00:00
[2026-01-07T21:25:07.264+0000] {processor.py:183} INFO - Processing /opt/airflow/dags/pakakumi_scraper.py took 0.170 seconds
[2026-01-07T21:25:37.460+0000] {processor.py:161} INFO - Started process (PID=1056) to work on /opt/airflow/dags/pakakumi_scraper.py
[2026-01-07T21:25:37.461+0000] {processor.py:830} INFO - Processing file /opt/airflow/dags/pakakumi_scraper.py for tasks to queue
[2026-01-07T21:25:37.464+0000] {logging_mixin.py:188} INFO - [2026-01-07T21:25:37.464+0000] {dagbag.py:540} INFO - Filling up the DagBag from /opt/airflow/dags/pakakumi_scraper.py
[2026-01-07T21:25:37.499+0000] {processor.py:840} INFO - DAG(s) 'pakakumi_scraper' retrieved from /opt/airflow/dags/pakakumi_scraper.py
[2026-01-07T21:25:37.563+0000] {logging_mixin.py:188} INFO - [2026-01-07T21:25:37.563+0000] {dag.py:3096} INFO - Sync 1 DAGs
[2026-01-07T21:25:37.612+0000] {logging_mixin.py:188} INFO - [2026-01-07T21:25:37.611+0000] {dag.py:3954} INFO - Setting next_dagrun for pakakumi_scraper to 2026-01-07 21:00:00+00:00, run_after=2026-01-07 22:00:00+00:00
[2026-01-07T21:25:37.639+0000] {processor.py:183} INFO - Processing /opt/airflow/dags/pakakumi_scraper.py took 0.193 seconds
[2026-01-07T21:26:07.774+0000] {processor.py:161} INFO - Started process (PID=1061) to work on /opt/airflow/dags/pakakumi_scraper.py
[2026-01-07T21:26:07.775+0000] {processor.py:830} INFO - Processing file /opt/airflow/dags/pakakumi_scraper.py for tasks to queue
[2026-01-07T21:26:07.778+0000] {logging_mixin.py:188} INFO - [2026-01-07T21:26:07.778+0000] {dagbag.py:540} INFO - Filling up the DagBag from /opt/airflow/dags/pakakumi_scraper.py
[2026-01-07T21:26:07.810+0000] {processor.py:840} INFO - DAG(s) 'pakakumi_scraper' retrieved from /opt/airflow/dags/pakakumi_scraper.py
[2026-01-07T21:26:07.855+0000] {logging_mixin.py:188} INFO - [2026-01-07T21:26:07.855+0000] {dag.py:3096} INFO - Sync 1 DAGs
[2026-01-07T21:26:07.891+0000] {logging_mixin.py:188} INFO - [2026-01-07T21:26:07.890+0000] {dag.py:3954} INFO - Setting next_dagrun for pakakumi_scraper to 2026-01-07 21:00:00+00:00, run_after=2026-01-07 22:00:00+00:00
[2026-01-07T21:26:07.920+0000] {processor.py:183} INFO - Processing /opt/airflow/dags/pakakumi_scraper.py took 0.158 seconds
[2026-01-07T21:26:38.127+0000] {processor.py:161} INFO - Started process (PID=1066) to work on /opt/airflow/dags/pakakumi_scraper.py
[2026-01-07T21:26:38.130+0000] {processor.py:830} INFO - Processing file /opt/airflow/dags/pakakumi_scraper.py for tasks to queue
[2026-01-07T21:26:38.135+0000] {logging_mixin.py:188} INFO - [2026-01-07T21:26:38.134+0000] {dagbag.py:540} INFO - Filling up the DagBag from /opt/airflow/dags/pakakumi_scraper.py
[2026-01-07T21:26:38.163+0000] {processor.py:840} INFO - DAG(s) 'pakakumi_scraper' retrieved from /opt/airflow/dags/pakakumi_scraper.py
[2026-01-07T21:26:38.207+0000] {logging_mixin.py:188} INFO - [2026-01-07T21:26:38.207+0000] {dag.py:3096} INFO - Sync 1 DAGs
[2026-01-07T21:26:38.244+0000] {logging_mixin.py:188} INFO - [2026-01-07T21:26:38.243+0000] {dag.py:3954} INFO - Setting next_dagrun for pakakumi_scraper to 2026-01-07 21:00:00+00:00, run_after=2026-01-07 22:00:00+00:00
[2026-01-07T21:26:38.272+0000] {processor.py:183} INFO - Processing /opt/airflow/dags/pakakumi_scraper.py took 0.156 seconds
[2026-01-07T21:27:08.433+0000] {processor.py:161} INFO - Started process (PID=1071) to work on /opt/airflow/dags/pakakumi_scraper.py
[2026-01-07T21:27:08.434+0000] {processor.py:830} INFO - Processing file /opt/airflow/dags/pakakumi_scraper.py for tasks to queue
[2026-01-07T21:27:08.437+0000] {logging_mixin.py:188} INFO - [2026-01-07T21:27:08.437+0000] {dagbag.py:540} INFO - Filling up the DagBag from /opt/airflow/dags/pakakumi_scraper.py
[2026-01-07T21:27:08.467+0000] {processor.py:840} INFO - DAG(s) 'pakakumi_scraper' retrieved from /opt/airflow/dags/pakakumi_scraper.py
[2026-01-07T21:27:08.511+0000] {logging_mixin.py:188} INFO - [2026-01-07T21:27:08.511+0000] {dag.py:3096} INFO - Sync 1 DAGs
[2026-01-07T21:27:08.549+0000] {logging_mixin.py:188} INFO - [2026-01-07T21:27:08.549+0000] {dag.py:3954} INFO - Setting next_dagrun for pakakumi_scraper to 2026-01-07 21:00:00+00:00, run_after=2026-01-07 22:00:00+00:00
[2026-01-07T21:27:08.577+0000] {processor.py:183} INFO - Processing /opt/airflow/dags/pakakumi_scraper.py took 0.154 seconds
[2026-01-07T21:27:38.752+0000] {processor.py:161} INFO - Started process (PID=1076) to work on /opt/airflow/dags/pakakumi_scraper.py
[2026-01-07T21:27:38.754+0000] {processor.py:830} INFO - Processing file /opt/airflow/dags/pakakumi_scraper.py for tasks to queue
[2026-01-07T21:27:38.757+0000] {logging_mixin.py:188} INFO - [2026-01-07T21:27:38.757+0000] {dagbag.py:540} INFO - Filling up the DagBag from /opt/airflow/dags/pakakumi_scraper.py
[2026-01-07T21:27:38.790+0000] {processor.py:840} INFO - DAG(s) 'pakakumi_scraper' retrieved from /opt/airflow/dags/pakakumi_scraper.py
[2026-01-07T21:27:38.831+0000] {logging_mixin.py:188} INFO - [2026-01-07T21:27:38.831+0000] {dag.py:3096} INFO - Sync 1 DAGs
[2026-01-07T21:27:38.866+0000] {logging_mixin.py:188} INFO - [2026-01-07T21:27:38.866+0000] {dag.py:3954} INFO - Setting next_dagrun for pakakumi_scraper to 2026-01-07 21:00:00+00:00, run_after=2026-01-07 22:00:00+00:00
[2026-01-07T21:27:38.896+0000] {processor.py:183} INFO - Processing /opt/airflow/dags/pakakumi_scraper.py took 0.155 seconds
[2026-01-07T21:28:08.989+0000] {processor.py:161} INFO - Started process (PID=1081) to work on /opt/airflow/dags/pakakumi_scraper.py
[2026-01-07T21:28:08.990+0000] {processor.py:830} INFO - Processing file /opt/airflow/dags/pakakumi_scraper.py for tasks to queue
[2026-01-07T21:28:08.993+0000] {logging_mixin.py:188} INFO - [2026-01-07T21:28:08.993+0000] {dagbag.py:540} INFO - Filling up the DagBag from /opt/airflow/dags/pakakumi_scraper.py
[2026-01-07T21:28:09.022+0000] {processor.py:840} INFO - DAG(s) 'pakakumi_scraper' retrieved from /opt/airflow/dags/pakakumi_scraper.py
[2026-01-07T21:28:09.065+0000] {logging_mixin.py:188} INFO - [2026-01-07T21:28:09.065+0000] {dag.py:3096} INFO - Sync 1 DAGs
[2026-01-07T21:28:09.101+0000] {logging_mixin.py:188} INFO - [2026-01-07T21:28:09.100+0000] {dag.py:3954} INFO - Setting next_dagrun for pakakumi_scraper to 2026-01-07 21:00:00+00:00, run_after=2026-01-07 22:00:00+00:00
[2026-01-07T21:28:09.130+0000] {processor.py:183} INFO - Processing /opt/airflow/dags/pakakumi_scraper.py took 0.150 seconds
[2026-01-07T21:28:39.354+0000] {processor.py:161} INFO - Started process (PID=1086) to work on /opt/airflow/dags/pakakumi_scraper.py
[2026-01-07T21:28:39.355+0000] {processor.py:830} INFO - Processing file /opt/airflow/dags/pakakumi_scraper.py for tasks to queue
[2026-01-07T21:28:39.358+0000] {logging_mixin.py:188} INFO - [2026-01-07T21:28:39.357+0000] {dagbag.py:540} INFO - Filling up the DagBag from /opt/airflow/dags/pakakumi_scraper.py
[2026-01-07T21:28:39.387+0000] {processor.py:840} INFO - DAG(s) 'pakakumi_scraper' retrieved from /opt/airflow/dags/pakakumi_scraper.py
[2026-01-07T21:28:39.428+0000] {logging_mixin.py:188} INFO - [2026-01-07T21:28:39.428+0000] {dag.py:3096} INFO - Sync 1 DAGs
[2026-01-07T21:28:39.462+0000] {logging_mixin.py:188} INFO - [2026-01-07T21:28:39.461+0000] {dag.py:3954} INFO - Setting next_dagrun for pakakumi_scraper to 2026-01-07 21:00:00+00:00, run_after=2026-01-07 22:00:00+00:00
[2026-01-07T21:28:39.490+0000] {processor.py:183} INFO - Processing /opt/airflow/dags/pakakumi_scraper.py took 0.145 seconds
[2026-01-07T21:29:09.593+0000] {processor.py:161} INFO - Started process (PID=1091) to work on /opt/airflow/dags/pakakumi_scraper.py
[2026-01-07T21:29:09.594+0000] {processor.py:830} INFO - Processing file /opt/airflow/dags/pakakumi_scraper.py for tasks to queue
[2026-01-07T21:29:09.597+0000] {logging_mixin.py:188} INFO - [2026-01-07T21:29:09.596+0000] {dagbag.py:540} INFO - Filling up the DagBag from /opt/airflow/dags/pakakumi_scraper.py
[2026-01-07T21:29:09.626+0000] {processor.py:840} INFO - DAG(s) 'pakakumi_scraper' retrieved from /opt/airflow/dags/pakakumi_scraper.py
[2026-01-07T21:29:09.673+0000] {logging_mixin.py:188} INFO - [2026-01-07T21:29:09.672+0000] {dag.py:3096} INFO - Sync 1 DAGs
[2026-01-07T21:29:09.717+0000] {logging_mixin.py:188} INFO - [2026-01-07T21:29:09.717+0000] {dag.py:3954} INFO - Setting next_dagrun for pakakumi_scraper to 2026-01-07 21:00:00+00:00, run_after=2026-01-07 22:00:00+00:00
[2026-01-07T21:29:09.747+0000] {processor.py:183} INFO - Processing /opt/airflow/dags/pakakumi_scraper.py took 0.164 seconds
[2026-01-07T21:29:39.952+0000] {processor.py:161} INFO - Started process (PID=1096) to work on /opt/airflow/dags/pakakumi_scraper.py
[2026-01-07T21:29:39.953+0000] {processor.py:830} INFO - Processing file /opt/airflow/dags/pakakumi_scraper.py for tasks to queue
[2026-01-07T21:29:39.956+0000] {logging_mixin.py:188} INFO - [2026-01-07T21:29:39.955+0000] {dagbag.py:540} INFO - Filling up the DagBag from /opt/airflow/dags/pakakumi_scraper.py
[2026-01-07T21:29:39.982+0000] {processor.py:840} INFO - DAG(s) 'pakakumi_scraper' retrieved from /opt/airflow/dags/pakakumi_scraper.py
[2026-01-07T21:29:40.024+0000] {logging_mixin.py:188} INFO - [2026-01-07T21:29:40.024+0000] {dag.py:3096} INFO - Sync 1 DAGs
[2026-01-07T21:29:40.061+0000] {logging_mixin.py:188} INFO - [2026-01-07T21:29:40.061+0000] {dag.py:3954} INFO - Setting next_dagrun for pakakumi_scraper to 2026-01-07 21:00:00+00:00, run_after=2026-01-07 22:00:00+00:00
[2026-01-07T21:29:40.086+0000] {processor.py:183} INFO - Processing /opt/airflow/dags/pakakumi_scraper.py took 0.143 seconds
[2026-01-07T21:30:10.172+0000] {processor.py:161} INFO - Started process (PID=1101) to work on /opt/airflow/dags/pakakumi_scraper.py
[2026-01-07T21:30:10.174+0000] {processor.py:830} INFO - Processing file /opt/airflow/dags/pakakumi_scraper.py for tasks to queue
[2026-01-07T21:30:10.177+0000] {logging_mixin.py:188} INFO - [2026-01-07T21:30:10.176+0000] {dagbag.py:540} INFO - Filling up the DagBag from /opt/airflow/dags/pakakumi_scraper.py
[2026-01-07T21:30:10.208+0000] {processor.py:840} INFO - DAG(s) 'pakakumi_scraper' retrieved from /opt/airflow/dags/pakakumi_scraper.py
[2026-01-07T21:30:10.260+0000] {logging_mixin.py:188} INFO - [2026-01-07T21:30:10.260+0000] {dag.py:3096} INFO - Sync 1 DAGs
[2026-01-07T21:30:10.301+0000] {logging_mixin.py:188} INFO - [2026-01-07T21:30:10.301+0000] {dag.py:3954} INFO - Setting next_dagrun for pakakumi_scraper to 2026-01-07 21:00:00+00:00, run_after=2026-01-07 22:00:00+00:00
[2026-01-07T21:30:10.328+0000] {processor.py:183} INFO - Processing /opt/airflow/dags/pakakumi_scraper.py took 0.166 seconds
[2026-01-07T21:30:40.584+0000] {processor.py:161} INFO - Started process (PID=1106) to work on /opt/airflow/dags/pakakumi_scraper.py
[2026-01-07T21:30:40.586+0000] {processor.py:830} INFO - Processing file /opt/airflow/dags/pakakumi_scraper.py for tasks to queue
[2026-01-07T21:30:40.589+0000] {logging_mixin.py:188} INFO - [2026-01-07T21:30:40.588+0000] {dagbag.py:540} INFO - Filling up the DagBag from /opt/airflow/dags/pakakumi_scraper.py
[2026-01-07T21:30:40.619+0000] {processor.py:840} INFO - DAG(s) 'pakakumi_scraper' retrieved from /opt/airflow/dags/pakakumi_scraper.py
[2026-01-07T21:30:40.659+0000] {logging_mixin.py:188} INFO - [2026-01-07T21:30:40.659+0000] {dag.py:3096} INFO - Sync 1 DAGs
[2026-01-07T21:30:40.693+0000] {logging_mixin.py:188} INFO - [2026-01-07T21:30:40.693+0000] {dag.py:3954} INFO - Setting next_dagrun for pakakumi_scraper to 2026-01-07 21:00:00+00:00, run_after=2026-01-07 22:00:00+00:00
[2026-01-07T21:30:40.716+0000] {processor.py:183} INFO - Processing /opt/airflow/dags/pakakumi_scraper.py took 0.144 seconds
[2026-01-07T21:31:10.871+0000] {processor.py:161} INFO - Started process (PID=1111) to work on /opt/airflow/dags/pakakumi_scraper.py
[2026-01-07T21:31:10.873+0000] {processor.py:830} INFO - Processing file /opt/airflow/dags/pakakumi_scraper.py for tasks to queue
[2026-01-07T21:31:10.878+0000] {logging_mixin.py:188} INFO - [2026-01-07T21:31:10.877+0000] {dagbag.py:540} INFO - Filling up the DagBag from /opt/airflow/dags/pakakumi_scraper.py
[2026-01-07T21:31:10.916+0000] {processor.py:840} INFO - DAG(s) 'pakakumi_scraper' retrieved from /opt/airflow/dags/pakakumi_scraper.py
[2026-01-07T21:31:10.961+0000] {logging_mixin.py:188} INFO - [2026-01-07T21:31:10.960+0000] {dag.py:3096} INFO - Sync 1 DAGs
[2026-01-07T21:31:10.997+0000] {logging_mixin.py:188} INFO - [2026-01-07T21:31:10.997+0000] {dag.py:3954} INFO - Setting next_dagrun for pakakumi_scraper to 2026-01-07 21:00:00+00:00, run_after=2026-01-07 22:00:00+00:00
[2026-01-07T21:31:11.026+0000] {processor.py:183} INFO - Processing /opt/airflow/dags/pakakumi_scraper.py took 0.172 seconds
[2026-01-07T21:31:41.175+0000] {processor.py:161} INFO - Started process (PID=1116) to work on /opt/airflow/dags/pakakumi_scraper.py
[2026-01-07T21:31:41.177+0000] {processor.py:830} INFO - Processing file /opt/airflow/dags/pakakumi_scraper.py for tasks to queue
[2026-01-07T21:31:41.180+0000] {logging_mixin.py:188} INFO - [2026-01-07T21:31:41.179+0000] {dagbag.py:540} INFO - Filling up the DagBag from /opt/airflow/dags/pakakumi_scraper.py
[2026-01-07T21:31:41.207+0000] {processor.py:840} INFO - DAG(s) 'pakakumi_scraper' retrieved from /opt/airflow/dags/pakakumi_scraper.py
[2026-01-07T21:31:41.248+0000] {logging_mixin.py:188} INFO - [2026-01-07T21:31:41.247+0000] {dag.py:3096} INFO - Sync 1 DAGs
[2026-01-07T21:31:41.290+0000] {logging_mixin.py:188} INFO - [2026-01-07T21:31:41.289+0000] {dag.py:3954} INFO - Setting next_dagrun for pakakumi_scraper to 2026-01-07 21:00:00+00:00, run_after=2026-01-07 22:00:00+00:00
[2026-01-07T21:31:41.323+0000] {processor.py:183} INFO - Processing /opt/airflow/dags/pakakumi_scraper.py took 0.158 seconds
[2026-01-07T21:32:11.467+0000] {processor.py:161} INFO - Started process (PID=1121) to work on /opt/airflow/dags/pakakumi_scraper.py
[2026-01-07T21:32:11.469+0000] {processor.py:830} INFO - Processing file /opt/airflow/dags/pakakumi_scraper.py for tasks to queue
[2026-01-07T21:32:11.471+0000] {logging_mixin.py:188} INFO - [2026-01-07T21:32:11.471+0000] {dagbag.py:540} INFO - Filling up the DagBag from /opt/airflow/dags/pakakumi_scraper.py
[2026-01-07T21:32:11.498+0000] {processor.py:840} INFO - DAG(s) 'pakakumi_scraper' retrieved from /opt/airflow/dags/pakakumi_scraper.py
[2026-01-07T21:32:11.542+0000] {logging_mixin.py:188} INFO - [2026-01-07T21:32:11.542+0000] {dag.py:3096} INFO - Sync 1 DAGs
[2026-01-07T21:32:11.584+0000] {logging_mixin.py:188} INFO - [2026-01-07T21:32:11.583+0000] {dag.py:3954} INFO - Setting next_dagrun for pakakumi_scraper to 2026-01-07 21:00:00+00:00, run_after=2026-01-07 22:00:00+00:00
[2026-01-07T21:32:11.613+0000] {processor.py:183} INFO - Processing /opt/airflow/dags/pakakumi_scraper.py took 0.155 seconds
[2026-01-07T21:32:41.743+0000] {processor.py:161} INFO - Started process (PID=1126) to work on /opt/airflow/dags/pakakumi_scraper.py
[2026-01-07T21:32:41.745+0000] {processor.py:830} INFO - Processing file /opt/airflow/dags/pakakumi_scraper.py for tasks to queue
[2026-01-07T21:32:41.748+0000] {logging_mixin.py:188} INFO - [2026-01-07T21:32:41.747+0000] {dagbag.py:540} INFO - Filling up the DagBag from /opt/airflow/dags/pakakumi_scraper.py
[2026-01-07T21:32:41.778+0000] {processor.py:840} INFO - DAG(s) 'pakakumi_scraper' retrieved from /opt/airflow/dags/pakakumi_scraper.py
[2026-01-07T21:32:41.827+0000] {logging_mixin.py:188} INFO - [2026-01-07T21:32:41.826+0000] {dag.py:3096} INFO - Sync 1 DAGs
[2026-01-07T21:32:41.865+0000] {logging_mixin.py:188} INFO - [2026-01-07T21:32:41.864+0000] {dag.py:3954} INFO - Setting next_dagrun for pakakumi_scraper to 2026-01-07 21:00:00+00:00, run_after=2026-01-07 22:00:00+00:00
[2026-01-07T21:32:41.897+0000] {processor.py:183} INFO - Processing /opt/airflow/dags/pakakumi_scraper.py took 0.164 seconds
[2026-01-07T21:33:12.062+0000] {processor.py:161} INFO - Started process (PID=1131) to work on /opt/airflow/dags/pakakumi_scraper.py
[2026-01-07T21:33:12.063+0000] {processor.py:830} INFO - Processing file /opt/airflow/dags/pakakumi_scraper.py for tasks to queue
[2026-01-07T21:33:12.067+0000] {logging_mixin.py:188} INFO - [2026-01-07T21:33:12.066+0000] {dagbag.py:540} INFO - Filling up the DagBag from /opt/airflow/dags/pakakumi_scraper.py
[2026-01-07T21:33:12.100+0000] {processor.py:840} INFO - DAG(s) 'pakakumi_scraper' retrieved from /opt/airflow/dags/pakakumi_scraper.py
[2026-01-07T21:33:12.150+0000] {logging_mixin.py:188} INFO - [2026-01-07T21:33:12.150+0000] {dag.py:3096} INFO - Sync 1 DAGs
[2026-01-07T21:33:12.187+0000] {logging_mixin.py:188} INFO - [2026-01-07T21:33:12.187+0000] {dag.py:3954} INFO - Setting next_dagrun for pakakumi_scraper to 2026-01-07 21:00:00+00:00, run_after=2026-01-07 22:00:00+00:00
[2026-01-07T21:33:12.216+0000] {processor.py:183} INFO - Processing /opt/airflow/dags/pakakumi_scraper.py took 0.166 seconds
[2026-01-07T21:33:42.409+0000] {processor.py:161} INFO - Started process (PID=1136) to work on /opt/airflow/dags/pakakumi_scraper.py
[2026-01-07T21:33:42.411+0000] {processor.py:830} INFO - Processing file /opt/airflow/dags/pakakumi_scraper.py for tasks to queue
[2026-01-07T21:33:42.416+0000] {logging_mixin.py:188} INFO - [2026-01-07T21:33:42.415+0000] {dagbag.py:540} INFO - Filling up the DagBag from /opt/airflow/dags/pakakumi_scraper.py
[2026-01-07T21:33:42.448+0000] {processor.py:840} INFO - DAG(s) 'pakakumi_scraper' retrieved from /opt/airflow/dags/pakakumi_scraper.py
[2026-01-07T21:33:42.496+0000] {logging_mixin.py:188} INFO - [2026-01-07T21:33:42.495+0000] {dag.py:3096} INFO - Sync 1 DAGs
[2026-01-07T21:33:42.535+0000] {logging_mixin.py:188} INFO - [2026-01-07T21:33:42.535+0000] {dag.py:3954} INFO - Setting next_dagrun for pakakumi_scraper to 2026-01-07 21:00:00+00:00, run_after=2026-01-07 22:00:00+00:00
[2026-01-07T21:33:42.560+0000] {processor.py:183} INFO - Processing /opt/airflow/dags/pakakumi_scraper.py took 0.166 seconds
[2026-01-07T21:34:12.722+0000] {processor.py:161} INFO - Started process (PID=1141) to work on /opt/airflow/dags/pakakumi_scraper.py
[2026-01-07T21:34:12.724+0000] {processor.py:830} INFO - Processing file /opt/airflow/dags/pakakumi_scraper.py for tasks to queue
[2026-01-07T21:34:12.729+0000] {logging_mixin.py:188} INFO - [2026-01-07T21:34:12.728+0000] {dagbag.py:540} INFO - Filling up the DagBag from /opt/airflow/dags/pakakumi_scraper.py
[2026-01-07T21:34:12.758+0000] {processor.py:840} INFO - DAG(s) 'pakakumi_scraper' retrieved from /opt/airflow/dags/pakakumi_scraper.py
[2026-01-07T21:34:12.811+0000] {logging_mixin.py:188} INFO - [2026-01-07T21:34:12.811+0000] {dag.py:3096} INFO - Sync 1 DAGs
[2026-01-07T21:34:12.853+0000] {logging_mixin.py:188} INFO - [2026-01-07T21:34:12.852+0000] {dag.py:3954} INFO - Setting next_dagrun for pakakumi_scraper to 2026-01-07 21:00:00+00:00, run_after=2026-01-07 22:00:00+00:00
[2026-01-07T21:34:12.888+0000] {processor.py:183} INFO - Processing /opt/airflow/dags/pakakumi_scraper.py took 0.175 seconds
[2026-01-07T21:34:43.006+0000] {processor.py:161} INFO - Started process (PID=1146) to work on /opt/airflow/dags/pakakumi_scraper.py
[2026-01-07T21:34:43.008+0000] {processor.py:830} INFO - Processing file /opt/airflow/dags/pakakumi_scraper.py for tasks to queue
[2026-01-07T21:34:43.011+0000] {logging_mixin.py:188} INFO - [2026-01-07T21:34:43.011+0000] {dagbag.py:540} INFO - Filling up the DagBag from /opt/airflow/dags/pakakumi_scraper.py
[2026-01-07T21:34:43.040+0000] {processor.py:840} INFO - DAG(s) 'pakakumi_scraper' retrieved from /opt/airflow/dags/pakakumi_scraper.py
[2026-01-07T21:34:43.085+0000] {logging_mixin.py:188} INFO - [2026-01-07T21:34:43.085+0000] {dag.py:3096} INFO - Sync 1 DAGs
[2026-01-07T21:34:43.148+0000] {logging_mixin.py:188} INFO - [2026-01-07T21:34:43.147+0000] {dag.py:3954} INFO - Setting next_dagrun for pakakumi_scraper to 2026-01-07 21:00:00+00:00, run_after=2026-01-07 22:00:00+00:00
[2026-01-07T21:34:43.189+0000] {processor.py:183} INFO - Processing /opt/airflow/dags/pakakumi_scraper.py took 0.193 seconds
[2026-01-07T21:35:13.328+0000] {processor.py:161} INFO - Started process (PID=1151) to work on /opt/airflow/dags/pakakumi_scraper.py
[2026-01-07T21:35:13.330+0000] {processor.py:830} INFO - Processing file /opt/airflow/dags/pakakumi_scraper.py for tasks to queue
[2026-01-07T21:35:13.333+0000] {logging_mixin.py:188} INFO - [2026-01-07T21:35:13.332+0000] {dagbag.py:540} INFO - Filling up the DagBag from /opt/airflow/dags/pakakumi_scraper.py
[2026-01-07T21:35:13.362+0000] {processor.py:840} INFO - DAG(s) 'pakakumi_scraper' retrieved from /opt/airflow/dags/pakakumi_scraper.py
[2026-01-07T21:35:13.425+0000] {logging_mixin.py:188} INFO - [2026-01-07T21:35:13.425+0000] {dag.py:3096} INFO - Sync 1 DAGs
[2026-01-07T21:35:13.475+0000] {logging_mixin.py:188} INFO - [2026-01-07T21:35:13.474+0000] {dag.py:3954} INFO - Setting next_dagrun for pakakumi_scraper to 2026-01-07 21:00:00+00:00, run_after=2026-01-07 22:00:00+00:00
[2026-01-07T21:35:13.501+0000] {processor.py:183} INFO - Processing /opt/airflow/dags/pakakumi_scraper.py took 0.183 seconds
[2026-01-07T21:35:43.663+0000] {processor.py:161} INFO - Started process (PID=1156) to work on /opt/airflow/dags/pakakumi_scraper.py
[2026-01-07T21:35:43.665+0000] {processor.py:830} INFO - Processing file /opt/airflow/dags/pakakumi_scraper.py for tasks to queue
[2026-01-07T21:35:43.667+0000] {logging_mixin.py:188} INFO - [2026-01-07T21:35:43.667+0000] {dagbag.py:540} INFO - Filling up the DagBag from /opt/airflow/dags/pakakumi_scraper.py
[2026-01-07T21:35:43.695+0000] {processor.py:840} INFO - DAG(s) 'pakakumi_scraper' retrieved from /opt/airflow/dags/pakakumi_scraper.py
[2026-01-07T21:35:43.738+0000] {logging_mixin.py:188} INFO - [2026-01-07T21:35:43.737+0000] {dag.py:3096} INFO - Sync 1 DAGs
[2026-01-07T21:35:43.772+0000] {logging_mixin.py:188} INFO - [2026-01-07T21:35:43.772+0000] {dag.py:3954} INFO - Setting next_dagrun for pakakumi_scraper to 2026-01-07 21:00:00+00:00, run_after=2026-01-07 22:00:00+00:00
[2026-01-07T21:35:43.799+0000] {processor.py:183} INFO - Processing /opt/airflow/dags/pakakumi_scraper.py took 0.146 seconds
[2026-01-07T21:36:14.007+0000] {processor.py:161} INFO - Started process (PID=1161) to work on /opt/airflow/dags/pakakumi_scraper.py
[2026-01-07T21:36:14.008+0000] {processor.py:830} INFO - Processing file /opt/airflow/dags/pakakumi_scraper.py for tasks to queue
[2026-01-07T21:36:14.011+0000] {logging_mixin.py:188} INFO - [2026-01-07T21:36:14.011+0000] {dagbag.py:540} INFO - Filling up the DagBag from /opt/airflow/dags/pakakumi_scraper.py
[2026-01-07T21:36:14.039+0000] {processor.py:840} INFO - DAG(s) 'pakakumi_scraper' retrieved from /opt/airflow/dags/pakakumi_scraper.py
[2026-01-07T21:36:14.081+0000] {logging_mixin.py:188} INFO - [2026-01-07T21:36:14.081+0000] {dag.py:3096} INFO - Sync 1 DAGs
[2026-01-07T21:36:14.115+0000] {logging_mixin.py:188} INFO - [2026-01-07T21:36:14.115+0000] {dag.py:3954} INFO - Setting next_dagrun for pakakumi_scraper to 2026-01-07 21:00:00+00:00, run_after=2026-01-07 22:00:00+00:00
[2026-01-07T21:36:14.142+0000] {processor.py:183} INFO - Processing /opt/airflow/dags/pakakumi_scraper.py took 0.144 seconds
[2026-01-07T21:36:44.271+0000] {processor.py:161} INFO - Started process (PID=1166) to work on /opt/airflow/dags/pakakumi_scraper.py
[2026-01-07T21:36:44.273+0000] {processor.py:830} INFO - Processing file /opt/airflow/dags/pakakumi_scraper.py for tasks to queue
[2026-01-07T21:36:44.276+0000] {logging_mixin.py:188} INFO - [2026-01-07T21:36:44.276+0000] {dagbag.py:540} INFO - Filling up the DagBag from /opt/airflow/dags/pakakumi_scraper.py
[2026-01-07T21:36:44.307+0000] {processor.py:840} INFO - DAG(s) 'pakakumi_scraper' retrieved from /opt/airflow/dags/pakakumi_scraper.py
[2026-01-07T21:36:44.351+0000] {logging_mixin.py:188} INFO - [2026-01-07T21:36:44.351+0000] {dag.py:3096} INFO - Sync 1 DAGs
[2026-01-07T21:36:44.385+0000] {logging_mixin.py:188} INFO - [2026-01-07T21:36:44.385+0000] {dag.py:3954} INFO - Setting next_dagrun for pakakumi_scraper to 2026-01-07 21:00:00+00:00, run_after=2026-01-07 22:00:00+00:00
[2026-01-07T21:36:44.412+0000] {processor.py:183} INFO - Processing /opt/airflow/dags/pakakumi_scraper.py took 0.154 seconds
[2026-01-07T21:37:14.670+0000] {processor.py:161} INFO - Started process (PID=1171) to work on /opt/airflow/dags/pakakumi_scraper.py
[2026-01-07T21:37:14.673+0000] {processor.py:830} INFO - Processing file /opt/airflow/dags/pakakumi_scraper.py for tasks to queue
[2026-01-07T21:37:14.678+0000] {logging_mixin.py:188} INFO - [2026-01-07T21:37:14.677+0000] {dagbag.py:540} INFO - Filling up the DagBag from /opt/airflow/dags/pakakumi_scraper.py
[2026-01-07T21:37:14.712+0000] {processor.py:840} INFO - DAG(s) 'pakakumi_scraper' retrieved from /opt/airflow/dags/pakakumi_scraper.py
[2026-01-07T21:37:14.760+0000] {logging_mixin.py:188} INFO - [2026-01-07T21:37:14.760+0000] {dag.py:3096} INFO - Sync 1 DAGs
[2026-01-07T21:37:14.800+0000] {logging_mixin.py:188} INFO - [2026-01-07T21:37:14.799+0000] {dag.py:3954} INFO - Setting next_dagrun for pakakumi_scraper to 2026-01-07 21:00:00+00:00, run_after=2026-01-07 22:00:00+00:00
[2026-01-07T21:37:14.828+0000] {processor.py:183} INFO - Processing /opt/airflow/dags/pakakumi_scraper.py took 0.172 seconds
[2026-01-07T21:37:44.899+0000] {processor.py:161} INFO - Started process (PID=1176) to work on /opt/airflow/dags/pakakumi_scraper.py
[2026-01-07T21:37:44.901+0000] {processor.py:830} INFO - Processing file /opt/airflow/dags/pakakumi_scraper.py for tasks to queue
[2026-01-07T21:37:44.905+0000] {logging_mixin.py:188} INFO - [2026-01-07T21:37:44.904+0000] {dagbag.py:540} INFO - Filling up the DagBag from /opt/airflow/dags/pakakumi_scraper.py
[2026-01-07T21:37:44.932+0000] {processor.py:840} INFO - DAG(s) 'pakakumi_scraper' retrieved from /opt/airflow/dags/pakakumi_scraper.py
[2026-01-07T21:37:44.977+0000] {logging_mixin.py:188} INFO - [2026-01-07T21:37:44.977+0000] {dag.py:3096} INFO - Sync 1 DAGs
[2026-01-07T21:37:45.013+0000] {logging_mixin.py:188} INFO - [2026-01-07T21:37:45.013+0000] {dag.py:3954} INFO - Setting next_dagrun for pakakumi_scraper to 2026-01-07 21:00:00+00:00, run_after=2026-01-07 22:00:00+00:00
[2026-01-07T21:37:45.040+0000] {processor.py:183} INFO - Processing /opt/airflow/dags/pakakumi_scraper.py took 0.154 seconds
[2026-01-07T21:38:15.292+0000] {processor.py:161} INFO - Started process (PID=1181) to work on /opt/airflow/dags/pakakumi_scraper.py
[2026-01-07T21:38:15.293+0000] {processor.py:830} INFO - Processing file /opt/airflow/dags/pakakumi_scraper.py for tasks to queue
[2026-01-07T21:38:15.296+0000] {logging_mixin.py:188} INFO - [2026-01-07T21:38:15.296+0000] {dagbag.py:540} INFO - Filling up the DagBag from /opt/airflow/dags/pakakumi_scraper.py
[2026-01-07T21:38:15.323+0000] {processor.py:840} INFO - DAG(s) 'pakakumi_scraper' retrieved from /opt/airflow/dags/pakakumi_scraper.py
[2026-01-07T21:38:15.363+0000] {logging_mixin.py:188} INFO - [2026-01-07T21:38:15.363+0000] {dag.py:3096} INFO - Sync 1 DAGs
[2026-01-07T21:38:15.396+0000] {logging_mixin.py:188} INFO - [2026-01-07T21:38:15.396+0000] {dag.py:3954} INFO - Setting next_dagrun for pakakumi_scraper to 2026-01-07 21:00:00+00:00, run_after=2026-01-07 22:00:00+00:00
[2026-01-07T21:38:15.423+0000] {processor.py:183} INFO - Processing /opt/airflow/dags/pakakumi_scraper.py took 0.141 seconds
[2026-01-07T21:38:45.538+0000] {processor.py:161} INFO - Started process (PID=1186) to work on /opt/airflow/dags/pakakumi_scraper.py
[2026-01-07T21:38:45.540+0000] {processor.py:830} INFO - Processing file /opt/airflow/dags/pakakumi_scraper.py for tasks to queue
[2026-01-07T21:38:45.544+0000] {logging_mixin.py:188} INFO - [2026-01-07T21:38:45.543+0000] {dagbag.py:540} INFO - Filling up the DagBag from /opt/airflow/dags/pakakumi_scraper.py
[2026-01-07T21:38:45.578+0000] {processor.py:840} INFO - DAG(s) 'pakakumi_scraper' retrieved from /opt/airflow/dags/pakakumi_scraper.py
[2026-01-07T21:38:45.629+0000] {logging_mixin.py:188} INFO - [2026-01-07T21:38:45.629+0000] {dag.py:3096} INFO - Sync 1 DAGs
[2026-01-07T21:38:45.665+0000] {logging_mixin.py:188} INFO - [2026-01-07T21:38:45.665+0000] {dag.py:3954} INFO - Setting next_dagrun for pakakumi_scraper to 2026-01-07 21:00:00+00:00, run_after=2026-01-07 22:00:00+00:00
[2026-01-07T21:38:45.689+0000] {processor.py:183} INFO - Processing /opt/airflow/dags/pakakumi_scraper.py took 0.161 seconds
[2026-01-07T21:39:15.868+0000] {processor.py:161} INFO - Started process (PID=1191) to work on /opt/airflow/dags/pakakumi_scraper.py
[2026-01-07T21:39:15.869+0000] {processor.py:830} INFO - Processing file /opt/airflow/dags/pakakumi_scraper.py for tasks to queue
[2026-01-07T21:39:15.873+0000] {logging_mixin.py:188} INFO - [2026-01-07T21:39:15.872+0000] {dagbag.py:540} INFO - Filling up the DagBag from /opt/airflow/dags/pakakumi_scraper.py
[2026-01-07T21:39:15.900+0000] {processor.py:840} INFO - DAG(s) 'pakakumi_scraper' retrieved from /opt/airflow/dags/pakakumi_scraper.py
[2026-01-07T21:39:15.949+0000] {logging_mixin.py:188} INFO - [2026-01-07T21:39:15.949+0000] {dag.py:3096} INFO - Sync 1 DAGs
[2026-01-07T21:39:15.987+0000] {logging_mixin.py:188} INFO - [2026-01-07T21:39:15.987+0000] {dag.py:3954} INFO - Setting next_dagrun for pakakumi_scraper to 2026-01-07 21:00:00+00:00, run_after=2026-01-07 22:00:00+00:00
[2026-01-07T21:39:16.016+0000] {processor.py:183} INFO - Processing /opt/airflow/dags/pakakumi_scraper.py took 0.159 seconds
[2026-01-07T21:39:46.147+0000] {processor.py:161} INFO - Started process (PID=1196) to work on /opt/airflow/dags/pakakumi_scraper.py
[2026-01-07T21:39:46.149+0000] {processor.py:830} INFO - Processing file /opt/airflow/dags/pakakumi_scraper.py for tasks to queue
[2026-01-07T21:39:46.151+0000] {logging_mixin.py:188} INFO - [2026-01-07T21:39:46.151+0000] {dagbag.py:540} INFO - Filling up the DagBag from /opt/airflow/dags/pakakumi_scraper.py
[2026-01-07T21:39:46.181+0000] {processor.py:840} INFO - DAG(s) 'pakakumi_scraper' retrieved from /opt/airflow/dags/pakakumi_scraper.py
[2026-01-07T21:39:46.228+0000] {logging_mixin.py:188} INFO - [2026-01-07T21:39:46.228+0000] {dag.py:3096} INFO - Sync 1 DAGs
[2026-01-07T21:39:46.266+0000] {logging_mixin.py:188} INFO - [2026-01-07T21:39:46.266+0000] {dag.py:3954} INFO - Setting next_dagrun for pakakumi_scraper to 2026-01-07 21:00:00+00:00, run_after=2026-01-07 22:00:00+00:00
[2026-01-07T21:39:46.294+0000] {processor.py:183} INFO - Processing /opt/airflow/dags/pakakumi_scraper.py took 0.160 seconds
[2026-01-07T21:40:16.532+0000] {processor.py:161} INFO - Started process (PID=1201) to work on /opt/airflow/dags/pakakumi_scraper.py
[2026-01-07T21:40:16.534+0000] {processor.py:830} INFO - Processing file /opt/airflow/dags/pakakumi_scraper.py for tasks to queue
[2026-01-07T21:40:16.538+0000] {logging_mixin.py:188} INFO - [2026-01-07T21:40:16.537+0000] {dagbag.py:540} INFO - Filling up the DagBag from /opt/airflow/dags/pakakumi_scraper.py
[2026-01-07T21:40:16.564+0000] {processor.py:840} INFO - DAG(s) 'pakakumi_scraper' retrieved from /opt/airflow/dags/pakakumi_scraper.py
[2026-01-07T21:40:16.605+0000] {logging_mixin.py:188} INFO - [2026-01-07T21:40:16.605+0000] {dag.py:3096} INFO - Sync 1 DAGs
[2026-01-07T21:40:16.639+0000] {logging_mixin.py:188} INFO - [2026-01-07T21:40:16.638+0000] {dag.py:3954} INFO - Setting next_dagrun for pakakumi_scraper to 2026-01-07 21:00:00+00:00, run_after=2026-01-07 22:00:00+00:00
[2026-01-07T21:40:16.665+0000] {processor.py:183} INFO - Processing /opt/airflow/dags/pakakumi_scraper.py took 0.143 seconds
[2026-01-07T21:40:46.754+0000] {processor.py:161} INFO - Started process (PID=1206) to work on /opt/airflow/dags/pakakumi_scraper.py
[2026-01-07T21:40:46.755+0000] {processor.py:830} INFO - Processing file /opt/airflow/dags/pakakumi_scraper.py for tasks to queue
[2026-01-07T21:40:46.758+0000] {logging_mixin.py:188} INFO - [2026-01-07T21:40:46.757+0000] {dagbag.py:540} INFO - Filling up the DagBag from /opt/airflow/dags/pakakumi_scraper.py
[2026-01-07T21:40:46.788+0000] {processor.py:840} INFO - DAG(s) 'pakakumi_scraper' retrieved from /opt/airflow/dags/pakakumi_scraper.py
[2026-01-07T21:40:46.834+0000] {logging_mixin.py:188} INFO - [2026-01-07T21:40:46.833+0000] {dag.py:3096} INFO - Sync 1 DAGs
[2026-01-07T21:40:46.872+0000] {logging_mixin.py:188} INFO - [2026-01-07T21:40:46.872+0000] {dag.py:3954} INFO - Setting next_dagrun for pakakumi_scraper to 2026-01-07 21:00:00+00:00, run_after=2026-01-07 22:00:00+00:00
[2026-01-07T21:40:46.902+0000] {processor.py:183} INFO - Processing /opt/airflow/dags/pakakumi_scraper.py took 0.159 seconds
[2026-01-07T21:41:17.108+0000] {processor.py:161} INFO - Started process (PID=1211) to work on /opt/airflow/dags/pakakumi_scraper.py
[2026-01-07T21:41:17.111+0000] {processor.py:830} INFO - Processing file /opt/airflow/dags/pakakumi_scraper.py for tasks to queue
[2026-01-07T21:41:17.115+0000] {logging_mixin.py:188} INFO - [2026-01-07T21:41:17.114+0000] {dagbag.py:540} INFO - Filling up the DagBag from /opt/airflow/dags/pakakumi_scraper.py
[2026-01-07T21:41:17.146+0000] {processor.py:840} INFO - DAG(s) 'pakakumi_scraper' retrieved from /opt/airflow/dags/pakakumi_scraper.py
[2026-01-07T21:41:17.187+0000] {logging_mixin.py:188} INFO - [2026-01-07T21:41:17.186+0000] {dag.py:3096} INFO - Sync 1 DAGs
[2026-01-07T21:41:17.219+0000] {logging_mixin.py:188} INFO - [2026-01-07T21:41:17.219+0000] {dag.py:3954} INFO - Setting next_dagrun for pakakumi_scraper to 2026-01-07 21:00:00+00:00, run_after=2026-01-07 22:00:00+00:00
[2026-01-07T21:41:17.248+0000] {processor.py:183} INFO - Processing /opt/airflow/dags/pakakumi_scraper.py took 0.151 seconds
[2026-01-07T21:41:47.388+0000] {processor.py:161} INFO - Started process (PID=1216) to work on /opt/airflow/dags/pakakumi_scraper.py
[2026-01-07T21:41:47.390+0000] {processor.py:830} INFO - Processing file /opt/airflow/dags/pakakumi_scraper.py for tasks to queue
[2026-01-07T21:41:47.393+0000] {logging_mixin.py:188} INFO - [2026-01-07T21:41:47.393+0000] {dagbag.py:540} INFO - Filling up the DagBag from /opt/airflow/dags/pakakumi_scraper.py
[2026-01-07T21:41:47.422+0000] {processor.py:840} INFO - DAG(s) 'pakakumi_scraper' retrieved from /opt/airflow/dags/pakakumi_scraper.py
[2026-01-07T21:41:47.464+0000] {logging_mixin.py:188} INFO - [2026-01-07T21:41:47.463+0000] {dag.py:3096} INFO - Sync 1 DAGs
[2026-01-07T21:41:47.498+0000] {logging_mixin.py:188} INFO - [2026-01-07T21:41:47.498+0000] {dag.py:3954} INFO - Setting next_dagrun for pakakumi_scraper to 2026-01-07 21:00:00+00:00, run_after=2026-01-07 22:00:00+00:00
[2026-01-07T21:41:47.522+0000] {processor.py:183} INFO - Processing /opt/airflow/dags/pakakumi_scraper.py took 0.146 seconds
[2026-01-07T21:42:17.755+0000] {processor.py:161} INFO - Started process (PID=1221) to work on /opt/airflow/dags/pakakumi_scraper.py
[2026-01-07T21:42:17.757+0000] {processor.py:830} INFO - Processing file /opt/airflow/dags/pakakumi_scraper.py for tasks to queue
[2026-01-07T21:42:17.760+0000] {logging_mixin.py:188} INFO - [2026-01-07T21:42:17.759+0000] {dagbag.py:540} INFO - Filling up the DagBag from /opt/airflow/dags/pakakumi_scraper.py
[2026-01-07T21:42:17.792+0000] {processor.py:840} INFO - DAG(s) 'pakakumi_scraper' retrieved from /opt/airflow/dags/pakakumi_scraper.py
[2026-01-07T21:42:17.839+0000] {logging_mixin.py:188} INFO - [2026-01-07T21:42:17.838+0000] {dag.py:3096} INFO - Sync 1 DAGs
[2026-01-07T21:42:17.880+0000] {logging_mixin.py:188} INFO - [2026-01-07T21:42:17.880+0000] {dag.py:3954} INFO - Setting next_dagrun for pakakumi_scraper to 2026-01-07 21:00:00+00:00, run_after=2026-01-07 22:00:00+00:00
[2026-01-07T21:42:17.912+0000] {processor.py:183} INFO - Processing /opt/airflow/dags/pakakumi_scraper.py took 0.167 seconds
[2026-01-07T21:42:48.055+0000] {processor.py:161} INFO - Started process (PID=1226) to work on /opt/airflow/dags/pakakumi_scraper.py
[2026-01-07T21:42:48.057+0000] {processor.py:830} INFO - Processing file /opt/airflow/dags/pakakumi_scraper.py for tasks to queue
[2026-01-07T21:42:48.061+0000] {logging_mixin.py:188} INFO - [2026-01-07T21:42:48.060+0000] {dagbag.py:540} INFO - Filling up the DagBag from /opt/airflow/dags/pakakumi_scraper.py
[2026-01-07T21:42:48.092+0000] {processor.py:840} INFO - DAG(s) 'pakakumi_scraper' retrieved from /opt/airflow/dags/pakakumi_scraper.py
[2026-01-07T21:42:48.138+0000] {logging_mixin.py:188} INFO - [2026-01-07T21:42:48.137+0000] {dag.py:3096} INFO - Sync 1 DAGs
[2026-01-07T21:42:48.171+0000] {logging_mixin.py:188} INFO - [2026-01-07T21:42:48.171+0000] {dag.py:3954} INFO - Setting next_dagrun for pakakumi_scraper to 2026-01-07 21:00:00+00:00, run_after=2026-01-07 22:00:00+00:00
[2026-01-07T21:42:48.195+0000] {processor.py:183} INFO - Processing /opt/airflow/dags/pakakumi_scraper.py took 0.152 seconds
[2026-01-07T21:43:18.409+0000] {processor.py:161} INFO - Started process (PID=1231) to work on /opt/airflow/dags/pakakumi_scraper.py
[2026-01-07T21:43:18.411+0000] {processor.py:830} INFO - Processing file /opt/airflow/dags/pakakumi_scraper.py for tasks to queue
[2026-01-07T21:43:18.414+0000] {logging_mixin.py:188} INFO - [2026-01-07T21:43:18.414+0000] {dagbag.py:540} INFO - Filling up the DagBag from /opt/airflow/dags/pakakumi_scraper.py
[2026-01-07T21:43:18.439+0000] {processor.py:840} INFO - DAG(s) 'pakakumi_scraper' retrieved from /opt/airflow/dags/pakakumi_scraper.py
[2026-01-07T21:43:18.479+0000] {logging_mixin.py:188} INFO - [2026-01-07T21:43:18.478+0000] {dag.py:3096} INFO - Sync 1 DAGs
[2026-01-07T21:43:18.511+0000] {logging_mixin.py:188} INFO - [2026-01-07T21:43:18.511+0000] {dag.py:3954} INFO - Setting next_dagrun for pakakumi_scraper to 2026-01-07 21:00:00+00:00, run_after=2026-01-07 22:00:00+00:00
[2026-01-07T21:43:18.539+0000] {processor.py:183} INFO - Processing /opt/airflow/dags/pakakumi_scraper.py took 0.147 seconds
[2026-01-07T21:43:48.647+0000] {processor.py:161} INFO - Started process (PID=1236) to work on /opt/airflow/dags/pakakumi_scraper.py
[2026-01-07T21:43:48.648+0000] {processor.py:830} INFO - Processing file /opt/airflow/dags/pakakumi_scraper.py for tasks to queue
[2026-01-07T21:43:48.652+0000] {logging_mixin.py:188} INFO - [2026-01-07T21:43:48.651+0000] {dagbag.py:540} INFO - Filling up the DagBag from /opt/airflow/dags/pakakumi_scraper.py
[2026-01-07T21:43:48.677+0000] {processor.py:840} INFO - DAG(s) 'pakakumi_scraper' retrieved from /opt/airflow/dags/pakakumi_scraper.py
[2026-01-07T21:43:48.722+0000] {logging_mixin.py:188} INFO - [2026-01-07T21:43:48.721+0000] {dag.py:3096} INFO - Sync 1 DAGs
[2026-01-07T21:43:48.757+0000] {logging_mixin.py:188} INFO - [2026-01-07T21:43:48.756+0000] {dag.py:3954} INFO - Setting next_dagrun for pakakumi_scraper to 2026-01-07 21:00:00+00:00, run_after=2026-01-07 22:00:00+00:00
[2026-01-07T21:43:48.786+0000] {processor.py:183} INFO - Processing /opt/airflow/dags/pakakumi_scraper.py took 0.150 seconds
[2026-01-07T21:44:19.042+0000] {processor.py:161} INFO - Started process (PID=1241) to work on /opt/airflow/dags/pakakumi_scraper.py
[2026-01-07T21:44:19.044+0000] {processor.py:830} INFO - Processing file /opt/airflow/dags/pakakumi_scraper.py for tasks to queue
[2026-01-07T21:44:19.047+0000] {logging_mixin.py:188} INFO - [2026-01-07T21:44:19.046+0000] {dagbag.py:540} INFO - Filling up the DagBag from /opt/airflow/dags/pakakumi_scraper.py
[2026-01-07T21:44:19.079+0000] {processor.py:840} INFO - DAG(s) 'pakakumi_scraper' retrieved from /opt/airflow/dags/pakakumi_scraper.py
[2026-01-07T21:44:19.125+0000] {logging_mixin.py:188} INFO - [2026-01-07T21:44:19.125+0000] {dag.py:3096} INFO - Sync 1 DAGs
[2026-01-07T21:44:19.161+0000] {logging_mixin.py:188} INFO - [2026-01-07T21:44:19.161+0000] {dag.py:3954} INFO - Setting next_dagrun for pakakumi_scraper to 2026-01-07 21:00:00+00:00, run_after=2026-01-07 22:00:00+00:00
[2026-01-07T21:44:19.194+0000] {processor.py:183} INFO - Processing /opt/airflow/dags/pakakumi_scraper.py took 0.163 seconds
[2026-01-07T21:44:49.296+0000] {processor.py:161} INFO - Started process (PID=1246) to work on /opt/airflow/dags/pakakumi_scraper.py
[2026-01-07T21:44:49.297+0000] {processor.py:830} INFO - Processing file /opt/airflow/dags/pakakumi_scraper.py for tasks to queue
[2026-01-07T21:44:49.300+0000] {logging_mixin.py:188} INFO - [2026-01-07T21:44:49.300+0000] {dagbag.py:540} INFO - Filling up the DagBag from /opt/airflow/dags/pakakumi_scraper.py
[2026-01-07T21:44:49.331+0000] {processor.py:840} INFO - DAG(s) 'pakakumi_scraper' retrieved from /opt/airflow/dags/pakakumi_scraper.py
[2026-01-07T21:44:49.377+0000] {logging_mixin.py:188} INFO - [2026-01-07T21:44:49.377+0000] {dag.py:3096} INFO - Sync 1 DAGs
[2026-01-07T21:44:49.411+0000] {logging_mixin.py:188} INFO - [2026-01-07T21:44:49.410+0000] {dag.py:3954} INFO - Setting next_dagrun for pakakumi_scraper to 2026-01-07 21:00:00+00:00, run_after=2026-01-07 22:00:00+00:00
[2026-01-07T21:44:49.437+0000] {processor.py:183} INFO - Processing /opt/airflow/dags/pakakumi_scraper.py took 0.153 seconds
[2026-01-07T21:45:19.689+0000] {processor.py:161} INFO - Started process (PID=1251) to work on /opt/airflow/dags/pakakumi_scraper.py
[2026-01-07T21:45:19.691+0000] {processor.py:830} INFO - Processing file /opt/airflow/dags/pakakumi_scraper.py for tasks to queue
[2026-01-07T21:45:19.694+0000] {logging_mixin.py:188} INFO - [2026-01-07T21:45:19.693+0000] {dagbag.py:540} INFO - Filling up the DagBag from /opt/airflow/dags/pakakumi_scraper.py
[2026-01-07T21:45:19.721+0000] {processor.py:840} INFO - DAG(s) 'pakakumi_scraper' retrieved from /opt/airflow/dags/pakakumi_scraper.py
[2026-01-07T21:45:19.763+0000] {logging_mixin.py:188} INFO - [2026-01-07T21:45:19.763+0000] {dag.py:3096} INFO - Sync 1 DAGs
[2026-01-07T21:45:19.796+0000] {logging_mixin.py:188} INFO - [2026-01-07T21:45:19.796+0000] {dag.py:3954} INFO - Setting next_dagrun for pakakumi_scraper to 2026-01-07 21:00:00+00:00, run_after=2026-01-07 22:00:00+00:00
[2026-01-07T21:45:19.823+0000] {processor.py:183} INFO - Processing /opt/airflow/dags/pakakumi_scraper.py took 0.145 seconds
[2026-01-07T21:45:49.946+0000] {processor.py:161} INFO - Started process (PID=1256) to work on /opt/airflow/dags/pakakumi_scraper.py
[2026-01-07T21:45:49.948+0000] {processor.py:830} INFO - Processing file /opt/airflow/dags/pakakumi_scraper.py for tasks to queue
[2026-01-07T21:45:49.954+0000] {logging_mixin.py:188} INFO - [2026-01-07T21:45:49.952+0000] {dagbag.py:540} INFO - Filling up the DagBag from /opt/airflow/dags/pakakumi_scraper.py
[2026-01-07T21:45:49.981+0000] {processor.py:840} INFO - DAG(s) 'pakakumi_scraper' retrieved from /opt/airflow/dags/pakakumi_scraper.py
[2026-01-07T21:45:50.025+0000] {logging_mixin.py:188} INFO - [2026-01-07T21:45:50.025+0000] {dag.py:3096} INFO - Sync 1 DAGs
[2026-01-07T21:45:50.062+0000] {logging_mixin.py:188} INFO - [2026-01-07T21:45:50.061+0000] {dag.py:3954} INFO - Setting next_dagrun for pakakumi_scraper to 2026-01-07 21:00:00+00:00, run_after=2026-01-07 22:00:00+00:00
[2026-01-07T21:45:50.090+0000] {processor.py:183} INFO - Processing /opt/airflow/dags/pakakumi_scraper.py took 0.158 seconds
[2026-01-07T21:46:20.321+0000] {processor.py:161} INFO - Started process (PID=1261) to work on /opt/airflow/dags/pakakumi_scraper.py
[2026-01-07T21:46:20.322+0000] {processor.py:830} INFO - Processing file /opt/airflow/dags/pakakumi_scraper.py for tasks to queue
[2026-01-07T21:46:20.325+0000] {logging_mixin.py:188} INFO - [2026-01-07T21:46:20.324+0000] {dagbag.py:540} INFO - Filling up the DagBag from /opt/airflow/dags/pakakumi_scraper.py
[2026-01-07T21:46:20.352+0000] {processor.py:840} INFO - DAG(s) 'pakakumi_scraper' retrieved from /opt/airflow/dags/pakakumi_scraper.py
[2026-01-07T21:46:20.393+0000] {logging_mixin.py:188} INFO - [2026-01-07T21:46:20.393+0000] {dag.py:3096} INFO - Sync 1 DAGs
[2026-01-07T21:46:20.426+0000] {logging_mixin.py:188} INFO - [2026-01-07T21:46:20.426+0000] {dag.py:3954} INFO - Setting next_dagrun for pakakumi_scraper to 2026-01-07 21:00:00+00:00, run_after=2026-01-07 22:00:00+00:00
[2026-01-07T21:46:20.451+0000] {processor.py:183} INFO - Processing /opt/airflow/dags/pakakumi_scraper.py took 0.139 seconds
[2026-01-07T21:46:50.659+0000] {processor.py:161} INFO - Started process (PID=1266) to work on /opt/airflow/dags/pakakumi_scraper.py
[2026-01-07T21:46:50.660+0000] {processor.py:830} INFO - Processing file /opt/airflow/dags/pakakumi_scraper.py for tasks to queue
[2026-01-07T21:46:50.663+0000] {logging_mixin.py:188} INFO - [2026-01-07T21:46:50.663+0000] {dagbag.py:540} INFO - Filling up the DagBag from /opt/airflow/dags/pakakumi_scraper.py
[2026-01-07T21:46:50.692+0000] {processor.py:840} INFO - DAG(s) 'pakakumi_scraper' retrieved from /opt/airflow/dags/pakakumi_scraper.py
[2026-01-07T21:46:50.733+0000] {logging_mixin.py:188} INFO - [2026-01-07T21:46:50.733+0000] {dag.py:3096} INFO - Sync 1 DAGs
[2026-01-07T21:46:50.766+0000] {logging_mixin.py:188} INFO - [2026-01-07T21:46:50.766+0000] {dag.py:3954} INFO - Setting next_dagrun for pakakumi_scraper to 2026-01-07 21:00:00+00:00, run_after=2026-01-07 22:00:00+00:00
[2026-01-07T21:46:50.793+0000] {processor.py:183} INFO - Processing /opt/airflow/dags/pakakumi_scraper.py took 0.146 seconds
[2026-01-07T21:47:20.907+0000] {processor.py:161} INFO - Started process (PID=1271) to work on /opt/airflow/dags/pakakumi_scraper.py
[2026-01-07T21:47:20.909+0000] {processor.py:830} INFO - Processing file /opt/airflow/dags/pakakumi_scraper.py for tasks to queue
[2026-01-07T21:47:20.912+0000] {logging_mixin.py:188} INFO - [2026-01-07T21:47:20.911+0000] {dagbag.py:540} INFO - Filling up the DagBag from /opt/airflow/dags/pakakumi_scraper.py
[2026-01-07T21:47:20.942+0000] {processor.py:840} INFO - DAG(s) 'pakakumi_scraper' retrieved from /opt/airflow/dags/pakakumi_scraper.py
[2026-01-07T21:47:20.985+0000] {logging_mixin.py:188} INFO - [2026-01-07T21:47:20.985+0000] {dag.py:3096} INFO - Sync 1 DAGs
[2026-01-07T21:47:21.019+0000] {logging_mixin.py:188} INFO - [2026-01-07T21:47:21.019+0000] {dag.py:3954} INFO - Setting next_dagrun for pakakumi_scraper to 2026-01-07 21:00:00+00:00, run_after=2026-01-07 22:00:00+00:00
[2026-01-07T21:47:21.045+0000] {processor.py:183} INFO - Processing /opt/airflow/dags/pakakumi_scraper.py took 0.147 seconds
[2026-01-07T21:47:51.268+0000] {processor.py:161} INFO - Started process (PID=1276) to work on /opt/airflow/dags/pakakumi_scraper.py
[2026-01-07T21:47:51.269+0000] {processor.py:830} INFO - Processing file /opt/airflow/dags/pakakumi_scraper.py for tasks to queue
[2026-01-07T21:47:51.272+0000] {logging_mixin.py:188} INFO - [2026-01-07T21:47:51.271+0000] {dagbag.py:540} INFO - Filling up the DagBag from /opt/airflow/dags/pakakumi_scraper.py
[2026-01-07T21:47:51.299+0000] {processor.py:840} INFO - DAG(s) 'pakakumi_scraper' retrieved from /opt/airflow/dags/pakakumi_scraper.py
[2026-01-07T21:47:51.338+0000] {logging_mixin.py:188} INFO - [2026-01-07T21:47:51.338+0000] {dag.py:3096} INFO - Sync 1 DAGs
[2026-01-07T21:47:51.385+0000] {logging_mixin.py:188} INFO - [2026-01-07T21:47:51.385+0000] {dag.py:3954} INFO - Setting next_dagrun for pakakumi_scraper to 2026-01-07 21:00:00+00:00, run_after=2026-01-07 22:00:00+00:00
[2026-01-07T21:47:51.415+0000] {processor.py:183} INFO - Processing /opt/airflow/dags/pakakumi_scraper.py took 0.158 seconds
[2026-01-07T21:48:21.495+0000] {processor.py:161} INFO - Started process (PID=1281) to work on /opt/airflow/dags/pakakumi_scraper.py
[2026-01-07T21:48:21.497+0000] {processor.py:830} INFO - Processing file /opt/airflow/dags/pakakumi_scraper.py for tasks to queue
[2026-01-07T21:48:21.500+0000] {logging_mixin.py:188} INFO - [2026-01-07T21:48:21.499+0000] {dagbag.py:540} INFO - Filling up the DagBag from /opt/airflow/dags/pakakumi_scraper.py
[2026-01-07T21:48:21.530+0000] {processor.py:840} INFO - DAG(s) 'pakakumi_scraper' retrieved from /opt/airflow/dags/pakakumi_scraper.py
[2026-01-07T21:48:21.576+0000] {logging_mixin.py:188} INFO - [2026-01-07T21:48:21.576+0000] {dag.py:3096} INFO - Sync 1 DAGs
[2026-01-07T21:48:21.615+0000] {logging_mixin.py:188} INFO - [2026-01-07T21:48:21.615+0000] {dag.py:3954} INFO - Setting next_dagrun for pakakumi_scraper to 2026-01-07 21:00:00+00:00, run_after=2026-01-07 22:00:00+00:00
[2026-01-07T21:48:21.643+0000] {processor.py:183} INFO - Processing /opt/airflow/dags/pakakumi_scraper.py took 0.160 seconds
[2026-01-07T21:53:31.348+0000] {processor.py:161} INFO - Started process (PID=164) to work on /opt/airflow/dags/pakakumi_scraper.py
[2026-01-07T21:53:31.350+0000] {processor.py:830} INFO - Processing file /opt/airflow/dags/pakakumi_scraper.py for tasks to queue
[2026-01-07T21:53:31.354+0000] {logging_mixin.py:188} INFO - [2026-01-07T21:53:31.354+0000] {dagbag.py:540} INFO - Filling up the DagBag from /opt/airflow/dags/pakakumi_scraper.py
[2026-01-07T21:53:31.395+0000] {processor.py:840} INFO - DAG(s) 'pakakumi_scraper' retrieved from /opt/airflow/dags/pakakumi_scraper.py
[2026-01-07T21:53:31.489+0000] {logging_mixin.py:188} INFO - [2026-01-07T21:53:31.489+0000] {dag.py:3096} INFO - Sync 1 DAGs
[2026-01-07T21:53:31.540+0000] {logging_mixin.py:188} INFO - [2026-01-07T21:53:31.540+0000] {dag.py:3954} INFO - Setting next_dagrun for pakakumi_scraper to 2026-01-07 21:00:00+00:00, run_after=2026-01-07 22:00:00+00:00
[2026-01-07T21:53:31.584+0000] {processor.py:183} INFO - Processing /opt/airflow/dags/pakakumi_scraper.py took 0.247 seconds
[2026-01-07T21:54:01.837+0000] {processor.py:161} INFO - Started process (PID=169) to work on /opt/airflow/dags/pakakumi_scraper.py
[2026-01-07T21:54:01.839+0000] {processor.py:830} INFO - Processing file /opt/airflow/dags/pakakumi_scraper.py for tasks to queue
[2026-01-07T21:54:01.843+0000] {logging_mixin.py:188} INFO - [2026-01-07T21:54:01.842+0000] {dagbag.py:540} INFO - Filling up the DagBag from /opt/airflow/dags/pakakumi_scraper.py
[2026-01-07T21:54:01.873+0000] {processor.py:840} INFO - DAG(s) 'pakakumi_scraper' retrieved from /opt/airflow/dags/pakakumi_scraper.py
[2026-01-07T21:54:01.923+0000] {logging_mixin.py:188} INFO - [2026-01-07T21:54:01.923+0000] {dag.py:3096} INFO - Sync 1 DAGs
[2026-01-07T21:54:01.965+0000] {logging_mixin.py:188} INFO - [2026-01-07T21:54:01.965+0000] {dag.py:3954} INFO - Setting next_dagrun for pakakumi_scraper to 2026-01-07 21:00:00+00:00, run_after=2026-01-07 22:00:00+00:00
[2026-01-07T21:54:01.994+0000] {processor.py:183} INFO - Processing /opt/airflow/dags/pakakumi_scraper.py took 0.168 seconds
[2026-01-07T21:54:32.224+0000] {processor.py:161} INFO - Started process (PID=174) to work on /opt/airflow/dags/pakakumi_scraper.py
[2026-01-07T21:54:32.226+0000] {processor.py:830} INFO - Processing file /opt/airflow/dags/pakakumi_scraper.py for tasks to queue
[2026-01-07T21:54:32.229+0000] {logging_mixin.py:188} INFO - [2026-01-07T21:54:32.229+0000] {dagbag.py:540} INFO - Filling up the DagBag from /opt/airflow/dags/pakakumi_scraper.py
[2026-01-07T21:54:32.262+0000] {processor.py:840} INFO - DAG(s) 'pakakumi_scraper' retrieved from /opt/airflow/dags/pakakumi_scraper.py
[2026-01-07T21:54:32.308+0000] {logging_mixin.py:188} INFO - [2026-01-07T21:54:32.308+0000] {dag.py:3096} INFO - Sync 1 DAGs
[2026-01-07T21:54:32.345+0000] {logging_mixin.py:188} INFO - [2026-01-07T21:54:32.344+0000] {dag.py:3954} INFO - Setting next_dagrun for pakakumi_scraper to 2026-01-07 21:00:00+00:00, run_after=2026-01-07 22:00:00+00:00
[2026-01-07T21:54:32.378+0000] {processor.py:183} INFO - Processing /opt/airflow/dags/pakakumi_scraper.py took 0.165 seconds
[2026-01-07T21:55:02.474+0000] {processor.py:161} INFO - Started process (PID=179) to work on /opt/airflow/dags/pakakumi_scraper.py
[2026-01-07T21:55:02.476+0000] {processor.py:830} INFO - Processing file /opt/airflow/dags/pakakumi_scraper.py for tasks to queue
[2026-01-07T21:55:02.479+0000] {logging_mixin.py:188} INFO - [2026-01-07T21:55:02.478+0000] {dagbag.py:540} INFO - Filling up the DagBag from /opt/airflow/dags/pakakumi_scraper.py
[2026-01-07T21:55:02.523+0000] {processor.py:840} INFO - DAG(s) 'pakakumi_scraper' retrieved from /opt/airflow/dags/pakakumi_scraper.py
[2026-01-07T21:55:02.578+0000] {logging_mixin.py:188} INFO - [2026-01-07T21:55:02.577+0000] {dag.py:3096} INFO - Sync 1 DAGs
[2026-01-07T21:55:02.617+0000] {logging_mixin.py:188} INFO - [2026-01-07T21:55:02.617+0000] {dag.py:3954} INFO - Setting next_dagrun for pakakumi_scraper to 2026-01-07 21:00:00+00:00, run_after=2026-01-07 22:00:00+00:00
[2026-01-07T21:55:02.649+0000] {processor.py:183} INFO - Processing /opt/airflow/dags/pakakumi_scraper.py took 0.187 seconds
[2026-01-07T21:55:32.859+0000] {processor.py:161} INFO - Started process (PID=184) to work on /opt/airflow/dags/pakakumi_scraper.py
[2026-01-07T21:55:32.861+0000] {processor.py:830} INFO - Processing file /opt/airflow/dags/pakakumi_scraper.py for tasks to queue
[2026-01-07T21:55:32.865+0000] {logging_mixin.py:188} INFO - [2026-01-07T21:55:32.864+0000] {dagbag.py:540} INFO - Filling up the DagBag from /opt/airflow/dags/pakakumi_scraper.py
[2026-01-07T21:55:32.894+0000] {processor.py:840} INFO - DAG(s) 'pakakumi_scraper' retrieved from /opt/airflow/dags/pakakumi_scraper.py
[2026-01-07T21:55:32.939+0000] {logging_mixin.py:188} INFO - [2026-01-07T21:55:32.939+0000] {dag.py:3096} INFO - Sync 1 DAGs
[2026-01-07T21:55:32.978+0000] {logging_mixin.py:188} INFO - [2026-01-07T21:55:32.977+0000] {dag.py:3954} INFO - Setting next_dagrun for pakakumi_scraper to 2026-01-07 21:00:00+00:00, run_after=2026-01-07 22:00:00+00:00
[2026-01-07T21:55:33.007+0000] {processor.py:183} INFO - Processing /opt/airflow/dags/pakakumi_scraper.py took 0.158 seconds
[2026-01-07T21:56:03.069+0000] {processor.py:161} INFO - Started process (PID=189) to work on /opt/airflow/dags/pakakumi_scraper.py
[2026-01-07T21:56:03.070+0000] {processor.py:830} INFO - Processing file /opt/airflow/dags/pakakumi_scraper.py for tasks to queue
[2026-01-07T21:56:03.074+0000] {logging_mixin.py:188} INFO - [2026-01-07T21:56:03.073+0000] {dagbag.py:540} INFO - Filling up the DagBag from /opt/airflow/dags/pakakumi_scraper.py
[2026-01-07T21:56:03.103+0000] {processor.py:840} INFO - DAG(s) 'pakakumi_scraper' retrieved from /opt/airflow/dags/pakakumi_scraper.py
[2026-01-07T21:56:03.149+0000] {logging_mixin.py:188} INFO - [2026-01-07T21:56:03.148+0000] {dag.py:3096} INFO - Sync 1 DAGs
[2026-01-07T21:56:03.186+0000] {logging_mixin.py:188} INFO - [2026-01-07T21:56:03.186+0000] {dag.py:3954} INFO - Setting next_dagrun for pakakumi_scraper to 2026-01-07 21:00:00+00:00, run_after=2026-01-07 22:00:00+00:00
[2026-01-07T21:56:03.217+0000] {processor.py:183} INFO - Processing /opt/airflow/dags/pakakumi_scraper.py took 0.157 seconds
[2026-01-07T21:56:33.507+0000] {processor.py:161} INFO - Started process (PID=194) to work on /opt/airflow/dags/pakakumi_scraper.py
[2026-01-07T21:56:33.508+0000] {processor.py:830} INFO - Processing file /opt/airflow/dags/pakakumi_scraper.py for tasks to queue
[2026-01-07T21:56:33.511+0000] {logging_mixin.py:188} INFO - [2026-01-07T21:56:33.511+0000] {dagbag.py:540} INFO - Filling up the DagBag from /opt/airflow/dags/pakakumi_scraper.py
[2026-01-07T21:56:33.542+0000] {processor.py:840} INFO - DAG(s) 'pakakumi_scraper' retrieved from /opt/airflow/dags/pakakumi_scraper.py
[2026-01-07T21:56:33.589+0000] {logging_mixin.py:188} INFO - [2026-01-07T21:56:33.588+0000] {dag.py:3096} INFO - Sync 1 DAGs
[2026-01-07T21:56:33.624+0000] {logging_mixin.py:188} INFO - [2026-01-07T21:56:33.624+0000] {dag.py:3954} INFO - Setting next_dagrun for pakakumi_scraper to 2026-01-07 21:00:00+00:00, run_after=2026-01-07 22:00:00+00:00
[2026-01-07T21:56:33.650+0000] {processor.py:183} INFO - Processing /opt/airflow/dags/pakakumi_scraper.py took 0.153 seconds
[2026-01-07T21:57:03.770+0000] {processor.py:161} INFO - Started process (PID=199) to work on /opt/airflow/dags/pakakumi_scraper.py
[2026-01-07T21:57:03.772+0000] {processor.py:830} INFO - Processing file /opt/airflow/dags/pakakumi_scraper.py for tasks to queue
[2026-01-07T21:57:03.775+0000] {logging_mixin.py:188} INFO - [2026-01-07T21:57:03.774+0000] {dagbag.py:540} INFO - Filling up the DagBag from /opt/airflow/dags/pakakumi_scraper.py
[2026-01-07T21:57:03.808+0000] {processor.py:840} INFO - DAG(s) 'pakakumi_scraper' retrieved from /opt/airflow/dags/pakakumi_scraper.py
[2026-01-07T21:57:03.873+0000] {logging_mixin.py:188} INFO - [2026-01-07T21:57:03.873+0000] {dag.py:3096} INFO - Sync 1 DAGs
[2026-01-07T21:57:03.913+0000] {logging_mixin.py:188} INFO - [2026-01-07T21:57:03.913+0000] {dag.py:3954} INFO - Setting next_dagrun for pakakumi_scraper to 2026-01-07 21:00:00+00:00, run_after=2026-01-07 22:00:00+00:00
[2026-01-07T21:57:03.944+0000] {processor.py:183} INFO - Processing /opt/airflow/dags/pakakumi_scraper.py took 0.186 seconds
[2026-01-07T21:57:34.105+0000] {processor.py:161} INFO - Started process (PID=204) to work on /opt/airflow/dags/pakakumi_scraper.py
[2026-01-07T21:57:34.106+0000] {processor.py:830} INFO - Processing file /opt/airflow/dags/pakakumi_scraper.py for tasks to queue
[2026-01-07T21:57:34.110+0000] {logging_mixin.py:188} INFO - [2026-01-07T21:57:34.110+0000] {dagbag.py:540} INFO - Filling up the DagBag from /opt/airflow/dags/pakakumi_scraper.py
[2026-01-07T21:57:34.142+0000] {processor.py:840} INFO - DAG(s) 'pakakumi_scraper' retrieved from /opt/airflow/dags/pakakumi_scraper.py
[2026-01-07T21:57:34.188+0000] {logging_mixin.py:188} INFO - [2026-01-07T21:57:34.187+0000] {dag.py:3096} INFO - Sync 1 DAGs
[2026-01-07T21:57:34.226+0000] {logging_mixin.py:188} INFO - [2026-01-07T21:57:34.226+0000] {dag.py:3954} INFO - Setting next_dagrun for pakakumi_scraper to 2026-01-07 21:00:00+00:00, run_after=2026-01-07 22:00:00+00:00
[2026-01-07T21:57:34.256+0000] {processor.py:183} INFO - Processing /opt/airflow/dags/pakakumi_scraper.py took 0.164 seconds
[2026-01-07T21:58:04.372+0000] {processor.py:161} INFO - Started process (PID=209) to work on /opt/airflow/dags/pakakumi_scraper.py
[2026-01-07T21:58:04.373+0000] {processor.py:830} INFO - Processing file /opt/airflow/dags/pakakumi_scraper.py for tasks to queue
[2026-01-07T21:58:04.377+0000] {logging_mixin.py:188} INFO - [2026-01-07T21:58:04.376+0000] {dagbag.py:540} INFO - Filling up the DagBag from /opt/airflow/dags/pakakumi_scraper.py
[2026-01-07T21:58:04.406+0000] {processor.py:840} INFO - DAG(s) 'pakakumi_scraper' retrieved from /opt/airflow/dags/pakakumi_scraper.py
[2026-01-07T21:58:04.454+0000] {logging_mixin.py:188} INFO - [2026-01-07T21:58:04.453+0000] {dag.py:3096} INFO - Sync 1 DAGs
[2026-01-07T21:58:04.500+0000] {logging_mixin.py:188} INFO - [2026-01-07T21:58:04.499+0000] {dag.py:3954} INFO - Setting next_dagrun for pakakumi_scraper to 2026-01-07 21:00:00+00:00, run_after=2026-01-07 22:00:00+00:00
[2026-01-07T21:58:04.530+0000] {processor.py:183} INFO - Processing /opt/airflow/dags/pakakumi_scraper.py took 0.167 seconds
[2026-01-07T21:58:34.760+0000] {processor.py:161} INFO - Started process (PID=214) to work on /opt/airflow/dags/pakakumi_scraper.py
[2026-01-07T21:58:34.762+0000] {processor.py:830} INFO - Processing file /opt/airflow/dags/pakakumi_scraper.py for tasks to queue
[2026-01-07T21:58:34.764+0000] {logging_mixin.py:188} INFO - [2026-01-07T21:58:34.764+0000] {dagbag.py:540} INFO - Filling up the DagBag from /opt/airflow/dags/pakakumi_scraper.py
[2026-01-07T21:58:34.793+0000] {processor.py:840} INFO - DAG(s) 'pakakumi_scraper' retrieved from /opt/airflow/dags/pakakumi_scraper.py
[2026-01-07T21:58:34.840+0000] {logging_mixin.py:188} INFO - [2026-01-07T21:58:34.839+0000] {dag.py:3096} INFO - Sync 1 DAGs
[2026-01-07T21:58:34.881+0000] {logging_mixin.py:188} INFO - [2026-01-07T21:58:34.880+0000] {dag.py:3954} INFO - Setting next_dagrun for pakakumi_scraper to 2026-01-07 21:00:00+00:00, run_after=2026-01-07 22:00:00+00:00
[2026-01-07T21:58:34.910+0000] {processor.py:183} INFO - Processing /opt/airflow/dags/pakakumi_scraper.py took 0.160 seconds
[2026-01-07T21:59:04.995+0000] {processor.py:161} INFO - Started process (PID=219) to work on /opt/airflow/dags/pakakumi_scraper.py
[2026-01-07T21:59:04.997+0000] {processor.py:830} INFO - Processing file /opt/airflow/dags/pakakumi_scraper.py for tasks to queue
[2026-01-07T21:59:05.000+0000] {logging_mixin.py:188} INFO - [2026-01-07T21:59:04.999+0000] {dagbag.py:540} INFO - Filling up the DagBag from /opt/airflow/dags/pakakumi_scraper.py
[2026-01-07T21:59:05.027+0000] {processor.py:840} INFO - DAG(s) 'pakakumi_scraper' retrieved from /opt/airflow/dags/pakakumi_scraper.py
[2026-01-07T21:59:05.069+0000] {logging_mixin.py:188} INFO - [2026-01-07T21:59:05.069+0000] {dag.py:3096} INFO - Sync 1 DAGs
[2026-01-07T21:59:05.102+0000] {logging_mixin.py:188} INFO - [2026-01-07T21:59:05.102+0000] {dag.py:3954} INFO - Setting next_dagrun for pakakumi_scraper to 2026-01-07 21:00:00+00:00, run_after=2026-01-07 22:00:00+00:00
[2026-01-07T21:59:05.128+0000] {processor.py:183} INFO - Processing /opt/airflow/dags/pakakumi_scraper.py took 0.142 seconds
[2026-01-07T21:59:35.347+0000] {processor.py:161} INFO - Started process (PID=224) to work on /opt/airflow/dags/pakakumi_scraper.py
[2026-01-07T21:59:35.349+0000] {processor.py:830} INFO - Processing file /opt/airflow/dags/pakakumi_scraper.py for tasks to queue
[2026-01-07T21:59:35.352+0000] {logging_mixin.py:188} INFO - [2026-01-07T21:59:35.352+0000] {dagbag.py:540} INFO - Filling up the DagBag from /opt/airflow/dags/pakakumi_scraper.py
[2026-01-07T21:59:35.389+0000] {processor.py:840} INFO - DAG(s) 'pakakumi_scraper' retrieved from /opt/airflow/dags/pakakumi_scraper.py
[2026-01-07T21:59:35.452+0000] {logging_mixin.py:188} INFO - [2026-01-07T21:59:35.451+0000] {dag.py:3096} INFO - Sync 1 DAGs
[2026-01-07T21:59:35.493+0000] {logging_mixin.py:188} INFO - [2026-01-07T21:59:35.492+0000] {dag.py:3954} INFO - Setting next_dagrun for pakakumi_scraper to 2026-01-07 21:00:00+00:00, run_after=2026-01-07 22:00:00+00:00
[2026-01-07T21:59:35.516+0000] {processor.py:183} INFO - Processing /opt/airflow/dags/pakakumi_scraper.py took 0.180 seconds
[2026-01-07T22:00:05.577+0000] {processor.py:161} INFO - Started process (PID=232) to work on /opt/airflow/dags/pakakumi_scraper.py
[2026-01-07T22:00:05.580+0000] {processor.py:830} INFO - Processing file /opt/airflow/dags/pakakumi_scraper.py for tasks to queue
[2026-01-07T22:00:05.583+0000] {logging_mixin.py:188} INFO - [2026-01-07T22:00:05.583+0000] {dagbag.py:540} INFO - Filling up the DagBag from /opt/airflow/dags/pakakumi_scraper.py
[2026-01-07T22:00:05.617+0000] {processor.py:840} INFO - DAG(s) 'pakakumi_scraper' retrieved from /opt/airflow/dags/pakakumi_scraper.py
[2026-01-07T22:00:05.670+0000] {logging_mixin.py:188} INFO - [2026-01-07T22:00:05.669+0000] {dag.py:3096} INFO - Sync 1 DAGs
[2026-01-07T22:00:05.723+0000] {logging_mixin.py:188} INFO - [2026-01-07T22:00:05.722+0000] {dag.py:3954} INFO - Setting next_dagrun for pakakumi_scraper to 2026-01-07 22:00:00+00:00, run_after=2026-01-07 23:00:00+00:00
[2026-01-07T22:00:05.766+0000] {processor.py:183} INFO - Processing /opt/airflow/dags/pakakumi_scraper.py took 0.199 seconds
[2026-01-07T22:00:35.959+0000] {processor.py:161} INFO - Started process (PID=237) to work on /opt/airflow/dags/pakakumi_scraper.py
[2026-01-07T22:00:35.960+0000] {processor.py:830} INFO - Processing file /opt/airflow/dags/pakakumi_scraper.py for tasks to queue
[2026-01-07T22:00:35.963+0000] {logging_mixin.py:188} INFO - [2026-01-07T22:00:35.963+0000] {dagbag.py:540} INFO - Filling up the DagBag from /opt/airflow/dags/pakakumi_scraper.py
[2026-01-07T22:00:35.992+0000] {processor.py:840} INFO - DAG(s) 'pakakumi_scraper' retrieved from /opt/airflow/dags/pakakumi_scraper.py
[2026-01-07T22:00:36.034+0000] {logging_mixin.py:188} INFO - [2026-01-07T22:00:36.034+0000] {dag.py:3096} INFO - Sync 1 DAGs
[2026-01-07T22:00:36.069+0000] {logging_mixin.py:188} INFO - [2026-01-07T22:00:36.068+0000] {dag.py:3954} INFO - Setting next_dagrun for pakakumi_scraper to 2026-01-07 22:00:00+00:00, run_after=2026-01-07 23:00:00+00:00
[2026-01-07T22:00:36.099+0000] {processor.py:183} INFO - Processing /opt/airflow/dags/pakakumi_scraper.py took 0.149 seconds
[2026-01-07T22:01:06.250+0000] {processor.py:161} INFO - Started process (PID=242) to work on /opt/airflow/dags/pakakumi_scraper.py
[2026-01-07T22:01:06.251+0000] {processor.py:830} INFO - Processing file /opt/airflow/dags/pakakumi_scraper.py for tasks to queue
[2026-01-07T22:01:06.255+0000] {logging_mixin.py:188} INFO - [2026-01-07T22:01:06.255+0000] {dagbag.py:540} INFO - Filling up the DagBag from /opt/airflow/dags/pakakumi_scraper.py
[2026-01-07T22:01:06.284+0000] {processor.py:840} INFO - DAG(s) 'pakakumi_scraper' retrieved from /opt/airflow/dags/pakakumi_scraper.py
[2026-01-07T22:01:06.328+0000] {logging_mixin.py:188} INFO - [2026-01-07T22:01:06.327+0000] {dag.py:3096} INFO - Sync 1 DAGs
[2026-01-07T22:01:06.368+0000] {logging_mixin.py:188} INFO - [2026-01-07T22:01:06.368+0000] {dag.py:3954} INFO - Setting next_dagrun for pakakumi_scraper to 2026-01-07 22:00:00+00:00, run_after=2026-01-07 23:00:00+00:00
[2026-01-07T22:01:06.404+0000] {processor.py:183} INFO - Processing /opt/airflow/dags/pakakumi_scraper.py took 0.166 seconds
[2026-01-07T22:01:36.586+0000] {processor.py:161} INFO - Started process (PID=247) to work on /opt/airflow/dags/pakakumi_scraper.py
[2026-01-07T22:01:36.588+0000] {processor.py:830} INFO - Processing file /opt/airflow/dags/pakakumi_scraper.py for tasks to queue
[2026-01-07T22:01:36.591+0000] {logging_mixin.py:188} INFO - [2026-01-07T22:01:36.590+0000] {dagbag.py:540} INFO - Filling up the DagBag from /opt/airflow/dags/pakakumi_scraper.py
[2026-01-07T22:01:36.621+0000] {processor.py:840} INFO - DAG(s) 'pakakumi_scraper' retrieved from /opt/airflow/dags/pakakumi_scraper.py
[2026-01-07T22:01:36.664+0000] {logging_mixin.py:188} INFO - [2026-01-07T22:01:36.664+0000] {dag.py:3096} INFO - Sync 1 DAGs
[2026-01-07T22:01:36.702+0000] {logging_mixin.py:188} INFO - [2026-01-07T22:01:36.702+0000] {dag.py:3954} INFO - Setting next_dagrun for pakakumi_scraper to 2026-01-07 22:00:00+00:00, run_after=2026-01-07 23:00:00+00:00
[2026-01-07T22:01:36.730+0000] {processor.py:183} INFO - Processing /opt/airflow/dags/pakakumi_scraper.py took 0.166 seconds
[2026-01-07T22:02:06.855+0000] {processor.py:161} INFO - Started process (PID=252) to work on /opt/airflow/dags/pakakumi_scraper.py
[2026-01-07T22:02:06.857+0000] {processor.py:830} INFO - Processing file /opt/airflow/dags/pakakumi_scraper.py for tasks to queue
[2026-01-07T22:02:06.860+0000] {logging_mixin.py:188} INFO - [2026-01-07T22:02:06.860+0000] {dagbag.py:540} INFO - Filling up the DagBag from /opt/airflow/dags/pakakumi_scraper.py
[2026-01-07T22:02:06.892+0000] {processor.py:840} INFO - DAG(s) 'pakakumi_scraper' retrieved from /opt/airflow/dags/pakakumi_scraper.py
[2026-01-07T22:02:06.950+0000] {logging_mixin.py:188} INFO - [2026-01-07T22:02:06.950+0000] {dag.py:3096} INFO - Sync 1 DAGs
[2026-01-07T22:02:06.986+0000] {logging_mixin.py:188} INFO - [2026-01-07T22:02:06.986+0000] {dag.py:3954} INFO - Setting next_dagrun for pakakumi_scraper to 2026-01-07 22:00:00+00:00, run_after=2026-01-07 23:00:00+00:00
[2026-01-07T22:02:07.013+0000] {processor.py:183} INFO - Processing /opt/airflow/dags/pakakumi_scraper.py took 0.168 seconds
[2026-01-07T22:02:37.282+0000] {processor.py:161} INFO - Started process (PID=257) to work on /opt/airflow/dags/pakakumi_scraper.py
[2026-01-07T22:02:37.284+0000] {processor.py:830} INFO - Processing file /opt/airflow/dags/pakakumi_scraper.py for tasks to queue
[2026-01-07T22:02:37.287+0000] {logging_mixin.py:188} INFO - [2026-01-07T22:02:37.286+0000] {dagbag.py:540} INFO - Filling up the DagBag from /opt/airflow/dags/pakakumi_scraper.py
[2026-01-07T22:02:37.319+0000] {processor.py:840} INFO - DAG(s) 'pakakumi_scraper' retrieved from /opt/airflow/dags/pakakumi_scraper.py
[2026-01-07T22:02:37.361+0000] {logging_mixin.py:188} INFO - [2026-01-07T22:02:37.360+0000] {dag.py:3096} INFO - Sync 1 DAGs
[2026-01-07T22:02:37.394+0000] {logging_mixin.py:188} INFO - [2026-01-07T22:02:37.394+0000] {dag.py:3954} INFO - Setting next_dagrun for pakakumi_scraper to 2026-01-07 22:00:00+00:00, run_after=2026-01-07 23:00:00+00:00
[2026-01-07T22:02:37.426+0000] {processor.py:183} INFO - Processing /opt/airflow/dags/pakakumi_scraper.py took 0.161 seconds
[2026-01-07T22:03:07.502+0000] {processor.py:161} INFO - Started process (PID=262) to work on /opt/airflow/dags/pakakumi_scraper.py
[2026-01-07T22:03:07.503+0000] {processor.py:830} INFO - Processing file /opt/airflow/dags/pakakumi_scraper.py for tasks to queue
[2026-01-07T22:03:07.507+0000] {logging_mixin.py:188} INFO - [2026-01-07T22:03:07.506+0000] {dagbag.py:540} INFO - Filling up the DagBag from /opt/airflow/dags/pakakumi_scraper.py
[2026-01-07T22:03:07.534+0000] {processor.py:840} INFO - DAG(s) 'pakakumi_scraper' retrieved from /opt/airflow/dags/pakakumi_scraper.py
[2026-01-07T22:03:07.576+0000] {logging_mixin.py:188} INFO - [2026-01-07T22:03:07.576+0000] {dag.py:3096} INFO - Sync 1 DAGs
[2026-01-07T22:03:07.611+0000] {logging_mixin.py:188} INFO - [2026-01-07T22:03:07.611+0000] {dag.py:3954} INFO - Setting next_dagrun for pakakumi_scraper to 2026-01-07 22:00:00+00:00, run_after=2026-01-07 23:00:00+00:00
[2026-01-07T22:03:07.641+0000] {processor.py:183} INFO - Processing /opt/airflow/dags/pakakumi_scraper.py took 0.150 seconds
[2026-01-07T22:03:37.958+0000] {processor.py:161} INFO - Started process (PID=267) to work on /opt/airflow/dags/pakakumi_scraper.py
[2026-01-07T22:03:37.960+0000] {processor.py:830} INFO - Processing file /opt/airflow/dags/pakakumi_scraper.py for tasks to queue
[2026-01-07T22:03:37.963+0000] {logging_mixin.py:188} INFO - [2026-01-07T22:03:37.962+0000] {dagbag.py:540} INFO - Filling up the DagBag from /opt/airflow/dags/pakakumi_scraper.py
[2026-01-07T22:03:37.999+0000] {processor.py:840} INFO - DAG(s) 'pakakumi_scraper' retrieved from /opt/airflow/dags/pakakumi_scraper.py
[2026-01-07T22:03:38.076+0000] {logging_mixin.py:188} INFO - [2026-01-07T22:03:38.075+0000] {dag.py:3096} INFO - Sync 1 DAGs
[2026-01-07T22:03:38.117+0000] {logging_mixin.py:188} INFO - [2026-01-07T22:03:38.116+0000] {dag.py:3954} INFO - Setting next_dagrun for pakakumi_scraper to 2026-01-07 22:00:00+00:00, run_after=2026-01-07 23:00:00+00:00
[2026-01-07T22:03:38.146+0000] {processor.py:183} INFO - Processing /opt/airflow/dags/pakakumi_scraper.py took 0.197 seconds
[2026-01-07T22:04:08.385+0000] {processor.py:161} INFO - Started process (PID=272) to work on /opt/airflow/dags/pakakumi_scraper.py
[2026-01-07T22:04:08.387+0000] {processor.py:830} INFO - Processing file /opt/airflow/dags/pakakumi_scraper.py for tasks to queue
[2026-01-07T22:04:08.390+0000] {logging_mixin.py:188} INFO - [2026-01-07T22:04:08.390+0000] {dagbag.py:540} INFO - Filling up the DagBag from /opt/airflow/dags/pakakumi_scraper.py
[2026-01-07T22:04:08.447+0000] {processor.py:840} INFO - DAG(s) 'pakakumi_scraper' retrieved from /opt/airflow/dags/pakakumi_scraper.py
[2026-01-07T22:04:08.495+0000] {logging_mixin.py:188} INFO - [2026-01-07T22:04:08.494+0000] {dag.py:3096} INFO - Sync 1 DAGs
[2026-01-07T22:04:08.539+0000] {logging_mixin.py:188} INFO - [2026-01-07T22:04:08.538+0000] {dag.py:3954} INFO - Setting next_dagrun for pakakumi_scraper to 2026-01-07 22:00:00+00:00, run_after=2026-01-07 23:00:00+00:00
[2026-01-07T22:04:08.571+0000] {processor.py:183} INFO - Processing /opt/airflow/dags/pakakumi_scraper.py took 0.197 seconds
[2026-01-07T22:04:38.629+0000] {processor.py:161} INFO - Started process (PID=277) to work on /opt/airflow/dags/pakakumi_scraper.py
[2026-01-07T22:04:38.630+0000] {processor.py:830} INFO - Processing file /opt/airflow/dags/pakakumi_scraper.py for tasks to queue
[2026-01-07T22:04:38.633+0000] {logging_mixin.py:188} INFO - [2026-01-07T22:04:38.632+0000] {dagbag.py:540} INFO - Filling up the DagBag from /opt/airflow/dags/pakakumi_scraper.py
[2026-01-07T22:04:38.664+0000] {processor.py:840} INFO - DAG(s) 'pakakumi_scraper' retrieved from /opt/airflow/dags/pakakumi_scraper.py
[2026-01-07T22:04:38.707+0000] {logging_mixin.py:188} INFO - [2026-01-07T22:04:38.706+0000] {dag.py:3096} INFO - Sync 1 DAGs
[2026-01-07T22:04:38.741+0000] {logging_mixin.py:188} INFO - [2026-01-07T22:04:38.741+0000] {dag.py:3954} INFO - Setting next_dagrun for pakakumi_scraper to 2026-01-07 22:00:00+00:00, run_after=2026-01-07 23:00:00+00:00
[2026-01-07T22:04:38.773+0000] {processor.py:183} INFO - Processing /opt/airflow/dags/pakakumi_scraper.py took 0.154 seconds
[2026-01-07T22:05:08.986+0000] {processor.py:161} INFO - Started process (PID=282) to work on /opt/airflow/dags/pakakumi_scraper.py
[2026-01-07T22:05:08.991+0000] {processor.py:830} INFO - Processing file /opt/airflow/dags/pakakumi_scraper.py for tasks to queue
[2026-01-07T22:05:08.994+0000] {logging_mixin.py:188} INFO - [2026-01-07T22:05:08.993+0000] {dagbag.py:540} INFO - Filling up the DagBag from /opt/airflow/dags/pakakumi_scraper.py
[2026-01-07T22:05:09.023+0000] {processor.py:840} INFO - DAG(s) 'pakakumi_scraper' retrieved from /opt/airflow/dags/pakakumi_scraper.py
[2026-01-07T22:05:09.066+0000] {logging_mixin.py:188} INFO - [2026-01-07T22:05:09.065+0000] {dag.py:3096} INFO - Sync 1 DAGs
[2026-01-07T22:05:09.102+0000] {logging_mixin.py:188} INFO - [2026-01-07T22:05:09.101+0000] {dag.py:3954} INFO - Setting next_dagrun for pakakumi_scraper to 2026-01-07 22:00:00+00:00, run_after=2026-01-07 23:00:00+00:00
[2026-01-07T22:05:09.131+0000] {processor.py:183} INFO - Processing /opt/airflow/dags/pakakumi_scraper.py took 0.158 seconds
[2026-01-07T22:05:39.250+0000] {processor.py:161} INFO - Started process (PID=287) to work on /opt/airflow/dags/pakakumi_scraper.py
[2026-01-07T22:05:39.251+0000] {processor.py:830} INFO - Processing file /opt/airflow/dags/pakakumi_scraper.py for tasks to queue
[2026-01-07T22:05:39.255+0000] {logging_mixin.py:188} INFO - [2026-01-07T22:05:39.255+0000] {dagbag.py:540} INFO - Filling up the DagBag from /opt/airflow/dags/pakakumi_scraper.py
[2026-01-07T22:05:39.282+0000] {processor.py:840} INFO - DAG(s) 'pakakumi_scraper' retrieved from /opt/airflow/dags/pakakumi_scraper.py
[2026-01-07T22:05:39.327+0000] {logging_mixin.py:188} INFO - [2026-01-07T22:05:39.327+0000] {dag.py:3096} INFO - Sync 1 DAGs
[2026-01-07T22:05:39.361+0000] {logging_mixin.py:188} INFO - [2026-01-07T22:05:39.361+0000] {dag.py:3954} INFO - Setting next_dagrun for pakakumi_scraper to 2026-01-07 22:00:00+00:00, run_after=2026-01-07 23:00:00+00:00
[2026-01-07T22:05:39.384+0000] {processor.py:183} INFO - Processing /opt/airflow/dags/pakakumi_scraper.py took 0.147 seconds
[2026-01-07T22:06:09.595+0000] {processor.py:161} INFO - Started process (PID=292) to work on /opt/airflow/dags/pakakumi_scraper.py
[2026-01-07T22:06:09.596+0000] {processor.py:830} INFO - Processing file /opt/airflow/dags/pakakumi_scraper.py for tasks to queue
[2026-01-07T22:06:09.599+0000] {logging_mixin.py:188} INFO - [2026-01-07T22:06:09.599+0000] {dagbag.py:540} INFO - Filling up the DagBag from /opt/airflow/dags/pakakumi_scraper.py
[2026-01-07T22:06:09.628+0000] {processor.py:840} INFO - DAG(s) 'pakakumi_scraper' retrieved from /opt/airflow/dags/pakakumi_scraper.py
[2026-01-07T22:06:09.673+0000] {logging_mixin.py:188} INFO - [2026-01-07T22:06:09.673+0000] {dag.py:3096} INFO - Sync 1 DAGs
[2026-01-07T22:06:09.708+0000] {logging_mixin.py:188} INFO - [2026-01-07T22:06:09.708+0000] {dag.py:3954} INFO - Setting next_dagrun for pakakumi_scraper to 2026-01-07 22:00:00+00:00, run_after=2026-01-07 23:00:00+00:00
[2026-01-07T22:06:09.737+0000] {processor.py:183} INFO - Processing /opt/airflow/dags/pakakumi_scraper.py took 0.152 seconds
[2026-01-07T22:06:39.825+0000] {processor.py:161} INFO - Started process (PID=297) to work on /opt/airflow/dags/pakakumi_scraper.py
[2026-01-07T22:06:39.827+0000] {processor.py:830} INFO - Processing file /opt/airflow/dags/pakakumi_scraper.py for tasks to queue
[2026-01-07T22:06:39.830+0000] {logging_mixin.py:188} INFO - [2026-01-07T22:06:39.829+0000] {dagbag.py:540} INFO - Filling up the DagBag from /opt/airflow/dags/pakakumi_scraper.py
[2026-01-07T22:06:39.868+0000] {processor.py:840} INFO - DAG(s) 'pakakumi_scraper' retrieved from /opt/airflow/dags/pakakumi_scraper.py
[2026-01-07T22:06:39.910+0000] {logging_mixin.py:188} INFO - [2026-01-07T22:06:39.910+0000] {dag.py:3096} INFO - Sync 1 DAGs
[2026-01-07T22:06:39.945+0000] {logging_mixin.py:188} INFO - [2026-01-07T22:06:39.945+0000] {dag.py:3954} INFO - Setting next_dagrun for pakakumi_scraper to 2026-01-07 22:00:00+00:00, run_after=2026-01-07 23:00:00+00:00
[2026-01-07T22:06:39.971+0000] {processor.py:183} INFO - Processing /opt/airflow/dags/pakakumi_scraper.py took 0.156 seconds
[2026-01-07T22:07:10.180+0000] {processor.py:161} INFO - Started process (PID=302) to work on /opt/airflow/dags/pakakumi_scraper.py
[2026-01-07T22:07:10.181+0000] {processor.py:830} INFO - Processing file /opt/airflow/dags/pakakumi_scraper.py for tasks to queue
[2026-01-07T22:07:10.184+0000] {logging_mixin.py:188} INFO - [2026-01-07T22:07:10.184+0000] {dagbag.py:540} INFO - Filling up the DagBag from /opt/airflow/dags/pakakumi_scraper.py
[2026-01-07T22:07:10.214+0000] {processor.py:840} INFO - DAG(s) 'pakakumi_scraper' retrieved from /opt/airflow/dags/pakakumi_scraper.py
[2026-01-07T22:07:10.259+0000] {logging_mixin.py:188} INFO - [2026-01-07T22:07:10.258+0000] {dag.py:3096} INFO - Sync 1 DAGs
[2026-01-07T22:07:10.294+0000] {logging_mixin.py:188} INFO - [2026-01-07T22:07:10.293+0000] {dag.py:3954} INFO - Setting next_dagrun for pakakumi_scraper to 2026-01-07 22:00:00+00:00, run_after=2026-01-07 23:00:00+00:00
[2026-01-07T22:07:10.322+0000] {processor.py:183} INFO - Processing /opt/airflow/dags/pakakumi_scraper.py took 0.151 seconds
[2026-01-07T22:07:40.426+0000] {processor.py:161} INFO - Started process (PID=307) to work on /opt/airflow/dags/pakakumi_scraper.py
[2026-01-07T22:07:40.427+0000] {processor.py:830} INFO - Processing file /opt/airflow/dags/pakakumi_scraper.py for tasks to queue
[2026-01-07T22:07:40.431+0000] {logging_mixin.py:188} INFO - [2026-01-07T22:07:40.430+0000] {dagbag.py:540} INFO - Filling up the DagBag from /opt/airflow/dags/pakakumi_scraper.py
[2026-01-07T22:07:40.464+0000] {processor.py:840} INFO - DAG(s) 'pakakumi_scraper' retrieved from /opt/airflow/dags/pakakumi_scraper.py
[2026-01-07T22:07:40.516+0000] {logging_mixin.py:188} INFO - [2026-01-07T22:07:40.516+0000] {dag.py:3096} INFO - Sync 1 DAGs
[2026-01-07T22:07:40.563+0000] {logging_mixin.py:188} INFO - [2026-01-07T22:07:40.563+0000] {dag.py:3954} INFO - Setting next_dagrun for pakakumi_scraper to 2026-01-07 22:00:00+00:00, run_after=2026-01-07 23:00:00+00:00
[2026-01-07T22:07:40.595+0000] {processor.py:183} INFO - Processing /opt/airflow/dags/pakakumi_scraper.py took 0.181 seconds
[2026-01-07T22:08:10.928+0000] {processor.py:161} INFO - Started process (PID=312) to work on /opt/airflow/dags/pakakumi_scraper.py
[2026-01-07T22:08:10.930+0000] {processor.py:830} INFO - Processing file /opt/airflow/dags/pakakumi_scraper.py for tasks to queue
[2026-01-07T22:08:10.934+0000] {logging_mixin.py:188} INFO - [2026-01-07T22:08:10.933+0000] {dagbag.py:540} INFO - Filling up the DagBag from /opt/airflow/dags/pakakumi_scraper.py
[2026-01-07T22:08:10.972+0000] {processor.py:840} INFO - DAG(s) 'pakakumi_scraper' retrieved from /opt/airflow/dags/pakakumi_scraper.py
[2026-01-07T22:08:11.015+0000] {logging_mixin.py:188} INFO - [2026-01-07T22:08:11.015+0000] {dag.py:3096} INFO - Sync 1 DAGs
[2026-01-07T22:08:11.051+0000] {logging_mixin.py:188} INFO - [2026-01-07T22:08:11.051+0000] {dag.py:3954} INFO - Setting next_dagrun for pakakumi_scraper to 2026-01-07 22:00:00+00:00, run_after=2026-01-07 23:00:00+00:00
[2026-01-07T22:08:11.083+0000] {processor.py:183} INFO - Processing /opt/airflow/dags/pakakumi_scraper.py took 0.168 seconds
[2026-01-07T22:08:41.194+0000] {processor.py:161} INFO - Started process (PID=317) to work on /opt/airflow/dags/pakakumi_scraper.py
[2026-01-07T22:08:41.195+0000] {processor.py:830} INFO - Processing file /opt/airflow/dags/pakakumi_scraper.py for tasks to queue
[2026-01-07T22:08:41.198+0000] {logging_mixin.py:188} INFO - [2026-01-07T22:08:41.198+0000] {dagbag.py:540} INFO - Filling up the DagBag from /opt/airflow/dags/pakakumi_scraper.py
[2026-01-07T22:08:41.227+0000] {processor.py:840} INFO - DAG(s) 'pakakumi_scraper' retrieved from /opt/airflow/dags/pakakumi_scraper.py
[2026-01-07T22:08:41.273+0000] {logging_mixin.py:188} INFO - [2026-01-07T22:08:41.273+0000] {dag.py:3096} INFO - Sync 1 DAGs
[2026-01-07T22:08:41.312+0000] {logging_mixin.py:188} INFO - [2026-01-07T22:08:41.311+0000] {dag.py:3954} INFO - Setting next_dagrun for pakakumi_scraper to 2026-01-07 22:00:00+00:00, run_after=2026-01-07 23:00:00+00:00
[2026-01-07T22:08:41.352+0000] {processor.py:183} INFO - Processing /opt/airflow/dags/pakakumi_scraper.py took 0.169 seconds
[2026-01-07T22:09:11.558+0000] {processor.py:161} INFO - Started process (PID=322) to work on /opt/airflow/dags/pakakumi_scraper.py
[2026-01-07T22:09:11.560+0000] {processor.py:830} INFO - Processing file /opt/airflow/dags/pakakumi_scraper.py for tasks to queue
[2026-01-07T22:09:11.563+0000] {logging_mixin.py:188} INFO - [2026-01-07T22:09:11.563+0000] {dagbag.py:540} INFO - Filling up the DagBag from /opt/airflow/dags/pakakumi_scraper.py
[2026-01-07T22:09:11.591+0000] {processor.py:840} INFO - DAG(s) 'pakakumi_scraper' retrieved from /opt/airflow/dags/pakakumi_scraper.py
[2026-01-07T22:09:11.632+0000] {logging_mixin.py:188} INFO - [2026-01-07T22:09:11.632+0000] {dag.py:3096} INFO - Sync 1 DAGs
[2026-01-07T22:09:11.668+0000] {logging_mixin.py:188} INFO - [2026-01-07T22:09:11.668+0000] {dag.py:3954} INFO - Setting next_dagrun for pakakumi_scraper to 2026-01-07 22:00:00+00:00, run_after=2026-01-07 23:00:00+00:00
[2026-01-07T22:09:11.697+0000] {processor.py:183} INFO - Processing /opt/airflow/dags/pakakumi_scraper.py took 0.149 seconds
[2026-01-07T22:09:41.812+0000] {processor.py:161} INFO - Started process (PID=327) to work on /opt/airflow/dags/pakakumi_scraper.py
[2026-01-07T22:09:41.813+0000] {processor.py:830} INFO - Processing file /opt/airflow/dags/pakakumi_scraper.py for tasks to queue
[2026-01-07T22:09:41.816+0000] {logging_mixin.py:188} INFO - [2026-01-07T22:09:41.815+0000] {dagbag.py:540} INFO - Filling up the DagBag from /opt/airflow/dags/pakakumi_scraper.py
[2026-01-07T22:09:41.845+0000] {processor.py:840} INFO - DAG(s) 'pakakumi_scraper' retrieved from /opt/airflow/dags/pakakumi_scraper.py
[2026-01-07T22:09:41.889+0000] {logging_mixin.py:188} INFO - [2026-01-07T22:09:41.888+0000] {dag.py:3096} INFO - Sync 1 DAGs
[2026-01-07T22:09:41.925+0000] {logging_mixin.py:188} INFO - [2026-01-07T22:09:41.924+0000] {dag.py:3954} INFO - Setting next_dagrun for pakakumi_scraper to 2026-01-07 22:00:00+00:00, run_after=2026-01-07 23:00:00+00:00
[2026-01-07T22:09:41.954+0000] {processor.py:183} INFO - Processing /opt/airflow/dags/pakakumi_scraper.py took 0.152 seconds
[2026-01-07T22:10:12.146+0000] {processor.py:161} INFO - Started process (PID=332) to work on /opt/airflow/dags/pakakumi_scraper.py
[2026-01-07T22:10:12.147+0000] {processor.py:830} INFO - Processing file /opt/airflow/dags/pakakumi_scraper.py for tasks to queue
[2026-01-07T22:10:12.150+0000] {logging_mixin.py:188} INFO - [2026-01-07T22:10:12.150+0000] {dagbag.py:540} INFO - Filling up the DagBag from /opt/airflow/dags/pakakumi_scraper.py
[2026-01-07T22:10:12.182+0000] {processor.py:840} INFO - DAG(s) 'pakakumi_scraper' retrieved from /opt/airflow/dags/pakakumi_scraper.py
[2026-01-07T22:10:12.228+0000] {logging_mixin.py:188} INFO - [2026-01-07T22:10:12.227+0000] {dag.py:3096} INFO - Sync 1 DAGs
[2026-01-07T22:10:12.267+0000] {logging_mixin.py:188} INFO - [2026-01-07T22:10:12.267+0000] {dag.py:3954} INFO - Setting next_dagrun for pakakumi_scraper to 2026-01-07 22:00:00+00:00, run_after=2026-01-07 23:00:00+00:00
[2026-01-07T22:10:12.299+0000] {processor.py:183} INFO - Processing /opt/airflow/dags/pakakumi_scraper.py took 0.165 seconds
[2026-01-07T22:10:42.397+0000] {processor.py:161} INFO - Started process (PID=337) to work on /opt/airflow/dags/pakakumi_scraper.py
[2026-01-07T22:10:42.399+0000] {processor.py:830} INFO - Processing file /opt/airflow/dags/pakakumi_scraper.py for tasks to queue
[2026-01-07T22:10:42.404+0000] {logging_mixin.py:188} INFO - [2026-01-07T22:10:42.403+0000] {dagbag.py:540} INFO - Filling up the DagBag from /opt/airflow/dags/pakakumi_scraper.py
[2026-01-07T22:10:42.437+0000] {processor.py:840} INFO - DAG(s) 'pakakumi_scraper' retrieved from /opt/airflow/dags/pakakumi_scraper.py
[2026-01-07T22:10:42.484+0000] {logging_mixin.py:188} INFO - [2026-01-07T22:10:42.483+0000] {dag.py:3096} INFO - Sync 1 DAGs
[2026-01-07T22:10:42.522+0000] {logging_mixin.py:188} INFO - [2026-01-07T22:10:42.521+0000] {dag.py:3954} INFO - Setting next_dagrun for pakakumi_scraper to 2026-01-07 22:00:00+00:00, run_after=2026-01-07 23:00:00+00:00
[2026-01-07T22:10:42.550+0000] {processor.py:183} INFO - Processing /opt/airflow/dags/pakakumi_scraper.py took 0.162 seconds
[2026-01-07T22:11:12.622+0000] {processor.py:161} INFO - Started process (PID=342) to work on /opt/airflow/dags/pakakumi_scraper.py
[2026-01-07T22:11:12.623+0000] {processor.py:830} INFO - Processing file /opt/airflow/dags/pakakumi_scraper.py for tasks to queue
[2026-01-07T22:11:12.626+0000] {logging_mixin.py:188} INFO - [2026-01-07T22:11:12.625+0000] {dagbag.py:540} INFO - Filling up the DagBag from /opt/airflow/dags/pakakumi_scraper.py
[2026-01-07T22:11:12.658+0000] {processor.py:840} INFO - DAG(s) 'pakakumi_scraper' retrieved from /opt/airflow/dags/pakakumi_scraper.py
[2026-01-07T22:11:12.717+0000] {logging_mixin.py:188} INFO - [2026-01-07T22:11:12.716+0000] {dag.py:3096} INFO - Sync 1 DAGs
[2026-01-07T22:11:12.821+0000] {logging_mixin.py:188} INFO - [2026-01-07T22:11:12.820+0000] {dag.py:3954} INFO - Setting next_dagrun for pakakumi_scraper to 2026-01-07 22:00:00+00:00, run_after=2026-01-07 23:00:00+00:00
[2026-01-07T22:11:12.889+0000] {processor.py:183} INFO - Processing /opt/airflow/dags/pakakumi_scraper.py took 0.280 seconds
