[2026-01-02T17:24:48.177+0000] {processor.py:161} INFO - Started process (PID=164) to work on /opt/airflow/dags/pakakumi_scraper.py
[2026-01-02T17:24:48.179+0000] {processor.py:830} INFO - Processing file /opt/airflow/dags/pakakumi_scraper.py for tasks to queue
[2026-01-02T17:24:48.183+0000] {logging_mixin.py:188} INFO - [2026-01-02T17:24:48.182+0000] {dagbag.py:540} INFO - Filling up the DagBag from /opt/airflow/dags/pakakumi_scraper.py
[2026-01-02T17:24:48.279+0000] {processor.py:840} INFO - DAG(s) 'pakakumi_scraper' retrieved from /opt/airflow/dags/pakakumi_scraper.py
[2026-01-02T17:24:48.829+0000] {logging_mixin.py:188} INFO - [2026-01-02T17:24:48.828+0000] {override.py:1829} INFO - Created Permission View: can edit on DAG:pakakumi_scraper
[2026-01-02T17:24:48.845+0000] {logging_mixin.py:188} INFO - [2026-01-02T17:24:48.845+0000] {override.py:1829} INFO - Created Permission View: can delete on DAG:pakakumi_scraper
[2026-01-02T17:24:48.856+0000] {logging_mixin.py:188} INFO - [2026-01-02T17:24:48.855+0000] {override.py:1829} INFO - Created Permission View: can read on DAG:pakakumi_scraper
[2026-01-02T17:24:48.857+0000] {logging_mixin.py:188} INFO - [2026-01-02T17:24:48.857+0000] {dag.py:3096} INFO - Sync 1 DAGs
[2026-01-02T17:24:48.874+0000] {logging_mixin.py:188} INFO - [2026-01-02T17:24:48.874+0000] {dag.py:3118} INFO - Creating ORM DAG for pakakumi_scraper
[2026-01-02T17:24:48.902+0000] {logging_mixin.py:188} INFO - [2026-01-02T17:24:48.902+0000] {dag.py:3954} INFO - Setting next_dagrun for pakakumi_scraper to 2026-01-02 16:00:00+00:00, run_after=2026-01-02 17:00:00+00:00
[2026-01-02T17:24:48.929+0000] {processor.py:183} INFO - Processing /opt/airflow/dags/pakakumi_scraper.py took 0.769 seconds
[2026-01-02T17:25:19.215+0000] {processor.py:161} INFO - Started process (PID=169) to work on /opt/airflow/dags/pakakumi_scraper.py
[2026-01-02T17:25:19.218+0000] {processor.py:830} INFO - Processing file /opt/airflow/dags/pakakumi_scraper.py for tasks to queue
[2026-01-02T17:25:19.224+0000] {logging_mixin.py:188} INFO - [2026-01-02T17:25:19.223+0000] {dagbag.py:540} INFO - Filling up the DagBag from /opt/airflow/dags/pakakumi_scraper.py
[2026-01-02T17:25:19.292+0000] {processor.py:840} INFO - DAG(s) 'pakakumi_scraper' retrieved from /opt/airflow/dags/pakakumi_scraper.py
[2026-01-02T17:25:19.388+0000] {logging_mixin.py:188} INFO - [2026-01-02T17:25:19.387+0000] {dag.py:3096} INFO - Sync 1 DAGs
[2026-01-02T17:25:19.436+0000] {logging_mixin.py:188} INFO - [2026-01-02T17:25:19.436+0000] {dag.py:3954} INFO - Setting next_dagrun for pakakumi_scraper to 2026-01-02 16:00:00+00:00, run_after=2026-01-02 17:00:00+00:00
[2026-01-02T17:25:19.468+0000] {processor.py:183} INFO - Processing /opt/airflow/dags/pakakumi_scraper.py took 0.302 seconds
[2026-01-02T17:25:49.650+0000] {processor.py:161} INFO - Started process (PID=174) to work on /opt/airflow/dags/pakakumi_scraper.py
[2026-01-02T17:25:49.652+0000] {processor.py:830} INFO - Processing file /opt/airflow/dags/pakakumi_scraper.py for tasks to queue
[2026-01-02T17:25:49.656+0000] {logging_mixin.py:188} INFO - [2026-01-02T17:25:49.656+0000] {dagbag.py:540} INFO - Filling up the DagBag from /opt/airflow/dags/pakakumi_scraper.py
[2026-01-02T17:25:49.698+0000] {processor.py:840} INFO - DAG(s) 'pakakumi_scraper' retrieved from /opt/airflow/dags/pakakumi_scraper.py
[2026-01-02T17:25:49.739+0000] {logging_mixin.py:188} INFO - [2026-01-02T17:25:49.738+0000] {dag.py:3096} INFO - Sync 1 DAGs
[2026-01-02T17:25:49.772+0000] {logging_mixin.py:188} INFO - [2026-01-02T17:25:49.771+0000] {dag.py:3954} INFO - Setting next_dagrun for pakakumi_scraper to 2026-01-02 16:00:00+00:00, run_after=2026-01-02 17:00:00+00:00
[2026-01-02T17:25:49.799+0000] {processor.py:183} INFO - Processing /opt/airflow/dags/pakakumi_scraper.py took 0.162 seconds
[2026-01-02T17:26:19.931+0000] {processor.py:161} INFO - Started process (PID=179) to work on /opt/airflow/dags/pakakumi_scraper.py
[2026-01-02T17:26:19.933+0000] {processor.py:830} INFO - Processing file /opt/airflow/dags/pakakumi_scraper.py for tasks to queue
[2026-01-02T17:26:19.936+0000] {logging_mixin.py:188} INFO - [2026-01-02T17:26:19.936+0000] {dagbag.py:540} INFO - Filling up the DagBag from /opt/airflow/dags/pakakumi_scraper.py
[2026-01-02T17:26:19.968+0000] {processor.py:840} INFO - DAG(s) 'pakakumi_scraper' retrieved from /opt/airflow/dags/pakakumi_scraper.py
[2026-01-02T17:26:20.019+0000] {logging_mixin.py:188} INFO - [2026-01-02T17:26:20.018+0000] {dag.py:3096} INFO - Sync 1 DAGs
[2026-01-02T17:26:20.061+0000] {logging_mixin.py:188} INFO - [2026-01-02T17:26:20.061+0000] {dag.py:3954} INFO - Setting next_dagrun for pakakumi_scraper to 2026-01-02 16:00:00+00:00, run_after=2026-01-02 17:00:00+00:00
[2026-01-02T17:26:20.090+0000] {processor.py:183} INFO - Processing /opt/airflow/dags/pakakumi_scraper.py took 0.170 seconds
[2026-01-02T17:26:50.283+0000] {processor.py:161} INFO - Started process (PID=184) to work on /opt/airflow/dags/pakakumi_scraper.py
[2026-01-02T17:26:50.285+0000] {processor.py:830} INFO - Processing file /opt/airflow/dags/pakakumi_scraper.py for tasks to queue
[2026-01-02T17:26:50.288+0000] {logging_mixin.py:188} INFO - [2026-01-02T17:26:50.288+0000] {dagbag.py:540} INFO - Filling up the DagBag from /opt/airflow/dags/pakakumi_scraper.py
[2026-01-02T17:26:50.317+0000] {processor.py:840} INFO - DAG(s) 'pakakumi_scraper' retrieved from /opt/airflow/dags/pakakumi_scraper.py
[2026-01-02T17:26:50.362+0000] {logging_mixin.py:188} INFO - [2026-01-02T17:26:50.362+0000] {dag.py:3096} INFO - Sync 1 DAGs
[2026-01-02T17:26:50.399+0000] {logging_mixin.py:188} INFO - [2026-01-02T17:26:50.399+0000] {dag.py:3954} INFO - Setting next_dagrun for pakakumi_scraper to 2026-01-02 16:00:00+00:00, run_after=2026-01-02 17:00:00+00:00
[2026-01-02T17:26:50.426+0000] {processor.py:183} INFO - Processing /opt/airflow/dags/pakakumi_scraper.py took 0.154 seconds
[2026-01-02T17:27:20.555+0000] {processor.py:161} INFO - Started process (PID=189) to work on /opt/airflow/dags/pakakumi_scraper.py
[2026-01-02T17:27:20.556+0000] {processor.py:830} INFO - Processing file /opt/airflow/dags/pakakumi_scraper.py for tasks to queue
[2026-01-02T17:27:20.560+0000] {logging_mixin.py:188} INFO - [2026-01-02T17:27:20.559+0000] {dagbag.py:540} INFO - Filling up the DagBag from /opt/airflow/dags/pakakumi_scraper.py
[2026-01-02T17:27:20.589+0000] {processor.py:840} INFO - DAG(s) 'pakakumi_scraper' retrieved from /opt/airflow/dags/pakakumi_scraper.py
[2026-01-02T17:27:20.635+0000] {logging_mixin.py:188} INFO - [2026-01-02T17:27:20.635+0000] {dag.py:3096} INFO - Sync 1 DAGs
[2026-01-02T17:27:20.672+0000] {logging_mixin.py:188} INFO - [2026-01-02T17:27:20.672+0000] {dag.py:3954} INFO - Setting next_dagrun for pakakumi_scraper to 2026-01-02 16:00:00+00:00, run_after=2026-01-02 17:00:00+00:00
[2026-01-02T17:27:20.705+0000] {processor.py:183} INFO - Processing /opt/airflow/dags/pakakumi_scraper.py took 0.160 seconds
[2026-01-02T17:27:50.974+0000] {processor.py:161} INFO - Started process (PID=194) to work on /opt/airflow/dags/pakakumi_scraper.py
[2026-01-02T17:27:50.976+0000] {processor.py:830} INFO - Processing file /opt/airflow/dags/pakakumi_scraper.py for tasks to queue
[2026-01-02T17:27:50.981+0000] {logging_mixin.py:188} INFO - [2026-01-02T17:27:50.980+0000] {dagbag.py:540} INFO - Filling up the DagBag from /opt/airflow/dags/pakakumi_scraper.py
[2026-01-02T17:27:51.023+0000] {processor.py:840} INFO - DAG(s) 'pakakumi_scraper' retrieved from /opt/airflow/dags/pakakumi_scraper.py
[2026-01-02T17:27:51.071+0000] {logging_mixin.py:188} INFO - [2026-01-02T17:27:51.070+0000] {dag.py:3096} INFO - Sync 1 DAGs
[2026-01-02T17:27:51.111+0000] {logging_mixin.py:188} INFO - [2026-01-02T17:27:51.110+0000] {dag.py:3954} INFO - Setting next_dagrun for pakakumi_scraper to 2026-01-02 16:00:00+00:00, run_after=2026-01-02 17:00:00+00:00
[2026-01-02T17:27:51.141+0000] {processor.py:183} INFO - Processing /opt/airflow/dags/pakakumi_scraper.py took 0.182 seconds
[2026-01-02T17:28:21.209+0000] {processor.py:161} INFO - Started process (PID=199) to work on /opt/airflow/dags/pakakumi_scraper.py
[2026-01-02T17:28:21.210+0000] {processor.py:830} INFO - Processing file /opt/airflow/dags/pakakumi_scraper.py for tasks to queue
[2026-01-02T17:28:21.214+0000] {logging_mixin.py:188} INFO - [2026-01-02T17:28:21.213+0000] {dagbag.py:540} INFO - Filling up the DagBag from /opt/airflow/dags/pakakumi_scraper.py
[2026-01-02T17:28:21.246+0000] {processor.py:840} INFO - DAG(s) 'pakakumi_scraper' retrieved from /opt/airflow/dags/pakakumi_scraper.py
[2026-01-02T17:28:21.292+0000] {logging_mixin.py:188} INFO - [2026-01-02T17:28:21.292+0000] {dag.py:3096} INFO - Sync 1 DAGs
[2026-01-02T17:28:21.328+0000] {logging_mixin.py:188} INFO - [2026-01-02T17:28:21.328+0000] {dag.py:3954} INFO - Setting next_dagrun for pakakumi_scraper to 2026-01-02 16:00:00+00:00, run_after=2026-01-02 17:00:00+00:00
[2026-01-02T17:28:21.355+0000] {processor.py:183} INFO - Processing /opt/airflow/dags/pakakumi_scraper.py took 0.156 seconds
[2026-01-02T17:28:51.485+0000] {processor.py:161} INFO - Started process (PID=204) to work on /opt/airflow/dags/pakakumi_scraper.py
[2026-01-02T17:28:51.487+0000] {processor.py:830} INFO - Processing file /opt/airflow/dags/pakakumi_scraper.py for tasks to queue
[2026-01-02T17:28:51.491+0000] {logging_mixin.py:188} INFO - [2026-01-02T17:28:51.490+0000] {dagbag.py:540} INFO - Filling up the DagBag from /opt/airflow/dags/pakakumi_scraper.py
[2026-01-02T17:28:51.522+0000] {processor.py:840} INFO - DAG(s) 'pakakumi_scraper' retrieved from /opt/airflow/dags/pakakumi_scraper.py
[2026-01-02T17:28:51.568+0000] {logging_mixin.py:188} INFO - [2026-01-02T17:28:51.567+0000] {dag.py:3096} INFO - Sync 1 DAGs
[2026-01-02T17:28:51.600+0000] {logging_mixin.py:188} INFO - [2026-01-02T17:28:51.600+0000] {dag.py:3954} INFO - Setting next_dagrun for pakakumi_scraper to 2026-01-02 16:00:00+00:00, run_after=2026-01-02 17:00:00+00:00
[2026-01-02T17:28:51.625+0000] {processor.py:183} INFO - Processing /opt/airflow/dags/pakakumi_scraper.py took 0.153 seconds
[2026-01-02T17:29:21.841+0000] {processor.py:161} INFO - Started process (PID=209) to work on /opt/airflow/dags/pakakumi_scraper.py
[2026-01-02T17:29:21.842+0000] {processor.py:830} INFO - Processing file /opt/airflow/dags/pakakumi_scraper.py for tasks to queue
[2026-01-02T17:29:21.846+0000] {logging_mixin.py:188} INFO - [2026-01-02T17:29:21.845+0000] {dagbag.py:540} INFO - Filling up the DagBag from /opt/airflow/dags/pakakumi_scraper.py
[2026-01-02T17:29:21.878+0000] {processor.py:840} INFO - DAG(s) 'pakakumi_scraper' retrieved from /opt/airflow/dags/pakakumi_scraper.py
[2026-01-02T17:29:21.922+0000] {logging_mixin.py:188} INFO - [2026-01-02T17:29:21.922+0000] {dag.py:3096} INFO - Sync 1 DAGs
[2026-01-02T17:29:21.959+0000] {logging_mixin.py:188} INFO - [2026-01-02T17:29:21.958+0000] {dag.py:3954} INFO - Setting next_dagrun for pakakumi_scraper to 2026-01-02 16:00:00+00:00, run_after=2026-01-02 17:00:00+00:00
[2026-01-02T17:29:21.985+0000] {processor.py:183} INFO - Processing /opt/airflow/dags/pakakumi_scraper.py took 0.154 seconds
[2026-01-02T17:29:52.156+0000] {processor.py:161} INFO - Started process (PID=214) to work on /opt/airflow/dags/pakakumi_scraper.py
[2026-01-02T17:29:52.158+0000] {processor.py:830} INFO - Processing file /opt/airflow/dags/pakakumi_scraper.py for tasks to queue
[2026-01-02T17:29:52.162+0000] {logging_mixin.py:188} INFO - [2026-01-02T17:29:52.161+0000] {dagbag.py:540} INFO - Filling up the DagBag from /opt/airflow/dags/pakakumi_scraper.py
[2026-01-02T17:29:52.197+0000] {processor.py:840} INFO - DAG(s) 'pakakumi_scraper' retrieved from /opt/airflow/dags/pakakumi_scraper.py
[2026-01-02T17:29:52.239+0000] {logging_mixin.py:188} INFO - [2026-01-02T17:29:52.239+0000] {dag.py:3096} INFO - Sync 1 DAGs
[2026-01-02T17:29:52.274+0000] {logging_mixin.py:188} INFO - [2026-01-02T17:29:52.274+0000] {dag.py:3954} INFO - Setting next_dagrun for pakakumi_scraper to 2026-01-02 16:00:00+00:00, run_after=2026-01-02 17:00:00+00:00
[2026-01-02T17:29:52.300+0000] {processor.py:183} INFO - Processing /opt/airflow/dags/pakakumi_scraper.py took 0.155 seconds
[2026-01-02T17:30:22.420+0000] {processor.py:161} INFO - Started process (PID=219) to work on /opt/airflow/dags/pakakumi_scraper.py
[2026-01-02T17:30:22.422+0000] {processor.py:830} INFO - Processing file /opt/airflow/dags/pakakumi_scraper.py for tasks to queue
[2026-01-02T17:30:22.426+0000] {logging_mixin.py:188} INFO - [2026-01-02T17:30:22.425+0000] {dagbag.py:540} INFO - Filling up the DagBag from /opt/airflow/dags/pakakumi_scraper.py
[2026-01-02T17:30:22.456+0000] {processor.py:840} INFO - DAG(s) 'pakakumi_scraper' retrieved from /opt/airflow/dags/pakakumi_scraper.py
[2026-01-02T17:30:22.497+0000] {logging_mixin.py:188} INFO - [2026-01-02T17:30:22.497+0000] {dag.py:3096} INFO - Sync 1 DAGs
[2026-01-02T17:30:22.533+0000] {logging_mixin.py:188} INFO - [2026-01-02T17:30:22.532+0000] {dag.py:3954} INFO - Setting next_dagrun for pakakumi_scraper to 2026-01-02 16:00:00+00:00, run_after=2026-01-02 17:00:00+00:00
[2026-01-02T17:30:22.559+0000] {processor.py:183} INFO - Processing /opt/airflow/dags/pakakumi_scraper.py took 0.152 seconds
[2026-01-02T17:30:52.796+0000] {processor.py:161} INFO - Started process (PID=224) to work on /opt/airflow/dags/pakakumi_scraper.py
[2026-01-02T17:30:52.797+0000] {processor.py:830} INFO - Processing file /opt/airflow/dags/pakakumi_scraper.py for tasks to queue
[2026-01-02T17:30:52.801+0000] {logging_mixin.py:188} INFO - [2026-01-02T17:30:52.800+0000] {dagbag.py:540} INFO - Filling up the DagBag from /opt/airflow/dags/pakakumi_scraper.py
[2026-01-02T17:30:52.829+0000] {processor.py:840} INFO - DAG(s) 'pakakumi_scraper' retrieved from /opt/airflow/dags/pakakumi_scraper.py
[2026-01-02T17:30:52.872+0000] {logging_mixin.py:188} INFO - [2026-01-02T17:30:52.872+0000] {dag.py:3096} INFO - Sync 1 DAGs
[2026-01-02T17:30:52.910+0000] {logging_mixin.py:188} INFO - [2026-01-02T17:30:52.909+0000] {dag.py:3954} INFO - Setting next_dagrun for pakakumi_scraper to 2026-01-02 16:00:00+00:00, run_after=2026-01-02 17:00:00+00:00
[2026-01-02T17:30:52.938+0000] {processor.py:183} INFO - Processing /opt/airflow/dags/pakakumi_scraper.py took 0.151 seconds
[2026-01-02T17:31:23.061+0000] {processor.py:161} INFO - Started process (PID=229) to work on /opt/airflow/dags/pakakumi_scraper.py
[2026-01-02T17:31:23.063+0000] {processor.py:830} INFO - Processing file /opt/airflow/dags/pakakumi_scraper.py for tasks to queue
[2026-01-02T17:31:23.066+0000] {logging_mixin.py:188} INFO - [2026-01-02T17:31:23.066+0000] {dagbag.py:540} INFO - Filling up the DagBag from /opt/airflow/dags/pakakumi_scraper.py
[2026-01-02T17:31:23.093+0000] {processor.py:840} INFO - DAG(s) 'pakakumi_scraper' retrieved from /opt/airflow/dags/pakakumi_scraper.py
[2026-01-02T17:31:23.137+0000] {logging_mixin.py:188} INFO - [2026-01-02T17:31:23.137+0000] {dag.py:3096} INFO - Sync 1 DAGs
[2026-01-02T17:31:23.170+0000] {logging_mixin.py:188} INFO - [2026-01-02T17:31:23.170+0000] {dag.py:3954} INFO - Setting next_dagrun for pakakumi_scraper to 2026-01-02 16:00:00+00:00, run_after=2026-01-02 17:00:00+00:00
[2026-01-02T17:31:23.196+0000] {processor.py:183} INFO - Processing /opt/airflow/dags/pakakumi_scraper.py took 0.149 seconds
[2026-01-02T17:31:53.439+0000] {processor.py:161} INFO - Started process (PID=234) to work on /opt/airflow/dags/pakakumi_scraper.py
[2026-01-02T17:31:53.441+0000] {processor.py:830} INFO - Processing file /opt/airflow/dags/pakakumi_scraper.py for tasks to queue
[2026-01-02T17:31:53.444+0000] {logging_mixin.py:188} INFO - [2026-01-02T17:31:53.443+0000] {dagbag.py:540} INFO - Filling up the DagBag from /opt/airflow/dags/pakakumi_scraper.py
[2026-01-02T17:31:53.473+0000] {processor.py:840} INFO - DAG(s) 'pakakumi_scraper' retrieved from /opt/airflow/dags/pakakumi_scraper.py
[2026-01-02T17:31:53.514+0000] {logging_mixin.py:188} INFO - [2026-01-02T17:31:53.514+0000] {dag.py:3096} INFO - Sync 1 DAGs
[2026-01-02T17:31:53.547+0000] {logging_mixin.py:188} INFO - [2026-01-02T17:31:53.547+0000] {dag.py:3954} INFO - Setting next_dagrun for pakakumi_scraper to 2026-01-02 16:00:00+00:00, run_after=2026-01-02 17:00:00+00:00
[2026-01-02T17:31:53.574+0000] {processor.py:183} INFO - Processing /opt/airflow/dags/pakakumi_scraper.py took 0.144 seconds
[2026-01-02T17:32:23.688+0000] {processor.py:161} INFO - Started process (PID=239) to work on /opt/airflow/dags/pakakumi_scraper.py
[2026-01-02T17:32:23.690+0000] {processor.py:830} INFO - Processing file /opt/airflow/dags/pakakumi_scraper.py for tasks to queue
[2026-01-02T17:32:23.693+0000] {logging_mixin.py:188} INFO - [2026-01-02T17:32:23.692+0000] {dagbag.py:540} INFO - Filling up the DagBag from /opt/airflow/dags/pakakumi_scraper.py
[2026-01-02T17:32:23.719+0000] {processor.py:840} INFO - DAG(s) 'pakakumi_scraper' retrieved from /opt/airflow/dags/pakakumi_scraper.py
[2026-01-02T17:32:23.761+0000] {logging_mixin.py:188} INFO - [2026-01-02T17:32:23.761+0000] {dag.py:3096} INFO - Sync 1 DAGs
[2026-01-02T17:32:23.794+0000] {logging_mixin.py:188} INFO - [2026-01-02T17:32:23.793+0000] {dag.py:3954} INFO - Setting next_dagrun for pakakumi_scraper to 2026-01-02 16:00:00+00:00, run_after=2026-01-02 17:00:00+00:00
[2026-01-02T17:32:23.822+0000] {processor.py:183} INFO - Processing /opt/airflow/dags/pakakumi_scraper.py took 0.144 seconds
[2026-01-02T17:32:54.051+0000] {processor.py:161} INFO - Started process (PID=244) to work on /opt/airflow/dags/pakakumi_scraper.py
[2026-01-02T17:32:54.053+0000] {processor.py:830} INFO - Processing file /opt/airflow/dags/pakakumi_scraper.py for tasks to queue
[2026-01-02T17:32:54.057+0000] {logging_mixin.py:188} INFO - [2026-01-02T17:32:54.056+0000] {dagbag.py:540} INFO - Filling up the DagBag from /opt/airflow/dags/pakakumi_scraper.py
[2026-01-02T17:32:54.087+0000] {processor.py:840} INFO - DAG(s) 'pakakumi_scraper' retrieved from /opt/airflow/dags/pakakumi_scraper.py
[2026-01-02T17:32:54.135+0000] {logging_mixin.py:188} INFO - [2026-01-02T17:32:54.134+0000] {dag.py:3096} INFO - Sync 1 DAGs
[2026-01-02T17:32:54.180+0000] {logging_mixin.py:188} INFO - [2026-01-02T17:32:54.179+0000] {dag.py:3954} INFO - Setting next_dagrun for pakakumi_scraper to 2026-01-02 16:00:00+00:00, run_after=2026-01-02 17:00:00+00:00
[2026-01-02T17:32:54.209+0000] {processor.py:183} INFO - Processing /opt/airflow/dags/pakakumi_scraper.py took 0.168 seconds
[2026-01-02T17:33:24.298+0000] {processor.py:161} INFO - Started process (PID=249) to work on /opt/airflow/dags/pakakumi_scraper.py
[2026-01-02T17:33:24.300+0000] {processor.py:830} INFO - Processing file /opt/airflow/dags/pakakumi_scraper.py for tasks to queue
[2026-01-02T17:33:24.304+0000] {logging_mixin.py:188} INFO - [2026-01-02T17:33:24.304+0000] {dagbag.py:540} INFO - Filling up the DagBag from /opt/airflow/dags/pakakumi_scraper.py
[2026-01-02T17:33:24.338+0000] {processor.py:840} INFO - DAG(s) 'pakakumi_scraper' retrieved from /opt/airflow/dags/pakakumi_scraper.py
[2026-01-02T17:33:24.381+0000] {logging_mixin.py:188} INFO - [2026-01-02T17:33:24.381+0000] {dag.py:3096} INFO - Sync 1 DAGs
[2026-01-02T17:33:24.414+0000] {logging_mixin.py:188} INFO - [2026-01-02T17:33:24.414+0000] {dag.py:3954} INFO - Setting next_dagrun for pakakumi_scraper to 2026-01-02 16:00:00+00:00, run_after=2026-01-02 17:00:00+00:00
[2026-01-02T17:33:24.441+0000] {processor.py:183} INFO - Processing /opt/airflow/dags/pakakumi_scraper.py took 0.156 seconds
[2026-01-02T17:33:54.708+0000] {processor.py:161} INFO - Started process (PID=254) to work on /opt/airflow/dags/pakakumi_scraper.py
[2026-01-02T17:33:54.710+0000] {processor.py:830} INFO - Processing file /opt/airflow/dags/pakakumi_scraper.py for tasks to queue
[2026-01-02T17:33:54.713+0000] {logging_mixin.py:188} INFO - [2026-01-02T17:33:54.713+0000] {dagbag.py:540} INFO - Filling up the DagBag from /opt/airflow/dags/pakakumi_scraper.py
[2026-01-02T17:33:54.741+0000] {processor.py:840} INFO - DAG(s) 'pakakumi_scraper' retrieved from /opt/airflow/dags/pakakumi_scraper.py
[2026-01-02T17:33:54.783+0000] {logging_mixin.py:188} INFO - [2026-01-02T17:33:54.782+0000] {dag.py:3096} INFO - Sync 1 DAGs
[2026-01-02T17:33:54.818+0000] {logging_mixin.py:188} INFO - [2026-01-02T17:33:54.818+0000] {dag.py:3954} INFO - Setting next_dagrun for pakakumi_scraper to 2026-01-02 16:00:00+00:00, run_after=2026-01-02 17:00:00+00:00
[2026-01-02T17:33:54.847+0000] {processor.py:183} INFO - Processing /opt/airflow/dags/pakakumi_scraper.py took 0.149 seconds
[2026-01-02T17:34:24.982+0000] {processor.py:161} INFO - Started process (PID=259) to work on /opt/airflow/dags/pakakumi_scraper.py
[2026-01-02T17:34:24.984+0000] {processor.py:830} INFO - Processing file /opt/airflow/dags/pakakumi_scraper.py for tasks to queue
[2026-01-02T17:34:24.987+0000] {logging_mixin.py:188} INFO - [2026-01-02T17:34:24.987+0000] {dagbag.py:540} INFO - Filling up the DagBag from /opt/airflow/dags/pakakumi_scraper.py
[2026-01-02T17:34:25.018+0000] {processor.py:840} INFO - DAG(s) 'pakakumi_scraper' retrieved from /opt/airflow/dags/pakakumi_scraper.py
[2026-01-02T17:34:25.065+0000] {logging_mixin.py:188} INFO - [2026-01-02T17:34:25.065+0000] {dag.py:3096} INFO - Sync 1 DAGs
[2026-01-02T17:34:25.104+0000] {logging_mixin.py:188} INFO - [2026-01-02T17:34:25.103+0000] {dag.py:3954} INFO - Setting next_dagrun for pakakumi_scraper to 2026-01-02 16:00:00+00:00, run_after=2026-01-02 17:00:00+00:00
[2026-01-02T17:34:25.136+0000] {processor.py:183} INFO - Processing /opt/airflow/dags/pakakumi_scraper.py took 0.164 seconds
[2026-01-02T17:34:55.438+0000] {processor.py:161} INFO - Started process (PID=264) to work on /opt/airflow/dags/pakakumi_scraper.py
[2026-01-02T17:34:55.440+0000] {processor.py:830} INFO - Processing file /opt/airflow/dags/pakakumi_scraper.py for tasks to queue
[2026-01-02T17:34:55.443+0000] {logging_mixin.py:188} INFO - [2026-01-02T17:34:55.443+0000] {dagbag.py:540} INFO - Filling up the DagBag from /opt/airflow/dags/pakakumi_scraper.py
[2026-01-02T17:34:55.473+0000] {processor.py:840} INFO - DAG(s) 'pakakumi_scraper' retrieved from /opt/airflow/dags/pakakumi_scraper.py
[2026-01-02T17:34:55.513+0000] {logging_mixin.py:188} INFO - [2026-01-02T17:34:55.513+0000] {dag.py:3096} INFO - Sync 1 DAGs
[2026-01-02T17:34:55.549+0000] {logging_mixin.py:188} INFO - [2026-01-02T17:34:55.548+0000] {dag.py:3954} INFO - Setting next_dagrun for pakakumi_scraper to 2026-01-02 16:00:00+00:00, run_after=2026-01-02 17:00:00+00:00
[2026-01-02T17:34:55.576+0000] {processor.py:183} INFO - Processing /opt/airflow/dags/pakakumi_scraper.py took 0.147 seconds
[2026-01-02T17:35:25.728+0000] {processor.py:161} INFO - Started process (PID=269) to work on /opt/airflow/dags/pakakumi_scraper.py
[2026-01-02T17:35:25.730+0000] {processor.py:830} INFO - Processing file /opt/airflow/dags/pakakumi_scraper.py for tasks to queue
[2026-01-02T17:35:25.734+0000] {logging_mixin.py:188} INFO - [2026-01-02T17:35:25.734+0000] {dagbag.py:540} INFO - Filling up the DagBag from /opt/airflow/dags/pakakumi_scraper.py
[2026-01-02T17:35:25.762+0000] {processor.py:840} INFO - DAG(s) 'pakakumi_scraper' retrieved from /opt/airflow/dags/pakakumi_scraper.py
[2026-01-02T17:35:25.805+0000] {logging_mixin.py:188} INFO - [2026-01-02T17:35:25.805+0000] {dag.py:3096} INFO - Sync 1 DAGs
[2026-01-02T17:35:25.838+0000] {logging_mixin.py:188} INFO - [2026-01-02T17:35:25.837+0000] {dag.py:3954} INFO - Setting next_dagrun for pakakumi_scraper to 2026-01-02 16:00:00+00:00, run_after=2026-01-02 17:00:00+00:00
[2026-01-02T17:35:25.866+0000] {processor.py:183} INFO - Processing /opt/airflow/dags/pakakumi_scraper.py took 0.151 seconds
[2026-01-02T17:35:56.097+0000] {processor.py:161} INFO - Started process (PID=274) to work on /opt/airflow/dags/pakakumi_scraper.py
[2026-01-02T17:35:56.100+0000] {processor.py:830} INFO - Processing file /opt/airflow/dags/pakakumi_scraper.py for tasks to queue
[2026-01-02T17:35:56.103+0000] {logging_mixin.py:188} INFO - [2026-01-02T17:35:56.103+0000] {dagbag.py:540} INFO - Filling up the DagBag from /opt/airflow/dags/pakakumi_scraper.py
[2026-01-02T17:35:56.137+0000] {processor.py:840} INFO - DAG(s) 'pakakumi_scraper' retrieved from /opt/airflow/dags/pakakumi_scraper.py
[2026-01-02T17:35:56.178+0000] {logging_mixin.py:188} INFO - [2026-01-02T17:35:56.178+0000] {dag.py:3096} INFO - Sync 1 DAGs
[2026-01-02T17:35:56.215+0000] {logging_mixin.py:188} INFO - [2026-01-02T17:35:56.215+0000] {dag.py:3954} INFO - Setting next_dagrun for pakakumi_scraper to 2026-01-02 16:00:00+00:00, run_after=2026-01-02 17:00:00+00:00
[2026-01-02T17:35:56.244+0000] {processor.py:183} INFO - Processing /opt/airflow/dags/pakakumi_scraper.py took 0.165 seconds
[2026-01-02T17:36:26.371+0000] {processor.py:161} INFO - Started process (PID=279) to work on /opt/airflow/dags/pakakumi_scraper.py
[2026-01-02T17:36:26.373+0000] {processor.py:830} INFO - Processing file /opt/airflow/dags/pakakumi_scraper.py for tasks to queue
[2026-01-02T17:36:26.376+0000] {logging_mixin.py:188} INFO - [2026-01-02T17:36:26.375+0000] {dagbag.py:540} INFO - Filling up the DagBag from /opt/airflow/dags/pakakumi_scraper.py
[2026-01-02T17:36:26.420+0000] {processor.py:840} INFO - DAG(s) 'pakakumi_scraper' retrieved from /opt/airflow/dags/pakakumi_scraper.py
[2026-01-02T17:36:26.490+0000] {logging_mixin.py:188} INFO - [2026-01-02T17:36:26.489+0000] {dag.py:3096} INFO - Sync 1 DAGs
[2026-01-02T17:36:26.527+0000] {logging_mixin.py:188} INFO - [2026-01-02T17:36:26.527+0000] {dag.py:3954} INFO - Setting next_dagrun for pakakumi_scraper to 2026-01-02 16:00:00+00:00, run_after=2026-01-02 17:00:00+00:00
[2026-01-02T17:36:26.555+0000] {processor.py:183} INFO - Processing /opt/airflow/dags/pakakumi_scraper.py took 0.198 seconds
[2026-01-02T17:36:56.772+0000] {processor.py:161} INFO - Started process (PID=284) to work on /opt/airflow/dags/pakakumi_scraper.py
[2026-01-02T17:36:56.773+0000] {processor.py:830} INFO - Processing file /opt/airflow/dags/pakakumi_scraper.py for tasks to queue
[2026-01-02T17:36:56.777+0000] {logging_mixin.py:188} INFO - [2026-01-02T17:36:56.776+0000] {dagbag.py:540} INFO - Filling up the DagBag from /opt/airflow/dags/pakakumi_scraper.py
[2026-01-02T17:36:56.803+0000] {processor.py:840} INFO - DAG(s) 'pakakumi_scraper' retrieved from /opt/airflow/dags/pakakumi_scraper.py
[2026-01-02T17:36:56.846+0000] {logging_mixin.py:188} INFO - [2026-01-02T17:36:56.846+0000] {dag.py:3096} INFO - Sync 1 DAGs
[2026-01-02T17:36:56.882+0000] {logging_mixin.py:188} INFO - [2026-01-02T17:36:56.882+0000] {dag.py:3954} INFO - Setting next_dagrun for pakakumi_scraper to 2026-01-02 16:00:00+00:00, run_after=2026-01-02 17:00:00+00:00
[2026-01-02T17:36:56.912+0000] {processor.py:183} INFO - Processing /opt/airflow/dags/pakakumi_scraper.py took 0.149 seconds
[2026-01-02T17:37:27.040+0000] {processor.py:161} INFO - Started process (PID=289) to work on /opt/airflow/dags/pakakumi_scraper.py
[2026-01-02T17:37:27.042+0000] {processor.py:830} INFO - Processing file /opt/airflow/dags/pakakumi_scraper.py for tasks to queue
[2026-01-02T17:37:27.045+0000] {logging_mixin.py:188} INFO - [2026-01-02T17:37:27.044+0000] {dagbag.py:540} INFO - Filling up the DagBag from /opt/airflow/dags/pakakumi_scraper.py
[2026-01-02T17:37:27.078+0000] {processor.py:840} INFO - DAG(s) 'pakakumi_scraper' retrieved from /opt/airflow/dags/pakakumi_scraper.py
[2026-01-02T17:37:27.183+0000] {logging_mixin.py:188} INFO - [2026-01-02T17:37:27.182+0000] {dag.py:3096} INFO - Sync 1 DAGs
[2026-01-02T17:37:27.278+0000] {logging_mixin.py:188} INFO - [2026-01-02T17:37:27.277+0000] {dag.py:3954} INFO - Setting next_dagrun for pakakumi_scraper to 2026-01-02 16:00:00+00:00, run_after=2026-01-02 17:00:00+00:00
[2026-01-02T17:37:27.334+0000] {processor.py:183} INFO - Processing /opt/airflow/dags/pakakumi_scraper.py took 0.303 seconds
[2026-01-02T17:37:57.424+0000] {processor.py:161} INFO - Started process (PID=294) to work on /opt/airflow/dags/pakakumi_scraper.py
[2026-01-02T17:37:57.426+0000] {processor.py:830} INFO - Processing file /opt/airflow/dags/pakakumi_scraper.py for tasks to queue
[2026-01-02T17:37:57.429+0000] {logging_mixin.py:188} INFO - [2026-01-02T17:37:57.428+0000] {dagbag.py:540} INFO - Filling up the DagBag from /opt/airflow/dags/pakakumi_scraper.py
[2026-01-02T17:37:57.457+0000] {processor.py:840} INFO - DAG(s) 'pakakumi_scraper' retrieved from /opt/airflow/dags/pakakumi_scraper.py
[2026-01-02T17:37:57.500+0000] {logging_mixin.py:188} INFO - [2026-01-02T17:37:57.500+0000] {dag.py:3096} INFO - Sync 1 DAGs
[2026-01-02T17:37:57.546+0000] {logging_mixin.py:188} INFO - [2026-01-02T17:37:57.545+0000] {dag.py:3954} INFO - Setting next_dagrun for pakakumi_scraper to 2026-01-02 16:00:00+00:00, run_after=2026-01-02 17:00:00+00:00
[2026-01-02T17:37:57.583+0000] {processor.py:183} INFO - Processing /opt/airflow/dags/pakakumi_scraper.py took 0.169 seconds
[2026-01-02T17:38:27.839+0000] {processor.py:161} INFO - Started process (PID=299) to work on /opt/airflow/dags/pakakumi_scraper.py
[2026-01-02T17:38:27.841+0000] {processor.py:830} INFO - Processing file /opt/airflow/dags/pakakumi_scraper.py for tasks to queue
[2026-01-02T17:38:27.844+0000] {logging_mixin.py:188} INFO - [2026-01-02T17:38:27.843+0000] {dagbag.py:540} INFO - Filling up the DagBag from /opt/airflow/dags/pakakumi_scraper.py
[2026-01-02T17:38:27.870+0000] {processor.py:840} INFO - DAG(s) 'pakakumi_scraper' retrieved from /opt/airflow/dags/pakakumi_scraper.py
[2026-01-02T17:38:27.912+0000] {logging_mixin.py:188} INFO - [2026-01-02T17:38:27.911+0000] {dag.py:3096} INFO - Sync 1 DAGs
[2026-01-02T17:38:27.944+0000] {logging_mixin.py:188} INFO - [2026-01-02T17:38:27.944+0000] {dag.py:3954} INFO - Setting next_dagrun for pakakumi_scraper to 2026-01-02 16:00:00+00:00, run_after=2026-01-02 17:00:00+00:00
[2026-01-02T17:38:27.972+0000] {processor.py:183} INFO - Processing /opt/airflow/dags/pakakumi_scraper.py took 0.142 seconds
[2026-01-02T17:38:58.155+0000] {processor.py:161} INFO - Started process (PID=304) to work on /opt/airflow/dags/pakakumi_scraper.py
[2026-01-02T17:38:58.157+0000] {processor.py:830} INFO - Processing file /opt/airflow/dags/pakakumi_scraper.py for tasks to queue
[2026-01-02T17:38:58.161+0000] {logging_mixin.py:188} INFO - [2026-01-02T17:38:58.160+0000] {dagbag.py:540} INFO - Filling up the DagBag from /opt/airflow/dags/pakakumi_scraper.py
[2026-01-02T17:38:58.190+0000] {processor.py:840} INFO - DAG(s) 'pakakumi_scraper' retrieved from /opt/airflow/dags/pakakumi_scraper.py
[2026-01-02T17:38:58.232+0000] {logging_mixin.py:188} INFO - [2026-01-02T17:38:58.232+0000] {dag.py:3096} INFO - Sync 1 DAGs
[2026-01-02T17:38:58.266+0000] {logging_mixin.py:188} INFO - [2026-01-02T17:38:58.266+0000] {dag.py:3954} INFO - Setting next_dagrun for pakakumi_scraper to 2026-01-02 16:00:00+00:00, run_after=2026-01-02 17:00:00+00:00
[2026-01-02T17:38:58.294+0000] {processor.py:183} INFO - Processing /opt/airflow/dags/pakakumi_scraper.py took 0.152 seconds
[2026-01-02T17:39:28.496+0000] {processor.py:161} INFO - Started process (PID=309) to work on /opt/airflow/dags/pakakumi_scraper.py
[2026-01-02T17:39:28.498+0000] {processor.py:830} INFO - Processing file /opt/airflow/dags/pakakumi_scraper.py for tasks to queue
[2026-01-02T17:39:28.502+0000] {logging_mixin.py:188} INFO - [2026-01-02T17:39:28.501+0000] {dagbag.py:540} INFO - Filling up the DagBag from /opt/airflow/dags/pakakumi_scraper.py
[2026-01-02T17:39:28.533+0000] {processor.py:840} INFO - DAG(s) 'pakakumi_scraper' retrieved from /opt/airflow/dags/pakakumi_scraper.py
[2026-01-02T17:39:28.576+0000] {logging_mixin.py:188} INFO - [2026-01-02T17:39:28.576+0000] {dag.py:3096} INFO - Sync 1 DAGs
[2026-01-02T17:39:28.613+0000] {logging_mixin.py:188} INFO - [2026-01-02T17:39:28.612+0000] {dag.py:3954} INFO - Setting next_dagrun for pakakumi_scraper to 2026-01-02 16:00:00+00:00, run_after=2026-01-02 17:00:00+00:00
[2026-01-02T17:39:28.641+0000] {processor.py:183} INFO - Processing /opt/airflow/dags/pakakumi_scraper.py took 0.155 seconds
[2026-01-02T17:39:58.790+0000] {processor.py:161} INFO - Started process (PID=314) to work on /opt/airflow/dags/pakakumi_scraper.py
[2026-01-02T17:39:58.791+0000] {processor.py:830} INFO - Processing file /opt/airflow/dags/pakakumi_scraper.py for tasks to queue
[2026-01-02T17:39:58.794+0000] {logging_mixin.py:188} INFO - [2026-01-02T17:39:58.794+0000] {dagbag.py:540} INFO - Filling up the DagBag from /opt/airflow/dags/pakakumi_scraper.py
[2026-01-02T17:39:58.822+0000] {processor.py:840} INFO - DAG(s) 'pakakumi_scraper' retrieved from /opt/airflow/dags/pakakumi_scraper.py
[2026-01-02T17:39:58.867+0000] {logging_mixin.py:188} INFO - [2026-01-02T17:39:58.866+0000] {dag.py:3096} INFO - Sync 1 DAGs
[2026-01-02T17:39:58.902+0000] {logging_mixin.py:188} INFO - [2026-01-02T17:39:58.902+0000] {dag.py:3954} INFO - Setting next_dagrun for pakakumi_scraper to 2026-01-02 16:00:00+00:00, run_after=2026-01-02 17:00:00+00:00
[2026-01-02T17:39:58.933+0000] {processor.py:183} INFO - Processing /opt/airflow/dags/pakakumi_scraper.py took 0.153 seconds
[2026-01-02T17:40:29.090+0000] {processor.py:161} INFO - Started process (PID=319) to work on /opt/airflow/dags/pakakumi_scraper.py
[2026-01-02T17:40:29.092+0000] {processor.py:830} INFO - Processing file /opt/airflow/dags/pakakumi_scraper.py for tasks to queue
[2026-01-02T17:40:29.095+0000] {logging_mixin.py:188} INFO - [2026-01-02T17:40:29.095+0000] {dagbag.py:540} INFO - Filling up the DagBag from /opt/airflow/dags/pakakumi_scraper.py
[2026-01-02T17:40:29.127+0000] {processor.py:840} INFO - DAG(s) 'pakakumi_scraper' retrieved from /opt/airflow/dags/pakakumi_scraper.py
[2026-01-02T17:40:29.172+0000] {logging_mixin.py:188} INFO - [2026-01-02T17:40:29.171+0000] {dag.py:3096} INFO - Sync 1 DAGs
[2026-01-02T17:40:29.208+0000] {logging_mixin.py:188} INFO - [2026-01-02T17:40:29.208+0000] {dag.py:3954} INFO - Setting next_dagrun for pakakumi_scraper to 2026-01-02 16:00:00+00:00, run_after=2026-01-02 17:00:00+00:00
[2026-01-02T17:40:29.234+0000] {processor.py:183} INFO - Processing /opt/airflow/dags/pakakumi_scraper.py took 0.154 seconds
[2026-01-02T17:40:59.456+0000] {processor.py:161} INFO - Started process (PID=324) to work on /opt/airflow/dags/pakakumi_scraper.py
[2026-01-02T17:40:59.457+0000] {processor.py:830} INFO - Processing file /opt/airflow/dags/pakakumi_scraper.py for tasks to queue
[2026-01-02T17:40:59.461+0000] {logging_mixin.py:188} INFO - [2026-01-02T17:40:59.460+0000] {dagbag.py:540} INFO - Filling up the DagBag from /opt/airflow/dags/pakakumi_scraper.py
[2026-01-02T17:40:59.490+0000] {processor.py:840} INFO - DAG(s) 'pakakumi_scraper' retrieved from /opt/airflow/dags/pakakumi_scraper.py
[2026-01-02T17:40:59.534+0000] {logging_mixin.py:188} INFO - [2026-01-02T17:40:59.533+0000] {dag.py:3096} INFO - Sync 1 DAGs
[2026-01-02T17:40:59.570+0000] {logging_mixin.py:188} INFO - [2026-01-02T17:40:59.569+0000] {dag.py:3954} INFO - Setting next_dagrun for pakakumi_scraper to 2026-01-02 16:00:00+00:00, run_after=2026-01-02 17:00:00+00:00
[2026-01-02T17:40:59.595+0000] {processor.py:183} INFO - Processing /opt/airflow/dags/pakakumi_scraper.py took 0.156 seconds
[2026-01-02T17:41:29.713+0000] {processor.py:161} INFO - Started process (PID=329) to work on /opt/airflow/dags/pakakumi_scraper.py
[2026-01-02T17:41:29.715+0000] {processor.py:830} INFO - Processing file /opt/airflow/dags/pakakumi_scraper.py for tasks to queue
[2026-01-02T17:41:29.718+0000] {logging_mixin.py:188} INFO - [2026-01-02T17:41:29.718+0000] {dagbag.py:540} INFO - Filling up the DagBag from /opt/airflow/dags/pakakumi_scraper.py
[2026-01-02T17:41:29.750+0000] {processor.py:840} INFO - DAG(s) 'pakakumi_scraper' retrieved from /opt/airflow/dags/pakakumi_scraper.py
[2026-01-02T17:41:29.797+0000] {logging_mixin.py:188} INFO - [2026-01-02T17:41:29.797+0000] {dag.py:3096} INFO - Sync 1 DAGs
[2026-01-02T17:41:29.835+0000] {logging_mixin.py:188} INFO - [2026-01-02T17:41:29.834+0000] {dag.py:3954} INFO - Setting next_dagrun for pakakumi_scraper to 2026-01-02 16:00:00+00:00, run_after=2026-01-02 17:00:00+00:00
[2026-01-02T17:41:29.870+0000] {processor.py:183} INFO - Processing /opt/airflow/dags/pakakumi_scraper.py took 0.169 seconds
[2026-01-02T17:42:00.081+0000] {processor.py:161} INFO - Started process (PID=334) to work on /opt/airflow/dags/pakakumi_scraper.py
[2026-01-02T17:42:00.083+0000] {processor.py:830} INFO - Processing file /opt/airflow/dags/pakakumi_scraper.py for tasks to queue
[2026-01-02T17:42:00.086+0000] {logging_mixin.py:188} INFO - [2026-01-02T17:42:00.085+0000] {dagbag.py:540} INFO - Filling up the DagBag from /opt/airflow/dags/pakakumi_scraper.py
[2026-01-02T17:42:00.113+0000] {processor.py:840} INFO - DAG(s) 'pakakumi_scraper' retrieved from /opt/airflow/dags/pakakumi_scraper.py
[2026-01-02T17:42:00.158+0000] {logging_mixin.py:188} INFO - [2026-01-02T17:42:00.158+0000] {dag.py:3096} INFO - Sync 1 DAGs
[2026-01-02T17:42:00.198+0000] {logging_mixin.py:188} INFO - [2026-01-02T17:42:00.198+0000] {dag.py:3954} INFO - Setting next_dagrun for pakakumi_scraper to 2026-01-02 16:00:00+00:00, run_after=2026-01-02 17:00:00+00:00
[2026-01-02T17:42:00.224+0000] {processor.py:183} INFO - Processing /opt/airflow/dags/pakakumi_scraper.py took 0.153 seconds
[2026-01-02T17:42:30.360+0000] {processor.py:161} INFO - Started process (PID=339) to work on /opt/airflow/dags/pakakumi_scraper.py
[2026-01-02T17:42:30.362+0000] {processor.py:830} INFO - Processing file /opt/airflow/dags/pakakumi_scraper.py for tasks to queue
[2026-01-02T17:42:30.364+0000] {logging_mixin.py:188} INFO - [2026-01-02T17:42:30.364+0000] {dagbag.py:540} INFO - Filling up the DagBag from /opt/airflow/dags/pakakumi_scraper.py
[2026-01-02T17:42:30.394+0000] {processor.py:840} INFO - DAG(s) 'pakakumi_scraper' retrieved from /opt/airflow/dags/pakakumi_scraper.py
[2026-01-02T17:42:30.440+0000] {logging_mixin.py:188} INFO - [2026-01-02T17:42:30.439+0000] {dag.py:3096} INFO - Sync 1 DAGs
[2026-01-02T17:42:30.479+0000] {logging_mixin.py:188} INFO - [2026-01-02T17:42:30.479+0000] {dag.py:3954} INFO - Setting next_dagrun for pakakumi_scraper to 2026-01-02 16:00:00+00:00, run_after=2026-01-02 17:00:00+00:00
[2026-01-02T17:42:30.505+0000] {processor.py:183} INFO - Processing /opt/airflow/dags/pakakumi_scraper.py took 0.156 seconds
[2026-01-02T17:43:00.783+0000] {processor.py:161} INFO - Started process (PID=344) to work on /opt/airflow/dags/pakakumi_scraper.py
[2026-01-02T17:43:00.786+0000] {processor.py:830} INFO - Processing file /opt/airflow/dags/pakakumi_scraper.py for tasks to queue
[2026-01-02T17:43:00.789+0000] {logging_mixin.py:188} INFO - [2026-01-02T17:43:00.789+0000] {dagbag.py:540} INFO - Filling up the DagBag from /opt/airflow/dags/pakakumi_scraper.py
[2026-01-02T17:43:00.820+0000] {processor.py:840} INFO - DAG(s) 'pakakumi_scraper' retrieved from /opt/airflow/dags/pakakumi_scraper.py
[2026-01-02T17:43:00.869+0000] {logging_mixin.py:188} INFO - [2026-01-02T17:43:00.868+0000] {dag.py:3096} INFO - Sync 1 DAGs
[2026-01-02T17:43:00.910+0000] {logging_mixin.py:188} INFO - [2026-01-02T17:43:00.910+0000] {dag.py:3954} INFO - Setting next_dagrun for pakakumi_scraper to 2026-01-02 16:00:00+00:00, run_after=2026-01-02 17:00:00+00:00
[2026-01-02T17:43:00.941+0000] {processor.py:183} INFO - Processing /opt/airflow/dags/pakakumi_scraper.py took 0.168 seconds
[2026-01-02T17:43:31.052+0000] {processor.py:161} INFO - Started process (PID=349) to work on /opt/airflow/dags/pakakumi_scraper.py
[2026-01-02T17:43:31.054+0000] {processor.py:830} INFO - Processing file /opt/airflow/dags/pakakumi_scraper.py for tasks to queue
[2026-01-02T17:43:31.057+0000] {logging_mixin.py:188} INFO - [2026-01-02T17:43:31.056+0000] {dagbag.py:540} INFO - Filling up the DagBag from /opt/airflow/dags/pakakumi_scraper.py
[2026-01-02T17:43:31.090+0000] {processor.py:840} INFO - DAG(s) 'pakakumi_scraper' retrieved from /opt/airflow/dags/pakakumi_scraper.py
[2026-01-02T17:43:31.140+0000] {logging_mixin.py:188} INFO - [2026-01-02T17:43:31.140+0000] {dag.py:3096} INFO - Sync 1 DAGs
[2026-01-02T17:43:31.178+0000] {logging_mixin.py:188} INFO - [2026-01-02T17:43:31.178+0000] {dag.py:3954} INFO - Setting next_dagrun for pakakumi_scraper to 2026-01-02 16:00:00+00:00, run_after=2026-01-02 17:00:00+00:00
[2026-01-02T17:43:31.204+0000] {processor.py:183} INFO - Processing /opt/airflow/dags/pakakumi_scraper.py took 0.165 seconds
[2026-01-02T17:44:01.424+0000] {processor.py:161} INFO - Started process (PID=354) to work on /opt/airflow/dags/pakakumi_scraper.py
[2026-01-02T17:44:01.425+0000] {processor.py:830} INFO - Processing file /opt/airflow/dags/pakakumi_scraper.py for tasks to queue
[2026-01-02T17:44:01.428+0000] {logging_mixin.py:188} INFO - [2026-01-02T17:44:01.427+0000] {dagbag.py:540} INFO - Filling up the DagBag from /opt/airflow/dags/pakakumi_scraper.py
[2026-01-02T17:44:01.458+0000] {processor.py:840} INFO - DAG(s) 'pakakumi_scraper' retrieved from /opt/airflow/dags/pakakumi_scraper.py
[2026-01-02T17:44:01.500+0000] {logging_mixin.py:188} INFO - [2026-01-02T17:44:01.499+0000] {dag.py:3096} INFO - Sync 1 DAGs
[2026-01-02T17:44:01.532+0000] {logging_mixin.py:188} INFO - [2026-01-02T17:44:01.532+0000] {dag.py:3954} INFO - Setting next_dagrun for pakakumi_scraper to 2026-01-02 16:00:00+00:00, run_after=2026-01-02 17:00:00+00:00
[2026-01-02T17:44:01.559+0000] {processor.py:183} INFO - Processing /opt/airflow/dags/pakakumi_scraper.py took 0.146 seconds
[2026-01-02T17:44:31.706+0000] {processor.py:161} INFO - Started process (PID=359) to work on /opt/airflow/dags/pakakumi_scraper.py
[2026-01-02T17:44:31.709+0000] {processor.py:830} INFO - Processing file /opt/airflow/dags/pakakumi_scraper.py for tasks to queue
[2026-01-02T17:44:31.713+0000] {logging_mixin.py:188} INFO - [2026-01-02T17:44:31.713+0000] {dagbag.py:540} INFO - Filling up the DagBag from /opt/airflow/dags/pakakumi_scraper.py
[2026-01-02T17:44:31.751+0000] {processor.py:840} INFO - DAG(s) 'pakakumi_scraper' retrieved from /opt/airflow/dags/pakakumi_scraper.py
[2026-01-02T17:44:31.799+0000] {logging_mixin.py:188} INFO - [2026-01-02T17:44:31.799+0000] {dag.py:3096} INFO - Sync 1 DAGs
[2026-01-02T17:44:31.832+0000] {logging_mixin.py:188} INFO - [2026-01-02T17:44:31.832+0000] {dag.py:3954} INFO - Setting next_dagrun for pakakumi_scraper to 2026-01-02 16:00:00+00:00, run_after=2026-01-02 17:00:00+00:00
[2026-01-02T17:44:31.861+0000] {processor.py:183} INFO - Processing /opt/airflow/dags/pakakumi_scraper.py took 0.167 seconds
[2026-01-02T17:45:02.111+0000] {processor.py:161} INFO - Started process (PID=364) to work on /opt/airflow/dags/pakakumi_scraper.py
[2026-01-02T17:45:02.112+0000] {processor.py:830} INFO - Processing file /opt/airflow/dags/pakakumi_scraper.py for tasks to queue
[2026-01-02T17:45:02.115+0000] {logging_mixin.py:188} INFO - [2026-01-02T17:45:02.115+0000] {dagbag.py:540} INFO - Filling up the DagBag from /opt/airflow/dags/pakakumi_scraper.py
[2026-01-02T17:45:02.143+0000] {processor.py:840} INFO - DAG(s) 'pakakumi_scraper' retrieved from /opt/airflow/dags/pakakumi_scraper.py
[2026-01-02T17:45:02.185+0000] {logging_mixin.py:188} INFO - [2026-01-02T17:45:02.185+0000] {dag.py:3096} INFO - Sync 1 DAGs
[2026-01-02T17:45:02.221+0000] {logging_mixin.py:188} INFO - [2026-01-02T17:45:02.221+0000] {dag.py:3954} INFO - Setting next_dagrun for pakakumi_scraper to 2026-01-02 16:00:00+00:00, run_after=2026-01-02 17:00:00+00:00
[2026-01-02T17:45:02.249+0000] {processor.py:183} INFO - Processing /opt/airflow/dags/pakakumi_scraper.py took 0.148 seconds
[2026-01-02T17:45:32.395+0000] {processor.py:161} INFO - Started process (PID=369) to work on /opt/airflow/dags/pakakumi_scraper.py
[2026-01-02T17:45:32.397+0000] {processor.py:830} INFO - Processing file /opt/airflow/dags/pakakumi_scraper.py for tasks to queue
[2026-01-02T17:45:32.400+0000] {logging_mixin.py:188} INFO - [2026-01-02T17:45:32.399+0000] {dagbag.py:540} INFO - Filling up the DagBag from /opt/airflow/dags/pakakumi_scraper.py
[2026-01-02T17:45:32.427+0000] {processor.py:840} INFO - DAG(s) 'pakakumi_scraper' retrieved from /opt/airflow/dags/pakakumi_scraper.py
[2026-01-02T17:45:32.469+0000] {logging_mixin.py:188} INFO - [2026-01-02T17:45:32.469+0000] {dag.py:3096} INFO - Sync 1 DAGs
[2026-01-02T17:45:32.501+0000] {logging_mixin.py:188} INFO - [2026-01-02T17:45:32.501+0000] {dag.py:3954} INFO - Setting next_dagrun for pakakumi_scraper to 2026-01-02 16:00:00+00:00, run_after=2026-01-02 17:00:00+00:00
[2026-01-02T17:45:32.529+0000] {processor.py:183} INFO - Processing /opt/airflow/dags/pakakumi_scraper.py took 0.144 seconds
[2026-01-02T17:46:02.808+0000] {processor.py:161} INFO - Started process (PID=374) to work on /opt/airflow/dags/pakakumi_scraper.py
[2026-01-02T17:46:02.810+0000] {processor.py:830} INFO - Processing file /opt/airflow/dags/pakakumi_scraper.py for tasks to queue
[2026-01-02T17:46:02.815+0000] {logging_mixin.py:188} INFO - [2026-01-02T17:46:02.815+0000] {dagbag.py:540} INFO - Filling up the DagBag from /opt/airflow/dags/pakakumi_scraper.py
[2026-01-02T17:46:02.843+0000] {processor.py:840} INFO - DAG(s) 'pakakumi_scraper' retrieved from /opt/airflow/dags/pakakumi_scraper.py
[2026-01-02T17:46:02.884+0000] {logging_mixin.py:188} INFO - [2026-01-02T17:46:02.884+0000] {dag.py:3096} INFO - Sync 1 DAGs
[2026-01-02T17:46:02.917+0000] {logging_mixin.py:188} INFO - [2026-01-02T17:46:02.916+0000] {dag.py:3954} INFO - Setting next_dagrun for pakakumi_scraper to 2026-01-02 16:00:00+00:00, run_after=2026-01-02 17:00:00+00:00
[2026-01-02T17:46:02.945+0000] {processor.py:183} INFO - Processing /opt/airflow/dags/pakakumi_scraper.py took 0.150 seconds
[2026-01-02T17:46:33.062+0000] {processor.py:161} INFO - Started process (PID=379) to work on /opt/airflow/dags/pakakumi_scraper.py
[2026-01-02T17:46:33.063+0000] {processor.py:830} INFO - Processing file /opt/airflow/dags/pakakumi_scraper.py for tasks to queue
[2026-01-02T17:46:33.066+0000] {logging_mixin.py:188} INFO - [2026-01-02T17:46:33.066+0000] {dagbag.py:540} INFO - Filling up the DagBag from /opt/airflow/dags/pakakumi_scraper.py
[2026-01-02T17:46:33.095+0000] {processor.py:840} INFO - DAG(s) 'pakakumi_scraper' retrieved from /opt/airflow/dags/pakakumi_scraper.py
[2026-01-02T17:46:33.137+0000] {logging_mixin.py:188} INFO - [2026-01-02T17:46:33.137+0000] {dag.py:3096} INFO - Sync 1 DAGs
[2026-01-02T17:46:33.173+0000] {logging_mixin.py:188} INFO - [2026-01-02T17:46:33.173+0000] {dag.py:3954} INFO - Setting next_dagrun for pakakumi_scraper to 2026-01-02 16:00:00+00:00, run_after=2026-01-02 17:00:00+00:00
[2026-01-02T17:46:33.202+0000] {processor.py:183} INFO - Processing /opt/airflow/dags/pakakumi_scraper.py took 0.151 seconds
[2026-01-02T17:47:03.409+0000] {processor.py:161} INFO - Started process (PID=384) to work on /opt/airflow/dags/pakakumi_scraper.py
[2026-01-02T17:47:03.411+0000] {processor.py:830} INFO - Processing file /opt/airflow/dags/pakakumi_scraper.py for tasks to queue
[2026-01-02T17:47:03.414+0000] {logging_mixin.py:188} INFO - [2026-01-02T17:47:03.413+0000] {dagbag.py:540} INFO - Filling up the DagBag from /opt/airflow/dags/pakakumi_scraper.py
[2026-01-02T17:47:03.443+0000] {processor.py:840} INFO - DAG(s) 'pakakumi_scraper' retrieved from /opt/airflow/dags/pakakumi_scraper.py
[2026-01-02T17:47:03.485+0000] {logging_mixin.py:188} INFO - [2026-01-02T17:47:03.485+0000] {dag.py:3096} INFO - Sync 1 DAGs
[2026-01-02T17:47:03.525+0000] {logging_mixin.py:188} INFO - [2026-01-02T17:47:03.524+0000] {dag.py:3954} INFO - Setting next_dagrun for pakakumi_scraper to 2026-01-02 16:00:00+00:00, run_after=2026-01-02 17:00:00+00:00
[2026-01-02T17:47:03.557+0000] {processor.py:183} INFO - Processing /opt/airflow/dags/pakakumi_scraper.py took 0.158 seconds
[2026-01-02T17:47:33.645+0000] {processor.py:161} INFO - Started process (PID=389) to work on /opt/airflow/dags/pakakumi_scraper.py
[2026-01-02T17:47:33.647+0000] {processor.py:830} INFO - Processing file /opt/airflow/dags/pakakumi_scraper.py for tasks to queue
[2026-01-02T17:47:33.650+0000] {logging_mixin.py:188} INFO - [2026-01-02T17:47:33.650+0000] {dagbag.py:540} INFO - Filling up the DagBag from /opt/airflow/dags/pakakumi_scraper.py
[2026-01-02T17:47:33.682+0000] {processor.py:840} INFO - DAG(s) 'pakakumi_scraper' retrieved from /opt/airflow/dags/pakakumi_scraper.py
[2026-01-02T17:47:33.731+0000] {logging_mixin.py:188} INFO - [2026-01-02T17:47:33.730+0000] {dag.py:3096} INFO - Sync 1 DAGs
[2026-01-02T17:47:33.769+0000] {logging_mixin.py:188} INFO - [2026-01-02T17:47:33.768+0000] {dag.py:3954} INFO - Setting next_dagrun for pakakumi_scraper to 2026-01-02 16:00:00+00:00, run_after=2026-01-02 17:00:00+00:00
[2026-01-02T17:47:33.805+0000] {processor.py:183} INFO - Processing /opt/airflow/dags/pakakumi_scraper.py took 0.173 seconds
[2026-01-02T17:48:04.052+0000] {processor.py:161} INFO - Started process (PID=394) to work on /opt/airflow/dags/pakakumi_scraper.py
[2026-01-02T17:48:04.054+0000] {processor.py:830} INFO - Processing file /opt/airflow/dags/pakakumi_scraper.py for tasks to queue
[2026-01-02T17:48:04.058+0000] {logging_mixin.py:188} INFO - [2026-01-02T17:48:04.057+0000] {dagbag.py:540} INFO - Filling up the DagBag from /opt/airflow/dags/pakakumi_scraper.py
[2026-01-02T17:48:04.086+0000] {processor.py:840} INFO - DAG(s) 'pakakumi_scraper' retrieved from /opt/airflow/dags/pakakumi_scraper.py
[2026-01-02T17:48:04.128+0000] {logging_mixin.py:188} INFO - [2026-01-02T17:48:04.127+0000] {dag.py:3096} INFO - Sync 1 DAGs
[2026-01-02T17:48:04.162+0000] {logging_mixin.py:188} INFO - [2026-01-02T17:48:04.162+0000] {dag.py:3954} INFO - Setting next_dagrun for pakakumi_scraper to 2026-01-02 16:00:00+00:00, run_after=2026-01-02 17:00:00+00:00
[2026-01-02T17:48:04.188+0000] {processor.py:183} INFO - Processing /opt/airflow/dags/pakakumi_scraper.py took 0.146 seconds
[2026-01-02T17:48:34.285+0000] {processor.py:161} INFO - Started process (PID=399) to work on /opt/airflow/dags/pakakumi_scraper.py
[2026-01-02T17:48:34.287+0000] {processor.py:830} INFO - Processing file /opt/airflow/dags/pakakumi_scraper.py for tasks to queue
[2026-01-02T17:48:34.293+0000] {logging_mixin.py:188} INFO - [2026-01-02T17:48:34.292+0000] {dagbag.py:540} INFO - Filling up the DagBag from /opt/airflow/dags/pakakumi_scraper.py
[2026-01-02T17:48:34.325+0000] {processor.py:840} INFO - DAG(s) 'pakakumi_scraper' retrieved from /opt/airflow/dags/pakakumi_scraper.py
[2026-01-02T17:48:34.374+0000] {logging_mixin.py:188} INFO - [2026-01-02T17:48:34.374+0000] {dag.py:3096} INFO - Sync 1 DAGs
[2026-01-02T17:48:34.416+0000] {logging_mixin.py:188} INFO - [2026-01-02T17:48:34.416+0000] {dag.py:3954} INFO - Setting next_dagrun for pakakumi_scraper to 2026-01-02 16:00:00+00:00, run_after=2026-01-02 17:00:00+00:00
[2026-01-02T17:48:34.450+0000] {processor.py:183} INFO - Processing /opt/airflow/dags/pakakumi_scraper.py took 0.177 seconds
[2026-01-02T17:49:04.718+0000] {processor.py:161} INFO - Started process (PID=404) to work on /opt/airflow/dags/pakakumi_scraper.py
[2026-01-02T17:49:04.720+0000] {processor.py:830} INFO - Processing file /opt/airflow/dags/pakakumi_scraper.py for tasks to queue
[2026-01-02T17:49:04.725+0000] {logging_mixin.py:188} INFO - [2026-01-02T17:49:04.724+0000] {dagbag.py:540} INFO - Filling up the DagBag from /opt/airflow/dags/pakakumi_scraper.py
[2026-01-02T17:49:04.755+0000] {processor.py:840} INFO - DAG(s) 'pakakumi_scraper' retrieved from /opt/airflow/dags/pakakumi_scraper.py
[2026-01-02T17:49:04.809+0000] {logging_mixin.py:188} INFO - [2026-01-02T17:49:04.809+0000] {dag.py:3096} INFO - Sync 1 DAGs
[2026-01-02T17:49:04.847+0000] {logging_mixin.py:188} INFO - [2026-01-02T17:49:04.847+0000] {dag.py:3954} INFO - Setting next_dagrun for pakakumi_scraper to 2026-01-02 16:00:00+00:00, run_after=2026-01-02 17:00:00+00:00
[2026-01-02T17:49:04.876+0000] {processor.py:183} INFO - Processing /opt/airflow/dags/pakakumi_scraper.py took 0.168 seconds
[2026-01-02T17:49:35.008+0000] {processor.py:161} INFO - Started process (PID=409) to work on /opt/airflow/dags/pakakumi_scraper.py
[2026-01-02T17:49:35.010+0000] {processor.py:830} INFO - Processing file /opt/airflow/dags/pakakumi_scraper.py for tasks to queue
[2026-01-02T17:49:35.015+0000] {logging_mixin.py:188} INFO - [2026-01-02T17:49:35.014+0000] {dagbag.py:540} INFO - Filling up the DagBag from /opt/airflow/dags/pakakumi_scraper.py
[2026-01-02T17:49:35.049+0000] {processor.py:840} INFO - DAG(s) 'pakakumi_scraper' retrieved from /opt/airflow/dags/pakakumi_scraper.py
[2026-01-02T17:49:35.100+0000] {logging_mixin.py:188} INFO - [2026-01-02T17:49:35.099+0000] {dag.py:3096} INFO - Sync 1 DAGs
[2026-01-02T17:49:35.133+0000] {logging_mixin.py:188} INFO - [2026-01-02T17:49:35.133+0000] {dag.py:3954} INFO - Setting next_dagrun for pakakumi_scraper to 2026-01-02 16:00:00+00:00, run_after=2026-01-02 17:00:00+00:00
[2026-01-02T17:49:35.163+0000] {processor.py:183} INFO - Processing /opt/airflow/dags/pakakumi_scraper.py took 0.173 seconds
[2026-01-02T17:50:05.412+0000] {processor.py:161} INFO - Started process (PID=414) to work on /opt/airflow/dags/pakakumi_scraper.py
[2026-01-02T17:50:05.415+0000] {processor.py:830} INFO - Processing file /opt/airflow/dags/pakakumi_scraper.py for tasks to queue
[2026-01-02T17:50:05.419+0000] {logging_mixin.py:188} INFO - [2026-01-02T17:50:05.418+0000] {dagbag.py:540} INFO - Filling up the DagBag from /opt/airflow/dags/pakakumi_scraper.py
[2026-01-02T17:50:05.447+0000] {processor.py:840} INFO - DAG(s) 'pakakumi_scraper' retrieved from /opt/airflow/dags/pakakumi_scraper.py
[2026-01-02T17:50:05.494+0000] {logging_mixin.py:188} INFO - [2026-01-02T17:50:05.494+0000] {dag.py:3096} INFO - Sync 1 DAGs
[2026-01-02T17:50:05.533+0000] {logging_mixin.py:188} INFO - [2026-01-02T17:50:05.532+0000] {dag.py:3954} INFO - Setting next_dagrun for pakakumi_scraper to 2026-01-02 16:00:00+00:00, run_after=2026-01-02 17:00:00+00:00
[2026-01-02T17:50:05.564+0000] {processor.py:183} INFO - Processing /opt/airflow/dags/pakakumi_scraper.py took 0.166 seconds
[2026-01-02T17:50:35.646+0000] {processor.py:161} INFO - Started process (PID=419) to work on /opt/airflow/dags/pakakumi_scraper.py
[2026-01-02T17:50:35.648+0000] {processor.py:830} INFO - Processing file /opt/airflow/dags/pakakumi_scraper.py for tasks to queue
[2026-01-02T17:50:35.651+0000] {logging_mixin.py:188} INFO - [2026-01-02T17:50:35.651+0000] {dagbag.py:540} INFO - Filling up the DagBag from /opt/airflow/dags/pakakumi_scraper.py
[2026-01-02T17:50:35.682+0000] {processor.py:840} INFO - DAG(s) 'pakakumi_scraper' retrieved from /opt/airflow/dags/pakakumi_scraper.py
[2026-01-02T17:50:35.730+0000] {logging_mixin.py:188} INFO - [2026-01-02T17:50:35.730+0000] {dag.py:3096} INFO - Sync 1 DAGs
[2026-01-02T17:50:35.768+0000] {logging_mixin.py:188} INFO - [2026-01-02T17:50:35.768+0000] {dag.py:3954} INFO - Setting next_dagrun for pakakumi_scraper to 2026-01-02 16:00:00+00:00, run_after=2026-01-02 17:00:00+00:00
[2026-01-02T17:50:35.796+0000] {processor.py:183} INFO - Processing /opt/airflow/dags/pakakumi_scraper.py took 0.161 seconds
[2026-01-02T17:51:06.065+0000] {processor.py:161} INFO - Started process (PID=424) to work on /opt/airflow/dags/pakakumi_scraper.py
[2026-01-02T17:51:06.066+0000] {processor.py:830} INFO - Processing file /opt/airflow/dags/pakakumi_scraper.py for tasks to queue
[2026-01-02T17:51:06.069+0000] {logging_mixin.py:188} INFO - [2026-01-02T17:51:06.069+0000] {dagbag.py:540} INFO - Filling up the DagBag from /opt/airflow/dags/pakakumi_scraper.py
[2026-01-02T17:51:06.099+0000] {processor.py:840} INFO - DAG(s) 'pakakumi_scraper' retrieved from /opt/airflow/dags/pakakumi_scraper.py
[2026-01-02T17:51:06.147+0000] {logging_mixin.py:188} INFO - [2026-01-02T17:51:06.146+0000] {dag.py:3096} INFO - Sync 1 DAGs
[2026-01-02T17:51:06.192+0000] {logging_mixin.py:188} INFO - [2026-01-02T17:51:06.192+0000] {dag.py:3954} INFO - Setting next_dagrun for pakakumi_scraper to 2026-01-02 16:00:00+00:00, run_after=2026-01-02 17:00:00+00:00
[2026-01-02T17:51:06.221+0000] {processor.py:183} INFO - Processing /opt/airflow/dags/pakakumi_scraper.py took 0.167 seconds
[2026-01-02T17:51:36.339+0000] {processor.py:161} INFO - Started process (PID=429) to work on /opt/airflow/dags/pakakumi_scraper.py
[2026-01-02T17:51:36.341+0000] {processor.py:830} INFO - Processing file /opt/airflow/dags/pakakumi_scraper.py for tasks to queue
[2026-01-02T17:51:36.348+0000] {logging_mixin.py:188} INFO - [2026-01-02T17:51:36.347+0000] {dagbag.py:540} INFO - Filling up the DagBag from /opt/airflow/dags/pakakumi_scraper.py
[2026-01-02T17:51:36.380+0000] {processor.py:840} INFO - DAG(s) 'pakakumi_scraper' retrieved from /opt/airflow/dags/pakakumi_scraper.py
[2026-01-02T17:51:36.424+0000] {logging_mixin.py:188} INFO - [2026-01-02T17:51:36.424+0000] {dag.py:3096} INFO - Sync 1 DAGs
[2026-01-02T17:51:36.458+0000] {logging_mixin.py:188} INFO - [2026-01-02T17:51:36.458+0000] {dag.py:3954} INFO - Setting next_dagrun for pakakumi_scraper to 2026-01-02 16:00:00+00:00, run_after=2026-01-02 17:00:00+00:00
[2026-01-02T17:51:36.486+0000] {processor.py:183} INFO - Processing /opt/airflow/dags/pakakumi_scraper.py took 0.162 seconds
[2026-01-02T17:52:06.706+0000] {processor.py:161} INFO - Started process (PID=434) to work on /opt/airflow/dags/pakakumi_scraper.py
[2026-01-02T17:52:06.707+0000] {processor.py:830} INFO - Processing file /opt/airflow/dags/pakakumi_scraper.py for tasks to queue
[2026-01-02T17:52:06.711+0000] {logging_mixin.py:188} INFO - [2026-01-02T17:52:06.711+0000] {dagbag.py:540} INFO - Filling up the DagBag from /opt/airflow/dags/pakakumi_scraper.py
[2026-01-02T17:52:06.736+0000] {processor.py:840} INFO - DAG(s) 'pakakumi_scraper' retrieved from /opt/airflow/dags/pakakumi_scraper.py
[2026-01-02T17:52:06.779+0000] {logging_mixin.py:188} INFO - [2026-01-02T17:52:06.778+0000] {dag.py:3096} INFO - Sync 1 DAGs
[2026-01-02T17:52:06.816+0000] {logging_mixin.py:188} INFO - [2026-01-02T17:52:06.815+0000] {dag.py:3954} INFO - Setting next_dagrun for pakakumi_scraper to 2026-01-02 16:00:00+00:00, run_after=2026-01-02 17:00:00+00:00
[2026-01-02T17:52:06.849+0000] {processor.py:183} INFO - Processing /opt/airflow/dags/pakakumi_scraper.py took 0.154 seconds
[2026-01-02T17:52:36.966+0000] {processor.py:161} INFO - Started process (PID=439) to work on /opt/airflow/dags/pakakumi_scraper.py
[2026-01-02T17:52:36.970+0000] {processor.py:830} INFO - Processing file /opt/airflow/dags/pakakumi_scraper.py for tasks to queue
[2026-01-02T17:52:36.975+0000] {logging_mixin.py:188} INFO - [2026-01-02T17:52:36.975+0000] {dagbag.py:540} INFO - Filling up the DagBag from /opt/airflow/dags/pakakumi_scraper.py
[2026-01-02T17:52:37.007+0000] {processor.py:840} INFO - DAG(s) 'pakakumi_scraper' retrieved from /opt/airflow/dags/pakakumi_scraper.py
[2026-01-02T17:52:37.051+0000] {logging_mixin.py:188} INFO - [2026-01-02T17:52:37.051+0000] {dag.py:3096} INFO - Sync 1 DAGs
[2026-01-02T17:52:37.087+0000] {logging_mixin.py:188} INFO - [2026-01-02T17:52:37.087+0000] {dag.py:3954} INFO - Setting next_dagrun for pakakumi_scraper to 2026-01-02 16:00:00+00:00, run_after=2026-01-02 17:00:00+00:00
[2026-01-02T17:52:37.115+0000] {processor.py:183} INFO - Processing /opt/airflow/dags/pakakumi_scraper.py took 0.161 seconds
[2026-01-02T17:53:07.336+0000] {processor.py:161} INFO - Started process (PID=444) to work on /opt/airflow/dags/pakakumi_scraper.py
[2026-01-02T17:53:07.339+0000] {processor.py:830} INFO - Processing file /opt/airflow/dags/pakakumi_scraper.py for tasks to queue
[2026-01-02T17:53:07.344+0000] {logging_mixin.py:188} INFO - [2026-01-02T17:53:07.343+0000] {dagbag.py:540} INFO - Filling up the DagBag from /opt/airflow/dags/pakakumi_scraper.py
[2026-01-02T17:53:07.371+0000] {processor.py:840} INFO - DAG(s) 'pakakumi_scraper' retrieved from /opt/airflow/dags/pakakumi_scraper.py
[2026-01-02T17:53:07.413+0000] {logging_mixin.py:188} INFO - [2026-01-02T17:53:07.413+0000] {dag.py:3096} INFO - Sync 1 DAGs
[2026-01-02T17:53:07.446+0000] {logging_mixin.py:188} INFO - [2026-01-02T17:53:07.445+0000] {dag.py:3954} INFO - Setting next_dagrun for pakakumi_scraper to 2026-01-02 16:00:00+00:00, run_after=2026-01-02 17:00:00+00:00
[2026-01-02T17:53:07.473+0000] {processor.py:183} INFO - Processing /opt/airflow/dags/pakakumi_scraper.py took 0.149 seconds
[2026-01-02T17:53:37.580+0000] {processor.py:161} INFO - Started process (PID=449) to work on /opt/airflow/dags/pakakumi_scraper.py
[2026-01-02T17:53:37.582+0000] {processor.py:830} INFO - Processing file /opt/airflow/dags/pakakumi_scraper.py for tasks to queue
[2026-01-02T17:53:37.587+0000] {logging_mixin.py:188} INFO - [2026-01-02T17:53:37.586+0000] {dagbag.py:540} INFO - Filling up the DagBag from /opt/airflow/dags/pakakumi_scraper.py
[2026-01-02T17:53:37.616+0000] {processor.py:840} INFO - DAG(s) 'pakakumi_scraper' retrieved from /opt/airflow/dags/pakakumi_scraper.py
[2026-01-02T17:53:37.661+0000] {logging_mixin.py:188} INFO - [2026-01-02T17:53:37.661+0000] {dag.py:3096} INFO - Sync 1 DAGs
[2026-01-02T17:53:37.696+0000] {logging_mixin.py:188} INFO - [2026-01-02T17:53:37.696+0000] {dag.py:3954} INFO - Setting next_dagrun for pakakumi_scraper to 2026-01-02 16:00:00+00:00, run_after=2026-01-02 17:00:00+00:00
[2026-01-02T17:53:37.726+0000] {processor.py:183} INFO - Processing /opt/airflow/dags/pakakumi_scraper.py took 0.156 seconds
[2026-01-02T17:54:07.971+0000] {processor.py:161} INFO - Started process (PID=454) to work on /opt/airflow/dags/pakakumi_scraper.py
[2026-01-02T17:54:07.973+0000] {processor.py:830} INFO - Processing file /opt/airflow/dags/pakakumi_scraper.py for tasks to queue
[2026-01-02T17:54:07.976+0000] {logging_mixin.py:188} INFO - [2026-01-02T17:54:07.976+0000] {dagbag.py:540} INFO - Filling up the DagBag from /opt/airflow/dags/pakakumi_scraper.py
[2026-01-02T17:54:08.004+0000] {processor.py:840} INFO - DAG(s) 'pakakumi_scraper' retrieved from /opt/airflow/dags/pakakumi_scraper.py
[2026-01-02T17:54:08.048+0000] {logging_mixin.py:188} INFO - [2026-01-02T17:54:08.047+0000] {dag.py:3096} INFO - Sync 1 DAGs
[2026-01-02T17:54:08.082+0000] {logging_mixin.py:188} INFO - [2026-01-02T17:54:08.081+0000] {dag.py:3954} INFO - Setting next_dagrun for pakakumi_scraper to 2026-01-02 16:00:00+00:00, run_after=2026-01-02 17:00:00+00:00
[2026-01-02T17:54:08.112+0000] {processor.py:183} INFO - Processing /opt/airflow/dags/pakakumi_scraper.py took 0.152 seconds
[2026-01-02T17:54:38.215+0000] {processor.py:161} INFO - Started process (PID=459) to work on /opt/airflow/dags/pakakumi_scraper.py
[2026-01-02T17:54:38.217+0000] {processor.py:830} INFO - Processing file /opt/airflow/dags/pakakumi_scraper.py for tasks to queue
[2026-01-02T17:54:38.220+0000] {logging_mixin.py:188} INFO - [2026-01-02T17:54:38.219+0000] {dagbag.py:540} INFO - Filling up the DagBag from /opt/airflow/dags/pakakumi_scraper.py
[2026-01-02T17:54:38.248+0000] {processor.py:840} INFO - DAG(s) 'pakakumi_scraper' retrieved from /opt/airflow/dags/pakakumi_scraper.py
[2026-01-02T17:54:38.293+0000] {logging_mixin.py:188} INFO - [2026-01-02T17:54:38.292+0000] {dag.py:3096} INFO - Sync 1 DAGs
[2026-01-02T17:54:38.326+0000] {logging_mixin.py:188} INFO - [2026-01-02T17:54:38.326+0000] {dag.py:3954} INFO - Setting next_dagrun for pakakumi_scraper to 2026-01-02 16:00:00+00:00, run_after=2026-01-02 17:00:00+00:00
[2026-01-02T17:54:38.352+0000] {processor.py:183} INFO - Processing /opt/airflow/dags/pakakumi_scraper.py took 0.147 seconds
[2026-01-02T17:55:08.639+0000] {processor.py:161} INFO - Started process (PID=464) to work on /opt/airflow/dags/pakakumi_scraper.py
[2026-01-02T17:55:08.641+0000] {processor.py:830} INFO - Processing file /opt/airflow/dags/pakakumi_scraper.py for tasks to queue
[2026-01-02T17:55:08.645+0000] {logging_mixin.py:188} INFO - [2026-01-02T17:55:08.644+0000] {dagbag.py:540} INFO - Filling up the DagBag from /opt/airflow/dags/pakakumi_scraper.py
[2026-01-02T17:55:08.675+0000] {processor.py:840} INFO - DAG(s) 'pakakumi_scraper' retrieved from /opt/airflow/dags/pakakumi_scraper.py
[2026-01-02T17:55:08.717+0000] {logging_mixin.py:188} INFO - [2026-01-02T17:55:08.716+0000] {dag.py:3096} INFO - Sync 1 DAGs
[2026-01-02T17:55:08.753+0000] {logging_mixin.py:188} INFO - [2026-01-02T17:55:08.753+0000] {dag.py:3954} INFO - Setting next_dagrun for pakakumi_scraper to 2026-01-02 16:00:00+00:00, run_after=2026-01-02 17:00:00+00:00
[2026-01-02T17:55:08.784+0000] {processor.py:183} INFO - Processing /opt/airflow/dags/pakakumi_scraper.py took 0.154 seconds
[2026-01-02T17:55:38.858+0000] {processor.py:161} INFO - Started process (PID=469) to work on /opt/airflow/dags/pakakumi_scraper.py
[2026-01-02T17:55:38.860+0000] {processor.py:830} INFO - Processing file /opt/airflow/dags/pakakumi_scraper.py for tasks to queue
[2026-01-02T17:55:38.864+0000] {logging_mixin.py:188} INFO - [2026-01-02T17:55:38.863+0000] {dagbag.py:540} INFO - Filling up the DagBag from /opt/airflow/dags/pakakumi_scraper.py
[2026-01-02T17:55:38.892+0000] {processor.py:840} INFO - DAG(s) 'pakakumi_scraper' retrieved from /opt/airflow/dags/pakakumi_scraper.py
[2026-01-02T17:55:38.935+0000] {logging_mixin.py:188} INFO - [2026-01-02T17:55:38.934+0000] {dag.py:3096} INFO - Sync 1 DAGs
[2026-01-02T17:55:38.970+0000] {logging_mixin.py:188} INFO - [2026-01-02T17:55:38.969+0000] {dag.py:3954} INFO - Setting next_dagrun for pakakumi_scraper to 2026-01-02 16:00:00+00:00, run_after=2026-01-02 17:00:00+00:00
[2026-01-02T17:55:38.998+0000] {processor.py:183} INFO - Processing /opt/airflow/dags/pakakumi_scraper.py took 0.149 seconds
[2026-01-02T17:56:09.262+0000] {processor.py:161} INFO - Started process (PID=474) to work on /opt/airflow/dags/pakakumi_scraper.py
[2026-01-02T17:56:09.264+0000] {processor.py:830} INFO - Processing file /opt/airflow/dags/pakakumi_scraper.py for tasks to queue
[2026-01-02T17:56:09.268+0000] {logging_mixin.py:188} INFO - [2026-01-02T17:56:09.267+0000] {dagbag.py:540} INFO - Filling up the DagBag from /opt/airflow/dags/pakakumi_scraper.py
[2026-01-02T17:56:09.300+0000] {processor.py:840} INFO - DAG(s) 'pakakumi_scraper' retrieved from /opt/airflow/dags/pakakumi_scraper.py
[2026-01-02T17:56:09.346+0000] {logging_mixin.py:188} INFO - [2026-01-02T17:56:09.346+0000] {dag.py:3096} INFO - Sync 1 DAGs
[2026-01-02T17:56:09.386+0000] {logging_mixin.py:188} INFO - [2026-01-02T17:56:09.385+0000] {dag.py:3954} INFO - Setting next_dagrun for pakakumi_scraper to 2026-01-02 16:00:00+00:00, run_after=2026-01-02 17:00:00+00:00
[2026-01-02T17:56:09.417+0000] {processor.py:183} INFO - Processing /opt/airflow/dags/pakakumi_scraper.py took 0.167 seconds
[2026-01-02T17:56:39.504+0000] {processor.py:161} INFO - Started process (PID=479) to work on /opt/airflow/dags/pakakumi_scraper.py
[2026-01-02T17:56:39.506+0000] {processor.py:830} INFO - Processing file /opt/airflow/dags/pakakumi_scraper.py for tasks to queue
[2026-01-02T17:56:39.512+0000] {logging_mixin.py:188} INFO - [2026-01-02T17:56:39.511+0000] {dagbag.py:540} INFO - Filling up the DagBag from /opt/airflow/dags/pakakumi_scraper.py
[2026-01-02T17:56:39.552+0000] {processor.py:840} INFO - DAG(s) 'pakakumi_scraper' retrieved from /opt/airflow/dags/pakakumi_scraper.py
[2026-01-02T17:56:39.597+0000] {logging_mixin.py:188} INFO - [2026-01-02T17:56:39.597+0000] {dag.py:3096} INFO - Sync 1 DAGs
[2026-01-02T17:56:39.633+0000] {logging_mixin.py:188} INFO - [2026-01-02T17:56:39.632+0000] {dag.py:3954} INFO - Setting next_dagrun for pakakumi_scraper to 2026-01-02 16:00:00+00:00, run_after=2026-01-02 17:00:00+00:00
[2026-01-02T17:56:39.664+0000] {processor.py:183} INFO - Processing /opt/airflow/dags/pakakumi_scraper.py took 0.170 seconds
[2026-01-02T17:57:09.882+0000] {processor.py:161} INFO - Started process (PID=484) to work on /opt/airflow/dags/pakakumi_scraper.py
[2026-01-02T17:57:09.885+0000] {processor.py:830} INFO - Processing file /opt/airflow/dags/pakakumi_scraper.py for tasks to queue
[2026-01-02T17:57:09.890+0000] {logging_mixin.py:188} INFO - [2026-01-02T17:57:09.889+0000] {dagbag.py:540} INFO - Filling up the DagBag from /opt/airflow/dags/pakakumi_scraper.py
[2026-01-02T17:57:09.923+0000] {processor.py:840} INFO - DAG(s) 'pakakumi_scraper' retrieved from /opt/airflow/dags/pakakumi_scraper.py
[2026-01-02T17:57:09.968+0000] {logging_mixin.py:188} INFO - [2026-01-02T17:57:09.968+0000] {dag.py:3096} INFO - Sync 1 DAGs
[2026-01-02T17:57:10.003+0000] {logging_mixin.py:188} INFO - [2026-01-02T17:57:10.003+0000] {dag.py:3954} INFO - Setting next_dagrun for pakakumi_scraper to 2026-01-02 16:00:00+00:00, run_after=2026-01-02 17:00:00+00:00
[2026-01-02T17:57:10.032+0000] {processor.py:183} INFO - Processing /opt/airflow/dags/pakakumi_scraper.py took 0.162 seconds
[2026-01-02T17:57:40.230+0000] {processor.py:161} INFO - Started process (PID=489) to work on /opt/airflow/dags/pakakumi_scraper.py
[2026-01-02T17:57:40.232+0000] {processor.py:830} INFO - Processing file /opt/airflow/dags/pakakumi_scraper.py for tasks to queue
[2026-01-02T17:57:40.235+0000] {logging_mixin.py:188} INFO - [2026-01-02T17:57:40.235+0000] {dagbag.py:540} INFO - Filling up the DagBag from /opt/airflow/dags/pakakumi_scraper.py
[2026-01-02T17:57:40.268+0000] {processor.py:840} INFO - DAG(s) 'pakakumi_scraper' retrieved from /opt/airflow/dags/pakakumi_scraper.py
[2026-01-02T17:57:40.311+0000] {logging_mixin.py:188} INFO - [2026-01-02T17:57:40.311+0000] {dag.py:3096} INFO - Sync 1 DAGs
[2026-01-02T17:57:40.345+0000] {logging_mixin.py:188} INFO - [2026-01-02T17:57:40.345+0000] {dag.py:3954} INFO - Setting next_dagrun for pakakumi_scraper to 2026-01-02 16:00:00+00:00, run_after=2026-01-02 17:00:00+00:00
[2026-01-02T17:57:40.374+0000] {processor.py:183} INFO - Processing /opt/airflow/dags/pakakumi_scraper.py took 0.159 seconds
[2026-01-02T17:58:10.585+0000] {processor.py:161} INFO - Started process (PID=494) to work on /opt/airflow/dags/pakakumi_scraper.py
[2026-01-02T17:58:10.587+0000] {processor.py:830} INFO - Processing file /opt/airflow/dags/pakakumi_scraper.py for tasks to queue
[2026-01-02T17:58:10.590+0000] {logging_mixin.py:188} INFO - [2026-01-02T17:58:10.589+0000] {dagbag.py:540} INFO - Filling up the DagBag from /opt/airflow/dags/pakakumi_scraper.py
[2026-01-02T17:58:10.617+0000] {processor.py:840} INFO - DAG(s) 'pakakumi_scraper' retrieved from /opt/airflow/dags/pakakumi_scraper.py
[2026-01-02T17:58:10.660+0000] {logging_mixin.py:188} INFO - [2026-01-02T17:58:10.660+0000] {dag.py:3096} INFO - Sync 1 DAGs
[2026-01-02T17:58:10.693+0000] {logging_mixin.py:188} INFO - [2026-01-02T17:58:10.692+0000] {dag.py:3954} INFO - Setting next_dagrun for pakakumi_scraper to 2026-01-02 16:00:00+00:00, run_after=2026-01-02 17:00:00+00:00
[2026-01-02T17:58:10.721+0000] {processor.py:183} INFO - Processing /opt/airflow/dags/pakakumi_scraper.py took 0.156 seconds
[2026-01-02T17:58:40.835+0000] {processor.py:161} INFO - Started process (PID=499) to work on /opt/airflow/dags/pakakumi_scraper.py
[2026-01-02T17:58:40.837+0000] {processor.py:830} INFO - Processing file /opt/airflow/dags/pakakumi_scraper.py for tasks to queue
[2026-01-02T17:58:40.840+0000] {logging_mixin.py:188} INFO - [2026-01-02T17:58:40.839+0000] {dagbag.py:540} INFO - Filling up the DagBag from /opt/airflow/dags/pakakumi_scraper.py
[2026-01-02T17:58:40.868+0000] {processor.py:840} INFO - DAG(s) 'pakakumi_scraper' retrieved from /opt/airflow/dags/pakakumi_scraper.py
[2026-01-02T17:58:40.911+0000] {logging_mixin.py:188} INFO - [2026-01-02T17:58:40.910+0000] {dag.py:3096} INFO - Sync 1 DAGs
[2026-01-02T17:58:40.948+0000] {logging_mixin.py:188} INFO - [2026-01-02T17:58:40.948+0000] {dag.py:3954} INFO - Setting next_dagrun for pakakumi_scraper to 2026-01-02 16:00:00+00:00, run_after=2026-01-02 17:00:00+00:00
[2026-01-02T17:58:40.980+0000] {processor.py:183} INFO - Processing /opt/airflow/dags/pakakumi_scraper.py took 0.154 seconds
[2026-01-02T17:59:11.281+0000] {processor.py:161} INFO - Started process (PID=504) to work on /opt/airflow/dags/pakakumi_scraper.py
[2026-01-02T17:59:11.283+0000] {processor.py:830} INFO - Processing file /opt/airflow/dags/pakakumi_scraper.py for tasks to queue
[2026-01-02T17:59:11.287+0000] {logging_mixin.py:188} INFO - [2026-01-02T17:59:11.287+0000] {dagbag.py:540} INFO - Filling up the DagBag from /opt/airflow/dags/pakakumi_scraper.py
[2026-01-02T17:59:11.326+0000] {processor.py:840} INFO - DAG(s) 'pakakumi_scraper' retrieved from /opt/airflow/dags/pakakumi_scraper.py
[2026-01-02T17:59:11.372+0000] {logging_mixin.py:188} INFO - [2026-01-02T17:59:11.371+0000] {dag.py:3096} INFO - Sync 1 DAGs
[2026-01-02T17:59:11.407+0000] {logging_mixin.py:188} INFO - [2026-01-02T17:59:11.407+0000] {dag.py:3954} INFO - Setting next_dagrun for pakakumi_scraper to 2026-01-02 16:00:00+00:00, run_after=2026-01-02 17:00:00+00:00
[2026-01-02T17:59:11.436+0000] {processor.py:183} INFO - Processing /opt/airflow/dags/pakakumi_scraper.py took 0.167 seconds
[2026-01-02T17:59:41.563+0000] {processor.py:161} INFO - Started process (PID=509) to work on /opt/airflow/dags/pakakumi_scraper.py
[2026-01-02T17:59:41.565+0000] {processor.py:830} INFO - Processing file /opt/airflow/dags/pakakumi_scraper.py for tasks to queue
[2026-01-02T17:59:41.568+0000] {logging_mixin.py:188} INFO - [2026-01-02T17:59:41.567+0000] {dagbag.py:540} INFO - Filling up the DagBag from /opt/airflow/dags/pakakumi_scraper.py
[2026-01-02T17:59:41.598+0000] {processor.py:840} INFO - DAG(s) 'pakakumi_scraper' retrieved from /opt/airflow/dags/pakakumi_scraper.py
[2026-01-02T17:59:41.643+0000] {logging_mixin.py:188} INFO - [2026-01-02T17:59:41.643+0000] {dag.py:3096} INFO - Sync 1 DAGs
[2026-01-02T17:59:41.682+0000] {logging_mixin.py:188} INFO - [2026-01-02T17:59:41.681+0000] {dag.py:3954} INFO - Setting next_dagrun for pakakumi_scraper to 2026-01-02 16:00:00+00:00, run_after=2026-01-02 17:00:00+00:00
[2026-01-02T17:59:41.713+0000] {processor.py:183} INFO - Processing /opt/airflow/dags/pakakumi_scraper.py took 0.160 seconds
[2026-01-02T18:00:11.989+0000] {processor.py:161} INFO - Started process (PID=514) to work on /opt/airflow/dags/pakakumi_scraper.py
[2026-01-02T18:00:11.990+0000] {processor.py:830} INFO - Processing file /opt/airflow/dags/pakakumi_scraper.py for tasks to queue
[2026-01-02T18:00:11.994+0000] {logging_mixin.py:188} INFO - [2026-01-02T18:00:11.993+0000] {dagbag.py:540} INFO - Filling up the DagBag from /opt/airflow/dags/pakakumi_scraper.py
[2026-01-02T18:00:12.025+0000] {processor.py:840} INFO - DAG(s) 'pakakumi_scraper' retrieved from /opt/airflow/dags/pakakumi_scraper.py
[2026-01-02T18:00:12.073+0000] {logging_mixin.py:188} INFO - [2026-01-02T18:00:12.072+0000] {dag.py:3096} INFO - Sync 1 DAGs
[2026-01-02T18:00:12.110+0000] {logging_mixin.py:188} INFO - [2026-01-02T18:00:12.110+0000] {dag.py:3954} INFO - Setting next_dagrun for pakakumi_scraper to 2026-01-02 17:00:00+00:00, run_after=2026-01-02 18:00:00+00:00
[2026-01-02T18:00:12.141+0000] {processor.py:183} INFO - Processing /opt/airflow/dags/pakakumi_scraper.py took 0.163 seconds
[2026-01-02T18:00:42.257+0000] {processor.py:161} INFO - Started process (PID=519) to work on /opt/airflow/dags/pakakumi_scraper.py
[2026-01-02T18:00:42.258+0000] {processor.py:830} INFO - Processing file /opt/airflow/dags/pakakumi_scraper.py for tasks to queue
[2026-01-02T18:00:42.262+0000] {logging_mixin.py:188} INFO - [2026-01-02T18:00:42.262+0000] {dagbag.py:540} INFO - Filling up the DagBag from /opt/airflow/dags/pakakumi_scraper.py
[2026-01-02T18:00:42.292+0000] {processor.py:840} INFO - DAG(s) 'pakakumi_scraper' retrieved from /opt/airflow/dags/pakakumi_scraper.py
[2026-01-02T18:00:42.337+0000] {logging_mixin.py:188} INFO - [2026-01-02T18:00:42.337+0000] {dag.py:3096} INFO - Sync 1 DAGs
[2026-01-02T18:00:42.374+0000] {logging_mixin.py:188} INFO - [2026-01-02T18:00:42.374+0000] {dag.py:3954} INFO - Setting next_dagrun for pakakumi_scraper to 2026-01-02 17:00:00+00:00, run_after=2026-01-02 18:00:00+00:00
[2026-01-02T18:00:42.406+0000] {processor.py:183} INFO - Processing /opt/airflow/dags/pakakumi_scraper.py took 0.162 seconds
[2026-01-02T18:01:12.638+0000] {processor.py:161} INFO - Started process (PID=524) to work on /opt/airflow/dags/pakakumi_scraper.py
[2026-01-02T18:01:12.640+0000] {processor.py:830} INFO - Processing file /opt/airflow/dags/pakakumi_scraper.py for tasks to queue
[2026-01-02T18:01:12.643+0000] {logging_mixin.py:188} INFO - [2026-01-02T18:01:12.643+0000] {dagbag.py:540} INFO - Filling up the DagBag from /opt/airflow/dags/pakakumi_scraper.py
[2026-01-02T18:01:12.673+0000] {processor.py:840} INFO - DAG(s) 'pakakumi_scraper' retrieved from /opt/airflow/dags/pakakumi_scraper.py
[2026-01-02T18:01:12.717+0000] {logging_mixin.py:188} INFO - [2026-01-02T18:01:12.716+0000] {dag.py:3096} INFO - Sync 1 DAGs
[2026-01-02T18:01:12.753+0000] {logging_mixin.py:188} INFO - [2026-01-02T18:01:12.753+0000] {dag.py:3954} INFO - Setting next_dagrun for pakakumi_scraper to 2026-01-02 17:00:00+00:00, run_after=2026-01-02 18:00:00+00:00
[2026-01-02T18:01:12.783+0000] {processor.py:183} INFO - Processing /opt/airflow/dags/pakakumi_scraper.py took 0.155 seconds
[2026-01-02T18:01:42.876+0000] {processor.py:161} INFO - Started process (PID=529) to work on /opt/airflow/dags/pakakumi_scraper.py
[2026-01-02T18:01:42.877+0000] {processor.py:830} INFO - Processing file /opt/airflow/dags/pakakumi_scraper.py for tasks to queue
[2026-01-02T18:01:42.882+0000] {logging_mixin.py:188} INFO - [2026-01-02T18:01:42.881+0000] {dagbag.py:540} INFO - Filling up the DagBag from /opt/airflow/dags/pakakumi_scraper.py
[2026-01-02T18:01:42.911+0000] {processor.py:840} INFO - DAG(s) 'pakakumi_scraper' retrieved from /opt/airflow/dags/pakakumi_scraper.py
[2026-01-02T18:01:42.962+0000] {logging_mixin.py:188} INFO - [2026-01-02T18:01:42.962+0000] {dag.py:3096} INFO - Sync 1 DAGs
[2026-01-02T18:01:42.996+0000] {logging_mixin.py:188} INFO - [2026-01-02T18:01:42.996+0000] {dag.py:3954} INFO - Setting next_dagrun for pakakumi_scraper to 2026-01-02 17:00:00+00:00, run_after=2026-01-02 18:00:00+00:00
[2026-01-02T18:01:43.025+0000] {processor.py:183} INFO - Processing /opt/airflow/dags/pakakumi_scraper.py took 0.160 seconds
[2026-01-02T18:02:13.305+0000] {processor.py:161} INFO - Started process (PID=534) to work on /opt/airflow/dags/pakakumi_scraper.py
[2026-01-02T18:02:13.307+0000] {processor.py:830} INFO - Processing file /opt/airflow/dags/pakakumi_scraper.py for tasks to queue
[2026-01-02T18:02:13.310+0000] {logging_mixin.py:188} INFO - [2026-01-02T18:02:13.310+0000] {dagbag.py:540} INFO - Filling up the DagBag from /opt/airflow/dags/pakakumi_scraper.py
[2026-01-02T18:02:13.339+0000] {processor.py:840} INFO - DAG(s) 'pakakumi_scraper' retrieved from /opt/airflow/dags/pakakumi_scraper.py
[2026-01-02T18:02:13.382+0000] {logging_mixin.py:188} INFO - [2026-01-02T18:02:13.382+0000] {dag.py:3096} INFO - Sync 1 DAGs
[2026-01-02T18:02:13.416+0000] {logging_mixin.py:188} INFO - [2026-01-02T18:02:13.416+0000] {dag.py:3954} INFO - Setting next_dagrun for pakakumi_scraper to 2026-01-02 17:00:00+00:00, run_after=2026-01-02 18:00:00+00:00
[2026-01-02T18:02:13.444+0000] {processor.py:183} INFO - Processing /opt/airflow/dags/pakakumi_scraper.py took 0.149 seconds
[2026-01-02T18:02:43.569+0000] {processor.py:161} INFO - Started process (PID=539) to work on /opt/airflow/dags/pakakumi_scraper.py
[2026-01-02T18:02:43.572+0000] {processor.py:830} INFO - Processing file /opt/airflow/dags/pakakumi_scraper.py for tasks to queue
[2026-01-02T18:02:43.576+0000] {logging_mixin.py:188} INFO - [2026-01-02T18:02:43.576+0000] {dagbag.py:540} INFO - Filling up the DagBag from /opt/airflow/dags/pakakumi_scraper.py
[2026-01-02T18:02:43.607+0000] {processor.py:840} INFO - DAG(s) 'pakakumi_scraper' retrieved from /opt/airflow/dags/pakakumi_scraper.py
[2026-01-02T18:02:43.651+0000] {logging_mixin.py:188} INFO - [2026-01-02T18:02:43.650+0000] {dag.py:3096} INFO - Sync 1 DAGs
[2026-01-02T18:02:43.684+0000] {logging_mixin.py:188} INFO - [2026-01-02T18:02:43.684+0000] {dag.py:3954} INFO - Setting next_dagrun for pakakumi_scraper to 2026-01-02 17:00:00+00:00, run_after=2026-01-02 18:00:00+00:00
[2026-01-02T18:02:43.714+0000] {processor.py:183} INFO - Processing /opt/airflow/dags/pakakumi_scraper.py took 0.159 seconds
[2026-01-02T18:03:13.905+0000] {processor.py:161} INFO - Started process (PID=544) to work on /opt/airflow/dags/pakakumi_scraper.py
[2026-01-02T18:03:13.907+0000] {processor.py:830} INFO - Processing file /opt/airflow/dags/pakakumi_scraper.py for tasks to queue
[2026-01-02T18:03:13.910+0000] {logging_mixin.py:188} INFO - [2026-01-02T18:03:13.909+0000] {dagbag.py:540} INFO - Filling up the DagBag from /opt/airflow/dags/pakakumi_scraper.py
[2026-01-02T18:03:13.939+0000] {processor.py:840} INFO - DAG(s) 'pakakumi_scraper' retrieved from /opt/airflow/dags/pakakumi_scraper.py
[2026-01-02T18:03:13.984+0000] {logging_mixin.py:188} INFO - [2026-01-02T18:03:13.984+0000] {dag.py:3096} INFO - Sync 1 DAGs
[2026-01-02T18:03:14.023+0000] {logging_mixin.py:188} INFO - [2026-01-02T18:03:14.023+0000] {dag.py:3954} INFO - Setting next_dagrun for pakakumi_scraper to 2026-01-02 17:00:00+00:00, run_after=2026-01-02 18:00:00+00:00
[2026-01-02T18:03:14.051+0000] {processor.py:183} INFO - Processing /opt/airflow/dags/pakakumi_scraper.py took 0.157 seconds
[2026-01-02T18:03:44.191+0000] {processor.py:161} INFO - Started process (PID=549) to work on /opt/airflow/dags/pakakumi_scraper.py
[2026-01-02T18:03:44.193+0000] {processor.py:830} INFO - Processing file /opt/airflow/dags/pakakumi_scraper.py for tasks to queue
[2026-01-02T18:03:44.196+0000] {logging_mixin.py:188} INFO - [2026-01-02T18:03:44.196+0000] {dagbag.py:540} INFO - Filling up the DagBag from /opt/airflow/dags/pakakumi_scraper.py
[2026-01-02T18:03:44.226+0000] {processor.py:840} INFO - DAG(s) 'pakakumi_scraper' retrieved from /opt/airflow/dags/pakakumi_scraper.py
[2026-01-02T18:03:44.271+0000] {logging_mixin.py:188} INFO - [2026-01-02T18:03:44.271+0000] {dag.py:3096} INFO - Sync 1 DAGs
[2026-01-02T18:03:44.308+0000] {logging_mixin.py:188} INFO - [2026-01-02T18:03:44.308+0000] {dag.py:3954} INFO - Setting next_dagrun for pakakumi_scraper to 2026-01-02 17:00:00+00:00, run_after=2026-01-02 18:00:00+00:00
[2026-01-02T18:03:44.340+0000] {processor.py:183} INFO - Processing /opt/airflow/dags/pakakumi_scraper.py took 0.161 seconds
[2026-01-02T18:04:14.518+0000] {processor.py:161} INFO - Started process (PID=554) to work on /opt/airflow/dags/pakakumi_scraper.py
[2026-01-02T18:04:14.520+0000] {processor.py:830} INFO - Processing file /opt/airflow/dags/pakakumi_scraper.py for tasks to queue
[2026-01-02T18:04:14.523+0000] {logging_mixin.py:188} INFO - [2026-01-02T18:04:14.523+0000] {dagbag.py:540} INFO - Filling up the DagBag from /opt/airflow/dags/pakakumi_scraper.py
[2026-01-02T18:04:14.554+0000] {processor.py:840} INFO - DAG(s) 'pakakumi_scraper' retrieved from /opt/airflow/dags/pakakumi_scraper.py
[2026-01-02T18:04:14.597+0000] {logging_mixin.py:188} INFO - [2026-01-02T18:04:14.596+0000] {dag.py:3096} INFO - Sync 1 DAGs
[2026-01-02T18:04:14.631+0000] {logging_mixin.py:188} INFO - [2026-01-02T18:04:14.630+0000] {dag.py:3954} INFO - Setting next_dagrun for pakakumi_scraper to 2026-01-02 17:00:00+00:00, run_after=2026-01-02 18:00:00+00:00
[2026-01-02T18:04:14.657+0000] {processor.py:183} INFO - Processing /opt/airflow/dags/pakakumi_scraper.py took 0.148 seconds
[2026-01-02T18:04:44.785+0000] {processor.py:161} INFO - Started process (PID=559) to work on /opt/airflow/dags/pakakumi_scraper.py
[2026-01-02T18:04:44.787+0000] {processor.py:830} INFO - Processing file /opt/airflow/dags/pakakumi_scraper.py for tasks to queue
[2026-01-02T18:04:44.790+0000] {logging_mixin.py:188} INFO - [2026-01-02T18:04:44.789+0000] {dagbag.py:540} INFO - Filling up the DagBag from /opt/airflow/dags/pakakumi_scraper.py
[2026-01-02T18:04:44.820+0000] {processor.py:840} INFO - DAG(s) 'pakakumi_scraper' retrieved from /opt/airflow/dags/pakakumi_scraper.py
[2026-01-02T18:04:44.864+0000] {logging_mixin.py:188} INFO - [2026-01-02T18:04:44.864+0000] {dag.py:3096} INFO - Sync 1 DAGs
[2026-01-02T18:04:44.902+0000] {logging_mixin.py:188} INFO - [2026-01-02T18:04:44.902+0000] {dag.py:3954} INFO - Setting next_dagrun for pakakumi_scraper to 2026-01-02 17:00:00+00:00, run_after=2026-01-02 18:00:00+00:00
[2026-01-02T18:04:44.934+0000] {processor.py:183} INFO - Processing /opt/airflow/dags/pakakumi_scraper.py took 0.158 seconds
[2026-01-02T18:05:15.173+0000] {processor.py:161} INFO - Started process (PID=564) to work on /opt/airflow/dags/pakakumi_scraper.py
[2026-01-02T18:05:15.174+0000] {processor.py:830} INFO - Processing file /opt/airflow/dags/pakakumi_scraper.py for tasks to queue
[2026-01-02T18:05:15.178+0000] {logging_mixin.py:188} INFO - [2026-01-02T18:05:15.177+0000] {dagbag.py:540} INFO - Filling up the DagBag from /opt/airflow/dags/pakakumi_scraper.py
[2026-01-02T18:05:15.210+0000] {processor.py:840} INFO - DAG(s) 'pakakumi_scraper' retrieved from /opt/airflow/dags/pakakumi_scraper.py
[2026-01-02T18:05:15.257+0000] {logging_mixin.py:188} INFO - [2026-01-02T18:05:15.256+0000] {dag.py:3096} INFO - Sync 1 DAGs
[2026-01-02T18:05:15.295+0000] {logging_mixin.py:188} INFO - [2026-01-02T18:05:15.295+0000] {dag.py:3954} INFO - Setting next_dagrun for pakakumi_scraper to 2026-01-02 17:00:00+00:00, run_after=2026-01-02 18:00:00+00:00
[2026-01-02T18:05:15.327+0000] {processor.py:183} INFO - Processing /opt/airflow/dags/pakakumi_scraper.py took 0.163 seconds
[2026-01-02T18:05:45.440+0000] {processor.py:161} INFO - Started process (PID=569) to work on /opt/airflow/dags/pakakumi_scraper.py
[2026-01-02T18:05:45.442+0000] {processor.py:830} INFO - Processing file /opt/airflow/dags/pakakumi_scraper.py for tasks to queue
[2026-01-02T18:05:45.447+0000] {logging_mixin.py:188} INFO - [2026-01-02T18:05:45.446+0000] {dagbag.py:540} INFO - Filling up the DagBag from /opt/airflow/dags/pakakumi_scraper.py
[2026-01-02T18:05:45.476+0000] {processor.py:840} INFO - DAG(s) 'pakakumi_scraper' retrieved from /opt/airflow/dags/pakakumi_scraper.py
[2026-01-02T18:05:45.525+0000] {logging_mixin.py:188} INFO - [2026-01-02T18:05:45.524+0000] {dag.py:3096} INFO - Sync 1 DAGs
[2026-01-02T18:05:45.566+0000] {logging_mixin.py:188} INFO - [2026-01-02T18:05:45.566+0000] {dag.py:3954} INFO - Setting next_dagrun for pakakumi_scraper to 2026-01-02 17:00:00+00:00, run_after=2026-01-02 18:00:00+00:00
[2026-01-02T18:05:45.598+0000] {processor.py:183} INFO - Processing /opt/airflow/dags/pakakumi_scraper.py took 0.173 seconds
[2026-01-02T18:06:15.801+0000] {processor.py:161} INFO - Started process (PID=574) to work on /opt/airflow/dags/pakakumi_scraper.py
[2026-01-02T18:06:15.803+0000] {processor.py:830} INFO - Processing file /opt/airflow/dags/pakakumi_scraper.py for tasks to queue
[2026-01-02T18:06:15.806+0000] {logging_mixin.py:188} INFO - [2026-01-02T18:06:15.806+0000] {dagbag.py:540} INFO - Filling up the DagBag from /opt/airflow/dags/pakakumi_scraper.py
[2026-01-02T18:06:15.833+0000] {processor.py:840} INFO - DAG(s) 'pakakumi_scraper' retrieved from /opt/airflow/dags/pakakumi_scraper.py
[2026-01-02T18:06:15.873+0000] {logging_mixin.py:188} INFO - [2026-01-02T18:06:15.873+0000] {dag.py:3096} INFO - Sync 1 DAGs
[2026-01-02T18:06:15.907+0000] {logging_mixin.py:188} INFO - [2026-01-02T18:06:15.907+0000] {dag.py:3954} INFO - Setting next_dagrun for pakakumi_scraper to 2026-01-02 17:00:00+00:00, run_after=2026-01-02 18:00:00+00:00
[2026-01-02T18:06:15.934+0000] {processor.py:183} INFO - Processing /opt/airflow/dags/pakakumi_scraper.py took 0.145 seconds
[2026-01-02T18:06:46.064+0000] {processor.py:161} INFO - Started process (PID=579) to work on /opt/airflow/dags/pakakumi_scraper.py
[2026-01-02T18:06:46.066+0000] {processor.py:830} INFO - Processing file /opt/airflow/dags/pakakumi_scraper.py for tasks to queue
[2026-01-02T18:06:46.069+0000] {logging_mixin.py:188} INFO - [2026-01-02T18:06:46.069+0000] {dagbag.py:540} INFO - Filling up the DagBag from /opt/airflow/dags/pakakumi_scraper.py
[2026-01-02T18:06:46.101+0000] {processor.py:840} INFO - DAG(s) 'pakakumi_scraper' retrieved from /opt/airflow/dags/pakakumi_scraper.py
[2026-01-02T18:06:46.147+0000] {logging_mixin.py:188} INFO - [2026-01-02T18:06:46.147+0000] {dag.py:3096} INFO - Sync 1 DAGs
[2026-01-02T18:06:46.183+0000] {logging_mixin.py:188} INFO - [2026-01-02T18:06:46.183+0000] {dag.py:3954} INFO - Setting next_dagrun for pakakumi_scraper to 2026-01-02 17:00:00+00:00, run_after=2026-01-02 18:00:00+00:00
[2026-01-02T18:06:46.214+0000] {processor.py:183} INFO - Processing /opt/airflow/dags/pakakumi_scraper.py took 0.161 seconds
[2026-01-02T18:07:16.479+0000] {processor.py:161} INFO - Started process (PID=584) to work on /opt/airflow/dags/pakakumi_scraper.py
[2026-01-02T18:07:16.497+0000] {processor.py:830} INFO - Processing file /opt/airflow/dags/pakakumi_scraper.py for tasks to queue
[2026-01-02T18:07:16.502+0000] {logging_mixin.py:188} INFO - [2026-01-02T18:07:16.501+0000] {dagbag.py:540} INFO - Filling up the DagBag from /opt/airflow/dags/pakakumi_scraper.py
[2026-01-02T18:07:16.540+0000] {processor.py:840} INFO - DAG(s) 'pakakumi_scraper' retrieved from /opt/airflow/dags/pakakumi_scraper.py
[2026-01-02T18:07:16.596+0000] {logging_mixin.py:188} INFO - [2026-01-02T18:07:16.596+0000] {dag.py:3096} INFO - Sync 1 DAGs
[2026-01-02T18:07:16.682+0000] {logging_mixin.py:188} INFO - [2026-01-02T18:07:16.682+0000] {dag.py:3954} INFO - Setting next_dagrun for pakakumi_scraper to 2026-01-02 17:00:00+00:00, run_after=2026-01-02 18:00:00+00:00
[2026-01-02T18:07:16.725+0000] {processor.py:183} INFO - Processing /opt/airflow/dags/pakakumi_scraper.py took 0.261 seconds
[2026-01-02T18:07:46.840+0000] {processor.py:161} INFO - Started process (PID=589) to work on /opt/airflow/dags/pakakumi_scraper.py
[2026-01-02T18:07:46.842+0000] {processor.py:830} INFO - Processing file /opt/airflow/dags/pakakumi_scraper.py for tasks to queue
[2026-01-02T18:07:46.845+0000] {logging_mixin.py:188} INFO - [2026-01-02T18:07:46.845+0000] {dagbag.py:540} INFO - Filling up the DagBag from /opt/airflow/dags/pakakumi_scraper.py
[2026-01-02T18:07:46.874+0000] {processor.py:840} INFO - DAG(s) 'pakakumi_scraper' retrieved from /opt/airflow/dags/pakakumi_scraper.py
[2026-01-02T18:07:46.916+0000] {logging_mixin.py:188} INFO - [2026-01-02T18:07:46.915+0000] {dag.py:3096} INFO - Sync 1 DAGs
[2026-01-02T18:07:46.951+0000] {logging_mixin.py:188} INFO - [2026-01-02T18:07:46.951+0000] {dag.py:3954} INFO - Setting next_dagrun for pakakumi_scraper to 2026-01-02 17:00:00+00:00, run_after=2026-01-02 18:00:00+00:00
[2026-01-02T18:07:46.978+0000] {processor.py:183} INFO - Processing /opt/airflow/dags/pakakumi_scraper.py took 0.151 seconds
[2026-01-02T18:08:17.228+0000] {processor.py:161} INFO - Started process (PID=594) to work on /opt/airflow/dags/pakakumi_scraper.py
[2026-01-02T18:08:17.230+0000] {processor.py:830} INFO - Processing file /opt/airflow/dags/pakakumi_scraper.py for tasks to queue
[2026-01-02T18:08:17.234+0000] {logging_mixin.py:188} INFO - [2026-01-02T18:08:17.233+0000] {dagbag.py:540} INFO - Filling up the DagBag from /opt/airflow/dags/pakakumi_scraper.py
[2026-01-02T18:08:17.262+0000] {processor.py:840} INFO - DAG(s) 'pakakumi_scraper' retrieved from /opt/airflow/dags/pakakumi_scraper.py
[2026-01-02T18:08:17.308+0000] {logging_mixin.py:188} INFO - [2026-01-02T18:08:17.308+0000] {dag.py:3096} INFO - Sync 1 DAGs
[2026-01-02T18:08:17.346+0000] {logging_mixin.py:188} INFO - [2026-01-02T18:08:17.346+0000] {dag.py:3954} INFO - Setting next_dagrun for pakakumi_scraper to 2026-01-02 17:00:00+00:00, run_after=2026-01-02 18:00:00+00:00
[2026-01-02T18:08:17.374+0000] {processor.py:183} INFO - Processing /opt/airflow/dags/pakakumi_scraper.py took 0.154 seconds
[2026-01-02T18:08:47.528+0000] {processor.py:161} INFO - Started process (PID=599) to work on /opt/airflow/dags/pakakumi_scraper.py
[2026-01-02T18:08:47.533+0000] {processor.py:830} INFO - Processing file /opt/airflow/dags/pakakumi_scraper.py for tasks to queue
[2026-01-02T18:08:47.536+0000] {logging_mixin.py:188} INFO - [2026-01-02T18:08:47.536+0000] {dagbag.py:540} INFO - Filling up the DagBag from /opt/airflow/dags/pakakumi_scraper.py
[2026-01-02T18:08:47.572+0000] {processor.py:840} INFO - DAG(s) 'pakakumi_scraper' retrieved from /opt/airflow/dags/pakakumi_scraper.py
[2026-01-02T18:08:47.622+0000] {logging_mixin.py:188} INFO - [2026-01-02T18:08:47.622+0000] {dag.py:3096} INFO - Sync 1 DAGs
[2026-01-02T18:08:47.672+0000] {logging_mixin.py:188} INFO - [2026-01-02T18:08:47.672+0000] {dag.py:3954} INFO - Setting next_dagrun for pakakumi_scraper to 2026-01-02 17:00:00+00:00, run_after=2026-01-02 18:00:00+00:00
[2026-01-02T18:08:47.708+0000] {processor.py:183} INFO - Processing /opt/airflow/dags/pakakumi_scraper.py took 0.190 seconds
[2026-01-02T18:09:17.838+0000] {processor.py:161} INFO - Started process (PID=604) to work on /opt/airflow/dags/pakakumi_scraper.py
[2026-01-02T18:09:17.839+0000] {processor.py:830} INFO - Processing file /opt/airflow/dags/pakakumi_scraper.py for tasks to queue
[2026-01-02T18:09:17.842+0000] {logging_mixin.py:188} INFO - [2026-01-02T18:09:17.842+0000] {dagbag.py:540} INFO - Filling up the DagBag from /opt/airflow/dags/pakakumi_scraper.py
[2026-01-02T18:09:17.876+0000] {processor.py:840} INFO - DAG(s) 'pakakumi_scraper' retrieved from /opt/airflow/dags/pakakumi_scraper.py
[2026-01-02T18:09:17.937+0000] {logging_mixin.py:188} INFO - [2026-01-02T18:09:17.936+0000] {dag.py:3096} INFO - Sync 1 DAGs
[2026-01-02T18:09:17.999+0000] {logging_mixin.py:188} INFO - [2026-01-02T18:09:17.998+0000] {dag.py:3954} INFO - Setting next_dagrun for pakakumi_scraper to 2026-01-02 17:00:00+00:00, run_after=2026-01-02 18:00:00+00:00
[2026-01-02T18:09:18.062+0000] {processor.py:183} INFO - Processing /opt/airflow/dags/pakakumi_scraper.py took 0.237 seconds
[2026-01-02T18:09:48.169+0000] {processor.py:161} INFO - Started process (PID=609) to work on /opt/airflow/dags/pakakumi_scraper.py
[2026-01-02T18:09:48.172+0000] {processor.py:830} INFO - Processing file /opt/airflow/dags/pakakumi_scraper.py for tasks to queue
[2026-01-02T18:09:48.177+0000] {logging_mixin.py:188} INFO - [2026-01-02T18:09:48.176+0000] {dagbag.py:540} INFO - Filling up the DagBag from /opt/airflow/dags/pakakumi_scraper.py
[2026-01-02T18:09:48.211+0000] {processor.py:840} INFO - DAG(s) 'pakakumi_scraper' retrieved from /opt/airflow/dags/pakakumi_scraper.py
[2026-01-02T18:09:48.256+0000] {logging_mixin.py:188} INFO - [2026-01-02T18:09:48.256+0000] {dag.py:3096} INFO - Sync 1 DAGs
[2026-01-02T18:09:48.295+0000] {logging_mixin.py:188} INFO - [2026-01-02T18:09:48.295+0000] {dag.py:3954} INFO - Setting next_dagrun for pakakumi_scraper to 2026-01-02 17:00:00+00:00, run_after=2026-01-02 18:00:00+00:00
[2026-01-02T18:09:48.326+0000] {processor.py:183} INFO - Processing /opt/airflow/dags/pakakumi_scraper.py took 0.169 seconds
[2026-01-02T18:10:18.594+0000] {processor.py:161} INFO - Started process (PID=614) to work on /opt/airflow/dags/pakakumi_scraper.py
[2026-01-02T18:10:18.595+0000] {processor.py:830} INFO - Processing file /opt/airflow/dags/pakakumi_scraper.py for tasks to queue
[2026-01-02T18:10:18.598+0000] {logging_mixin.py:188} INFO - [2026-01-02T18:10:18.598+0000] {dagbag.py:540} INFO - Filling up the DagBag from /opt/airflow/dags/pakakumi_scraper.py
[2026-01-02T18:10:18.626+0000] {processor.py:840} INFO - DAG(s) 'pakakumi_scraper' retrieved from /opt/airflow/dags/pakakumi_scraper.py
[2026-01-02T18:10:18.668+0000] {logging_mixin.py:188} INFO - [2026-01-02T18:10:18.667+0000] {dag.py:3096} INFO - Sync 1 DAGs
[2026-01-02T18:10:18.702+0000] {logging_mixin.py:188} INFO - [2026-01-02T18:10:18.702+0000] {dag.py:3954} INFO - Setting next_dagrun for pakakumi_scraper to 2026-01-02 17:00:00+00:00, run_after=2026-01-02 18:00:00+00:00
[2026-01-02T18:10:18.729+0000] {processor.py:183} INFO - Processing /opt/airflow/dags/pakakumi_scraper.py took 0.145 seconds
[2026-01-02T18:10:48.891+0000] {processor.py:161} INFO - Started process (PID=619) to work on /opt/airflow/dags/pakakumi_scraper.py
[2026-01-02T18:10:48.893+0000] {processor.py:830} INFO - Processing file /opt/airflow/dags/pakakumi_scraper.py for tasks to queue
[2026-01-02T18:10:48.897+0000] {logging_mixin.py:188} INFO - [2026-01-02T18:10:48.896+0000] {dagbag.py:540} INFO - Filling up the DagBag from /opt/airflow/dags/pakakumi_scraper.py
[2026-01-02T18:10:48.925+0000] {processor.py:840} INFO - DAG(s) 'pakakumi_scraper' retrieved from /opt/airflow/dags/pakakumi_scraper.py
[2026-01-02T18:10:48.967+0000] {logging_mixin.py:188} INFO - [2026-01-02T18:10:48.967+0000] {dag.py:3096} INFO - Sync 1 DAGs
[2026-01-02T18:10:48.999+0000] {logging_mixin.py:188} INFO - [2026-01-02T18:10:48.999+0000] {dag.py:3954} INFO - Setting next_dagrun for pakakumi_scraper to 2026-01-02 17:00:00+00:00, run_after=2026-01-02 18:00:00+00:00
[2026-01-02T18:10:49.025+0000] {processor.py:183} INFO - Processing /opt/airflow/dags/pakakumi_scraper.py took 0.148 seconds
[2026-01-02T18:11:19.256+0000] {processor.py:161} INFO - Started process (PID=624) to work on /opt/airflow/dags/pakakumi_scraper.py
[2026-01-02T18:11:19.258+0000] {processor.py:830} INFO - Processing file /opt/airflow/dags/pakakumi_scraper.py for tasks to queue
[2026-01-02T18:11:19.261+0000] {logging_mixin.py:188} INFO - [2026-01-02T18:11:19.261+0000] {dagbag.py:540} INFO - Filling up the DagBag from /opt/airflow/dags/pakakumi_scraper.py
[2026-01-02T18:11:19.289+0000] {processor.py:840} INFO - DAG(s) 'pakakumi_scraper' retrieved from /opt/airflow/dags/pakakumi_scraper.py
[2026-01-02T18:11:19.332+0000] {logging_mixin.py:188} INFO - [2026-01-02T18:11:19.331+0000] {dag.py:3096} INFO - Sync 1 DAGs
[2026-01-02T18:11:19.369+0000] {logging_mixin.py:188} INFO - [2026-01-02T18:11:19.368+0000] {dag.py:3954} INFO - Setting next_dagrun for pakakumi_scraper to 2026-01-02 17:00:00+00:00, run_after=2026-01-02 18:00:00+00:00
[2026-01-02T18:11:19.396+0000] {processor.py:183} INFO - Processing /opt/airflow/dags/pakakumi_scraper.py took 0.152 seconds
[2026-01-02T18:11:49.523+0000] {processor.py:161} INFO - Started process (PID=629) to work on /opt/airflow/dags/pakakumi_scraper.py
[2026-01-02T18:11:49.526+0000] {processor.py:830} INFO - Processing file /opt/airflow/dags/pakakumi_scraper.py for tasks to queue
[2026-01-02T18:11:49.529+0000] {logging_mixin.py:188} INFO - [2026-01-02T18:11:49.529+0000] {dagbag.py:540} INFO - Filling up the DagBag from /opt/airflow/dags/pakakumi_scraper.py
[2026-01-02T18:11:49.559+0000] {processor.py:840} INFO - DAG(s) 'pakakumi_scraper' retrieved from /opt/airflow/dags/pakakumi_scraper.py
[2026-01-02T18:11:49.602+0000] {logging_mixin.py:188} INFO - [2026-01-02T18:11:49.601+0000] {dag.py:3096} INFO - Sync 1 DAGs
[2026-01-02T18:11:49.637+0000] {logging_mixin.py:188} INFO - [2026-01-02T18:11:49.636+0000] {dag.py:3954} INFO - Setting next_dagrun for pakakumi_scraper to 2026-01-02 17:00:00+00:00, run_after=2026-01-02 18:00:00+00:00
[2026-01-02T18:11:49.663+0000] {processor.py:183} INFO - Processing /opt/airflow/dags/pakakumi_scraper.py took 0.150 seconds
[2026-01-02T18:12:19.943+0000] {processor.py:161} INFO - Started process (PID=634) to work on /opt/airflow/dags/pakakumi_scraper.py
[2026-01-02T18:12:19.945+0000] {processor.py:830} INFO - Processing file /opt/airflow/dags/pakakumi_scraper.py for tasks to queue
[2026-01-02T18:12:19.947+0000] {logging_mixin.py:188} INFO - [2026-01-02T18:12:19.947+0000] {dagbag.py:540} INFO - Filling up the DagBag from /opt/airflow/dags/pakakumi_scraper.py
[2026-01-02T18:12:19.975+0000] {processor.py:840} INFO - DAG(s) 'pakakumi_scraper' retrieved from /opt/airflow/dags/pakakumi_scraper.py
[2026-01-02T18:12:20.017+0000] {logging_mixin.py:188} INFO - [2026-01-02T18:12:20.017+0000] {dag.py:3096} INFO - Sync 1 DAGs
[2026-01-02T18:12:20.051+0000] {logging_mixin.py:188} INFO - [2026-01-02T18:12:20.050+0000] {dag.py:3954} INFO - Setting next_dagrun for pakakumi_scraper to 2026-01-02 17:00:00+00:00, run_after=2026-01-02 18:00:00+00:00
[2026-01-02T18:12:20.078+0000] {processor.py:183} INFO - Processing /opt/airflow/dags/pakakumi_scraper.py took 0.147 seconds
[2026-01-02T18:12:50.245+0000] {processor.py:161} INFO - Started process (PID=639) to work on /opt/airflow/dags/pakakumi_scraper.py
[2026-01-02T18:12:50.247+0000] {processor.py:830} INFO - Processing file /opt/airflow/dags/pakakumi_scraper.py for tasks to queue
[2026-01-02T18:12:50.252+0000] {logging_mixin.py:188} INFO - [2026-01-02T18:12:50.251+0000] {dagbag.py:540} INFO - Filling up the DagBag from /opt/airflow/dags/pakakumi_scraper.py
[2026-01-02T18:12:50.295+0000] {processor.py:840} INFO - DAG(s) 'pakakumi_scraper' retrieved from /opt/airflow/dags/pakakumi_scraper.py
[2026-01-02T18:12:50.338+0000] {logging_mixin.py:188} INFO - [2026-01-02T18:12:50.338+0000] {dag.py:3096} INFO - Sync 1 DAGs
[2026-01-02T18:12:50.374+0000] {logging_mixin.py:188} INFO - [2026-01-02T18:12:50.373+0000] {dag.py:3954} INFO - Setting next_dagrun for pakakumi_scraper to 2026-01-02 17:00:00+00:00, run_after=2026-01-02 18:00:00+00:00
[2026-01-02T18:12:50.401+0000] {processor.py:183} INFO - Processing /opt/airflow/dags/pakakumi_scraper.py took 0.168 seconds
[2026-01-02T18:13:20.596+0000] {processor.py:161} INFO - Started process (PID=644) to work on /opt/airflow/dags/pakakumi_scraper.py
[2026-01-02T18:13:20.600+0000] {processor.py:830} INFO - Processing file /opt/airflow/dags/pakakumi_scraper.py for tasks to queue
[2026-01-02T18:13:20.604+0000] {logging_mixin.py:188} INFO - [2026-01-02T18:13:20.603+0000] {dagbag.py:540} INFO - Filling up the DagBag from /opt/airflow/dags/pakakumi_scraper.py
[2026-01-02T18:13:20.632+0000] {processor.py:840} INFO - DAG(s) 'pakakumi_scraper' retrieved from /opt/airflow/dags/pakakumi_scraper.py
[2026-01-02T18:13:20.674+0000] {logging_mixin.py:188} INFO - [2026-01-02T18:13:20.674+0000] {dag.py:3096} INFO - Sync 1 DAGs
[2026-01-02T18:13:20.708+0000] {logging_mixin.py:188} INFO - [2026-01-02T18:13:20.708+0000] {dag.py:3954} INFO - Setting next_dagrun for pakakumi_scraper to 2026-01-02 17:00:00+00:00, run_after=2026-01-02 18:00:00+00:00
[2026-01-02T18:13:20.735+0000] {processor.py:183} INFO - Processing /opt/airflow/dags/pakakumi_scraper.py took 0.153 seconds
[2026-01-02T18:13:50.916+0000] {processor.py:161} INFO - Started process (PID=649) to work on /opt/airflow/dags/pakakumi_scraper.py
[2026-01-02T18:13:50.919+0000] {processor.py:830} INFO - Processing file /opt/airflow/dags/pakakumi_scraper.py for tasks to queue
[2026-01-02T18:13:50.922+0000] {logging_mixin.py:188} INFO - [2026-01-02T18:13:50.922+0000] {dagbag.py:540} INFO - Filling up the DagBag from /opt/airflow/dags/pakakumi_scraper.py
[2026-01-02T18:13:50.952+0000] {processor.py:840} INFO - DAG(s) 'pakakumi_scraper' retrieved from /opt/airflow/dags/pakakumi_scraper.py
[2026-01-02T18:13:50.994+0000] {logging_mixin.py:188} INFO - [2026-01-02T18:13:50.994+0000] {dag.py:3096} INFO - Sync 1 DAGs
[2026-01-02T18:13:51.026+0000] {logging_mixin.py:188} INFO - [2026-01-02T18:13:51.026+0000] {dag.py:3954} INFO - Setting next_dagrun for pakakumi_scraper to 2026-01-02 17:00:00+00:00, run_after=2026-01-02 18:00:00+00:00
[2026-01-02T18:13:51.055+0000] {processor.py:183} INFO - Processing /opt/airflow/dags/pakakumi_scraper.py took 0.152 seconds
[2026-01-02T18:14:21.266+0000] {processor.py:161} INFO - Started process (PID=654) to work on /opt/airflow/dags/pakakumi_scraper.py
[2026-01-02T18:14:21.269+0000] {processor.py:830} INFO - Processing file /opt/airflow/dags/pakakumi_scraper.py for tasks to queue
[2026-01-02T18:14:21.273+0000] {logging_mixin.py:188} INFO - [2026-01-02T18:14:21.272+0000] {dagbag.py:540} INFO - Filling up the DagBag from /opt/airflow/dags/pakakumi_scraper.py
[2026-01-02T18:14:21.305+0000] {processor.py:840} INFO - DAG(s) 'pakakumi_scraper' retrieved from /opt/airflow/dags/pakakumi_scraper.py
[2026-01-02T18:14:21.351+0000] {logging_mixin.py:188} INFO - [2026-01-02T18:14:21.351+0000] {dag.py:3096} INFO - Sync 1 DAGs
[2026-01-02T18:14:21.389+0000] {logging_mixin.py:188} INFO - [2026-01-02T18:14:21.389+0000] {dag.py:3954} INFO - Setting next_dagrun for pakakumi_scraper to 2026-01-02 17:00:00+00:00, run_after=2026-01-02 18:00:00+00:00
[2026-01-02T18:14:21.415+0000] {processor.py:183} INFO - Processing /opt/airflow/dags/pakakumi_scraper.py took 0.166 seconds
[2026-01-02T18:14:51.592+0000] {processor.py:161} INFO - Started process (PID=659) to work on /opt/airflow/dags/pakakumi_scraper.py
[2026-01-02T18:14:51.594+0000] {processor.py:830} INFO - Processing file /opt/airflow/dags/pakakumi_scraper.py for tasks to queue
[2026-01-02T18:14:51.596+0000] {logging_mixin.py:188} INFO - [2026-01-02T18:14:51.596+0000] {dagbag.py:540} INFO - Filling up the DagBag from /opt/airflow/dags/pakakumi_scraper.py
[2026-01-02T18:14:51.623+0000] {processor.py:840} INFO - DAG(s) 'pakakumi_scraper' retrieved from /opt/airflow/dags/pakakumi_scraper.py
[2026-01-02T18:14:51.668+0000] {logging_mixin.py:188} INFO - [2026-01-02T18:14:51.667+0000] {dag.py:3096} INFO - Sync 1 DAGs
[2026-01-02T18:14:51.705+0000] {logging_mixin.py:188} INFO - [2026-01-02T18:14:51.704+0000] {dag.py:3954} INFO - Setting next_dagrun for pakakumi_scraper to 2026-01-02 17:00:00+00:00, run_after=2026-01-02 18:00:00+00:00
[2026-01-02T18:14:51.735+0000] {processor.py:183} INFO - Processing /opt/airflow/dags/pakakumi_scraper.py took 0.155 seconds
[2026-01-02T18:15:21.930+0000] {processor.py:161} INFO - Started process (PID=664) to work on /opt/airflow/dags/pakakumi_scraper.py
[2026-01-02T18:15:21.932+0000] {processor.py:830} INFO - Processing file /opt/airflow/dags/pakakumi_scraper.py for tasks to queue
[2026-01-02T18:15:21.936+0000] {logging_mixin.py:188} INFO - [2026-01-02T18:15:21.935+0000] {dagbag.py:540} INFO - Filling up the DagBag from /opt/airflow/dags/pakakumi_scraper.py
[2026-01-02T18:15:21.964+0000] {processor.py:840} INFO - DAG(s) 'pakakumi_scraper' retrieved from /opt/airflow/dags/pakakumi_scraper.py
[2026-01-02T18:15:22.005+0000] {logging_mixin.py:188} INFO - [2026-01-02T18:15:22.005+0000] {dag.py:3096} INFO - Sync 1 DAGs
[2026-01-02T18:15:22.042+0000] {logging_mixin.py:188} INFO - [2026-01-02T18:15:22.042+0000] {dag.py:3954} INFO - Setting next_dagrun for pakakumi_scraper to 2026-01-02 17:00:00+00:00, run_after=2026-01-02 18:00:00+00:00
[2026-01-02T18:15:22.071+0000] {processor.py:183} INFO - Processing /opt/airflow/dags/pakakumi_scraper.py took 0.154 seconds
[2026-01-02T18:15:52.237+0000] {processor.py:161} INFO - Started process (PID=669) to work on /opt/airflow/dags/pakakumi_scraper.py
[2026-01-02T18:15:52.239+0000] {processor.py:830} INFO - Processing file /opt/airflow/dags/pakakumi_scraper.py for tasks to queue
[2026-01-02T18:15:52.243+0000] {logging_mixin.py:188} INFO - [2026-01-02T18:15:52.242+0000] {dagbag.py:540} INFO - Filling up the DagBag from /opt/airflow/dags/pakakumi_scraper.py
[2026-01-02T18:15:52.276+0000] {processor.py:840} INFO - DAG(s) 'pakakumi_scraper' retrieved from /opt/airflow/dags/pakakumi_scraper.py
[2026-01-02T18:15:52.352+0000] {logging_mixin.py:188} INFO - [2026-01-02T18:15:52.351+0000] {dag.py:3096} INFO - Sync 1 DAGs
[2026-01-02T18:15:52.423+0000] {logging_mixin.py:188} INFO - [2026-01-02T18:15:52.422+0000] {dag.py:3954} INFO - Setting next_dagrun for pakakumi_scraper to 2026-01-02 17:00:00+00:00, run_after=2026-01-02 18:00:00+00:00
[2026-01-02T18:15:52.454+0000] {processor.py:183} INFO - Processing /opt/airflow/dags/pakakumi_scraper.py took 0.227 seconds
[2026-01-02T18:16:22.597+0000] {processor.py:161} INFO - Started process (PID=674) to work on /opt/airflow/dags/pakakumi_scraper.py
[2026-01-02T18:16:22.599+0000] {processor.py:830} INFO - Processing file /opt/airflow/dags/pakakumi_scraper.py for tasks to queue
[2026-01-02T18:16:22.602+0000] {logging_mixin.py:188} INFO - [2026-01-02T18:16:22.602+0000] {dagbag.py:540} INFO - Filling up the DagBag from /opt/airflow/dags/pakakumi_scraper.py
[2026-01-02T18:16:22.629+0000] {processor.py:840} INFO - DAG(s) 'pakakumi_scraper' retrieved from /opt/airflow/dags/pakakumi_scraper.py
[2026-01-02T18:16:22.672+0000] {logging_mixin.py:188} INFO - [2026-01-02T18:16:22.672+0000] {dag.py:3096} INFO - Sync 1 DAGs
[2026-01-02T18:16:22.708+0000] {logging_mixin.py:188} INFO - [2026-01-02T18:16:22.707+0000] {dag.py:3954} INFO - Setting next_dagrun for pakakumi_scraper to 2026-01-02 17:00:00+00:00, run_after=2026-01-02 18:00:00+00:00
[2026-01-02T18:16:22.736+0000] {processor.py:183} INFO - Processing /opt/airflow/dags/pakakumi_scraper.py took 0.150 seconds
[2026-01-02T18:16:52.994+0000] {processor.py:161} INFO - Started process (PID=679) to work on /opt/airflow/dags/pakakumi_scraper.py
[2026-01-02T18:16:52.995+0000] {processor.py:830} INFO - Processing file /opt/airflow/dags/pakakumi_scraper.py for tasks to queue
[2026-01-02T18:16:52.998+0000] {logging_mixin.py:188} INFO - [2026-01-02T18:16:52.997+0000] {dagbag.py:540} INFO - Filling up the DagBag from /opt/airflow/dags/pakakumi_scraper.py
[2026-01-02T18:16:53.025+0000] {processor.py:840} INFO - DAG(s) 'pakakumi_scraper' retrieved from /opt/airflow/dags/pakakumi_scraper.py
[2026-01-02T18:16:53.067+0000] {logging_mixin.py:188} INFO - [2026-01-02T18:16:53.066+0000] {dag.py:3096} INFO - Sync 1 DAGs
[2026-01-02T18:16:53.101+0000] {logging_mixin.py:188} INFO - [2026-01-02T18:16:53.101+0000] {dag.py:3954} INFO - Setting next_dagrun for pakakumi_scraper to 2026-01-02 17:00:00+00:00, run_after=2026-01-02 18:00:00+00:00
[2026-01-02T18:16:53.325+0000] {processor.py:183} INFO - Processing /opt/airflow/dags/pakakumi_scraper.py took 0.340 seconds
[2026-01-02T18:17:23.617+0000] {processor.py:161} INFO - Started process (PID=684) to work on /opt/airflow/dags/pakakumi_scraper.py
[2026-01-02T18:17:23.619+0000] {processor.py:830} INFO - Processing file /opt/airflow/dags/pakakumi_scraper.py for tasks to queue
[2026-01-02T18:17:23.622+0000] {logging_mixin.py:188} INFO - [2026-01-02T18:17:23.622+0000] {dagbag.py:540} INFO - Filling up the DagBag from /opt/airflow/dags/pakakumi_scraper.py
[2026-01-02T18:17:23.656+0000] {processor.py:840} INFO - DAG(s) 'pakakumi_scraper' retrieved from /opt/airflow/dags/pakakumi_scraper.py
[2026-01-02T18:17:23.701+0000] {logging_mixin.py:188} INFO - [2026-01-02T18:17:23.700+0000] {dag.py:3096} INFO - Sync 1 DAGs
[2026-01-02T18:17:23.733+0000] {logging_mixin.py:188} INFO - [2026-01-02T18:17:23.733+0000] {dag.py:3954} INFO - Setting next_dagrun for pakakumi_scraper to 2026-01-02 17:00:00+00:00, run_after=2026-01-02 18:00:00+00:00
[2026-01-02T18:17:23.760+0000] {processor.py:183} INFO - Processing /opt/airflow/dags/pakakumi_scraper.py took 0.153 seconds
[2026-01-02T18:17:53.868+0000] {processor.py:161} INFO - Started process (PID=689) to work on /opt/airflow/dags/pakakumi_scraper.py
[2026-01-02T18:17:53.870+0000] {processor.py:830} INFO - Processing file /opt/airflow/dags/pakakumi_scraper.py for tasks to queue
[2026-01-02T18:17:53.874+0000] {logging_mixin.py:188} INFO - [2026-01-02T18:17:53.873+0000] {dagbag.py:540} INFO - Filling up the DagBag from /opt/airflow/dags/pakakumi_scraper.py
[2026-01-02T18:17:53.902+0000] {processor.py:840} INFO - DAG(s) 'pakakumi_scraper' retrieved from /opt/airflow/dags/pakakumi_scraper.py
[2026-01-02T18:17:53.962+0000] {logging_mixin.py:188} INFO - [2026-01-02T18:17:53.962+0000] {dag.py:3096} INFO - Sync 1 DAGs
[2026-01-02T18:17:53.996+0000] {logging_mixin.py:188} INFO - [2026-01-02T18:17:53.996+0000] {dag.py:3954} INFO - Setting next_dagrun for pakakumi_scraper to 2026-01-02 17:00:00+00:00, run_after=2026-01-02 18:00:00+00:00
[2026-01-02T18:17:54.021+0000] {processor.py:183} INFO - Processing /opt/airflow/dags/pakakumi_scraper.py took 0.167 seconds
[2026-01-02T18:18:24.321+0000] {processor.py:161} INFO - Started process (PID=694) to work on /opt/airflow/dags/pakakumi_scraper.py
[2026-01-02T18:18:24.323+0000] {processor.py:830} INFO - Processing file /opt/airflow/dags/pakakumi_scraper.py for tasks to queue
[2026-01-02T18:18:24.326+0000] {logging_mixin.py:188} INFO - [2026-01-02T18:18:24.326+0000] {dagbag.py:540} INFO - Filling up the DagBag from /opt/airflow/dags/pakakumi_scraper.py
[2026-01-02T18:18:24.353+0000] {processor.py:840} INFO - DAG(s) 'pakakumi_scraper' retrieved from /opt/airflow/dags/pakakumi_scraper.py
[2026-01-02T18:18:24.395+0000] {logging_mixin.py:188} INFO - [2026-01-02T18:18:24.394+0000] {dag.py:3096} INFO - Sync 1 DAGs
[2026-01-02T18:18:24.430+0000] {logging_mixin.py:188} INFO - [2026-01-02T18:18:24.430+0000] {dag.py:3954} INFO - Setting next_dagrun for pakakumi_scraper to 2026-01-02 17:00:00+00:00, run_after=2026-01-02 18:00:00+00:00
[2026-01-02T18:18:24.455+0000] {processor.py:183} INFO - Processing /opt/airflow/dags/pakakumi_scraper.py took 0.144 seconds
[2026-01-02T18:18:54.603+0000] {processor.py:161} INFO - Started process (PID=699) to work on /opt/airflow/dags/pakakumi_scraper.py
[2026-01-02T18:18:54.605+0000] {processor.py:830} INFO - Processing file /opt/airflow/dags/pakakumi_scraper.py for tasks to queue
[2026-01-02T18:18:54.608+0000] {logging_mixin.py:188} INFO - [2026-01-02T18:18:54.608+0000] {dagbag.py:540} INFO - Filling up the DagBag from /opt/airflow/dags/pakakumi_scraper.py
[2026-01-02T18:18:54.635+0000] {processor.py:840} INFO - DAG(s) 'pakakumi_scraper' retrieved from /opt/airflow/dags/pakakumi_scraper.py
[2026-01-02T18:18:54.678+0000] {logging_mixin.py:188} INFO - [2026-01-02T18:18:54.677+0000] {dag.py:3096} INFO - Sync 1 DAGs
[2026-01-02T18:18:54.711+0000] {logging_mixin.py:188} INFO - [2026-01-02T18:18:54.710+0000] {dag.py:3954} INFO - Setting next_dagrun for pakakumi_scraper to 2026-01-02 17:00:00+00:00, run_after=2026-01-02 18:00:00+00:00
[2026-01-02T18:18:54.736+0000] {processor.py:183} INFO - Processing /opt/airflow/dags/pakakumi_scraper.py took 0.143 seconds
[2026-01-02T18:19:24.976+0000] {processor.py:161} INFO - Started process (PID=704) to work on /opt/airflow/dags/pakakumi_scraper.py
[2026-01-02T18:19:24.977+0000] {processor.py:830} INFO - Processing file /opt/airflow/dags/pakakumi_scraper.py for tasks to queue
[2026-01-02T18:19:24.981+0000] {logging_mixin.py:188} INFO - [2026-01-02T18:19:24.980+0000] {dagbag.py:540} INFO - Filling up the DagBag from /opt/airflow/dags/pakakumi_scraper.py
[2026-01-02T18:19:25.010+0000] {processor.py:840} INFO - DAG(s) 'pakakumi_scraper' retrieved from /opt/airflow/dags/pakakumi_scraper.py
[2026-01-02T18:19:25.058+0000] {logging_mixin.py:188} INFO - [2026-01-02T18:19:25.058+0000] {dag.py:3096} INFO - Sync 1 DAGs
[2026-01-02T18:19:25.096+0000] {logging_mixin.py:188} INFO - [2026-01-02T18:19:25.096+0000] {dag.py:3954} INFO - Setting next_dagrun for pakakumi_scraper to 2026-01-02 17:00:00+00:00, run_after=2026-01-02 18:00:00+00:00
[2026-01-02T18:19:25.129+0000] {processor.py:183} INFO - Processing /opt/airflow/dags/pakakumi_scraper.py took 0.164 seconds
[2026-01-02T18:19:55.259+0000] {processor.py:161} INFO - Started process (PID=709) to work on /opt/airflow/dags/pakakumi_scraper.py
[2026-01-02T18:19:55.261+0000] {processor.py:830} INFO - Processing file /opt/airflow/dags/pakakumi_scraper.py for tasks to queue
[2026-01-02T18:19:55.264+0000] {logging_mixin.py:188} INFO - [2026-01-02T18:19:55.264+0000] {dagbag.py:540} INFO - Filling up the DagBag from /opt/airflow/dags/pakakumi_scraper.py
[2026-01-02T18:19:55.291+0000] {processor.py:840} INFO - DAG(s) 'pakakumi_scraper' retrieved from /opt/airflow/dags/pakakumi_scraper.py
[2026-01-02T18:19:55.335+0000] {logging_mixin.py:188} INFO - [2026-01-02T18:19:55.335+0000] {dag.py:3096} INFO - Sync 1 DAGs
[2026-01-02T18:19:55.369+0000] {logging_mixin.py:188} INFO - [2026-01-02T18:19:55.368+0000] {dag.py:3954} INFO - Setting next_dagrun for pakakumi_scraper to 2026-01-02 17:00:00+00:00, run_after=2026-01-02 18:00:00+00:00
[2026-01-02T18:19:55.396+0000] {processor.py:183} INFO - Processing /opt/airflow/dags/pakakumi_scraper.py took 0.146 seconds
[2026-01-02T18:20:25.648+0000] {processor.py:161} INFO - Started process (PID=714) to work on /opt/airflow/dags/pakakumi_scraper.py
[2026-01-02T18:20:25.650+0000] {processor.py:830} INFO - Processing file /opt/airflow/dags/pakakumi_scraper.py for tasks to queue
[2026-01-02T18:20:25.653+0000] {logging_mixin.py:188} INFO - [2026-01-02T18:20:25.652+0000] {dagbag.py:540} INFO - Filling up the DagBag from /opt/airflow/dags/pakakumi_scraper.py
[2026-01-02T18:20:25.685+0000] {processor.py:840} INFO - DAG(s) 'pakakumi_scraper' retrieved from /opt/airflow/dags/pakakumi_scraper.py
[2026-01-02T18:20:25.731+0000] {logging_mixin.py:188} INFO - [2026-01-02T18:20:25.731+0000] {dag.py:3096} INFO - Sync 1 DAGs
[2026-01-02T18:20:25.767+0000] {logging_mixin.py:188} INFO - [2026-01-02T18:20:25.767+0000] {dag.py:3954} INFO - Setting next_dagrun for pakakumi_scraper to 2026-01-02 17:00:00+00:00, run_after=2026-01-02 18:00:00+00:00
[2026-01-02T18:20:25.796+0000] {processor.py:183} INFO - Processing /opt/airflow/dags/pakakumi_scraper.py took 0.160 seconds
[2026-01-02T18:20:55.912+0000] {processor.py:161} INFO - Started process (PID=719) to work on /opt/airflow/dags/pakakumi_scraper.py
[2026-01-02T18:20:55.914+0000] {processor.py:830} INFO - Processing file /opt/airflow/dags/pakakumi_scraper.py for tasks to queue
[2026-01-02T18:20:55.917+0000] {logging_mixin.py:188} INFO - [2026-01-02T18:20:55.917+0000] {dagbag.py:540} INFO - Filling up the DagBag from /opt/airflow/dags/pakakumi_scraper.py
[2026-01-02T18:20:55.946+0000] {processor.py:840} INFO - DAG(s) 'pakakumi_scraper' retrieved from /opt/airflow/dags/pakakumi_scraper.py
[2026-01-02T18:20:55.989+0000] {logging_mixin.py:188} INFO - [2026-01-02T18:20:55.988+0000] {dag.py:3096} INFO - Sync 1 DAGs
[2026-01-02T18:20:56.022+0000] {logging_mixin.py:188} INFO - [2026-01-02T18:20:56.022+0000] {dag.py:3954} INFO - Setting next_dagrun for pakakumi_scraper to 2026-01-02 17:00:00+00:00, run_after=2026-01-02 18:00:00+00:00
[2026-01-02T18:20:56.049+0000] {processor.py:183} INFO - Processing /opt/airflow/dags/pakakumi_scraper.py took 0.150 seconds
[2026-01-02T18:21:26.358+0000] {processor.py:161} INFO - Started process (PID=724) to work on /opt/airflow/dags/pakakumi_scraper.py
[2026-01-02T18:21:26.360+0000] {processor.py:830} INFO - Processing file /opt/airflow/dags/pakakumi_scraper.py for tasks to queue
[2026-01-02T18:21:26.363+0000] {logging_mixin.py:188} INFO - [2026-01-02T18:21:26.362+0000] {dagbag.py:540} INFO - Filling up the DagBag from /opt/airflow/dags/pakakumi_scraper.py
[2026-01-02T18:21:26.391+0000] {processor.py:840} INFO - DAG(s) 'pakakumi_scraper' retrieved from /opt/airflow/dags/pakakumi_scraper.py
[2026-01-02T18:21:26.431+0000] {logging_mixin.py:188} INFO - [2026-01-02T18:21:26.431+0000] {dag.py:3096} INFO - Sync 1 DAGs
[2026-01-02T18:21:26.465+0000] {logging_mixin.py:188} INFO - [2026-01-02T18:21:26.465+0000] {dag.py:3954} INFO - Setting next_dagrun for pakakumi_scraper to 2026-01-02 17:00:00+00:00, run_after=2026-01-02 18:00:00+00:00
[2026-01-02T18:21:26.493+0000] {processor.py:183} INFO - Processing /opt/airflow/dags/pakakumi_scraper.py took 0.145 seconds
[2026-01-02T18:21:56.630+0000] {processor.py:161} INFO - Started process (PID=729) to work on /opt/airflow/dags/pakakumi_scraper.py
[2026-01-02T18:21:56.632+0000] {processor.py:830} INFO - Processing file /opt/airflow/dags/pakakumi_scraper.py for tasks to queue
[2026-01-02T18:21:56.636+0000] {logging_mixin.py:188} INFO - [2026-01-02T18:21:56.635+0000] {dagbag.py:540} INFO - Filling up the DagBag from /opt/airflow/dags/pakakumi_scraper.py
[2026-01-02T18:21:56.666+0000] {processor.py:840} INFO - DAG(s) 'pakakumi_scraper' retrieved from /opt/airflow/dags/pakakumi_scraper.py
[2026-01-02T18:21:56.711+0000] {logging_mixin.py:188} INFO - [2026-01-02T18:21:56.711+0000] {dag.py:3096} INFO - Sync 1 DAGs
[2026-01-02T18:21:56.753+0000] {logging_mixin.py:188} INFO - [2026-01-02T18:21:56.752+0000] {dag.py:3954} INFO - Setting next_dagrun for pakakumi_scraper to 2026-01-02 17:00:00+00:00, run_after=2026-01-02 18:00:00+00:00
[2026-01-02T18:21:56.786+0000] {processor.py:183} INFO - Processing /opt/airflow/dags/pakakumi_scraper.py took 0.169 seconds
[2026-01-02T18:22:27.044+0000] {processor.py:161} INFO - Started process (PID=734) to work on /opt/airflow/dags/pakakumi_scraper.py
[2026-01-02T18:22:27.046+0000] {processor.py:830} INFO - Processing file /opt/airflow/dags/pakakumi_scraper.py for tasks to queue
[2026-01-02T18:22:27.049+0000] {logging_mixin.py:188} INFO - [2026-01-02T18:22:27.048+0000] {dagbag.py:540} INFO - Filling up the DagBag from /opt/airflow/dags/pakakumi_scraper.py
[2026-01-02T18:22:27.079+0000] {processor.py:840} INFO - DAG(s) 'pakakumi_scraper' retrieved from /opt/airflow/dags/pakakumi_scraper.py
[2026-01-02T18:22:27.121+0000] {logging_mixin.py:188} INFO - [2026-01-02T18:22:27.121+0000] {dag.py:3096} INFO - Sync 1 DAGs
[2026-01-02T18:22:27.154+0000] {logging_mixin.py:188} INFO - [2026-01-02T18:22:27.154+0000] {dag.py:3954} INFO - Setting next_dagrun for pakakumi_scraper to 2026-01-02 17:00:00+00:00, run_after=2026-01-02 18:00:00+00:00
[2026-01-02T18:22:27.181+0000] {processor.py:183} INFO - Processing /opt/airflow/dags/pakakumi_scraper.py took 0.148 seconds
[2026-01-02T18:22:57.306+0000] {processor.py:161} INFO - Started process (PID=739) to work on /opt/airflow/dags/pakakumi_scraper.py
[2026-01-02T18:22:57.309+0000] {processor.py:830} INFO - Processing file /opt/airflow/dags/pakakumi_scraper.py for tasks to queue
[2026-01-02T18:22:57.313+0000] {logging_mixin.py:188} INFO - [2026-01-02T18:22:57.312+0000] {dagbag.py:540} INFO - Filling up the DagBag from /opt/airflow/dags/pakakumi_scraper.py
[2026-01-02T18:22:57.345+0000] {processor.py:840} INFO - DAG(s) 'pakakumi_scraper' retrieved from /opt/airflow/dags/pakakumi_scraper.py
[2026-01-02T18:22:57.385+0000] {logging_mixin.py:188} INFO - [2026-01-02T18:22:57.385+0000] {dag.py:3096} INFO - Sync 1 DAGs
[2026-01-02T18:22:57.419+0000] {logging_mixin.py:188} INFO - [2026-01-02T18:22:57.418+0000] {dag.py:3954} INFO - Setting next_dagrun for pakakumi_scraper to 2026-01-02 17:00:00+00:00, run_after=2026-01-02 18:00:00+00:00
[2026-01-02T18:22:57.443+0000] {processor.py:183} INFO - Processing /opt/airflow/dags/pakakumi_scraper.py took 0.150 seconds
[2026-01-02T18:23:27.705+0000] {processor.py:161} INFO - Started process (PID=744) to work on /opt/airflow/dags/pakakumi_scraper.py
[2026-01-02T18:23:27.706+0000] {processor.py:830} INFO - Processing file /opt/airflow/dags/pakakumi_scraper.py for tasks to queue
[2026-01-02T18:23:27.710+0000] {logging_mixin.py:188} INFO - [2026-01-02T18:23:27.710+0000] {dagbag.py:540} INFO - Filling up the DagBag from /opt/airflow/dags/pakakumi_scraper.py
[2026-01-02T18:23:27.740+0000] {processor.py:840} INFO - DAG(s) 'pakakumi_scraper' retrieved from /opt/airflow/dags/pakakumi_scraper.py
[2026-01-02T18:23:27.781+0000] {logging_mixin.py:188} INFO - [2026-01-02T18:23:27.781+0000] {dag.py:3096} INFO - Sync 1 DAGs
[2026-01-02T18:23:27.814+0000] {logging_mixin.py:188} INFO - [2026-01-02T18:23:27.814+0000] {dag.py:3954} INFO - Setting next_dagrun for pakakumi_scraper to 2026-01-02 17:00:00+00:00, run_after=2026-01-02 18:00:00+00:00
[2026-01-02T18:23:27.840+0000] {processor.py:183} INFO - Processing /opt/airflow/dags/pakakumi_scraper.py took 0.147 seconds
[2026-01-02T18:23:57.923+0000] {processor.py:161} INFO - Started process (PID=749) to work on /opt/airflow/dags/pakakumi_scraper.py
[2026-01-02T18:23:57.924+0000] {processor.py:830} INFO - Processing file /opt/airflow/dags/pakakumi_scraper.py for tasks to queue
[2026-01-02T18:23:57.927+0000] {logging_mixin.py:188} INFO - [2026-01-02T18:23:57.927+0000] {dagbag.py:540} INFO - Filling up the DagBag from /opt/airflow/dags/pakakumi_scraper.py
[2026-01-02T18:23:57.956+0000] {processor.py:840} INFO - DAG(s) 'pakakumi_scraper' retrieved from /opt/airflow/dags/pakakumi_scraper.py
[2026-01-02T18:23:57.999+0000] {logging_mixin.py:188} INFO - [2026-01-02T18:23:57.998+0000] {dag.py:3096} INFO - Sync 1 DAGs
[2026-01-02T18:23:58.053+0000] {logging_mixin.py:188} INFO - [2026-01-02T18:23:58.053+0000] {dag.py:3954} INFO - Setting next_dagrun for pakakumi_scraper to 2026-01-02 17:00:00+00:00, run_after=2026-01-02 18:00:00+00:00
[2026-01-02T18:23:58.091+0000] {processor.py:183} INFO - Processing /opt/airflow/dags/pakakumi_scraper.py took 0.179 seconds
[2026-01-02T18:24:28.376+0000] {processor.py:161} INFO - Started process (PID=754) to work on /opt/airflow/dags/pakakumi_scraper.py
[2026-01-02T18:24:28.378+0000] {processor.py:830} INFO - Processing file /opt/airflow/dags/pakakumi_scraper.py for tasks to queue
[2026-01-02T18:24:28.382+0000] {logging_mixin.py:188} INFO - [2026-01-02T18:24:28.381+0000] {dagbag.py:540} INFO - Filling up the DagBag from /opt/airflow/dags/pakakumi_scraper.py
[2026-01-02T18:24:28.419+0000] {processor.py:840} INFO - DAG(s) 'pakakumi_scraper' retrieved from /opt/airflow/dags/pakakumi_scraper.py
[2026-01-02T18:24:28.464+0000] {logging_mixin.py:188} INFO - [2026-01-02T18:24:28.464+0000] {dag.py:3096} INFO - Sync 1 DAGs
[2026-01-02T18:24:28.500+0000] {logging_mixin.py:188} INFO - [2026-01-02T18:24:28.499+0000] {dag.py:3954} INFO - Setting next_dagrun for pakakumi_scraper to 2026-01-02 17:00:00+00:00, run_after=2026-01-02 18:00:00+00:00
[2026-01-02T18:24:28.524+0000] {processor.py:183} INFO - Processing /opt/airflow/dags/pakakumi_scraper.py took 0.160 seconds
[2026-01-02T18:24:58.697+0000] {processor.py:161} INFO - Started process (PID=759) to work on /opt/airflow/dags/pakakumi_scraper.py
[2026-01-02T18:24:58.699+0000] {processor.py:830} INFO - Processing file /opt/airflow/dags/pakakumi_scraper.py for tasks to queue
[2026-01-02T18:24:58.702+0000] {logging_mixin.py:188} INFO - [2026-01-02T18:24:58.702+0000] {dagbag.py:540} INFO - Filling up the DagBag from /opt/airflow/dags/pakakumi_scraper.py
[2026-01-02T18:24:58.745+0000] {processor.py:840} INFO - DAG(s) 'pakakumi_scraper' retrieved from /opt/airflow/dags/pakakumi_scraper.py
[2026-01-02T18:24:58.806+0000] {logging_mixin.py:188} INFO - [2026-01-02T18:24:58.805+0000] {dag.py:3096} INFO - Sync 1 DAGs
[2026-01-02T18:24:58.841+0000] {logging_mixin.py:188} INFO - [2026-01-02T18:24:58.841+0000] {dag.py:3954} INFO - Setting next_dagrun for pakakumi_scraper to 2026-01-02 17:00:00+00:00, run_after=2026-01-02 18:00:00+00:00
[2026-01-02T18:24:58.869+0000] {processor.py:183} INFO - Processing /opt/airflow/dags/pakakumi_scraper.py took 0.184 seconds
[2026-01-02T18:25:29.029+0000] {processor.py:161} INFO - Started process (PID=764) to work on /opt/airflow/dags/pakakumi_scraper.py
[2026-01-02T18:25:29.030+0000] {processor.py:830} INFO - Processing file /opt/airflow/dags/pakakumi_scraper.py for tasks to queue
[2026-01-02T18:25:29.033+0000] {logging_mixin.py:188} INFO - [2026-01-02T18:25:29.033+0000] {dagbag.py:540} INFO - Filling up the DagBag from /opt/airflow/dags/pakakumi_scraper.py
[2026-01-02T18:25:29.061+0000] {processor.py:840} INFO - DAG(s) 'pakakumi_scraper' retrieved from /opt/airflow/dags/pakakumi_scraper.py
[2026-01-02T18:25:29.105+0000] {logging_mixin.py:188} INFO - [2026-01-02T18:25:29.105+0000] {dag.py:3096} INFO - Sync 1 DAGs
[2026-01-02T18:25:29.138+0000] {logging_mixin.py:188} INFO - [2026-01-02T18:25:29.138+0000] {dag.py:3954} INFO - Setting next_dagrun for pakakumi_scraper to 2026-01-02 17:00:00+00:00, run_after=2026-01-02 18:00:00+00:00
[2026-01-02T18:25:29.162+0000] {processor.py:183} INFO - Processing /opt/airflow/dags/pakakumi_scraper.py took 0.143 seconds
[2026-01-02T18:25:59.406+0000] {processor.py:161} INFO - Started process (PID=769) to work on /opt/airflow/dags/pakakumi_scraper.py
[2026-01-02T18:25:59.408+0000] {processor.py:830} INFO - Processing file /opt/airflow/dags/pakakumi_scraper.py for tasks to queue
[2026-01-02T18:25:59.411+0000] {logging_mixin.py:188} INFO - [2026-01-02T18:25:59.410+0000] {dagbag.py:540} INFO - Filling up the DagBag from /opt/airflow/dags/pakakumi_scraper.py
[2026-01-02T18:25:59.438+0000] {processor.py:840} INFO - DAG(s) 'pakakumi_scraper' retrieved from /opt/airflow/dags/pakakumi_scraper.py
[2026-01-02T18:25:59.480+0000] {logging_mixin.py:188} INFO - [2026-01-02T18:25:59.479+0000] {dag.py:3096} INFO - Sync 1 DAGs
[2026-01-02T18:25:59.513+0000] {logging_mixin.py:188} INFO - [2026-01-02T18:25:59.512+0000] {dag.py:3954} INFO - Setting next_dagrun for pakakumi_scraper to 2026-01-02 17:00:00+00:00, run_after=2026-01-02 18:00:00+00:00
[2026-01-02T18:25:59.538+0000] {processor.py:183} INFO - Processing /opt/airflow/dags/pakakumi_scraper.py took 0.141 seconds
[2026-01-02T18:26:29.679+0000] {processor.py:161} INFO - Started process (PID=774) to work on /opt/airflow/dags/pakakumi_scraper.py
[2026-01-02T18:26:29.681+0000] {processor.py:830} INFO - Processing file /opt/airflow/dags/pakakumi_scraper.py for tasks to queue
[2026-01-02T18:26:29.684+0000] {logging_mixin.py:188} INFO - [2026-01-02T18:26:29.683+0000] {dagbag.py:540} INFO - Filling up the DagBag from /opt/airflow/dags/pakakumi_scraper.py
[2026-01-02T18:26:29.711+0000] {processor.py:840} INFO - DAG(s) 'pakakumi_scraper' retrieved from /opt/airflow/dags/pakakumi_scraper.py
[2026-01-02T18:26:29.754+0000] {logging_mixin.py:188} INFO - [2026-01-02T18:26:29.754+0000] {dag.py:3096} INFO - Sync 1 DAGs
[2026-01-02T18:26:29.789+0000] {logging_mixin.py:188} INFO - [2026-01-02T18:26:29.789+0000] {dag.py:3954} INFO - Setting next_dagrun for pakakumi_scraper to 2026-01-02 17:00:00+00:00, run_after=2026-01-02 18:00:00+00:00
[2026-01-02T18:26:29.815+0000] {processor.py:183} INFO - Processing /opt/airflow/dags/pakakumi_scraper.py took 0.145 seconds
[2026-01-02T18:27:00.052+0000] {processor.py:161} INFO - Started process (PID=779) to work on /opt/airflow/dags/pakakumi_scraper.py
[2026-01-02T18:27:00.054+0000] {processor.py:830} INFO - Processing file /opt/airflow/dags/pakakumi_scraper.py for tasks to queue
[2026-01-02T18:27:00.057+0000] {logging_mixin.py:188} INFO - [2026-01-02T18:27:00.056+0000] {dagbag.py:540} INFO - Filling up the DagBag from /opt/airflow/dags/pakakumi_scraper.py
[2026-01-02T18:27:00.086+0000] {processor.py:840} INFO - DAG(s) 'pakakumi_scraper' retrieved from /opt/airflow/dags/pakakumi_scraper.py
[2026-01-02T18:27:00.126+0000] {logging_mixin.py:188} INFO - [2026-01-02T18:27:00.126+0000] {dag.py:3096} INFO - Sync 1 DAGs
[2026-01-02T18:27:00.159+0000] {logging_mixin.py:188} INFO - [2026-01-02T18:27:00.158+0000] {dag.py:3954} INFO - Setting next_dagrun for pakakumi_scraper to 2026-01-02 17:00:00+00:00, run_after=2026-01-02 18:00:00+00:00
[2026-01-02T18:27:00.185+0000] {processor.py:183} INFO - Processing /opt/airflow/dags/pakakumi_scraper.py took 0.146 seconds
[2026-01-02T18:27:30.326+0000] {processor.py:161} INFO - Started process (PID=784) to work on /opt/airflow/dags/pakakumi_scraper.py
[2026-01-02T18:27:30.328+0000] {processor.py:830} INFO - Processing file /opt/airflow/dags/pakakumi_scraper.py for tasks to queue
[2026-01-02T18:27:30.331+0000] {logging_mixin.py:188} INFO - [2026-01-02T18:27:30.330+0000] {dagbag.py:540} INFO - Filling up the DagBag from /opt/airflow/dags/pakakumi_scraper.py
[2026-01-02T18:27:30.360+0000] {processor.py:840} INFO - DAG(s) 'pakakumi_scraper' retrieved from /opt/airflow/dags/pakakumi_scraper.py
[2026-01-02T18:27:30.402+0000] {logging_mixin.py:188} INFO - [2026-01-02T18:27:30.402+0000] {dag.py:3096} INFO - Sync 1 DAGs
[2026-01-02T18:27:30.438+0000] {logging_mixin.py:188} INFO - [2026-01-02T18:27:30.437+0000] {dag.py:3954} INFO - Setting next_dagrun for pakakumi_scraper to 2026-01-02 17:00:00+00:00, run_after=2026-01-02 18:00:00+00:00
[2026-01-02T18:27:30.463+0000] {processor.py:183} INFO - Processing /opt/airflow/dags/pakakumi_scraper.py took 0.149 seconds
[2026-01-02T18:28:00.703+0000] {processor.py:161} INFO - Started process (PID=789) to work on /opt/airflow/dags/pakakumi_scraper.py
[2026-01-02T18:28:00.704+0000] {processor.py:830} INFO - Processing file /opt/airflow/dags/pakakumi_scraper.py for tasks to queue
[2026-01-02T18:28:00.708+0000] {logging_mixin.py:188} INFO - [2026-01-02T18:28:00.707+0000] {dagbag.py:540} INFO - Filling up the DagBag from /opt/airflow/dags/pakakumi_scraper.py
[2026-01-02T18:28:00.734+0000] {processor.py:840} INFO - DAG(s) 'pakakumi_scraper' retrieved from /opt/airflow/dags/pakakumi_scraper.py
[2026-01-02T18:28:00.775+0000] {logging_mixin.py:188} INFO - [2026-01-02T18:28:00.775+0000] {dag.py:3096} INFO - Sync 1 DAGs
[2026-01-02T18:28:00.810+0000] {logging_mixin.py:188} INFO - [2026-01-02T18:28:00.809+0000] {dag.py:3954} INFO - Setting next_dagrun for pakakumi_scraper to 2026-01-02 17:00:00+00:00, run_after=2026-01-02 18:00:00+00:00
[2026-01-02T18:28:00.836+0000] {processor.py:183} INFO - Processing /opt/airflow/dags/pakakumi_scraper.py took 0.143 seconds
[2026-01-02T18:28:30.989+0000] {processor.py:161} INFO - Started process (PID=794) to work on /opt/airflow/dags/pakakumi_scraper.py
[2026-01-02T18:28:30.991+0000] {processor.py:830} INFO - Processing file /opt/airflow/dags/pakakumi_scraper.py for tasks to queue
[2026-01-02T18:28:30.994+0000] {logging_mixin.py:188} INFO - [2026-01-02T18:28:30.993+0000] {dagbag.py:540} INFO - Filling up the DagBag from /opt/airflow/dags/pakakumi_scraper.py
[2026-01-02T18:28:31.031+0000] {processor.py:840} INFO - DAG(s) 'pakakumi_scraper' retrieved from /opt/airflow/dags/pakakumi_scraper.py
[2026-01-02T18:28:31.075+0000] {logging_mixin.py:188} INFO - [2026-01-02T18:28:31.074+0000] {dag.py:3096} INFO - Sync 1 DAGs
[2026-01-02T18:28:31.107+0000] {logging_mixin.py:188} INFO - [2026-01-02T18:28:31.106+0000] {dag.py:3954} INFO - Setting next_dagrun for pakakumi_scraper to 2026-01-02 17:00:00+00:00, run_after=2026-01-02 18:00:00+00:00
[2026-01-02T18:28:31.137+0000] {processor.py:183} INFO - Processing /opt/airflow/dags/pakakumi_scraper.py took 0.161 seconds
[2026-01-02T18:29:01.377+0000] {processor.py:161} INFO - Started process (PID=799) to work on /opt/airflow/dags/pakakumi_scraper.py
[2026-01-02T18:29:01.380+0000] {processor.py:830} INFO - Processing file /opt/airflow/dags/pakakumi_scraper.py for tasks to queue
[2026-01-02T18:29:01.387+0000] {logging_mixin.py:188} INFO - [2026-01-02T18:29:01.386+0000] {dagbag.py:540} INFO - Filling up the DagBag from /opt/airflow/dags/pakakumi_scraper.py
[2026-01-02T18:29:01.429+0000] {processor.py:840} INFO - DAG(s) 'pakakumi_scraper' retrieved from /opt/airflow/dags/pakakumi_scraper.py
[2026-01-02T18:29:01.471+0000] {logging_mixin.py:188} INFO - [2026-01-02T18:29:01.470+0000] {dag.py:3096} INFO - Sync 1 DAGs
[2026-01-02T18:29:01.504+0000] {logging_mixin.py:188} INFO - [2026-01-02T18:29:01.503+0000] {dag.py:3954} INFO - Setting next_dagrun for pakakumi_scraper to 2026-01-02 17:00:00+00:00, run_after=2026-01-02 18:00:00+00:00
[2026-01-02T18:29:01.532+0000] {processor.py:183} INFO - Processing /opt/airflow/dags/pakakumi_scraper.py took 0.169 seconds
[2026-01-02T18:29:31.718+0000] {processor.py:161} INFO - Started process (PID=804) to work on /opt/airflow/dags/pakakumi_scraper.py
[2026-01-02T18:29:31.721+0000] {processor.py:830} INFO - Processing file /opt/airflow/dags/pakakumi_scraper.py for tasks to queue
[2026-01-02T18:29:31.724+0000] {logging_mixin.py:188} INFO - [2026-01-02T18:29:31.724+0000] {dagbag.py:540} INFO - Filling up the DagBag from /opt/airflow/dags/pakakumi_scraper.py
[2026-01-02T18:29:31.750+0000] {processor.py:840} INFO - DAG(s) 'pakakumi_scraper' retrieved from /opt/airflow/dags/pakakumi_scraper.py
[2026-01-02T18:29:31.792+0000] {logging_mixin.py:188} INFO - [2026-01-02T18:29:31.791+0000] {dag.py:3096} INFO - Sync 1 DAGs
[2026-01-02T18:29:31.824+0000] {logging_mixin.py:188} INFO - [2026-01-02T18:29:31.823+0000] {dag.py:3954} INFO - Setting next_dagrun for pakakumi_scraper to 2026-01-02 17:00:00+00:00, run_after=2026-01-02 18:00:00+00:00
[2026-01-02T18:29:31.850+0000] {processor.py:183} INFO - Processing /opt/airflow/dags/pakakumi_scraper.py took 0.144 seconds
[2026-01-02T18:30:02.082+0000] {processor.py:161} INFO - Started process (PID=809) to work on /opt/airflow/dags/pakakumi_scraper.py
[2026-01-02T18:30:02.083+0000] {processor.py:830} INFO - Processing file /opt/airflow/dags/pakakumi_scraper.py for tasks to queue
[2026-01-02T18:30:02.086+0000] {logging_mixin.py:188} INFO - [2026-01-02T18:30:02.086+0000] {dagbag.py:540} INFO - Filling up the DagBag from /opt/airflow/dags/pakakumi_scraper.py
[2026-01-02T18:30:02.114+0000] {processor.py:840} INFO - DAG(s) 'pakakumi_scraper' retrieved from /opt/airflow/dags/pakakumi_scraper.py
[2026-01-02T18:30:02.171+0000] {logging_mixin.py:188} INFO - [2026-01-02T18:30:02.170+0000] {dag.py:3096} INFO - Sync 1 DAGs
[2026-01-02T18:30:02.205+0000] {logging_mixin.py:188} INFO - [2026-01-02T18:30:02.204+0000] {dag.py:3954} INFO - Setting next_dagrun for pakakumi_scraper to 2026-01-02 17:00:00+00:00, run_after=2026-01-02 18:00:00+00:00
[2026-01-02T18:30:02.232+0000] {processor.py:183} INFO - Processing /opt/airflow/dags/pakakumi_scraper.py took 0.161 seconds
[2026-01-02T18:30:32.291+0000] {processor.py:161} INFO - Started process (PID=814) to work on /opt/airflow/dags/pakakumi_scraper.py
[2026-01-02T18:30:32.293+0000] {processor.py:830} INFO - Processing file /opt/airflow/dags/pakakumi_scraper.py for tasks to queue
[2026-01-02T18:30:32.296+0000] {logging_mixin.py:188} INFO - [2026-01-02T18:30:32.296+0000] {dagbag.py:540} INFO - Filling up the DagBag from /opt/airflow/dags/pakakumi_scraper.py
[2026-01-02T18:30:32.328+0000] {processor.py:840} INFO - DAG(s) 'pakakumi_scraper' retrieved from /opt/airflow/dags/pakakumi_scraper.py
[2026-01-02T18:30:32.374+0000] {logging_mixin.py:188} INFO - [2026-01-02T18:30:32.374+0000] {dag.py:3096} INFO - Sync 1 DAGs
[2026-01-02T18:30:32.413+0000] {logging_mixin.py:188} INFO - [2026-01-02T18:30:32.413+0000] {dag.py:3954} INFO - Setting next_dagrun for pakakumi_scraper to 2026-01-02 17:00:00+00:00, run_after=2026-01-02 18:00:00+00:00
[2026-01-02T18:30:32.444+0000] {processor.py:183} INFO - Processing /opt/airflow/dags/pakakumi_scraper.py took 0.166 seconds
[2026-01-02T18:31:02.506+0000] {processor.py:161} INFO - Started process (PID=819) to work on /opt/airflow/dags/pakakumi_scraper.py
[2026-01-02T18:31:02.508+0000] {processor.py:830} INFO - Processing file /opt/airflow/dags/pakakumi_scraper.py for tasks to queue
[2026-01-02T18:31:02.511+0000] {logging_mixin.py:188} INFO - [2026-01-02T18:31:02.510+0000] {dagbag.py:540} INFO - Filling up the DagBag from /opt/airflow/dags/pakakumi_scraper.py
[2026-01-02T18:31:02.542+0000] {processor.py:840} INFO - DAG(s) 'pakakumi_scraper' retrieved from /opt/airflow/dags/pakakumi_scraper.py
[2026-01-02T18:31:02.588+0000] {logging_mixin.py:188} INFO - [2026-01-02T18:31:02.588+0000] {dag.py:3096} INFO - Sync 1 DAGs
[2026-01-02T18:31:02.628+0000] {logging_mixin.py:188} INFO - [2026-01-02T18:31:02.627+0000] {dag.py:3954} INFO - Setting next_dagrun for pakakumi_scraper to 2026-01-02 17:00:00+00:00, run_after=2026-01-02 18:00:00+00:00
[2026-01-02T18:31:02.658+0000] {processor.py:183} INFO - Processing /opt/airflow/dags/pakakumi_scraper.py took 0.162 seconds
[2026-01-02T18:31:32.746+0000] {processor.py:161} INFO - Started process (PID=824) to work on /opt/airflow/dags/pakakumi_scraper.py
[2026-01-02T18:31:32.748+0000] {processor.py:830} INFO - Processing file /opt/airflow/dags/pakakumi_scraper.py for tasks to queue
[2026-01-02T18:31:32.752+0000] {logging_mixin.py:188} INFO - [2026-01-02T18:31:32.751+0000] {dagbag.py:540} INFO - Filling up the DagBag from /opt/airflow/dags/pakakumi_scraper.py
[2026-01-02T18:31:32.785+0000] {processor.py:840} INFO - DAG(s) 'pakakumi_scraper' retrieved from /opt/airflow/dags/pakakumi_scraper.py
[2026-01-02T18:31:32.832+0000] {logging_mixin.py:188} INFO - [2026-01-02T18:31:32.832+0000] {dag.py:3096} INFO - Sync 1 DAGs
[2026-01-02T18:31:32.871+0000] {logging_mixin.py:188} INFO - [2026-01-02T18:31:32.871+0000] {dag.py:3954} INFO - Setting next_dagrun for pakakumi_scraper to 2026-01-02 17:00:00+00:00, run_after=2026-01-02 18:00:00+00:00
[2026-01-02T18:31:32.905+0000] {processor.py:183} INFO - Processing /opt/airflow/dags/pakakumi_scraper.py took 0.170 seconds
[2026-01-02T18:32:03.156+0000] {processor.py:161} INFO - Started process (PID=829) to work on /opt/airflow/dags/pakakumi_scraper.py
[2026-01-02T18:32:03.158+0000] {processor.py:830} INFO - Processing file /opt/airflow/dags/pakakumi_scraper.py for tasks to queue
[2026-01-02T18:32:03.161+0000] {logging_mixin.py:188} INFO - [2026-01-02T18:32:03.161+0000] {dagbag.py:540} INFO - Filling up the DagBag from /opt/airflow/dags/pakakumi_scraper.py
[2026-01-02T18:32:03.198+0000] {processor.py:840} INFO - DAG(s) 'pakakumi_scraper' retrieved from /opt/airflow/dags/pakakumi_scraper.py
[2026-01-02T18:32:03.243+0000] {logging_mixin.py:188} INFO - [2026-01-02T18:32:03.243+0000] {dag.py:3096} INFO - Sync 1 DAGs
[2026-01-02T18:32:03.282+0000] {logging_mixin.py:188} INFO - [2026-01-02T18:32:03.282+0000] {dag.py:3954} INFO - Setting next_dagrun for pakakumi_scraper to 2026-01-02 17:00:00+00:00, run_after=2026-01-02 18:00:00+00:00
[2026-01-02T18:32:03.312+0000] {processor.py:183} INFO - Processing /opt/airflow/dags/pakakumi_scraper.py took 0.168 seconds
[2026-01-02T18:32:33.400+0000] {processor.py:161} INFO - Started process (PID=834) to work on /opt/airflow/dags/pakakumi_scraper.py
[2026-01-02T18:32:33.402+0000] {processor.py:830} INFO - Processing file /opt/airflow/dags/pakakumi_scraper.py for tasks to queue
[2026-01-02T18:32:33.405+0000] {logging_mixin.py:188} INFO - [2026-01-02T18:32:33.404+0000] {dagbag.py:540} INFO - Filling up the DagBag from /opt/airflow/dags/pakakumi_scraper.py
[2026-01-02T18:32:33.437+0000] {processor.py:840} INFO - DAG(s) 'pakakumi_scraper' retrieved from /opt/airflow/dags/pakakumi_scraper.py
[2026-01-02T18:32:33.484+0000] {logging_mixin.py:188} INFO - [2026-01-02T18:32:33.483+0000] {dag.py:3096} INFO - Sync 1 DAGs
[2026-01-02T18:32:33.523+0000] {logging_mixin.py:188} INFO - [2026-01-02T18:32:33.523+0000] {dag.py:3954} INFO - Setting next_dagrun for pakakumi_scraper to 2026-01-02 17:00:00+00:00, run_after=2026-01-02 18:00:00+00:00
[2026-01-02T18:32:33.555+0000] {processor.py:183} INFO - Processing /opt/airflow/dags/pakakumi_scraper.py took 0.169 seconds
[2026-01-02T18:33:03.784+0000] {processor.py:161} INFO - Started process (PID=839) to work on /opt/airflow/dags/pakakumi_scraper.py
[2026-01-02T18:33:03.786+0000] {processor.py:830} INFO - Processing file /opt/airflow/dags/pakakumi_scraper.py for tasks to queue
[2026-01-02T18:33:03.789+0000] {logging_mixin.py:188} INFO - [2026-01-02T18:33:03.789+0000] {dagbag.py:540} INFO - Filling up the DagBag from /opt/airflow/dags/pakakumi_scraper.py
[2026-01-02T18:33:03.820+0000] {processor.py:840} INFO - DAG(s) 'pakakumi_scraper' retrieved from /opt/airflow/dags/pakakumi_scraper.py
[2026-01-02T18:33:03.866+0000] {logging_mixin.py:188} INFO - [2026-01-02T18:33:03.866+0000] {dag.py:3096} INFO - Sync 1 DAGs
[2026-01-02T18:33:03.902+0000] {logging_mixin.py:188} INFO - [2026-01-02T18:33:03.901+0000] {dag.py:3954} INFO - Setting next_dagrun for pakakumi_scraper to 2026-01-02 17:00:00+00:00, run_after=2026-01-02 18:00:00+00:00
[2026-01-02T18:33:03.935+0000] {processor.py:183} INFO - Processing /opt/airflow/dags/pakakumi_scraper.py took 0.162 seconds
[2026-01-02T18:33:34.026+0000] {processor.py:161} INFO - Started process (PID=844) to work on /opt/airflow/dags/pakakumi_scraper.py
[2026-01-02T18:33:34.028+0000] {processor.py:830} INFO - Processing file /opt/airflow/dags/pakakumi_scraper.py for tasks to queue
[2026-01-02T18:33:34.031+0000] {logging_mixin.py:188} INFO - [2026-01-02T18:33:34.031+0000] {dagbag.py:540} INFO - Filling up the DagBag from /opt/airflow/dags/pakakumi_scraper.py
[2026-01-02T18:33:34.062+0000] {processor.py:840} INFO - DAG(s) 'pakakumi_scraper' retrieved from /opt/airflow/dags/pakakumi_scraper.py
[2026-01-02T18:33:34.110+0000] {logging_mixin.py:188} INFO - [2026-01-02T18:33:34.110+0000] {dag.py:3096} INFO - Sync 1 DAGs
[2026-01-02T18:33:34.155+0000] {logging_mixin.py:188} INFO - [2026-01-02T18:33:34.155+0000] {dag.py:3954} INFO - Setting next_dagrun for pakakumi_scraper to 2026-01-02 17:00:00+00:00, run_after=2026-01-02 18:00:00+00:00
[2026-01-02T18:33:34.184+0000] {processor.py:183} INFO - Processing /opt/airflow/dags/pakakumi_scraper.py took 0.168 seconds
[2026-01-02T18:34:04.402+0000] {processor.py:161} INFO - Started process (PID=849) to work on /opt/airflow/dags/pakakumi_scraper.py
[2026-01-02T18:34:04.404+0000] {processor.py:830} INFO - Processing file /opt/airflow/dags/pakakumi_scraper.py for tasks to queue
[2026-01-02T18:34:04.414+0000] {logging_mixin.py:188} INFO - [2026-01-02T18:34:04.413+0000] {dagbag.py:540} INFO - Filling up the DagBag from /opt/airflow/dags/pakakumi_scraper.py
[2026-01-02T18:34:04.450+0000] {processor.py:840} INFO - DAG(s) 'pakakumi_scraper' retrieved from /opt/airflow/dags/pakakumi_scraper.py
[2026-01-02T18:34:04.497+0000] {logging_mixin.py:188} INFO - [2026-01-02T18:34:04.496+0000] {dag.py:3096} INFO - Sync 1 DAGs
[2026-01-02T18:34:04.536+0000] {logging_mixin.py:188} INFO - [2026-01-02T18:34:04.536+0000] {dag.py:3954} INFO - Setting next_dagrun for pakakumi_scraper to 2026-01-02 17:00:00+00:00, run_after=2026-01-02 18:00:00+00:00
[2026-01-02T18:34:04.568+0000] {processor.py:183} INFO - Processing /opt/airflow/dags/pakakumi_scraper.py took 0.176 seconds
[2026-01-02T18:34:34.659+0000] {processor.py:161} INFO - Started process (PID=854) to work on /opt/airflow/dags/pakakumi_scraper.py
[2026-01-02T18:34:34.660+0000] {processor.py:830} INFO - Processing file /opt/airflow/dags/pakakumi_scraper.py for tasks to queue
[2026-01-02T18:34:34.664+0000] {logging_mixin.py:188} INFO - [2026-01-02T18:34:34.664+0000] {dagbag.py:540} INFO - Filling up the DagBag from /opt/airflow/dags/pakakumi_scraper.py
[2026-01-02T18:34:34.699+0000] {processor.py:840} INFO - DAG(s) 'pakakumi_scraper' retrieved from /opt/airflow/dags/pakakumi_scraper.py
[2026-01-02T18:34:34.747+0000] {logging_mixin.py:188} INFO - [2026-01-02T18:34:34.747+0000] {dag.py:3096} INFO - Sync 1 DAGs
[2026-01-02T18:34:34.790+0000] {logging_mixin.py:188} INFO - [2026-01-02T18:34:34.789+0000] {dag.py:3954} INFO - Setting next_dagrun for pakakumi_scraper to 2026-01-02 17:00:00+00:00, run_after=2026-01-02 18:00:00+00:00
[2026-01-02T18:34:34.817+0000] {processor.py:183} INFO - Processing /opt/airflow/dags/pakakumi_scraper.py took 0.172 seconds
[2026-01-02T18:35:04.996+0000] {processor.py:161} INFO - Started process (PID=859) to work on /opt/airflow/dags/pakakumi_scraper.py
[2026-01-02T18:35:04.999+0000] {processor.py:830} INFO - Processing file /opt/airflow/dags/pakakumi_scraper.py for tasks to queue
[2026-01-02T18:35:05.002+0000] {logging_mixin.py:188} INFO - [2026-01-02T18:35:05.001+0000] {dagbag.py:540} INFO - Filling up the DagBag from /opt/airflow/dags/pakakumi_scraper.py
[2026-01-02T18:35:05.031+0000] {processor.py:840} INFO - DAG(s) 'pakakumi_scraper' retrieved from /opt/airflow/dags/pakakumi_scraper.py
[2026-01-02T18:35:05.074+0000] {logging_mixin.py:188} INFO - [2026-01-02T18:35:05.074+0000] {dag.py:3096} INFO - Sync 1 DAGs
[2026-01-02T18:35:05.113+0000] {logging_mixin.py:188} INFO - [2026-01-02T18:35:05.112+0000] {dag.py:3954} INFO - Setting next_dagrun for pakakumi_scraper to 2026-01-02 17:00:00+00:00, run_after=2026-01-02 18:00:00+00:00
[2026-01-02T18:35:05.142+0000] {processor.py:183} INFO - Processing /opt/airflow/dags/pakakumi_scraper.py took 0.158 seconds
[2026-01-02T18:35:35.321+0000] {processor.py:161} INFO - Started process (PID=864) to work on /opt/airflow/dags/pakakumi_scraper.py
[2026-01-02T18:35:35.323+0000] {processor.py:830} INFO - Processing file /opt/airflow/dags/pakakumi_scraper.py for tasks to queue
[2026-01-02T18:35:35.325+0000] {logging_mixin.py:188} INFO - [2026-01-02T18:35:35.325+0000] {dagbag.py:540} INFO - Filling up the DagBag from /opt/airflow/dags/pakakumi_scraper.py
[2026-01-02T18:35:35.355+0000] {processor.py:840} INFO - DAG(s) 'pakakumi_scraper' retrieved from /opt/airflow/dags/pakakumi_scraper.py
[2026-01-02T18:35:35.402+0000] {logging_mixin.py:188} INFO - [2026-01-02T18:35:35.401+0000] {dag.py:3096} INFO - Sync 1 DAGs
[2026-01-02T18:35:35.438+0000] {logging_mixin.py:188} INFO - [2026-01-02T18:35:35.438+0000] {dag.py:3954} INFO - Setting next_dagrun for pakakumi_scraper to 2026-01-02 17:00:00+00:00, run_after=2026-01-02 18:00:00+00:00
[2026-01-02T18:35:35.468+0000] {processor.py:183} INFO - Processing /opt/airflow/dags/pakakumi_scraper.py took 0.159 seconds
[2026-01-02T18:36:05.618+0000] {processor.py:161} INFO - Started process (PID=869) to work on /opt/airflow/dags/pakakumi_scraper.py
[2026-01-02T18:36:05.620+0000] {processor.py:830} INFO - Processing file /opt/airflow/dags/pakakumi_scraper.py for tasks to queue
[2026-01-02T18:36:05.624+0000] {logging_mixin.py:188} INFO - [2026-01-02T18:36:05.624+0000] {dagbag.py:540} INFO - Filling up the DagBag from /opt/airflow/dags/pakakumi_scraper.py
[2026-01-02T18:36:05.656+0000] {processor.py:840} INFO - DAG(s) 'pakakumi_scraper' retrieved from /opt/airflow/dags/pakakumi_scraper.py
[2026-01-02T18:36:05.702+0000] {logging_mixin.py:188} INFO - [2026-01-02T18:36:05.702+0000] {dag.py:3096} INFO - Sync 1 DAGs
[2026-01-02T18:36:05.739+0000] {logging_mixin.py:188} INFO - [2026-01-02T18:36:05.738+0000] {dag.py:3954} INFO - Setting next_dagrun for pakakumi_scraper to 2026-01-02 17:00:00+00:00, run_after=2026-01-02 18:00:00+00:00
[2026-01-02T18:36:05.771+0000] {processor.py:183} INFO - Processing /opt/airflow/dags/pakakumi_scraper.py took 0.164 seconds
[2026-01-02T18:36:35.925+0000] {processor.py:161} INFO - Started process (PID=874) to work on /opt/airflow/dags/pakakumi_scraper.py
[2026-01-02T18:36:35.927+0000] {processor.py:830} INFO - Processing file /opt/airflow/dags/pakakumi_scraper.py for tasks to queue
[2026-01-02T18:36:35.932+0000] {logging_mixin.py:188} INFO - [2026-01-02T18:36:35.931+0000] {dagbag.py:540} INFO - Filling up the DagBag from /opt/airflow/dags/pakakumi_scraper.py
[2026-01-02T18:36:35.960+0000] {processor.py:840} INFO - DAG(s) 'pakakumi_scraper' retrieved from /opt/airflow/dags/pakakumi_scraper.py
[2026-01-02T18:36:36.004+0000] {logging_mixin.py:188} INFO - [2026-01-02T18:36:36.004+0000] {dag.py:3096} INFO - Sync 1 DAGs
[2026-01-02T18:36:36.041+0000] {logging_mixin.py:188} INFO - [2026-01-02T18:36:36.041+0000] {dag.py:3954} INFO - Setting next_dagrun for pakakumi_scraper to 2026-01-02 17:00:00+00:00, run_after=2026-01-02 18:00:00+00:00
[2026-01-02T18:36:36.069+0000] {processor.py:183} INFO - Processing /opt/airflow/dags/pakakumi_scraper.py took 0.155 seconds
[2026-01-02T18:37:06.158+0000] {processor.py:161} INFO - Started process (PID=879) to work on /opt/airflow/dags/pakakumi_scraper.py
[2026-01-02T18:37:06.160+0000] {processor.py:830} INFO - Processing file /opt/airflow/dags/pakakumi_scraper.py for tasks to queue
[2026-01-02T18:37:06.164+0000] {logging_mixin.py:188} INFO - [2026-01-02T18:37:06.164+0000] {dagbag.py:540} INFO - Filling up the DagBag from /opt/airflow/dags/pakakumi_scraper.py
[2026-01-02T18:37:06.193+0000] {processor.py:840} INFO - DAG(s) 'pakakumi_scraper' retrieved from /opt/airflow/dags/pakakumi_scraper.py
[2026-01-02T18:37:06.238+0000] {logging_mixin.py:188} INFO - [2026-01-02T18:37:06.237+0000] {dag.py:3096} INFO - Sync 1 DAGs
[2026-01-02T18:37:06.286+0000] {logging_mixin.py:188} INFO - [2026-01-02T18:37:06.286+0000] {dag.py:3954} INFO - Setting next_dagrun for pakakumi_scraper to 2026-01-02 17:00:00+00:00, run_after=2026-01-02 18:00:00+00:00
[2026-01-02T18:37:06.313+0000] {processor.py:183} INFO - Processing /opt/airflow/dags/pakakumi_scraper.py took 0.164 seconds
[2026-01-02T18:37:36.578+0000] {processor.py:161} INFO - Started process (PID=884) to work on /opt/airflow/dags/pakakumi_scraper.py
[2026-01-02T18:37:36.580+0000] {processor.py:830} INFO - Processing file /opt/airflow/dags/pakakumi_scraper.py for tasks to queue
[2026-01-02T18:37:36.583+0000] {logging_mixin.py:188} INFO - [2026-01-02T18:37:36.583+0000] {dagbag.py:540} INFO - Filling up the DagBag from /opt/airflow/dags/pakakumi_scraper.py
[2026-01-02T18:37:36.610+0000] {processor.py:840} INFO - DAG(s) 'pakakumi_scraper' retrieved from /opt/airflow/dags/pakakumi_scraper.py
[2026-01-02T18:37:36.651+0000] {logging_mixin.py:188} INFO - [2026-01-02T18:37:36.650+0000] {dag.py:3096} INFO - Sync 1 DAGs
[2026-01-02T18:37:36.682+0000] {logging_mixin.py:188} INFO - [2026-01-02T18:37:36.682+0000] {dag.py:3954} INFO - Setting next_dagrun for pakakumi_scraper to 2026-01-02 17:00:00+00:00, run_after=2026-01-02 18:00:00+00:00
[2026-01-02T18:37:36.708+0000] {processor.py:183} INFO - Processing /opt/airflow/dags/pakakumi_scraper.py took 0.139 seconds
[2026-01-02T18:38:06.869+0000] {processor.py:161} INFO - Started process (PID=889) to work on /opt/airflow/dags/pakakumi_scraper.py
[2026-01-02T18:38:06.871+0000] {processor.py:830} INFO - Processing file /opt/airflow/dags/pakakumi_scraper.py for tasks to queue
[2026-01-02T18:38:06.876+0000] {logging_mixin.py:188} INFO - [2026-01-02T18:38:06.876+0000] {dagbag.py:540} INFO - Filling up the DagBag from /opt/airflow/dags/pakakumi_scraper.py
[2026-01-02T18:38:06.908+0000] {processor.py:840} INFO - DAG(s) 'pakakumi_scraper' retrieved from /opt/airflow/dags/pakakumi_scraper.py
[2026-01-02T18:38:06.950+0000] {logging_mixin.py:188} INFO - [2026-01-02T18:38:06.950+0000] {dag.py:3096} INFO - Sync 1 DAGs
[2026-01-02T18:38:06.985+0000] {logging_mixin.py:188} INFO - [2026-01-02T18:38:06.984+0000] {dag.py:3954} INFO - Setting next_dagrun for pakakumi_scraper to 2026-01-02 17:00:00+00:00, run_after=2026-01-02 18:00:00+00:00
[2026-01-02T18:38:07.010+0000] {processor.py:183} INFO - Processing /opt/airflow/dags/pakakumi_scraper.py took 0.162 seconds
[2026-01-02T18:38:37.249+0000] {processor.py:161} INFO - Started process (PID=894) to work on /opt/airflow/dags/pakakumi_scraper.py
[2026-01-02T18:38:37.251+0000] {processor.py:830} INFO - Processing file /opt/airflow/dags/pakakumi_scraper.py for tasks to queue
[2026-01-02T18:38:37.255+0000] {logging_mixin.py:188} INFO - [2026-01-02T18:38:37.255+0000] {dagbag.py:540} INFO - Filling up the DagBag from /opt/airflow/dags/pakakumi_scraper.py
[2026-01-02T18:38:37.286+0000] {processor.py:840} INFO - DAG(s) 'pakakumi_scraper' retrieved from /opt/airflow/dags/pakakumi_scraper.py
[2026-01-02T18:38:37.328+0000] {logging_mixin.py:188} INFO - [2026-01-02T18:38:37.327+0000] {dag.py:3096} INFO - Sync 1 DAGs
[2026-01-02T18:38:37.361+0000] {logging_mixin.py:188} INFO - [2026-01-02T18:38:37.361+0000] {dag.py:3954} INFO - Setting next_dagrun for pakakumi_scraper to 2026-01-02 17:00:00+00:00, run_after=2026-01-02 18:00:00+00:00
[2026-01-02T18:38:37.386+0000] {processor.py:183} INFO - Processing /opt/airflow/dags/pakakumi_scraper.py took 0.151 seconds
[2026-01-02T18:39:07.501+0000] {processor.py:161} INFO - Started process (PID=899) to work on /opt/airflow/dags/pakakumi_scraper.py
[2026-01-02T18:39:07.503+0000] {processor.py:830} INFO - Processing file /opt/airflow/dags/pakakumi_scraper.py for tasks to queue
[2026-01-02T18:39:07.506+0000] {logging_mixin.py:188} INFO - [2026-01-02T18:39:07.505+0000] {dagbag.py:540} INFO - Filling up the DagBag from /opt/airflow/dags/pakakumi_scraper.py
[2026-01-02T18:39:07.533+0000] {processor.py:840} INFO - DAG(s) 'pakakumi_scraper' retrieved from /opt/airflow/dags/pakakumi_scraper.py
[2026-01-02T18:39:07.577+0000] {logging_mixin.py:188} INFO - [2026-01-02T18:39:07.576+0000] {dag.py:3096} INFO - Sync 1 DAGs
[2026-01-02T18:39:07.611+0000] {logging_mixin.py:188} INFO - [2026-01-02T18:39:07.610+0000] {dag.py:3954} INFO - Setting next_dagrun for pakakumi_scraper to 2026-01-02 17:00:00+00:00, run_after=2026-01-02 18:00:00+00:00
[2026-01-02T18:39:07.633+0000] {processor.py:183} INFO - Processing /opt/airflow/dags/pakakumi_scraper.py took 0.142 seconds
[2026-01-02T18:39:37.919+0000] {processor.py:161} INFO - Started process (PID=904) to work on /opt/airflow/dags/pakakumi_scraper.py
[2026-01-02T18:39:37.921+0000] {processor.py:830} INFO - Processing file /opt/airflow/dags/pakakumi_scraper.py for tasks to queue
[2026-01-02T18:39:37.925+0000] {logging_mixin.py:188} INFO - [2026-01-02T18:39:37.924+0000] {dagbag.py:540} INFO - Filling up the DagBag from /opt/airflow/dags/pakakumi_scraper.py
[2026-01-02T18:39:37.962+0000] {processor.py:840} INFO - DAG(s) 'pakakumi_scraper' retrieved from /opt/airflow/dags/pakakumi_scraper.py
[2026-01-02T18:39:38.006+0000] {logging_mixin.py:188} INFO - [2026-01-02T18:39:38.006+0000] {dag.py:3096} INFO - Sync 1 DAGs
[2026-01-02T18:39:38.038+0000] {logging_mixin.py:188} INFO - [2026-01-02T18:39:38.038+0000] {dag.py:3954} INFO - Setting next_dagrun for pakakumi_scraper to 2026-01-02 17:00:00+00:00, run_after=2026-01-02 18:00:00+00:00
[2026-01-02T18:39:38.066+0000] {processor.py:183} INFO - Processing /opt/airflow/dags/pakakumi_scraper.py took 0.159 seconds
[2026-01-02T18:40:08.270+0000] {processor.py:161} INFO - Started process (PID=909) to work on /opt/airflow/dags/pakakumi_scraper.py
[2026-01-02T18:40:08.272+0000] {processor.py:830} INFO - Processing file /opt/airflow/dags/pakakumi_scraper.py for tasks to queue
[2026-01-02T18:40:08.277+0000] {logging_mixin.py:188} INFO - [2026-01-02T18:40:08.276+0000] {dagbag.py:540} INFO - Filling up the DagBag from /opt/airflow/dags/pakakumi_scraper.py
[2026-01-02T18:40:08.307+0000] {processor.py:840} INFO - DAG(s) 'pakakumi_scraper' retrieved from /opt/airflow/dags/pakakumi_scraper.py
[2026-01-02T18:40:08.348+0000] {logging_mixin.py:188} INFO - [2026-01-02T18:40:08.347+0000] {dag.py:3096} INFO - Sync 1 DAGs
[2026-01-02T18:40:08.382+0000] {logging_mixin.py:188} INFO - [2026-01-02T18:40:08.382+0000] {dag.py:3954} INFO - Setting next_dagrun for pakakumi_scraper to 2026-01-02 17:00:00+00:00, run_after=2026-01-02 18:00:00+00:00
[2026-01-02T18:40:08.408+0000] {processor.py:183} INFO - Processing /opt/airflow/dags/pakakumi_scraper.py took 0.150 seconds
[2026-01-02T18:40:38.612+0000] {processor.py:161} INFO - Started process (PID=914) to work on /opt/airflow/dags/pakakumi_scraper.py
[2026-01-02T18:40:38.614+0000] {processor.py:830} INFO - Processing file /opt/airflow/dags/pakakumi_scraper.py for tasks to queue
[2026-01-02T18:40:38.618+0000] {logging_mixin.py:188} INFO - [2026-01-02T18:40:38.617+0000] {dagbag.py:540} INFO - Filling up the DagBag from /opt/airflow/dags/pakakumi_scraper.py
[2026-01-02T18:40:38.645+0000] {processor.py:840} INFO - DAG(s) 'pakakumi_scraper' retrieved from /opt/airflow/dags/pakakumi_scraper.py
[2026-01-02T18:40:38.687+0000] {logging_mixin.py:188} INFO - [2026-01-02T18:40:38.687+0000] {dag.py:3096} INFO - Sync 1 DAGs
[2026-01-02T18:40:38.718+0000] {logging_mixin.py:188} INFO - [2026-01-02T18:40:38.718+0000] {dag.py:3954} INFO - Setting next_dagrun for pakakumi_scraper to 2026-01-02 17:00:00+00:00, run_after=2026-01-02 18:00:00+00:00
[2026-01-02T18:40:38.744+0000] {processor.py:183} INFO - Processing /opt/airflow/dags/pakakumi_scraper.py took 0.143 seconds
[2026-01-02T18:41:08.947+0000] {processor.py:161} INFO - Started process (PID=919) to work on /opt/airflow/dags/pakakumi_scraper.py
[2026-01-02T18:41:08.950+0000] {processor.py:830} INFO - Processing file /opt/airflow/dags/pakakumi_scraper.py for tasks to queue
[2026-01-02T18:41:08.956+0000] {logging_mixin.py:188} INFO - [2026-01-02T18:41:08.956+0000] {dagbag.py:540} INFO - Filling up the DagBag from /opt/airflow/dags/pakakumi_scraper.py
[2026-01-02T18:41:08.991+0000] {processor.py:840} INFO - DAG(s) 'pakakumi_scraper' retrieved from /opt/airflow/dags/pakakumi_scraper.py
[2026-01-02T18:41:09.037+0000] {logging_mixin.py:188} INFO - [2026-01-02T18:41:09.037+0000] {dag.py:3096} INFO - Sync 1 DAGs
[2026-01-02T18:41:09.073+0000] {logging_mixin.py:188} INFO - [2026-01-02T18:41:09.073+0000] {dag.py:3954} INFO - Setting next_dagrun for pakakumi_scraper to 2026-01-02 17:00:00+00:00, run_after=2026-01-02 18:00:00+00:00
[2026-01-02T18:41:09.099+0000] {processor.py:183} INFO - Processing /opt/airflow/dags/pakakumi_scraper.py took 0.181 seconds
[2026-01-02T18:41:39.268+0000] {processor.py:161} INFO - Started process (PID=924) to work on /opt/airflow/dags/pakakumi_scraper.py
[2026-01-02T18:41:39.270+0000] {processor.py:830} INFO - Processing file /opt/airflow/dags/pakakumi_scraper.py for tasks to queue
[2026-01-02T18:41:39.274+0000] {logging_mixin.py:188} INFO - [2026-01-02T18:41:39.274+0000] {dagbag.py:540} INFO - Filling up the DagBag from /opt/airflow/dags/pakakumi_scraper.py
[2026-01-02T18:41:39.302+0000] {processor.py:840} INFO - DAG(s) 'pakakumi_scraper' retrieved from /opt/airflow/dags/pakakumi_scraper.py
[2026-01-02T18:41:39.345+0000] {logging_mixin.py:188} INFO - [2026-01-02T18:41:39.345+0000] {dag.py:3096} INFO - Sync 1 DAGs
[2026-01-02T18:41:39.379+0000] {logging_mixin.py:188} INFO - [2026-01-02T18:41:39.379+0000] {dag.py:3954} INFO - Setting next_dagrun for pakakumi_scraper to 2026-01-02 17:00:00+00:00, run_after=2026-01-02 18:00:00+00:00
[2026-01-02T18:41:39.405+0000] {processor.py:183} INFO - Processing /opt/airflow/dags/pakakumi_scraper.py took 0.150 seconds
[2026-01-02T18:42:09.611+0000] {processor.py:161} INFO - Started process (PID=929) to work on /opt/airflow/dags/pakakumi_scraper.py
[2026-01-02T18:42:09.613+0000] {processor.py:830} INFO - Processing file /opt/airflow/dags/pakakumi_scraper.py for tasks to queue
[2026-01-02T18:42:09.617+0000] {logging_mixin.py:188} INFO - [2026-01-02T18:42:09.616+0000] {dagbag.py:540} INFO - Filling up the DagBag from /opt/airflow/dags/pakakumi_scraper.py
[2026-01-02T18:42:09.646+0000] {processor.py:840} INFO - DAG(s) 'pakakumi_scraper' retrieved from /opt/airflow/dags/pakakumi_scraper.py
[2026-01-02T18:42:09.688+0000] {logging_mixin.py:188} INFO - [2026-01-02T18:42:09.687+0000] {dag.py:3096} INFO - Sync 1 DAGs
[2026-01-02T18:42:09.720+0000] {logging_mixin.py:188} INFO - [2026-01-02T18:42:09.720+0000] {dag.py:3954} INFO - Setting next_dagrun for pakakumi_scraper to 2026-01-02 17:00:00+00:00, run_after=2026-01-02 18:00:00+00:00
[2026-01-02T18:42:09.746+0000] {processor.py:183} INFO - Processing /opt/airflow/dags/pakakumi_scraper.py took 0.148 seconds
[2026-01-02T18:42:39.923+0000] {processor.py:161} INFO - Started process (PID=934) to work on /opt/airflow/dags/pakakumi_scraper.py
[2026-01-02T18:42:39.924+0000] {processor.py:830} INFO - Processing file /opt/airflow/dags/pakakumi_scraper.py for tasks to queue
[2026-01-02T18:42:39.927+0000] {logging_mixin.py:188} INFO - [2026-01-02T18:42:39.927+0000] {dagbag.py:540} INFO - Filling up the DagBag from /opt/airflow/dags/pakakumi_scraper.py
[2026-01-02T18:42:39.956+0000] {processor.py:840} INFO - DAG(s) 'pakakumi_scraper' retrieved from /opt/airflow/dags/pakakumi_scraper.py
[2026-01-02T18:42:39.999+0000] {logging_mixin.py:188} INFO - [2026-01-02T18:42:39.999+0000] {dag.py:3096} INFO - Sync 1 DAGs
[2026-01-02T18:42:40.032+0000] {logging_mixin.py:188} INFO - [2026-01-02T18:42:40.032+0000] {dag.py:3954} INFO - Setting next_dagrun for pakakumi_scraper to 2026-01-02 17:00:00+00:00, run_after=2026-01-02 18:00:00+00:00
[2026-01-02T18:42:40.059+0000] {processor.py:183} INFO - Processing /opt/airflow/dags/pakakumi_scraper.py took 0.146 seconds
[2026-01-02T18:43:10.258+0000] {processor.py:161} INFO - Started process (PID=939) to work on /opt/airflow/dags/pakakumi_scraper.py
[2026-01-02T18:43:10.260+0000] {processor.py:830} INFO - Processing file /opt/airflow/dags/pakakumi_scraper.py for tasks to queue
[2026-01-02T18:43:10.263+0000] {logging_mixin.py:188} INFO - [2026-01-02T18:43:10.262+0000] {dagbag.py:540} INFO - Filling up the DagBag from /opt/airflow/dags/pakakumi_scraper.py
[2026-01-02T18:43:10.294+0000] {processor.py:840} INFO - DAG(s) 'pakakumi_scraper' retrieved from /opt/airflow/dags/pakakumi_scraper.py
[2026-01-02T18:43:10.340+0000] {logging_mixin.py:188} INFO - [2026-01-02T18:43:10.340+0000] {dag.py:3096} INFO - Sync 1 DAGs
[2026-01-02T18:43:10.380+0000] {logging_mixin.py:188} INFO - [2026-01-02T18:43:10.380+0000] {dag.py:3954} INFO - Setting next_dagrun for pakakumi_scraper to 2026-01-02 17:00:00+00:00, run_after=2026-01-02 18:00:00+00:00
[2026-01-02T18:43:10.407+0000] {processor.py:183} INFO - Processing /opt/airflow/dags/pakakumi_scraper.py took 0.160 seconds
[2026-01-02T18:43:40.575+0000] {processor.py:161} INFO - Started process (PID=944) to work on /opt/airflow/dags/pakakumi_scraper.py
[2026-01-02T18:43:40.578+0000] {processor.py:830} INFO - Processing file /opt/airflow/dags/pakakumi_scraper.py for tasks to queue
[2026-01-02T18:43:40.583+0000] {logging_mixin.py:188} INFO - [2026-01-02T18:43:40.582+0000] {dagbag.py:540} INFO - Filling up the DagBag from /opt/airflow/dags/pakakumi_scraper.py
[2026-01-02T18:43:40.613+0000] {processor.py:840} INFO - DAG(s) 'pakakumi_scraper' retrieved from /opt/airflow/dags/pakakumi_scraper.py
[2026-01-02T18:43:40.659+0000] {logging_mixin.py:188} INFO - [2026-01-02T18:43:40.659+0000] {dag.py:3096} INFO - Sync 1 DAGs
[2026-01-02T18:43:40.699+0000] {logging_mixin.py:188} INFO - [2026-01-02T18:43:40.698+0000] {dag.py:3954} INFO - Setting next_dagrun for pakakumi_scraper to 2026-01-02 17:00:00+00:00, run_after=2026-01-02 18:00:00+00:00
[2026-01-02T18:43:40.724+0000] {processor.py:183} INFO - Processing /opt/airflow/dags/pakakumi_scraper.py took 0.163 seconds
[2026-01-02T18:44:10.932+0000] {processor.py:161} INFO - Started process (PID=949) to work on /opt/airflow/dags/pakakumi_scraper.py
[2026-01-02T18:44:10.934+0000] {processor.py:830} INFO - Processing file /opt/airflow/dags/pakakumi_scraper.py for tasks to queue
[2026-01-02T18:44:10.937+0000] {logging_mixin.py:188} INFO - [2026-01-02T18:44:10.936+0000] {dagbag.py:540} INFO - Filling up the DagBag from /opt/airflow/dags/pakakumi_scraper.py
[2026-01-02T18:44:10.969+0000] {processor.py:840} INFO - DAG(s) 'pakakumi_scraper' retrieved from /opt/airflow/dags/pakakumi_scraper.py
[2026-01-02T18:44:11.011+0000] {logging_mixin.py:188} INFO - [2026-01-02T18:44:11.011+0000] {dag.py:3096} INFO - Sync 1 DAGs
[2026-01-02T18:44:11.047+0000] {logging_mixin.py:188} INFO - [2026-01-02T18:44:11.047+0000] {dag.py:3954} INFO - Setting next_dagrun for pakakumi_scraper to 2026-01-02 17:00:00+00:00, run_after=2026-01-02 18:00:00+00:00
[2026-01-02T18:44:11.074+0000] {processor.py:183} INFO - Processing /opt/airflow/dags/pakakumi_scraper.py took 0.154 seconds
[2026-01-02T18:44:41.272+0000] {processor.py:161} INFO - Started process (PID=954) to work on /opt/airflow/dags/pakakumi_scraper.py
[2026-01-02T18:44:41.275+0000] {processor.py:830} INFO - Processing file /opt/airflow/dags/pakakumi_scraper.py for tasks to queue
[2026-01-02T18:44:41.279+0000] {logging_mixin.py:188} INFO - [2026-01-02T18:44:41.278+0000] {dagbag.py:540} INFO - Filling up the DagBag from /opt/airflow/dags/pakakumi_scraper.py
[2026-01-02T18:44:41.318+0000] {processor.py:840} INFO - DAG(s) 'pakakumi_scraper' retrieved from /opt/airflow/dags/pakakumi_scraper.py
[2026-01-02T18:44:41.363+0000] {logging_mixin.py:188} INFO - [2026-01-02T18:44:41.362+0000] {dag.py:3096} INFO - Sync 1 DAGs
[2026-01-02T18:44:41.399+0000] {logging_mixin.py:188} INFO - [2026-01-02T18:44:41.398+0000] {dag.py:3954} INFO - Setting next_dagrun for pakakumi_scraper to 2026-01-02 17:00:00+00:00, run_after=2026-01-02 18:00:00+00:00
[2026-01-02T18:44:41.434+0000] {processor.py:183} INFO - Processing /opt/airflow/dags/pakakumi_scraper.py took 0.175 seconds
[2026-01-02T18:45:11.601+0000] {processor.py:161} INFO - Started process (PID=959) to work on /opt/airflow/dags/pakakumi_scraper.py
[2026-01-02T18:45:11.603+0000] {processor.py:830} INFO - Processing file /opt/airflow/dags/pakakumi_scraper.py for tasks to queue
[2026-01-02T18:45:11.607+0000] {logging_mixin.py:188} INFO - [2026-01-02T18:45:11.606+0000] {dagbag.py:540} INFO - Filling up the DagBag from /opt/airflow/dags/pakakumi_scraper.py
[2026-01-02T18:45:11.638+0000] {processor.py:840} INFO - DAG(s) 'pakakumi_scraper' retrieved from /opt/airflow/dags/pakakumi_scraper.py
[2026-01-02T18:45:11.687+0000] {logging_mixin.py:188} INFO - [2026-01-02T18:45:11.687+0000] {dag.py:3096} INFO - Sync 1 DAGs
[2026-01-02T18:45:11.730+0000] {logging_mixin.py:188} INFO - [2026-01-02T18:45:11.730+0000] {dag.py:3954} INFO - Setting next_dagrun for pakakumi_scraper to 2026-01-02 17:00:00+00:00, run_after=2026-01-02 18:00:00+00:00
[2026-01-02T18:45:11.759+0000] {processor.py:183} INFO - Processing /opt/airflow/dags/pakakumi_scraper.py took 0.167 seconds
[2026-01-02T18:45:41.918+0000] {processor.py:161} INFO - Started process (PID=964) to work on /opt/airflow/dags/pakakumi_scraper.py
[2026-01-02T18:45:41.920+0000] {processor.py:830} INFO - Processing file /opt/airflow/dags/pakakumi_scraper.py for tasks to queue
[2026-01-02T18:45:41.925+0000] {logging_mixin.py:188} INFO - [2026-01-02T18:45:41.925+0000] {dagbag.py:540} INFO - Filling up the DagBag from /opt/airflow/dags/pakakumi_scraper.py
[2026-01-02T18:45:41.957+0000] {processor.py:840} INFO - DAG(s) 'pakakumi_scraper' retrieved from /opt/airflow/dags/pakakumi_scraper.py
[2026-01-02T18:45:42.001+0000] {logging_mixin.py:188} INFO - [2026-01-02T18:45:42.001+0000] {dag.py:3096} INFO - Sync 1 DAGs
[2026-01-02T18:45:42.034+0000] {logging_mixin.py:188} INFO - [2026-01-02T18:45:42.034+0000] {dag.py:3954} INFO - Setting next_dagrun for pakakumi_scraper to 2026-01-02 17:00:00+00:00, run_after=2026-01-02 18:00:00+00:00
[2026-01-02T18:45:42.067+0000] {processor.py:183} INFO - Processing /opt/airflow/dags/pakakumi_scraper.py took 0.160 seconds
[2026-01-02T18:46:12.301+0000] {processor.py:161} INFO - Started process (PID=969) to work on /opt/airflow/dags/pakakumi_scraper.py
[2026-01-02T18:46:12.303+0000] {processor.py:830} INFO - Processing file /opt/airflow/dags/pakakumi_scraper.py for tasks to queue
[2026-01-02T18:46:12.306+0000] {logging_mixin.py:188} INFO - [2026-01-02T18:46:12.306+0000] {dagbag.py:540} INFO - Filling up the DagBag from /opt/airflow/dags/pakakumi_scraper.py
[2026-01-02T18:46:12.333+0000] {processor.py:840} INFO - DAG(s) 'pakakumi_scraper' retrieved from /opt/airflow/dags/pakakumi_scraper.py
[2026-01-02T18:46:12.377+0000] {logging_mixin.py:188} INFO - [2026-01-02T18:46:12.376+0000] {dag.py:3096} INFO - Sync 1 DAGs
[2026-01-02T18:46:12.410+0000] {logging_mixin.py:188} INFO - [2026-01-02T18:46:12.410+0000] {dag.py:3954} INFO - Setting next_dagrun for pakakumi_scraper to 2026-01-02 17:00:00+00:00, run_after=2026-01-02 18:00:00+00:00
[2026-01-02T18:46:12.438+0000] {processor.py:183} INFO - Processing /opt/airflow/dags/pakakumi_scraper.py took 0.149 seconds
[2026-01-02T18:46:42.582+0000] {processor.py:161} INFO - Started process (PID=974) to work on /opt/airflow/dags/pakakumi_scraper.py
[2026-01-02T18:46:42.584+0000] {processor.py:830} INFO - Processing file /opt/airflow/dags/pakakumi_scraper.py for tasks to queue
[2026-01-02T18:46:42.588+0000] {logging_mixin.py:188} INFO - [2026-01-02T18:46:42.587+0000] {dagbag.py:540} INFO - Filling up the DagBag from /opt/airflow/dags/pakakumi_scraper.py
[2026-01-02T18:46:42.616+0000] {processor.py:840} INFO - DAG(s) 'pakakumi_scraper' retrieved from /opt/airflow/dags/pakakumi_scraper.py
[2026-01-02T18:46:42.659+0000] {logging_mixin.py:188} INFO - [2026-01-02T18:46:42.659+0000] {dag.py:3096} INFO - Sync 1 DAGs
[2026-01-02T18:46:42.692+0000] {logging_mixin.py:188} INFO - [2026-01-02T18:46:42.692+0000] {dag.py:3954} INFO - Setting next_dagrun for pakakumi_scraper to 2026-01-02 17:00:00+00:00, run_after=2026-01-02 18:00:00+00:00
[2026-01-02T18:46:42.717+0000] {processor.py:183} INFO - Processing /opt/airflow/dags/pakakumi_scraper.py took 0.145 seconds
[2026-01-02T18:47:12.908+0000] {processor.py:161} INFO - Started process (PID=979) to work on /opt/airflow/dags/pakakumi_scraper.py
[2026-01-02T18:47:12.910+0000] {processor.py:830} INFO - Processing file /opt/airflow/dags/pakakumi_scraper.py for tasks to queue
[2026-01-02T18:47:12.914+0000] {logging_mixin.py:188} INFO - [2026-01-02T18:47:12.913+0000] {dagbag.py:540} INFO - Filling up the DagBag from /opt/airflow/dags/pakakumi_scraper.py
[2026-01-02T18:47:12.946+0000] {processor.py:840} INFO - DAG(s) 'pakakumi_scraper' retrieved from /opt/airflow/dags/pakakumi_scraper.py
[2026-01-02T18:47:12.987+0000] {logging_mixin.py:188} INFO - [2026-01-02T18:47:12.987+0000] {dag.py:3096} INFO - Sync 1 DAGs
[2026-01-02T18:47:13.021+0000] {logging_mixin.py:188} INFO - [2026-01-02T18:47:13.021+0000] {dag.py:3954} INFO - Setting next_dagrun for pakakumi_scraper to 2026-01-02 17:00:00+00:00, run_after=2026-01-02 18:00:00+00:00
[2026-01-02T18:47:13.055+0000] {processor.py:183} INFO - Processing /opt/airflow/dags/pakakumi_scraper.py took 0.159 seconds
[2026-01-02T18:47:43.130+0000] {processor.py:161} INFO - Started process (PID=984) to work on /opt/airflow/dags/pakakumi_scraper.py
[2026-01-02T18:47:43.132+0000] {processor.py:830} INFO - Processing file /opt/airflow/dags/pakakumi_scraper.py for tasks to queue
[2026-01-02T18:47:43.135+0000] {logging_mixin.py:188} INFO - [2026-01-02T18:47:43.134+0000] {dagbag.py:540} INFO - Filling up the DagBag from /opt/airflow/dags/pakakumi_scraper.py
[2026-01-02T18:47:43.163+0000] {processor.py:840} INFO - DAG(s) 'pakakumi_scraper' retrieved from /opt/airflow/dags/pakakumi_scraper.py
[2026-01-02T18:47:43.208+0000] {logging_mixin.py:188} INFO - [2026-01-02T18:47:43.207+0000] {dag.py:3096} INFO - Sync 1 DAGs
[2026-01-02T18:47:43.245+0000] {logging_mixin.py:188} INFO - [2026-01-02T18:47:43.244+0000] {dag.py:3954} INFO - Setting next_dagrun for pakakumi_scraper to 2026-01-02 17:00:00+00:00, run_after=2026-01-02 18:00:00+00:00
[2026-01-02T18:47:43.277+0000] {processor.py:183} INFO - Processing /opt/airflow/dags/pakakumi_scraper.py took 0.156 seconds
[2026-01-02T18:48:13.458+0000] {processor.py:161} INFO - Started process (PID=989) to work on /opt/airflow/dags/pakakumi_scraper.py
[2026-01-02T18:48:13.460+0000] {processor.py:830} INFO - Processing file /opt/airflow/dags/pakakumi_scraper.py for tasks to queue
[2026-01-02T18:48:13.465+0000] {logging_mixin.py:188} INFO - [2026-01-02T18:48:13.464+0000] {dagbag.py:540} INFO - Filling up the DagBag from /opt/airflow/dags/pakakumi_scraper.py
[2026-01-02T18:48:13.493+0000] {processor.py:840} INFO - DAG(s) 'pakakumi_scraper' retrieved from /opt/airflow/dags/pakakumi_scraper.py
[2026-01-02T18:48:13.536+0000] {logging_mixin.py:188} INFO - [2026-01-02T18:48:13.536+0000] {dag.py:3096} INFO - Sync 1 DAGs
[2026-01-02T18:48:13.571+0000] {logging_mixin.py:188} INFO - [2026-01-02T18:48:13.570+0000] {dag.py:3954} INFO - Setting next_dagrun for pakakumi_scraper to 2026-01-02 17:00:00+00:00, run_after=2026-01-02 18:00:00+00:00
[2026-01-02T18:48:13.597+0000] {processor.py:183} INFO - Processing /opt/airflow/dags/pakakumi_scraper.py took 0.148 seconds
[2026-01-02T18:48:43.671+0000] {processor.py:161} INFO - Started process (PID=994) to work on /opt/airflow/dags/pakakumi_scraper.py
[2026-01-02T18:48:43.673+0000] {processor.py:830} INFO - Processing file /opt/airflow/dags/pakakumi_scraper.py for tasks to queue
[2026-01-02T18:48:43.676+0000] {logging_mixin.py:188} INFO - [2026-01-02T18:48:43.675+0000] {dagbag.py:540} INFO - Filling up the DagBag from /opt/airflow/dags/pakakumi_scraper.py
[2026-01-02T18:48:43.705+0000] {processor.py:840} INFO - DAG(s) 'pakakumi_scraper' retrieved from /opt/airflow/dags/pakakumi_scraper.py
[2026-01-02T18:48:43.766+0000] {logging_mixin.py:188} INFO - [2026-01-02T18:48:43.765+0000] {dag.py:3096} INFO - Sync 1 DAGs
[2026-01-02T18:48:43.803+0000] {logging_mixin.py:188} INFO - [2026-01-02T18:48:43.802+0000] {dag.py:3954} INFO - Setting next_dagrun for pakakumi_scraper to 2026-01-02 17:00:00+00:00, run_after=2026-01-02 18:00:00+00:00
[2026-01-02T18:48:43.831+0000] {processor.py:183} INFO - Processing /opt/airflow/dags/pakakumi_scraper.py took 0.172 seconds
[2026-01-02T18:49:13.996+0000] {processor.py:161} INFO - Started process (PID=999) to work on /opt/airflow/dags/pakakumi_scraper.py
[2026-01-02T18:49:13.997+0000] {processor.py:830} INFO - Processing file /opt/airflow/dags/pakakumi_scraper.py for tasks to queue
[2026-01-02T18:49:14.000+0000] {logging_mixin.py:188} INFO - [2026-01-02T18:49:14.000+0000] {dagbag.py:540} INFO - Filling up the DagBag from /opt/airflow/dags/pakakumi_scraper.py
[2026-01-02T18:49:14.028+0000] {processor.py:840} INFO - DAG(s) 'pakakumi_scraper' retrieved from /opt/airflow/dags/pakakumi_scraper.py
[2026-01-02T18:49:14.069+0000] {logging_mixin.py:188} INFO - [2026-01-02T18:49:14.069+0000] {dag.py:3096} INFO - Sync 1 DAGs
[2026-01-02T18:49:14.102+0000] {logging_mixin.py:188} INFO - [2026-01-02T18:49:14.102+0000] {dag.py:3954} INFO - Setting next_dagrun for pakakumi_scraper to 2026-01-02 17:00:00+00:00, run_after=2026-01-02 18:00:00+00:00
[2026-01-02T18:49:14.127+0000] {processor.py:183} INFO - Processing /opt/airflow/dags/pakakumi_scraper.py took 0.141 seconds
[2026-01-02T18:49:44.216+0000] {processor.py:161} INFO - Started process (PID=1004) to work on /opt/airflow/dags/pakakumi_scraper.py
[2026-01-02T18:49:44.218+0000] {processor.py:830} INFO - Processing file /opt/airflow/dags/pakakumi_scraper.py for tasks to queue
[2026-01-02T18:49:44.221+0000] {logging_mixin.py:188} INFO - [2026-01-02T18:49:44.220+0000] {dagbag.py:540} INFO - Filling up the DagBag from /opt/airflow/dags/pakakumi_scraper.py
[2026-01-02T18:49:44.247+0000] {processor.py:840} INFO - DAG(s) 'pakakumi_scraper' retrieved from /opt/airflow/dags/pakakumi_scraper.py
[2026-01-02T18:49:44.289+0000] {logging_mixin.py:188} INFO - [2026-01-02T18:49:44.289+0000] {dag.py:3096} INFO - Sync 1 DAGs
[2026-01-02T18:49:44.326+0000] {logging_mixin.py:188} INFO - [2026-01-02T18:49:44.325+0000] {dag.py:3954} INFO - Setting next_dagrun for pakakumi_scraper to 2026-01-02 17:00:00+00:00, run_after=2026-01-02 18:00:00+00:00
[2026-01-02T18:49:44.358+0000] {processor.py:183} INFO - Processing /opt/airflow/dags/pakakumi_scraper.py took 0.152 seconds
[2026-01-02T18:50:14.514+0000] {processor.py:161} INFO - Started process (PID=1009) to work on /opt/airflow/dags/pakakumi_scraper.py
[2026-01-02T18:50:14.516+0000] {processor.py:830} INFO - Processing file /opt/airflow/dags/pakakumi_scraper.py for tasks to queue
[2026-01-02T18:50:14.519+0000] {logging_mixin.py:188} INFO - [2026-01-02T18:50:14.518+0000] {dagbag.py:540} INFO - Filling up the DagBag from /opt/airflow/dags/pakakumi_scraper.py
[2026-01-02T18:50:14.546+0000] {processor.py:840} INFO - DAG(s) 'pakakumi_scraper' retrieved from /opt/airflow/dags/pakakumi_scraper.py
[2026-01-02T18:50:14.588+0000] {logging_mixin.py:188} INFO - [2026-01-02T18:50:14.588+0000] {dag.py:3096} INFO - Sync 1 DAGs
[2026-01-02T18:50:14.622+0000] {logging_mixin.py:188} INFO - [2026-01-02T18:50:14.622+0000] {dag.py:3954} INFO - Setting next_dagrun for pakakumi_scraper to 2026-01-02 17:00:00+00:00, run_after=2026-01-02 18:00:00+00:00
[2026-01-02T18:50:14.647+0000] {processor.py:183} INFO - Processing /opt/airflow/dags/pakakumi_scraper.py took 0.142 seconds
[2026-01-02T18:50:44.771+0000] {processor.py:161} INFO - Started process (PID=1014) to work on /opt/airflow/dags/pakakumi_scraper.py
[2026-01-02T18:50:44.773+0000] {processor.py:830} INFO - Processing file /opt/airflow/dags/pakakumi_scraper.py for tasks to queue
[2026-01-02T18:50:44.776+0000] {logging_mixin.py:188} INFO - [2026-01-02T18:50:44.775+0000] {dagbag.py:540} INFO - Filling up the DagBag from /opt/airflow/dags/pakakumi_scraper.py
[2026-01-02T18:50:44.810+0000] {processor.py:840} INFO - DAG(s) 'pakakumi_scraper' retrieved from /opt/airflow/dags/pakakumi_scraper.py
[2026-01-02T18:50:44.857+0000] {logging_mixin.py:188} INFO - [2026-01-02T18:50:44.857+0000] {dag.py:3096} INFO - Sync 1 DAGs
[2026-01-02T18:50:44.894+0000] {logging_mixin.py:188} INFO - [2026-01-02T18:50:44.894+0000] {dag.py:3954} INFO - Setting next_dagrun for pakakumi_scraper to 2026-01-02 17:00:00+00:00, run_after=2026-01-02 18:00:00+00:00
[2026-01-02T18:50:44.927+0000] {processor.py:183} INFO - Processing /opt/airflow/dags/pakakumi_scraper.py took 0.167 seconds
[2026-01-02T18:51:15.079+0000] {processor.py:161} INFO - Started process (PID=1019) to work on /opt/airflow/dags/pakakumi_scraper.py
[2026-01-02T18:51:15.081+0000] {processor.py:830} INFO - Processing file /opt/airflow/dags/pakakumi_scraper.py for tasks to queue
[2026-01-02T18:51:15.084+0000] {logging_mixin.py:188} INFO - [2026-01-02T18:51:15.084+0000] {dagbag.py:540} INFO - Filling up the DagBag from /opt/airflow/dags/pakakumi_scraper.py
[2026-01-02T18:51:15.114+0000] {processor.py:840} INFO - DAG(s) 'pakakumi_scraper' retrieved from /opt/airflow/dags/pakakumi_scraper.py
[2026-01-02T18:51:15.163+0000] {logging_mixin.py:188} INFO - [2026-01-02T18:51:15.162+0000] {dag.py:3096} INFO - Sync 1 DAGs
[2026-01-02T18:51:15.202+0000] {logging_mixin.py:188} INFO - [2026-01-02T18:51:15.202+0000] {dag.py:3954} INFO - Setting next_dagrun for pakakumi_scraper to 2026-01-02 17:00:00+00:00, run_after=2026-01-02 18:00:00+00:00
[2026-01-02T18:51:15.232+0000] {processor.py:183} INFO - Processing /opt/airflow/dags/pakakumi_scraper.py took 0.166 seconds
[2026-01-02T18:51:45.367+0000] {processor.py:161} INFO - Started process (PID=1024) to work on /opt/airflow/dags/pakakumi_scraper.py
[2026-01-02T18:51:45.369+0000] {processor.py:830} INFO - Processing file /opt/airflow/dags/pakakumi_scraper.py for tasks to queue
[2026-01-02T18:51:45.373+0000] {logging_mixin.py:188} INFO - [2026-01-02T18:51:45.372+0000] {dagbag.py:540} INFO - Filling up the DagBag from /opt/airflow/dags/pakakumi_scraper.py
[2026-01-02T18:51:45.403+0000] {processor.py:840} INFO - DAG(s) 'pakakumi_scraper' retrieved from /opt/airflow/dags/pakakumi_scraper.py
[2026-01-02T18:51:45.449+0000] {logging_mixin.py:188} INFO - [2026-01-02T18:51:45.449+0000] {dag.py:3096} INFO - Sync 1 DAGs
[2026-01-02T18:51:45.493+0000] {logging_mixin.py:188} INFO - [2026-01-02T18:51:45.492+0000] {dag.py:3954} INFO - Setting next_dagrun for pakakumi_scraper to 2026-01-02 17:00:00+00:00, run_after=2026-01-02 18:00:00+00:00
[2026-01-02T18:51:45.525+0000] {processor.py:183} INFO - Processing /opt/airflow/dags/pakakumi_scraper.py took 0.169 seconds
[2026-01-02T18:52:15.631+0000] {processor.py:161} INFO - Started process (PID=1029) to work on /opt/airflow/dags/pakakumi_scraper.py
[2026-01-02T18:52:15.633+0000] {processor.py:830} INFO - Processing file /opt/airflow/dags/pakakumi_scraper.py for tasks to queue
[2026-01-02T18:52:15.638+0000] {logging_mixin.py:188} INFO - [2026-01-02T18:52:15.637+0000] {dagbag.py:540} INFO - Filling up the DagBag from /opt/airflow/dags/pakakumi_scraper.py
[2026-01-02T18:52:15.677+0000] {processor.py:840} INFO - DAG(s) 'pakakumi_scraper' retrieved from /opt/airflow/dags/pakakumi_scraper.py
[2026-01-02T18:52:15.745+0000] {logging_mixin.py:188} INFO - [2026-01-02T18:52:15.744+0000] {dag.py:3096} INFO - Sync 1 DAGs
[2026-01-02T18:52:15.798+0000] {logging_mixin.py:188} INFO - [2026-01-02T18:52:15.798+0000] {dag.py:3954} INFO - Setting next_dagrun for pakakumi_scraper to 2026-01-02 17:00:00+00:00, run_after=2026-01-02 18:00:00+00:00
[2026-01-02T18:52:15.837+0000] {processor.py:183} INFO - Processing /opt/airflow/dags/pakakumi_scraper.py took 0.221 seconds
[2026-01-02T18:52:45.919+0000] {processor.py:161} INFO - Started process (PID=1034) to work on /opt/airflow/dags/pakakumi_scraper.py
[2026-01-02T18:52:45.921+0000] {processor.py:830} INFO - Processing file /opt/airflow/dags/pakakumi_scraper.py for tasks to queue
[2026-01-02T18:52:45.924+0000] {logging_mixin.py:188} INFO - [2026-01-02T18:52:45.923+0000] {dagbag.py:540} INFO - Filling up the DagBag from /opt/airflow/dags/pakakumi_scraper.py
[2026-01-02T18:52:45.954+0000] {processor.py:840} INFO - DAG(s) 'pakakumi_scraper' retrieved from /opt/airflow/dags/pakakumi_scraper.py
[2026-01-02T18:52:46.009+0000] {logging_mixin.py:188} INFO - [2026-01-02T18:52:46.009+0000] {dag.py:3096} INFO - Sync 1 DAGs
[2026-01-02T18:52:46.043+0000] {logging_mixin.py:188} INFO - [2026-01-02T18:52:46.043+0000] {dag.py:3954} INFO - Setting next_dagrun for pakakumi_scraper to 2026-01-02 17:00:00+00:00, run_after=2026-01-02 18:00:00+00:00
[2026-01-02T18:52:46.069+0000] {processor.py:183} INFO - Processing /opt/airflow/dags/pakakumi_scraper.py took 0.161 seconds
[2026-01-02T18:53:16.222+0000] {processor.py:161} INFO - Started process (PID=1039) to work on /opt/airflow/dags/pakakumi_scraper.py
[2026-01-02T18:53:16.223+0000] {processor.py:830} INFO - Processing file /opt/airflow/dags/pakakumi_scraper.py for tasks to queue
[2026-01-02T18:53:16.226+0000] {logging_mixin.py:188} INFO - [2026-01-02T18:53:16.226+0000] {dagbag.py:540} INFO - Filling up the DagBag from /opt/airflow/dags/pakakumi_scraper.py
[2026-01-02T18:53:16.265+0000] {processor.py:840} INFO - DAG(s) 'pakakumi_scraper' retrieved from /opt/airflow/dags/pakakumi_scraper.py
[2026-01-02T18:53:16.309+0000] {logging_mixin.py:188} INFO - [2026-01-02T18:53:16.309+0000] {dag.py:3096} INFO - Sync 1 DAGs
[2026-01-02T18:53:16.345+0000] {logging_mixin.py:188} INFO - [2026-01-02T18:53:16.345+0000] {dag.py:3954} INFO - Setting next_dagrun for pakakumi_scraper to 2026-01-02 17:00:00+00:00, run_after=2026-01-02 18:00:00+00:00
[2026-01-02T18:53:16.372+0000] {processor.py:183} INFO - Processing /opt/airflow/dags/pakakumi_scraper.py took 0.162 seconds
[2026-01-02T18:53:46.455+0000] {processor.py:161} INFO - Started process (PID=1044) to work on /opt/airflow/dags/pakakumi_scraper.py
[2026-01-02T18:53:46.456+0000] {processor.py:830} INFO - Processing file /opt/airflow/dags/pakakumi_scraper.py for tasks to queue
[2026-01-02T18:53:46.459+0000] {logging_mixin.py:188} INFO - [2026-01-02T18:53:46.459+0000] {dagbag.py:540} INFO - Filling up the DagBag from /opt/airflow/dags/pakakumi_scraper.py
[2026-01-02T18:53:46.487+0000] {processor.py:840} INFO - DAG(s) 'pakakumi_scraper' retrieved from /opt/airflow/dags/pakakumi_scraper.py
[2026-01-02T18:53:46.535+0000] {logging_mixin.py:188} INFO - [2026-01-02T18:53:46.534+0000] {dag.py:3096} INFO - Sync 1 DAGs
[2026-01-02T18:53:46.571+0000] {logging_mixin.py:188} INFO - [2026-01-02T18:53:46.571+0000] {dag.py:3954} INFO - Setting next_dagrun for pakakumi_scraper to 2026-01-02 17:00:00+00:00, run_after=2026-01-02 18:00:00+00:00
[2026-01-02T18:53:46.599+0000] {processor.py:183} INFO - Processing /opt/airflow/dags/pakakumi_scraper.py took 0.155 seconds
[2026-01-02T18:54:16.817+0000] {processor.py:161} INFO - Started process (PID=1049) to work on /opt/airflow/dags/pakakumi_scraper.py
[2026-01-02T18:54:16.819+0000] {processor.py:830} INFO - Processing file /opt/airflow/dags/pakakumi_scraper.py for tasks to queue
[2026-01-02T18:54:16.822+0000] {logging_mixin.py:188} INFO - [2026-01-02T18:54:16.821+0000] {dagbag.py:540} INFO - Filling up the DagBag from /opt/airflow/dags/pakakumi_scraper.py
[2026-01-02T18:54:16.864+0000] {processor.py:840} INFO - DAG(s) 'pakakumi_scraper' retrieved from /opt/airflow/dags/pakakumi_scraper.py
[2026-01-02T18:54:16.908+0000] {logging_mixin.py:188} INFO - [2026-01-02T18:54:16.908+0000] {dag.py:3096} INFO - Sync 1 DAGs
[2026-01-02T18:54:16.952+0000] {logging_mixin.py:188} INFO - [2026-01-02T18:54:16.952+0000] {dag.py:3954} INFO - Setting next_dagrun for pakakumi_scraper to 2026-01-02 17:00:00+00:00, run_after=2026-01-02 18:00:00+00:00
[2026-01-02T18:54:16.979+0000] {processor.py:183} INFO - Processing /opt/airflow/dags/pakakumi_scraper.py took 0.171 seconds
[2026-01-02T18:54:47.215+0000] {processor.py:161} INFO - Started process (PID=1054) to work on /opt/airflow/dags/pakakumi_scraper.py
[2026-01-02T18:54:47.217+0000] {processor.py:830} INFO - Processing file /opt/airflow/dags/pakakumi_scraper.py for tasks to queue
[2026-01-02T18:54:47.221+0000] {logging_mixin.py:188} INFO - [2026-01-02T18:54:47.220+0000] {dagbag.py:540} INFO - Filling up the DagBag from /opt/airflow/dags/pakakumi_scraper.py
[2026-01-02T18:54:47.254+0000] {processor.py:840} INFO - DAG(s) 'pakakumi_scraper' retrieved from /opt/airflow/dags/pakakumi_scraper.py
[2026-01-02T18:54:47.301+0000] {logging_mixin.py:188} INFO - [2026-01-02T18:54:47.300+0000] {dag.py:3096} INFO - Sync 1 DAGs
[2026-01-02T18:54:47.341+0000] {logging_mixin.py:188} INFO - [2026-01-02T18:54:47.341+0000] {dag.py:3954} INFO - Setting next_dagrun for pakakumi_scraper to 2026-01-02 17:00:00+00:00, run_after=2026-01-02 18:00:00+00:00
[2026-01-02T18:54:47.372+0000] {processor.py:183} INFO - Processing /opt/airflow/dags/pakakumi_scraper.py took 0.173 seconds
[2026-01-02T18:55:17.492+0000] {processor.py:161} INFO - Started process (PID=1059) to work on /opt/airflow/dags/pakakumi_scraper.py
[2026-01-02T18:55:17.494+0000] {processor.py:830} INFO - Processing file /opt/airflow/dags/pakakumi_scraper.py for tasks to queue
[2026-01-02T18:55:17.497+0000] {logging_mixin.py:188} INFO - [2026-01-02T18:55:17.497+0000] {dagbag.py:540} INFO - Filling up the DagBag from /opt/airflow/dags/pakakumi_scraper.py
[2026-01-02T18:55:17.527+0000] {processor.py:840} INFO - DAG(s) 'pakakumi_scraper' retrieved from /opt/airflow/dags/pakakumi_scraper.py
[2026-01-02T18:55:17.578+0000] {logging_mixin.py:188} INFO - [2026-01-02T18:55:17.578+0000] {dag.py:3096} INFO - Sync 1 DAGs
[2026-01-02T18:55:17.617+0000] {logging_mixin.py:188} INFO - [2026-01-02T18:55:17.617+0000] {dag.py:3954} INFO - Setting next_dagrun for pakakumi_scraper to 2026-01-02 17:00:00+00:00, run_after=2026-01-02 18:00:00+00:00
[2026-01-02T18:55:17.650+0000] {processor.py:183} INFO - Processing /opt/airflow/dags/pakakumi_scraper.py took 0.168 seconds
[2026-01-02T18:55:47.833+0000] {processor.py:161} INFO - Started process (PID=1064) to work on /opt/airflow/dags/pakakumi_scraper.py
[2026-01-02T18:55:47.834+0000] {processor.py:830} INFO - Processing file /opt/airflow/dags/pakakumi_scraper.py for tasks to queue
[2026-01-02T18:55:47.838+0000] {logging_mixin.py:188} INFO - [2026-01-02T18:55:47.837+0000] {dagbag.py:540} INFO - Filling up the DagBag from /opt/airflow/dags/pakakumi_scraper.py
[2026-01-02T18:55:47.870+0000] {processor.py:840} INFO - DAG(s) 'pakakumi_scraper' retrieved from /opt/airflow/dags/pakakumi_scraper.py
[2026-01-02T18:55:47.919+0000] {logging_mixin.py:188} INFO - [2026-01-02T18:55:47.919+0000] {dag.py:3096} INFO - Sync 1 DAGs
[2026-01-02T18:55:47.957+0000] {logging_mixin.py:188} INFO - [2026-01-02T18:55:47.957+0000] {dag.py:3954} INFO - Setting next_dagrun for pakakumi_scraper to 2026-01-02 17:00:00+00:00, run_after=2026-01-02 18:00:00+00:00
[2026-01-02T18:55:47.986+0000] {processor.py:183} INFO - Processing /opt/airflow/dags/pakakumi_scraper.py took 0.164 seconds
[2026-01-02T18:56:18.195+0000] {processor.py:161} INFO - Started process (PID=1069) to work on /opt/airflow/dags/pakakumi_scraper.py
[2026-01-02T18:56:18.197+0000] {processor.py:830} INFO - Processing file /opt/airflow/dags/pakakumi_scraper.py for tasks to queue
[2026-01-02T18:56:18.200+0000] {logging_mixin.py:188} INFO - [2026-01-02T18:56:18.199+0000] {dagbag.py:540} INFO - Filling up the DagBag from /opt/airflow/dags/pakakumi_scraper.py
[2026-01-02T18:56:18.231+0000] {processor.py:840} INFO - DAG(s) 'pakakumi_scraper' retrieved from /opt/airflow/dags/pakakumi_scraper.py
[2026-01-02T18:56:18.275+0000] {logging_mixin.py:188} INFO - [2026-01-02T18:56:18.274+0000] {dag.py:3096} INFO - Sync 1 DAGs
[2026-01-02T18:56:18.311+0000] {logging_mixin.py:188} INFO - [2026-01-02T18:56:18.311+0000] {dag.py:3954} INFO - Setting next_dagrun for pakakumi_scraper to 2026-01-02 17:00:00+00:00, run_after=2026-01-02 18:00:00+00:00
[2026-01-02T18:56:18.342+0000] {processor.py:183} INFO - Processing /opt/airflow/dags/pakakumi_scraper.py took 0.158 seconds
[2026-01-02T18:56:48.578+0000] {processor.py:161} INFO - Started process (PID=1074) to work on /opt/airflow/dags/pakakumi_scraper.py
[2026-01-02T18:56:48.580+0000] {processor.py:830} INFO - Processing file /opt/airflow/dags/pakakumi_scraper.py for tasks to queue
[2026-01-02T18:56:48.583+0000] {logging_mixin.py:188} INFO - [2026-01-02T18:56:48.582+0000] {dagbag.py:540} INFO - Filling up the DagBag from /opt/airflow/dags/pakakumi_scraper.py
[2026-01-02T18:56:48.628+0000] {processor.py:840} INFO - DAG(s) 'pakakumi_scraper' retrieved from /opt/airflow/dags/pakakumi_scraper.py
[2026-01-02T18:56:48.674+0000] {logging_mixin.py:188} INFO - [2026-01-02T18:56:48.674+0000] {dag.py:3096} INFO - Sync 1 DAGs
[2026-01-02T18:56:48.710+0000] {logging_mixin.py:188} INFO - [2026-01-02T18:56:48.709+0000] {dag.py:3954} INFO - Setting next_dagrun for pakakumi_scraper to 2026-01-02 17:00:00+00:00, run_after=2026-01-02 18:00:00+00:00
[2026-01-02T18:56:48.740+0000] {processor.py:183} INFO - Processing /opt/airflow/dags/pakakumi_scraper.py took 0.173 seconds
[2026-01-02T18:57:18.964+0000] {processor.py:161} INFO - Started process (PID=1079) to work on /opt/airflow/dags/pakakumi_scraper.py
[2026-01-02T18:57:18.966+0000] {processor.py:830} INFO - Processing file /opt/airflow/dags/pakakumi_scraper.py for tasks to queue
[2026-01-02T18:57:18.970+0000] {logging_mixin.py:188} INFO - [2026-01-02T18:57:18.969+0000] {dagbag.py:540} INFO - Filling up the DagBag from /opt/airflow/dags/pakakumi_scraper.py
[2026-01-02T18:57:18.998+0000] {processor.py:840} INFO - DAG(s) 'pakakumi_scraper' retrieved from /opt/airflow/dags/pakakumi_scraper.py
[2026-01-02T18:57:19.043+0000] {logging_mixin.py:188} INFO - [2026-01-02T18:57:19.043+0000] {dag.py:3096} INFO - Sync 1 DAGs
[2026-01-02T18:57:19.079+0000] {logging_mixin.py:188} INFO - [2026-01-02T18:57:19.079+0000] {dag.py:3954} INFO - Setting next_dagrun for pakakumi_scraper to 2026-01-02 17:00:00+00:00, run_after=2026-01-02 18:00:00+00:00
[2026-01-02T18:57:19.109+0000] {processor.py:183} INFO - Processing /opt/airflow/dags/pakakumi_scraper.py took 0.159 seconds
[2026-01-02T18:57:49.334+0000] {processor.py:161} INFO - Started process (PID=1084) to work on /opt/airflow/dags/pakakumi_scraper.py
[2026-01-02T18:57:49.335+0000] {processor.py:830} INFO - Processing file /opt/airflow/dags/pakakumi_scraper.py for tasks to queue
[2026-01-02T18:57:49.338+0000] {logging_mixin.py:188} INFO - [2026-01-02T18:57:49.338+0000] {dagbag.py:540} INFO - Filling up the DagBag from /opt/airflow/dags/pakakumi_scraper.py
[2026-01-02T18:57:49.367+0000] {processor.py:840} INFO - DAG(s) 'pakakumi_scraper' retrieved from /opt/airflow/dags/pakakumi_scraper.py
[2026-01-02T18:57:49.415+0000] {logging_mixin.py:188} INFO - [2026-01-02T18:57:49.415+0000] {dag.py:3096} INFO - Sync 1 DAGs
[2026-01-02T18:57:49.453+0000] {logging_mixin.py:188} INFO - [2026-01-02T18:57:49.452+0000] {dag.py:3954} INFO - Setting next_dagrun for pakakumi_scraper to 2026-01-02 17:00:00+00:00, run_after=2026-01-02 18:00:00+00:00
[2026-01-02T18:57:49.487+0000] {processor.py:183} INFO - Processing /opt/airflow/dags/pakakumi_scraper.py took 0.164 seconds
[2026-01-02T18:58:19.559+0000] {processor.py:161} INFO - Started process (PID=1089) to work on /opt/airflow/dags/pakakumi_scraper.py
[2026-01-02T18:58:19.561+0000] {processor.py:830} INFO - Processing file /opt/airflow/dags/pakakumi_scraper.py for tasks to queue
[2026-01-02T18:58:19.564+0000] {logging_mixin.py:188} INFO - [2026-01-02T18:58:19.563+0000] {dagbag.py:540} INFO - Filling up the DagBag from /opt/airflow/dags/pakakumi_scraper.py
[2026-01-02T18:58:19.592+0000] {processor.py:840} INFO - DAG(s) 'pakakumi_scraper' retrieved from /opt/airflow/dags/pakakumi_scraper.py
[2026-01-02T18:58:19.637+0000] {logging_mixin.py:188} INFO - [2026-01-02T18:58:19.636+0000] {dag.py:3096} INFO - Sync 1 DAGs
[2026-01-02T18:58:19.671+0000] {logging_mixin.py:188} INFO - [2026-01-02T18:58:19.671+0000] {dag.py:3954} INFO - Setting next_dagrun for pakakumi_scraper to 2026-01-02 17:00:00+00:00, run_after=2026-01-02 18:00:00+00:00
[2026-01-02T18:58:19.702+0000] {processor.py:183} INFO - Processing /opt/airflow/dags/pakakumi_scraper.py took 0.153 seconds
[2026-01-02T18:58:49.926+0000] {processor.py:161} INFO - Started process (PID=1094) to work on /opt/airflow/dags/pakakumi_scraper.py
[2026-01-02T18:58:49.928+0000] {processor.py:830} INFO - Processing file /opt/airflow/dags/pakakumi_scraper.py for tasks to queue
[2026-01-02T18:58:49.931+0000] {logging_mixin.py:188} INFO - [2026-01-02T18:58:49.930+0000] {dagbag.py:540} INFO - Filling up the DagBag from /opt/airflow/dags/pakakumi_scraper.py
[2026-01-02T18:58:49.961+0000] {processor.py:840} INFO - DAG(s) 'pakakumi_scraper' retrieved from /opt/airflow/dags/pakakumi_scraper.py
[2026-01-02T18:58:50.007+0000] {logging_mixin.py:188} INFO - [2026-01-02T18:58:50.007+0000] {dag.py:3096} INFO - Sync 1 DAGs
[2026-01-02T18:58:50.047+0000] {logging_mixin.py:188} INFO - [2026-01-02T18:58:50.047+0000] {dag.py:3954} INFO - Setting next_dagrun for pakakumi_scraper to 2026-01-02 17:00:00+00:00, run_after=2026-01-02 18:00:00+00:00
[2026-01-02T18:58:50.079+0000] {processor.py:183} INFO - Processing /opt/airflow/dags/pakakumi_scraper.py took 0.166 seconds
[2026-01-02T18:59:20.313+0000] {processor.py:161} INFO - Started process (PID=1099) to work on /opt/airflow/dags/pakakumi_scraper.py
[2026-01-02T18:59:20.316+0000] {processor.py:830} INFO - Processing file /opt/airflow/dags/pakakumi_scraper.py for tasks to queue
[2026-01-02T18:59:20.320+0000] {logging_mixin.py:188} INFO - [2026-01-02T18:59:20.319+0000] {dagbag.py:540} INFO - Filling up the DagBag from /opt/airflow/dags/pakakumi_scraper.py
[2026-01-02T18:59:20.366+0000] {processor.py:840} INFO - DAG(s) 'pakakumi_scraper' retrieved from /opt/airflow/dags/pakakumi_scraper.py
[2026-01-02T18:59:20.412+0000] {logging_mixin.py:188} INFO - [2026-01-02T18:59:20.412+0000] {dag.py:3096} INFO - Sync 1 DAGs
[2026-01-02T18:59:20.448+0000] {logging_mixin.py:188} INFO - [2026-01-02T18:59:20.448+0000] {dag.py:3954} INFO - Setting next_dagrun for pakakumi_scraper to 2026-01-02 17:00:00+00:00, run_after=2026-01-02 18:00:00+00:00
[2026-01-02T18:59:20.475+0000] {processor.py:183} INFO - Processing /opt/airflow/dags/pakakumi_scraper.py took 0.179 seconds
[2026-01-02T18:59:50.785+0000] {processor.py:161} INFO - Started process (PID=1104) to work on /opt/airflow/dags/pakakumi_scraper.py
[2026-01-02T18:59:50.788+0000] {processor.py:830} INFO - Processing file /opt/airflow/dags/pakakumi_scraper.py for tasks to queue
[2026-01-02T18:59:50.791+0000] {logging_mixin.py:188} INFO - [2026-01-02T18:59:50.791+0000] {dagbag.py:540} INFO - Filling up the DagBag from /opt/airflow/dags/pakakumi_scraper.py
[2026-01-02T18:59:50.848+0000] {processor.py:840} INFO - DAG(s) 'pakakumi_scraper' retrieved from /opt/airflow/dags/pakakumi_scraper.py
[2026-01-02T18:59:50.914+0000] {logging_mixin.py:188} INFO - [2026-01-02T18:59:50.912+0000] {dag.py:3096} INFO - Sync 1 DAGs
[2026-01-02T18:59:50.950+0000] {logging_mixin.py:188} INFO - [2026-01-02T18:59:50.950+0000] {dag.py:3954} INFO - Setting next_dagrun for pakakumi_scraper to 2026-01-02 17:00:00+00:00, run_after=2026-01-02 18:00:00+00:00
[2026-01-02T18:59:50.975+0000] {processor.py:183} INFO - Processing /opt/airflow/dags/pakakumi_scraper.py took 0.202 seconds
[2026-01-02T19:00:21.186+0000] {processor.py:161} INFO - Started process (PID=1109) to work on /opt/airflow/dags/pakakumi_scraper.py
[2026-01-02T19:00:21.188+0000] {processor.py:830} INFO - Processing file /opt/airflow/dags/pakakumi_scraper.py for tasks to queue
[2026-01-02T19:00:21.190+0000] {logging_mixin.py:188} INFO - [2026-01-02T19:00:21.190+0000] {dagbag.py:540} INFO - Filling up the DagBag from /opt/airflow/dags/pakakumi_scraper.py
[2026-01-02T19:00:21.220+0000] {processor.py:840} INFO - DAG(s) 'pakakumi_scraper' retrieved from /opt/airflow/dags/pakakumi_scraper.py
[2026-01-02T19:00:21.267+0000] {logging_mixin.py:188} INFO - [2026-01-02T19:00:21.267+0000] {dag.py:3096} INFO - Sync 1 DAGs
[2026-01-02T19:00:21.302+0000] {logging_mixin.py:188} INFO - [2026-01-02T19:00:21.302+0000] {dag.py:3954} INFO - Setting next_dagrun for pakakumi_scraper to 2026-01-02 18:00:00+00:00, run_after=2026-01-02 19:00:00+00:00
[2026-01-02T19:00:21.330+0000] {processor.py:183} INFO - Processing /opt/airflow/dags/pakakumi_scraper.py took 0.153 seconds
[2026-01-02T19:00:51.396+0000] {processor.py:161} INFO - Started process (PID=1114) to work on /opt/airflow/dags/pakakumi_scraper.py
[2026-01-02T19:00:51.398+0000] {processor.py:830} INFO - Processing file /opt/airflow/dags/pakakumi_scraper.py for tasks to queue
[2026-01-02T19:00:51.401+0000] {logging_mixin.py:188} INFO - [2026-01-02T19:00:51.401+0000] {dagbag.py:540} INFO - Filling up the DagBag from /opt/airflow/dags/pakakumi_scraper.py
[2026-01-02T19:00:51.431+0000] {processor.py:840} INFO - DAG(s) 'pakakumi_scraper' retrieved from /opt/airflow/dags/pakakumi_scraper.py
[2026-01-02T19:00:51.481+0000] {logging_mixin.py:188} INFO - [2026-01-02T19:00:51.480+0000] {dag.py:3096} INFO - Sync 1 DAGs
[2026-01-02T19:00:51.531+0000] {logging_mixin.py:188} INFO - [2026-01-02T19:00:51.530+0000] {dag.py:3954} INFO - Setting next_dagrun for pakakumi_scraper to 2026-01-02 18:00:00+00:00, run_after=2026-01-02 19:00:00+00:00
[2026-01-02T19:00:51.571+0000] {processor.py:183} INFO - Processing /opt/airflow/dags/pakakumi_scraper.py took 0.188 seconds
[2026-01-02T19:01:21.866+0000] {processor.py:161} INFO - Started process (PID=1119) to work on /opt/airflow/dags/pakakumi_scraper.py
[2026-01-02T19:01:21.867+0000] {processor.py:830} INFO - Processing file /opt/airflow/dags/pakakumi_scraper.py for tasks to queue
[2026-01-02T19:01:21.871+0000] {logging_mixin.py:188} INFO - [2026-01-02T19:01:21.870+0000] {dagbag.py:540} INFO - Filling up the DagBag from /opt/airflow/dags/pakakumi_scraper.py
[2026-01-02T19:01:21.905+0000] {processor.py:840} INFO - DAG(s) 'pakakumi_scraper' retrieved from /opt/airflow/dags/pakakumi_scraper.py
[2026-01-02T19:01:21.953+0000] {logging_mixin.py:188} INFO - [2026-01-02T19:01:21.953+0000] {dag.py:3096} INFO - Sync 1 DAGs
[2026-01-02T19:01:21.989+0000] {logging_mixin.py:188} INFO - [2026-01-02T19:01:21.989+0000] {dag.py:3954} INFO - Setting next_dagrun for pakakumi_scraper to 2026-01-02 18:00:00+00:00, run_after=2026-01-02 19:00:00+00:00
[2026-01-02T19:01:22.016+0000] {processor.py:183} INFO - Processing /opt/airflow/dags/pakakumi_scraper.py took 0.162 seconds
[2026-01-02T19:01:52.231+0000] {processor.py:161} INFO - Started process (PID=1124) to work on /opt/airflow/dags/pakakumi_scraper.py
[2026-01-02T19:01:52.233+0000] {processor.py:830} INFO - Processing file /opt/airflow/dags/pakakumi_scraper.py for tasks to queue
[2026-01-02T19:01:52.236+0000] {logging_mixin.py:188} INFO - [2026-01-02T19:01:52.236+0000] {dagbag.py:540} INFO - Filling up the DagBag from /opt/airflow/dags/pakakumi_scraper.py
[2026-01-02T19:01:52.264+0000] {processor.py:840} INFO - DAG(s) 'pakakumi_scraper' retrieved from /opt/airflow/dags/pakakumi_scraper.py
[2026-01-02T19:01:52.307+0000] {logging_mixin.py:188} INFO - [2026-01-02T19:01:52.306+0000] {dag.py:3096} INFO - Sync 1 DAGs
[2026-01-02T19:01:52.343+0000] {logging_mixin.py:188} INFO - [2026-01-02T19:01:52.342+0000] {dag.py:3954} INFO - Setting next_dagrun for pakakumi_scraper to 2026-01-02 18:00:00+00:00, run_after=2026-01-02 19:00:00+00:00
[2026-01-02T19:01:52.368+0000] {processor.py:183} INFO - Processing /opt/airflow/dags/pakakumi_scraper.py took 0.147 seconds
[2026-01-02T19:02:22.449+0000] {processor.py:161} INFO - Started process (PID=1129) to work on /opt/airflow/dags/pakakumi_scraper.py
[2026-01-02T19:02:22.451+0000] {processor.py:830} INFO - Processing file /opt/airflow/dags/pakakumi_scraper.py for tasks to queue
[2026-01-02T19:02:22.454+0000] {logging_mixin.py:188} INFO - [2026-01-02T19:02:22.453+0000] {dagbag.py:540} INFO - Filling up the DagBag from /opt/airflow/dags/pakakumi_scraper.py
[2026-01-02T19:02:22.482+0000] {processor.py:840} INFO - DAG(s) 'pakakumi_scraper' retrieved from /opt/airflow/dags/pakakumi_scraper.py
[2026-01-02T19:02:22.551+0000] {logging_mixin.py:188} INFO - [2026-01-02T19:02:22.551+0000] {dag.py:3096} INFO - Sync 1 DAGs
[2026-01-02T19:02:22.589+0000] {logging_mixin.py:188} INFO - [2026-01-02T19:02:22.588+0000] {dag.py:3954} INFO - Setting next_dagrun for pakakumi_scraper to 2026-01-02 18:00:00+00:00, run_after=2026-01-02 19:00:00+00:00
[2026-01-02T19:02:22.616+0000] {processor.py:183} INFO - Processing /opt/airflow/dags/pakakumi_scraper.py took 0.177 seconds
[2026-01-02T19:02:52.755+0000] {processor.py:161} INFO - Started process (PID=1134) to work on /opt/airflow/dags/pakakumi_scraper.py
[2026-01-02T19:02:52.756+0000] {processor.py:830} INFO - Processing file /opt/airflow/dags/pakakumi_scraper.py for tasks to queue
[2026-01-02T19:02:52.759+0000] {logging_mixin.py:188} INFO - [2026-01-02T19:02:52.758+0000] {dagbag.py:540} INFO - Filling up the DagBag from /opt/airflow/dags/pakakumi_scraper.py
[2026-01-02T19:02:52.787+0000] {processor.py:840} INFO - DAG(s) 'pakakumi_scraper' retrieved from /opt/airflow/dags/pakakumi_scraper.py
[2026-01-02T19:02:52.831+0000] {logging_mixin.py:188} INFO - [2026-01-02T19:02:52.830+0000] {dag.py:3096} INFO - Sync 1 DAGs
[2026-01-02T19:02:52.870+0000] {logging_mixin.py:188} INFO - [2026-01-02T19:02:52.869+0000] {dag.py:3954} INFO - Setting next_dagrun for pakakumi_scraper to 2026-01-02 18:00:00+00:00, run_after=2026-01-02 19:00:00+00:00
[2026-01-02T19:02:52.901+0000] {processor.py:183} INFO - Processing /opt/airflow/dags/pakakumi_scraper.py took 0.156 seconds
[2026-01-02T19:03:23.015+0000] {processor.py:161} INFO - Started process (PID=1139) to work on /opt/airflow/dags/pakakumi_scraper.py
[2026-01-02T19:03:23.016+0000] {processor.py:830} INFO - Processing file /opt/airflow/dags/pakakumi_scraper.py for tasks to queue
[2026-01-02T19:03:23.020+0000] {logging_mixin.py:188} INFO - [2026-01-02T19:03:23.019+0000] {dagbag.py:540} INFO - Filling up the DagBag from /opt/airflow/dags/pakakumi_scraper.py
[2026-01-02T19:03:23.048+0000] {processor.py:840} INFO - DAG(s) 'pakakumi_scraper' retrieved from /opt/airflow/dags/pakakumi_scraper.py
[2026-01-02T19:03:23.113+0000] {logging_mixin.py:188} INFO - [2026-01-02T19:03:23.112+0000] {dag.py:3096} INFO - Sync 1 DAGs
[2026-01-02T19:03:23.147+0000] {logging_mixin.py:188} INFO - [2026-01-02T19:03:23.147+0000] {dag.py:3954} INFO - Setting next_dagrun for pakakumi_scraper to 2026-01-02 18:00:00+00:00, run_after=2026-01-02 19:00:00+00:00
[2026-01-02T19:03:23.175+0000] {processor.py:183} INFO - Processing /opt/airflow/dags/pakakumi_scraper.py took 0.170 seconds
[2026-01-02T19:03:53.295+0000] {processor.py:161} INFO - Started process (PID=1144) to work on /opt/airflow/dags/pakakumi_scraper.py
[2026-01-02T19:03:53.297+0000] {processor.py:830} INFO - Processing file /opt/airflow/dags/pakakumi_scraper.py for tasks to queue
[2026-01-02T19:03:53.300+0000] {logging_mixin.py:188} INFO - [2026-01-02T19:03:53.299+0000] {dagbag.py:540} INFO - Filling up the DagBag from /opt/airflow/dags/pakakumi_scraper.py
[2026-01-02T19:03:53.329+0000] {processor.py:840} INFO - DAG(s) 'pakakumi_scraper' retrieved from /opt/airflow/dags/pakakumi_scraper.py
[2026-01-02T19:03:53.372+0000] {logging_mixin.py:188} INFO - [2026-01-02T19:03:53.372+0000] {dag.py:3096} INFO - Sync 1 DAGs
[2026-01-02T19:03:53.406+0000] {logging_mixin.py:188} INFO - [2026-01-02T19:03:53.406+0000] {dag.py:3954} INFO - Setting next_dagrun for pakakumi_scraper to 2026-01-02 18:00:00+00:00, run_after=2026-01-02 19:00:00+00:00
[2026-01-02T19:03:53.436+0000] {processor.py:183} INFO - Processing /opt/airflow/dags/pakakumi_scraper.py took 0.151 seconds
[2026-01-02T19:04:23.546+0000] {processor.py:161} INFO - Started process (PID=1149) to work on /opt/airflow/dags/pakakumi_scraper.py
[2026-01-02T19:04:23.548+0000] {processor.py:830} INFO - Processing file /opt/airflow/dags/pakakumi_scraper.py for tasks to queue
[2026-01-02T19:04:23.551+0000] {logging_mixin.py:188} INFO - [2026-01-02T19:04:23.550+0000] {dagbag.py:540} INFO - Filling up the DagBag from /opt/airflow/dags/pakakumi_scraper.py
[2026-01-02T19:04:23.579+0000] {processor.py:840} INFO - DAG(s) 'pakakumi_scraper' retrieved from /opt/airflow/dags/pakakumi_scraper.py
[2026-01-02T19:04:23.623+0000] {logging_mixin.py:188} INFO - [2026-01-02T19:04:23.623+0000] {dag.py:3096} INFO - Sync 1 DAGs
[2026-01-02T19:04:23.659+0000] {logging_mixin.py:188} INFO - [2026-01-02T19:04:23.659+0000] {dag.py:3954} INFO - Setting next_dagrun for pakakumi_scraper to 2026-01-02 18:00:00+00:00, run_after=2026-01-02 19:00:00+00:00
[2026-01-02T19:04:23.685+0000] {processor.py:183} INFO - Processing /opt/airflow/dags/pakakumi_scraper.py took 0.148 seconds
[2026-01-02T19:04:53.910+0000] {processor.py:161} INFO - Started process (PID=1154) to work on /opt/airflow/dags/pakakumi_scraper.py
[2026-01-02T19:04:53.915+0000] {processor.py:830} INFO - Processing file /opt/airflow/dags/pakakumi_scraper.py for tasks to queue
[2026-01-02T19:04:53.927+0000] {logging_mixin.py:188} INFO - [2026-01-02T19:04:53.925+0000] {dagbag.py:540} INFO - Filling up the DagBag from /opt/airflow/dags/pakakumi_scraper.py
[2026-01-02T19:04:53.987+0000] {processor.py:840} INFO - DAG(s) 'pakakumi_scraper' retrieved from /opt/airflow/dags/pakakumi_scraper.py
[2026-01-02T19:04:54.056+0000] {logging_mixin.py:188} INFO - [2026-01-02T19:04:54.056+0000] {dag.py:3096} INFO - Sync 1 DAGs
[2026-01-02T19:04:54.125+0000] {logging_mixin.py:188} INFO - [2026-01-02T19:04:54.125+0000] {dag.py:3954} INFO - Setting next_dagrun for pakakumi_scraper to 2026-01-02 18:00:00+00:00, run_after=2026-01-02 19:00:00+00:00
[2026-01-02T19:04:54.168+0000] {processor.py:183} INFO - Processing /opt/airflow/dags/pakakumi_scraper.py took 0.307 seconds
[2026-01-02T19:05:24.378+0000] {processor.py:161} INFO - Started process (PID=1159) to work on /opt/airflow/dags/pakakumi_scraper.py
[2026-01-02T19:05:24.380+0000] {processor.py:830} INFO - Processing file /opt/airflow/dags/pakakumi_scraper.py for tasks to queue
[2026-01-02T19:05:24.384+0000] {logging_mixin.py:188} INFO - [2026-01-02T19:05:24.383+0000] {dagbag.py:540} INFO - Filling up the DagBag from /opt/airflow/dags/pakakumi_scraper.py
[2026-01-02T19:05:24.415+0000] {processor.py:840} INFO - DAG(s) 'pakakumi_scraper' retrieved from /opt/airflow/dags/pakakumi_scraper.py
[2026-01-02T19:05:24.473+0000] {logging_mixin.py:188} INFO - [2026-01-02T19:05:24.473+0000] {dag.py:3096} INFO - Sync 1 DAGs
[2026-01-02T19:05:24.506+0000] {logging_mixin.py:188} INFO - [2026-01-02T19:05:24.506+0000] {dag.py:3954} INFO - Setting next_dagrun for pakakumi_scraper to 2026-01-02 18:00:00+00:00, run_after=2026-01-02 19:00:00+00:00
[2026-01-02T19:05:24.556+0000] {processor.py:183} INFO - Processing /opt/airflow/dags/pakakumi_scraper.py took 0.187 seconds
[2026-01-02T19:05:54.775+0000] {processor.py:161} INFO - Started process (PID=1164) to work on /opt/airflow/dags/pakakumi_scraper.py
[2026-01-02T19:05:54.777+0000] {processor.py:830} INFO - Processing file /opt/airflow/dags/pakakumi_scraper.py for tasks to queue
[2026-01-02T19:05:54.780+0000] {logging_mixin.py:188} INFO - [2026-01-02T19:05:54.779+0000] {dagbag.py:540} INFO - Filling up the DagBag from /opt/airflow/dags/pakakumi_scraper.py
[2026-01-02T19:05:54.809+0000] {processor.py:840} INFO - DAG(s) 'pakakumi_scraper' retrieved from /opt/airflow/dags/pakakumi_scraper.py
[2026-01-02T19:05:54.854+0000] {logging_mixin.py:188} INFO - [2026-01-02T19:05:54.853+0000] {dag.py:3096} INFO - Sync 1 DAGs
[2026-01-02T19:05:54.892+0000] {logging_mixin.py:188} INFO - [2026-01-02T19:05:54.892+0000] {dag.py:3954} INFO - Setting next_dagrun for pakakumi_scraper to 2026-01-02 18:00:00+00:00, run_after=2026-01-02 19:00:00+00:00
[2026-01-02T19:05:54.925+0000] {processor.py:183} INFO - Processing /opt/airflow/dags/pakakumi_scraper.py took 0.160 seconds
[2026-01-02T19:06:25.144+0000] {processor.py:161} INFO - Started process (PID=1169) to work on /opt/airflow/dags/pakakumi_scraper.py
[2026-01-02T19:06:25.146+0000] {processor.py:830} INFO - Processing file /opt/airflow/dags/pakakumi_scraper.py for tasks to queue
[2026-01-02T19:06:25.148+0000] {logging_mixin.py:188} INFO - [2026-01-02T19:06:25.148+0000] {dagbag.py:540} INFO - Filling up the DagBag from /opt/airflow/dags/pakakumi_scraper.py
[2026-01-02T19:06:25.176+0000] {processor.py:840} INFO - DAG(s) 'pakakumi_scraper' retrieved from /opt/airflow/dags/pakakumi_scraper.py
[2026-01-02T19:06:25.219+0000] {logging_mixin.py:188} INFO - [2026-01-02T19:06:25.219+0000] {dag.py:3096} INFO - Sync 1 DAGs
[2026-01-02T19:06:25.253+0000] {logging_mixin.py:188} INFO - [2026-01-02T19:06:25.252+0000] {dag.py:3954} INFO - Setting next_dagrun for pakakumi_scraper to 2026-01-02 18:00:00+00:00, run_after=2026-01-02 19:00:00+00:00
[2026-01-02T19:06:25.279+0000] {processor.py:183} INFO - Processing /opt/airflow/dags/pakakumi_scraper.py took 0.145 seconds
[2026-01-02T19:06:55.341+0000] {processor.py:161} INFO - Started process (PID=1174) to work on /opt/airflow/dags/pakakumi_scraper.py
[2026-01-02T19:06:55.342+0000] {processor.py:830} INFO - Processing file /opt/airflow/dags/pakakumi_scraper.py for tasks to queue
[2026-01-02T19:06:55.346+0000] {logging_mixin.py:188} INFO - [2026-01-02T19:06:55.345+0000] {dagbag.py:540} INFO - Filling up the DagBag from /opt/airflow/dags/pakakumi_scraper.py
[2026-01-02T19:06:55.377+0000] {processor.py:840} INFO - DAG(s) 'pakakumi_scraper' retrieved from /opt/airflow/dags/pakakumi_scraper.py
[2026-01-02T19:06:55.422+0000] {logging_mixin.py:188} INFO - [2026-01-02T19:06:55.421+0000] {dag.py:3096} INFO - Sync 1 DAGs
[2026-01-02T19:06:55.457+0000] {logging_mixin.py:188} INFO - [2026-01-02T19:06:55.457+0000] {dag.py:3954} INFO - Setting next_dagrun for pakakumi_scraper to 2026-01-02 18:00:00+00:00, run_after=2026-01-02 19:00:00+00:00
[2026-01-02T19:06:55.487+0000] {processor.py:183} INFO - Processing /opt/airflow/dags/pakakumi_scraper.py took 0.158 seconds
[2026-01-02T19:07:25.667+0000] {processor.py:161} INFO - Started process (PID=1179) to work on /opt/airflow/dags/pakakumi_scraper.py
[2026-01-02T19:07:25.669+0000] {processor.py:830} INFO - Processing file /opt/airflow/dags/pakakumi_scraper.py for tasks to queue
[2026-01-02T19:07:25.672+0000] {logging_mixin.py:188} INFO - [2026-01-02T19:07:25.671+0000] {dagbag.py:540} INFO - Filling up the DagBag from /opt/airflow/dags/pakakumi_scraper.py
[2026-01-02T19:07:25.710+0000] {processor.py:840} INFO - DAG(s) 'pakakumi_scraper' retrieved from /opt/airflow/dags/pakakumi_scraper.py
[2026-01-02T19:07:25.759+0000] {logging_mixin.py:188} INFO - [2026-01-02T19:07:25.758+0000] {dag.py:3096} INFO - Sync 1 DAGs
[2026-01-02T19:07:25.803+0000] {logging_mixin.py:188} INFO - [2026-01-02T19:07:25.803+0000] {dag.py:3954} INFO - Setting next_dagrun for pakakumi_scraper to 2026-01-02 18:00:00+00:00, run_after=2026-01-02 19:00:00+00:00
[2026-01-02T19:07:25.832+0000] {processor.py:183} INFO - Processing /opt/airflow/dags/pakakumi_scraper.py took 0.174 seconds
[2026-01-02T19:07:56.036+0000] {processor.py:161} INFO - Started process (PID=1184) to work on /opt/airflow/dags/pakakumi_scraper.py
[2026-01-02T19:07:56.037+0000] {processor.py:830} INFO - Processing file /opt/airflow/dags/pakakumi_scraper.py for tasks to queue
[2026-01-02T19:07:56.040+0000] {logging_mixin.py:188} INFO - [2026-01-02T19:07:56.040+0000] {dagbag.py:540} INFO - Filling up the DagBag from /opt/airflow/dags/pakakumi_scraper.py
[2026-01-02T19:07:56.068+0000] {processor.py:840} INFO - DAG(s) 'pakakumi_scraper' retrieved from /opt/airflow/dags/pakakumi_scraper.py
[2026-01-02T19:07:56.139+0000] {logging_mixin.py:188} INFO - [2026-01-02T19:07:56.138+0000] {dag.py:3096} INFO - Sync 1 DAGs
[2026-01-02T19:07:56.186+0000] {logging_mixin.py:188} INFO - [2026-01-02T19:07:56.186+0000] {dag.py:3954} INFO - Setting next_dagrun for pakakumi_scraper to 2026-01-02 18:00:00+00:00, run_after=2026-01-02 19:00:00+00:00
[2026-01-02T19:07:56.224+0000] {processor.py:183} INFO - Processing /opt/airflow/dags/pakakumi_scraper.py took 0.199 seconds
[2026-01-02T19:08:26.437+0000] {processor.py:161} INFO - Started process (PID=1189) to work on /opt/airflow/dags/pakakumi_scraper.py
[2026-01-02T19:08:26.439+0000] {processor.py:830} INFO - Processing file /opt/airflow/dags/pakakumi_scraper.py for tasks to queue
[2026-01-02T19:08:26.442+0000] {logging_mixin.py:188} INFO - [2026-01-02T19:08:26.442+0000] {dagbag.py:540} INFO - Filling up the DagBag from /opt/airflow/dags/pakakumi_scraper.py
[2026-01-02T19:08:26.476+0000] {processor.py:840} INFO - DAG(s) 'pakakumi_scraper' retrieved from /opt/airflow/dags/pakakumi_scraper.py
[2026-01-02T19:08:26.524+0000] {logging_mixin.py:188} INFO - [2026-01-02T19:08:26.523+0000] {dag.py:3096} INFO - Sync 1 DAGs
[2026-01-02T19:08:26.567+0000] {logging_mixin.py:188} INFO - [2026-01-02T19:08:26.567+0000] {dag.py:3954} INFO - Setting next_dagrun for pakakumi_scraper to 2026-01-02 18:00:00+00:00, run_after=2026-01-02 19:00:00+00:00
[2026-01-02T19:08:26.598+0000] {processor.py:183} INFO - Processing /opt/airflow/dags/pakakumi_scraper.py took 0.171 seconds
[2026-01-02T19:08:56.807+0000] {processor.py:161} INFO - Started process (PID=1194) to work on /opt/airflow/dags/pakakumi_scraper.py
[2026-01-02T19:08:56.809+0000] {processor.py:830} INFO - Processing file /opt/airflow/dags/pakakumi_scraper.py for tasks to queue
[2026-01-02T19:08:56.814+0000] {logging_mixin.py:188} INFO - [2026-01-02T19:08:56.813+0000] {dagbag.py:540} INFO - Filling up the DagBag from /opt/airflow/dags/pakakumi_scraper.py
[2026-01-02T19:08:56.841+0000] {processor.py:840} INFO - DAG(s) 'pakakumi_scraper' retrieved from /opt/airflow/dags/pakakumi_scraper.py
[2026-01-02T19:08:56.889+0000] {logging_mixin.py:188} INFO - [2026-01-02T19:08:56.888+0000] {dag.py:3096} INFO - Sync 1 DAGs
[2026-01-02T19:08:56.930+0000] {logging_mixin.py:188} INFO - [2026-01-02T19:08:56.930+0000] {dag.py:3954} INFO - Setting next_dagrun for pakakumi_scraper to 2026-01-02 18:00:00+00:00, run_after=2026-01-02 19:00:00+00:00
[2026-01-02T19:08:56.962+0000] {processor.py:183} INFO - Processing /opt/airflow/dags/pakakumi_scraper.py took 0.164 seconds
[2026-01-02T19:09:27.194+0000] {processor.py:161} INFO - Started process (PID=1199) to work on /opt/airflow/dags/pakakumi_scraper.py
[2026-01-02T19:09:27.196+0000] {processor.py:830} INFO - Processing file /opt/airflow/dags/pakakumi_scraper.py for tasks to queue
[2026-01-02T19:09:27.200+0000] {logging_mixin.py:188} INFO - [2026-01-02T19:09:27.199+0000] {dagbag.py:540} INFO - Filling up the DagBag from /opt/airflow/dags/pakakumi_scraper.py
[2026-01-02T19:09:27.241+0000] {processor.py:840} INFO - DAG(s) 'pakakumi_scraper' retrieved from /opt/airflow/dags/pakakumi_scraper.py
[2026-01-02T19:09:27.296+0000] {logging_mixin.py:188} INFO - [2026-01-02T19:09:27.295+0000] {dag.py:3096} INFO - Sync 1 DAGs
[2026-01-02T19:09:27.387+0000] {logging_mixin.py:188} INFO - [2026-01-02T19:09:27.386+0000] {dag.py:3954} INFO - Setting next_dagrun for pakakumi_scraper to 2026-01-02 18:00:00+00:00, run_after=2026-01-02 19:00:00+00:00
[2026-01-02T19:09:27.443+0000] {processor.py:183} INFO - Processing /opt/airflow/dags/pakakumi_scraper.py took 0.263 seconds
[2026-01-02T19:09:57.706+0000] {processor.py:161} INFO - Started process (PID=1204) to work on /opt/airflow/dags/pakakumi_scraper.py
[2026-01-02T19:09:57.708+0000] {processor.py:830} INFO - Processing file /opt/airflow/dags/pakakumi_scraper.py for tasks to queue
[2026-01-02T19:09:57.713+0000] {logging_mixin.py:188} INFO - [2026-01-02T19:09:57.712+0000] {dagbag.py:540} INFO - Filling up the DagBag from /opt/airflow/dags/pakakumi_scraper.py
[2026-01-02T19:09:57.757+0000] {processor.py:840} INFO - DAG(s) 'pakakumi_scraper' retrieved from /opt/airflow/dags/pakakumi_scraper.py
[2026-01-02T19:09:57.807+0000] {logging_mixin.py:188} INFO - [2026-01-02T19:09:57.807+0000] {dag.py:3096} INFO - Sync 1 DAGs
[2026-01-02T19:09:57.848+0000] {logging_mixin.py:188} INFO - [2026-01-02T19:09:57.847+0000] {dag.py:3954} INFO - Setting next_dagrun for pakakumi_scraper to 2026-01-02 18:00:00+00:00, run_after=2026-01-02 19:00:00+00:00
[2026-01-02T19:09:57.884+0000] {processor.py:183} INFO - Processing /opt/airflow/dags/pakakumi_scraper.py took 0.192 seconds
[2026-01-02T19:10:28.149+0000] {processor.py:161} INFO - Started process (PID=1209) to work on /opt/airflow/dags/pakakumi_scraper.py
[2026-01-02T19:10:28.151+0000] {processor.py:830} INFO - Processing file /opt/airflow/dags/pakakumi_scraper.py for tasks to queue
[2026-01-02T19:10:28.155+0000] {logging_mixin.py:188} INFO - [2026-01-02T19:10:28.154+0000] {dagbag.py:540} INFO - Filling up the DagBag from /opt/airflow/dags/pakakumi_scraper.py
[2026-01-02T19:10:28.181+0000] {processor.py:840} INFO - DAG(s) 'pakakumi_scraper' retrieved from /opt/airflow/dags/pakakumi_scraper.py
[2026-01-02T19:10:28.230+0000] {logging_mixin.py:188} INFO - [2026-01-02T19:10:28.229+0000] {dag.py:3096} INFO - Sync 1 DAGs
[2026-01-02T19:10:28.266+0000] {logging_mixin.py:188} INFO - [2026-01-02T19:10:28.266+0000] {dag.py:3954} INFO - Setting next_dagrun for pakakumi_scraper to 2026-01-02 18:00:00+00:00, run_after=2026-01-02 19:00:00+00:00
[2026-01-02T19:10:28.294+0000] {processor.py:183} INFO - Processing /opt/airflow/dags/pakakumi_scraper.py took 0.155 seconds
[2026-01-02T19:10:58.535+0000] {processor.py:161} INFO - Started process (PID=1214) to work on /opt/airflow/dags/pakakumi_scraper.py
[2026-01-02T19:10:58.537+0000] {processor.py:830} INFO - Processing file /opt/airflow/dags/pakakumi_scraper.py for tasks to queue
[2026-01-02T19:10:58.541+0000] {logging_mixin.py:188} INFO - [2026-01-02T19:10:58.540+0000] {dagbag.py:540} INFO - Filling up the DagBag from /opt/airflow/dags/pakakumi_scraper.py
[2026-01-02T19:10:58.570+0000] {processor.py:840} INFO - DAG(s) 'pakakumi_scraper' retrieved from /opt/airflow/dags/pakakumi_scraper.py
[2026-01-02T19:10:58.621+0000] {logging_mixin.py:188} INFO - [2026-01-02T19:10:58.620+0000] {dag.py:3096} INFO - Sync 1 DAGs
[2026-01-02T19:10:58.656+0000] {logging_mixin.py:188} INFO - [2026-01-02T19:10:58.656+0000] {dag.py:3954} INFO - Setting next_dagrun for pakakumi_scraper to 2026-01-02 18:00:00+00:00, run_after=2026-01-02 19:00:00+00:00
[2026-01-02T19:10:58.685+0000] {processor.py:183} INFO - Processing /opt/airflow/dags/pakakumi_scraper.py took 0.160 seconds
[2026-01-02T19:11:28.898+0000] {processor.py:161} INFO - Started process (PID=1219) to work on /opt/airflow/dags/pakakumi_scraper.py
[2026-01-02T19:11:28.899+0000] {processor.py:830} INFO - Processing file /opt/airflow/dags/pakakumi_scraper.py for tasks to queue
[2026-01-02T19:11:28.902+0000] {logging_mixin.py:188} INFO - [2026-01-02T19:11:28.902+0000] {dagbag.py:540} INFO - Filling up the DagBag from /opt/airflow/dags/pakakumi_scraper.py
[2026-01-02T19:11:28.932+0000] {processor.py:840} INFO - DAG(s) 'pakakumi_scraper' retrieved from /opt/airflow/dags/pakakumi_scraper.py
[2026-01-02T19:11:28.977+0000] {logging_mixin.py:188} INFO - [2026-01-02T19:11:28.977+0000] {dag.py:3096} INFO - Sync 1 DAGs
[2026-01-02T19:11:29.016+0000] {logging_mixin.py:188} INFO - [2026-01-02T19:11:29.016+0000] {dag.py:3954} INFO - Setting next_dagrun for pakakumi_scraper to 2026-01-02 18:00:00+00:00, run_after=2026-01-02 19:00:00+00:00
[2026-01-02T19:11:29.043+0000] {processor.py:183} INFO - Processing /opt/airflow/dags/pakakumi_scraper.py took 0.157 seconds
[2026-01-02T19:11:59.252+0000] {processor.py:161} INFO - Started process (PID=1224) to work on /opt/airflow/dags/pakakumi_scraper.py
[2026-01-02T19:11:59.254+0000] {processor.py:830} INFO - Processing file /opt/airflow/dags/pakakumi_scraper.py for tasks to queue
[2026-01-02T19:11:59.257+0000] {logging_mixin.py:188} INFO - [2026-01-02T19:11:59.257+0000] {dagbag.py:540} INFO - Filling up the DagBag from /opt/airflow/dags/pakakumi_scraper.py
[2026-01-02T19:11:59.285+0000] {processor.py:840} INFO - DAG(s) 'pakakumi_scraper' retrieved from /opt/airflow/dags/pakakumi_scraper.py
[2026-01-02T19:11:59.348+0000] {logging_mixin.py:188} INFO - [2026-01-02T19:11:59.348+0000] {dag.py:3096} INFO - Sync 1 DAGs
[2026-01-02T19:11:59.418+0000] {logging_mixin.py:188} INFO - [2026-01-02T19:11:59.417+0000] {dag.py:3954} INFO - Setting next_dagrun for pakakumi_scraper to 2026-01-02 18:00:00+00:00, run_after=2026-01-02 19:00:00+00:00
[2026-01-02T19:11:59.463+0000] {processor.py:183} INFO - Processing /opt/airflow/dags/pakakumi_scraper.py took 0.222 seconds
[2026-01-02T19:12:29.669+0000] {processor.py:161} INFO - Started process (PID=1229) to work on /opt/airflow/dags/pakakumi_scraper.py
[2026-01-02T19:12:29.671+0000] {processor.py:830} INFO - Processing file /opt/airflow/dags/pakakumi_scraper.py for tasks to queue
[2026-01-02T19:12:29.675+0000] {logging_mixin.py:188} INFO - [2026-01-02T19:12:29.674+0000] {dagbag.py:540} INFO - Filling up the DagBag from /opt/airflow/dags/pakakumi_scraper.py
[2026-01-02T19:12:29.706+0000] {processor.py:840} INFO - DAG(s) 'pakakumi_scraper' retrieved from /opt/airflow/dags/pakakumi_scraper.py
[2026-01-02T19:12:29.751+0000] {logging_mixin.py:188} INFO - [2026-01-02T19:12:29.751+0000] {dag.py:3096} INFO - Sync 1 DAGs
[2026-01-02T19:12:29.798+0000] {logging_mixin.py:188} INFO - [2026-01-02T19:12:29.797+0000] {dag.py:3954} INFO - Setting next_dagrun for pakakumi_scraper to 2026-01-02 18:00:00+00:00, run_after=2026-01-02 19:00:00+00:00
[2026-01-02T19:12:29.829+0000] {processor.py:183} INFO - Processing /opt/airflow/dags/pakakumi_scraper.py took 0.170 seconds
[2026-01-02T19:13:00.044+0000] {processor.py:161} INFO - Started process (PID=1234) to work on /opt/airflow/dags/pakakumi_scraper.py
[2026-01-02T19:13:00.045+0000] {processor.py:830} INFO - Processing file /opt/airflow/dags/pakakumi_scraper.py for tasks to queue
[2026-01-02T19:13:00.048+0000] {logging_mixin.py:188} INFO - [2026-01-02T19:13:00.048+0000] {dagbag.py:540} INFO - Filling up the DagBag from /opt/airflow/dags/pakakumi_scraper.py
[2026-01-02T19:13:00.079+0000] {processor.py:840} INFO - DAG(s) 'pakakumi_scraper' retrieved from /opt/airflow/dags/pakakumi_scraper.py
[2026-01-02T19:13:00.125+0000] {logging_mixin.py:188} INFO - [2026-01-02T19:13:00.124+0000] {dag.py:3096} INFO - Sync 1 DAGs
[2026-01-02T19:13:00.162+0000] {logging_mixin.py:188} INFO - [2026-01-02T19:13:00.162+0000] {dag.py:3954} INFO - Setting next_dagrun for pakakumi_scraper to 2026-01-02 18:00:00+00:00, run_after=2026-01-02 19:00:00+00:00
[2026-01-02T19:13:00.192+0000] {processor.py:183} INFO - Processing /opt/airflow/dags/pakakumi_scraper.py took 0.158 seconds
[2026-01-02T19:13:30.394+0000] {processor.py:161} INFO - Started process (PID=1239) to work on /opt/airflow/dags/pakakumi_scraper.py
[2026-01-02T19:13:30.396+0000] {processor.py:830} INFO - Processing file /opt/airflow/dags/pakakumi_scraper.py for tasks to queue
[2026-01-02T19:13:30.399+0000] {logging_mixin.py:188} INFO - [2026-01-02T19:13:30.399+0000] {dagbag.py:540} INFO - Filling up the DagBag from /opt/airflow/dags/pakakumi_scraper.py
[2026-01-02T19:13:30.429+0000] {processor.py:840} INFO - DAG(s) 'pakakumi_scraper' retrieved from /opt/airflow/dags/pakakumi_scraper.py
[2026-01-02T19:13:30.475+0000] {logging_mixin.py:188} INFO - [2026-01-02T19:13:30.475+0000] {dag.py:3096} INFO - Sync 1 DAGs
[2026-01-02T19:13:30.513+0000] {logging_mixin.py:188} INFO - [2026-01-02T19:13:30.513+0000] {dag.py:3954} INFO - Setting next_dagrun for pakakumi_scraper to 2026-01-02 18:00:00+00:00, run_after=2026-01-02 19:00:00+00:00
[2026-01-02T19:13:30.543+0000] {processor.py:183} INFO - Processing /opt/airflow/dags/pakakumi_scraper.py took 0.159 seconds
[2026-01-02T19:14:00.764+0000] {processor.py:161} INFO - Started process (PID=1244) to work on /opt/airflow/dags/pakakumi_scraper.py
[2026-01-02T19:14:00.765+0000] {processor.py:830} INFO - Processing file /opt/airflow/dags/pakakumi_scraper.py for tasks to queue
[2026-01-02T19:14:00.768+0000] {logging_mixin.py:188} INFO - [2026-01-02T19:14:00.768+0000] {dagbag.py:540} INFO - Filling up the DagBag from /opt/airflow/dags/pakakumi_scraper.py
[2026-01-02T19:14:00.799+0000] {processor.py:840} INFO - DAG(s) 'pakakumi_scraper' retrieved from /opt/airflow/dags/pakakumi_scraper.py
[2026-01-02T19:14:00.847+0000] {logging_mixin.py:188} INFO - [2026-01-02T19:14:00.846+0000] {dag.py:3096} INFO - Sync 1 DAGs
[2026-01-02T19:14:00.887+0000] {logging_mixin.py:188} INFO - [2026-01-02T19:14:00.887+0000] {dag.py:3954} INFO - Setting next_dagrun for pakakumi_scraper to 2026-01-02 18:00:00+00:00, run_after=2026-01-02 19:00:00+00:00
[2026-01-02T19:14:00.924+0000] {processor.py:183} INFO - Processing /opt/airflow/dags/pakakumi_scraper.py took 0.173 seconds
[2026-01-02T19:14:31.142+0000] {processor.py:161} INFO - Started process (PID=1249) to work on /opt/airflow/dags/pakakumi_scraper.py
[2026-01-02T19:14:31.144+0000] {processor.py:830} INFO - Processing file /opt/airflow/dags/pakakumi_scraper.py for tasks to queue
[2026-01-02T19:14:31.147+0000] {logging_mixin.py:188} INFO - [2026-01-02T19:14:31.146+0000] {dagbag.py:540} INFO - Filling up the DagBag from /opt/airflow/dags/pakakumi_scraper.py
[2026-01-02T19:14:31.172+0000] {processor.py:840} INFO - DAG(s) 'pakakumi_scraper' retrieved from /opt/airflow/dags/pakakumi_scraper.py
[2026-01-02T19:14:31.214+0000] {logging_mixin.py:188} INFO - [2026-01-02T19:14:31.213+0000] {dag.py:3096} INFO - Sync 1 DAGs
[2026-01-02T19:14:31.247+0000] {logging_mixin.py:188} INFO - [2026-01-02T19:14:31.246+0000] {dag.py:3954} INFO - Setting next_dagrun for pakakumi_scraper to 2026-01-02 18:00:00+00:00, run_after=2026-01-02 19:00:00+00:00
[2026-01-02T19:14:31.272+0000] {processor.py:183} INFO - Processing /opt/airflow/dags/pakakumi_scraper.py took 0.142 seconds
[2026-01-02T19:15:01.350+0000] {processor.py:161} INFO - Started process (PID=1254) to work on /opt/airflow/dags/pakakumi_scraper.py
[2026-01-02T19:15:01.351+0000] {processor.py:830} INFO - Processing file /opt/airflow/dags/pakakumi_scraper.py for tasks to queue
[2026-01-02T19:15:01.355+0000] {logging_mixin.py:188} INFO - [2026-01-02T19:15:01.354+0000] {dagbag.py:540} INFO - Filling up the DagBag from /opt/airflow/dags/pakakumi_scraper.py
[2026-01-02T19:15:01.383+0000] {processor.py:840} INFO - DAG(s) 'pakakumi_scraper' retrieved from /opt/airflow/dags/pakakumi_scraper.py
[2026-01-02T19:15:01.440+0000] {logging_mixin.py:188} INFO - [2026-01-02T19:15:01.439+0000] {dag.py:3096} INFO - Sync 1 DAGs
[2026-01-02T19:15:01.480+0000] {logging_mixin.py:188} INFO - [2026-01-02T19:15:01.480+0000] {dag.py:3954} INFO - Setting next_dagrun for pakakumi_scraper to 2026-01-02 18:00:00+00:00, run_after=2026-01-02 19:00:00+00:00
[2026-01-02T19:15:01.515+0000] {processor.py:183} INFO - Processing /opt/airflow/dags/pakakumi_scraper.py took 0.182 seconds
[2026-01-02T19:15:31.715+0000] {processor.py:161} INFO - Started process (PID=1259) to work on /opt/airflow/dags/pakakumi_scraper.py
[2026-01-02T19:15:31.717+0000] {processor.py:830} INFO - Processing file /opt/airflow/dags/pakakumi_scraper.py for tasks to queue
[2026-01-02T19:15:31.720+0000] {logging_mixin.py:188} INFO - [2026-01-02T19:15:31.719+0000] {dagbag.py:540} INFO - Filling up the DagBag from /opt/airflow/dags/pakakumi_scraper.py
[2026-01-02T19:15:31.747+0000] {processor.py:840} INFO - DAG(s) 'pakakumi_scraper' retrieved from /opt/airflow/dags/pakakumi_scraper.py
[2026-01-02T19:15:31.790+0000] {logging_mixin.py:188} INFO - [2026-01-02T19:15:31.789+0000] {dag.py:3096} INFO - Sync 1 DAGs
[2026-01-02T19:15:31.823+0000] {logging_mixin.py:188} INFO - [2026-01-02T19:15:31.823+0000] {dag.py:3954} INFO - Setting next_dagrun for pakakumi_scraper to 2026-01-02 18:00:00+00:00, run_after=2026-01-02 19:00:00+00:00
[2026-01-02T19:15:31.852+0000] {processor.py:183} INFO - Processing /opt/airflow/dags/pakakumi_scraper.py took 0.146 seconds
[2026-01-02T19:16:01.919+0000] {processor.py:161} INFO - Started process (PID=1264) to work on /opt/airflow/dags/pakakumi_scraper.py
[2026-01-02T19:16:01.921+0000] {processor.py:830} INFO - Processing file /opt/airflow/dags/pakakumi_scraper.py for tasks to queue
[2026-01-02T19:16:01.924+0000] {logging_mixin.py:188} INFO - [2026-01-02T19:16:01.924+0000] {dagbag.py:540} INFO - Filling up the DagBag from /opt/airflow/dags/pakakumi_scraper.py
[2026-01-02T19:16:01.955+0000] {processor.py:840} INFO - DAG(s) 'pakakumi_scraper' retrieved from /opt/airflow/dags/pakakumi_scraper.py
[2026-01-02T19:16:02.005+0000] {logging_mixin.py:188} INFO - [2026-01-02T19:16:02.005+0000] {dag.py:3096} INFO - Sync 1 DAGs
[2026-01-02T19:16:02.041+0000] {logging_mixin.py:188} INFO - [2026-01-02T19:16:02.041+0000] {dag.py:3954} INFO - Setting next_dagrun for pakakumi_scraper to 2026-01-02 18:00:00+00:00, run_after=2026-01-02 19:00:00+00:00
[2026-01-02T19:16:02.074+0000] {processor.py:183} INFO - Processing /opt/airflow/dags/pakakumi_scraper.py took 0.167 seconds
[2026-01-02T19:16:32.241+0000] {processor.py:161} INFO - Started process (PID=1269) to work on /opt/airflow/dags/pakakumi_scraper.py
[2026-01-02T19:16:32.243+0000] {processor.py:830} INFO - Processing file /opt/airflow/dags/pakakumi_scraper.py for tasks to queue
[2026-01-02T19:16:32.247+0000] {logging_mixin.py:188} INFO - [2026-01-02T19:16:32.246+0000] {dagbag.py:540} INFO - Filling up the DagBag from /opt/airflow/dags/pakakumi_scraper.py
[2026-01-02T19:16:32.273+0000] {processor.py:840} INFO - DAG(s) 'pakakumi_scraper' retrieved from /opt/airflow/dags/pakakumi_scraper.py
[2026-01-02T19:16:32.319+0000] {logging_mixin.py:188} INFO - [2026-01-02T19:16:32.319+0000] {dag.py:3096} INFO - Sync 1 DAGs
[2026-01-02T19:16:32.355+0000] {logging_mixin.py:188} INFO - [2026-01-02T19:16:32.355+0000] {dag.py:3954} INFO - Setting next_dagrun for pakakumi_scraper to 2026-01-02 18:00:00+00:00, run_after=2026-01-02 19:00:00+00:00
[2026-01-02T19:16:32.384+0000] {processor.py:183} INFO - Processing /opt/airflow/dags/pakakumi_scraper.py took 0.154 seconds
[2026-01-02T19:17:02.483+0000] {processor.py:161} INFO - Started process (PID=1274) to work on /opt/airflow/dags/pakakumi_scraper.py
[2026-01-02T19:17:02.485+0000] {processor.py:830} INFO - Processing file /opt/airflow/dags/pakakumi_scraper.py for tasks to queue
[2026-01-02T19:17:02.488+0000] {logging_mixin.py:188} INFO - [2026-01-02T19:17:02.488+0000] {dagbag.py:540} INFO - Filling up the DagBag from /opt/airflow/dags/pakakumi_scraper.py
[2026-01-02T19:17:02.520+0000] {processor.py:840} INFO - DAG(s) 'pakakumi_scraper' retrieved from /opt/airflow/dags/pakakumi_scraper.py
[2026-01-02T19:17:02.579+0000] {logging_mixin.py:188} INFO - [2026-01-02T19:17:02.579+0000] {dag.py:3096} INFO - Sync 1 DAGs
[2026-01-02T19:17:02.628+0000] {logging_mixin.py:188} INFO - [2026-01-02T19:17:02.628+0000] {dag.py:3954} INFO - Setting next_dagrun for pakakumi_scraper to 2026-01-02 18:00:00+00:00, run_after=2026-01-02 19:00:00+00:00
[2026-01-02T19:17:03.012+0000] {processor.py:183} INFO - Processing /opt/airflow/dags/pakakumi_scraper.py took 0.542 seconds
[2026-01-02T19:17:33.233+0000] {processor.py:161} INFO - Started process (PID=1279) to work on /opt/airflow/dags/pakakumi_scraper.py
[2026-01-02T19:17:33.237+0000] {processor.py:830} INFO - Processing file /opt/airflow/dags/pakakumi_scraper.py for tasks to queue
[2026-01-02T19:17:33.245+0000] {logging_mixin.py:188} INFO - [2026-01-02T19:17:33.244+0000] {dagbag.py:540} INFO - Filling up the DagBag from /opt/airflow/dags/pakakumi_scraper.py
[2026-01-02T19:17:33.278+0000] {processor.py:840} INFO - DAG(s) 'pakakumi_scraper' retrieved from /opt/airflow/dags/pakakumi_scraper.py
[2026-01-02T19:17:33.322+0000] {logging_mixin.py:188} INFO - [2026-01-02T19:17:33.322+0000] {dag.py:3096} INFO - Sync 1 DAGs
[2026-01-02T19:17:33.360+0000] {logging_mixin.py:188} INFO - [2026-01-02T19:17:33.359+0000] {dag.py:3954} INFO - Setting next_dagrun for pakakumi_scraper to 2026-01-02 18:00:00+00:00, run_after=2026-01-02 19:00:00+00:00
[2026-01-02T19:17:33.390+0000] {processor.py:183} INFO - Processing /opt/airflow/dags/pakakumi_scraper.py took 0.168 seconds
[2026-01-02T19:18:03.603+0000] {processor.py:161} INFO - Started process (PID=1284) to work on /opt/airflow/dags/pakakumi_scraper.py
[2026-01-02T19:18:03.604+0000] {processor.py:830} INFO - Processing file /opt/airflow/dags/pakakumi_scraper.py for tasks to queue
[2026-01-02T19:18:03.608+0000] {logging_mixin.py:188} INFO - [2026-01-02T19:18:03.607+0000] {dagbag.py:540} INFO - Filling up the DagBag from /opt/airflow/dags/pakakumi_scraper.py
[2026-01-02T19:18:03.635+0000] {processor.py:840} INFO - DAG(s) 'pakakumi_scraper' retrieved from /opt/airflow/dags/pakakumi_scraper.py
[2026-01-02T19:18:03.677+0000] {logging_mixin.py:188} INFO - [2026-01-02T19:18:03.677+0000] {dag.py:3096} INFO - Sync 1 DAGs
[2026-01-02T19:18:03.712+0000] {logging_mixin.py:188} INFO - [2026-01-02T19:18:03.711+0000] {dag.py:3954} INFO - Setting next_dagrun for pakakumi_scraper to 2026-01-02 18:00:00+00:00, run_after=2026-01-02 19:00:00+00:00
[2026-01-02T19:18:03.739+0000] {processor.py:183} INFO - Processing /opt/airflow/dags/pakakumi_scraper.py took 0.148 seconds
[2026-01-02T19:18:33.810+0000] {processor.py:161} INFO - Started process (PID=1289) to work on /opt/airflow/dags/pakakumi_scraper.py
[2026-01-02T19:18:33.812+0000] {processor.py:830} INFO - Processing file /opt/airflow/dags/pakakumi_scraper.py for tasks to queue
[2026-01-02T19:18:33.815+0000] {logging_mixin.py:188} INFO - [2026-01-02T19:18:33.815+0000] {dagbag.py:540} INFO - Filling up the DagBag from /opt/airflow/dags/pakakumi_scraper.py
[2026-01-02T19:18:33.848+0000] {processor.py:840} INFO - DAG(s) 'pakakumi_scraper' retrieved from /opt/airflow/dags/pakakumi_scraper.py
[2026-01-02T19:18:33.906+0000] {logging_mixin.py:188} INFO - [2026-01-02T19:18:33.905+0000] {dag.py:3096} INFO - Sync 1 DAGs
[2026-01-02T19:18:33.939+0000] {logging_mixin.py:188} INFO - [2026-01-02T19:18:33.939+0000] {dag.py:3954} INFO - Setting next_dagrun for pakakumi_scraper to 2026-01-02 18:00:00+00:00, run_after=2026-01-02 19:00:00+00:00
[2026-01-02T19:18:33.963+0000] {processor.py:183} INFO - Processing /opt/airflow/dags/pakakumi_scraper.py took 0.169 seconds
[2026-01-02T19:19:04.129+0000] {processor.py:161} INFO - Started process (PID=1294) to work on /opt/airflow/dags/pakakumi_scraper.py
[2026-01-02T19:19:04.132+0000] {processor.py:830} INFO - Processing file /opt/airflow/dags/pakakumi_scraper.py for tasks to queue
[2026-01-02T19:19:04.138+0000] {logging_mixin.py:188} INFO - [2026-01-02T19:19:04.137+0000] {dagbag.py:540} INFO - Filling up the DagBag from /opt/airflow/dags/pakakumi_scraper.py
[2026-01-02T19:19:04.170+0000] {processor.py:840} INFO - DAG(s) 'pakakumi_scraper' retrieved from /opt/airflow/dags/pakakumi_scraper.py
[2026-01-02T19:19:04.220+0000] {logging_mixin.py:188} INFO - [2026-01-02T19:19:04.219+0000] {dag.py:3096} INFO - Sync 1 DAGs
[2026-01-02T19:19:04.258+0000] {logging_mixin.py:188} INFO - [2026-01-02T19:19:04.258+0000] {dag.py:3954} INFO - Setting next_dagrun for pakakumi_scraper to 2026-01-02 18:00:00+00:00, run_after=2026-01-02 19:00:00+00:00
[2026-01-02T19:19:04.295+0000] {processor.py:183} INFO - Processing /opt/airflow/dags/pakakumi_scraper.py took 0.177 seconds
[2026-01-02T19:19:34.508+0000] {processor.py:161} INFO - Started process (PID=1299) to work on /opt/airflow/dags/pakakumi_scraper.py
[2026-01-02T19:19:34.510+0000] {processor.py:830} INFO - Processing file /opt/airflow/dags/pakakumi_scraper.py for tasks to queue
[2026-01-02T19:19:34.515+0000] {logging_mixin.py:188} INFO - [2026-01-02T19:19:34.514+0000] {dagbag.py:540} INFO - Filling up the DagBag from /opt/airflow/dags/pakakumi_scraper.py
[2026-01-02T19:19:34.543+0000] {processor.py:840} INFO - DAG(s) 'pakakumi_scraper' retrieved from /opt/airflow/dags/pakakumi_scraper.py
[2026-01-02T19:19:34.586+0000] {logging_mixin.py:188} INFO - [2026-01-02T19:19:34.585+0000] {dag.py:3096} INFO - Sync 1 DAGs
[2026-01-02T19:19:34.619+0000] {logging_mixin.py:188} INFO - [2026-01-02T19:19:34.618+0000] {dag.py:3954} INFO - Setting next_dagrun for pakakumi_scraper to 2026-01-02 18:00:00+00:00, run_after=2026-01-02 19:00:00+00:00
[2026-01-02T19:19:34.644+0000] {processor.py:183} INFO - Processing /opt/airflow/dags/pakakumi_scraper.py took 0.147 seconds
[2026-01-02T19:20:04.774+0000] {processor.py:161} INFO - Started process (PID=1304) to work on /opt/airflow/dags/pakakumi_scraper.py
[2026-01-02T19:20:04.776+0000] {processor.py:830} INFO - Processing file /opt/airflow/dags/pakakumi_scraper.py for tasks to queue
[2026-01-02T19:20:04.781+0000] {logging_mixin.py:188} INFO - [2026-01-02T19:20:04.780+0000] {dagbag.py:540} INFO - Filling up the DagBag from /opt/airflow/dags/pakakumi_scraper.py
[2026-01-02T19:20:04.815+0000] {processor.py:840} INFO - DAG(s) 'pakakumi_scraper' retrieved from /opt/airflow/dags/pakakumi_scraper.py
[2026-01-02T19:20:04.862+0000] {logging_mixin.py:188} INFO - [2026-01-02T19:20:04.862+0000] {dag.py:3096} INFO - Sync 1 DAGs
[2026-01-02T19:20:04.899+0000] {logging_mixin.py:188} INFO - [2026-01-02T19:20:04.898+0000] {dag.py:3954} INFO - Setting next_dagrun for pakakumi_scraper to 2026-01-02 18:00:00+00:00, run_after=2026-01-02 19:00:00+00:00
[2026-01-02T19:20:04.939+0000] {processor.py:183} INFO - Processing /opt/airflow/dags/pakakumi_scraper.py took 0.183 seconds
[2026-01-02T19:20:35.072+0000] {processor.py:161} INFO - Started process (PID=1309) to work on /opt/airflow/dags/pakakumi_scraper.py
[2026-01-02T19:20:35.074+0000] {processor.py:830} INFO - Processing file /opt/airflow/dags/pakakumi_scraper.py for tasks to queue
[2026-01-02T19:20:35.077+0000] {logging_mixin.py:188} INFO - [2026-01-02T19:20:35.077+0000] {dagbag.py:540} INFO - Filling up the DagBag from /opt/airflow/dags/pakakumi_scraper.py
[2026-01-02T19:20:35.106+0000] {processor.py:840} INFO - DAG(s) 'pakakumi_scraper' retrieved from /opt/airflow/dags/pakakumi_scraper.py
[2026-01-02T19:20:35.148+0000] {logging_mixin.py:188} INFO - [2026-01-02T19:20:35.148+0000] {dag.py:3096} INFO - Sync 1 DAGs
[2026-01-02T19:20:35.187+0000] {logging_mixin.py:188} INFO - [2026-01-02T19:20:35.186+0000] {dag.py:3954} INFO - Setting next_dagrun for pakakumi_scraper to 2026-01-02 18:00:00+00:00, run_after=2026-01-02 19:00:00+00:00
[2026-01-02T19:20:35.217+0000] {processor.py:183} INFO - Processing /opt/airflow/dags/pakakumi_scraper.py took 0.155 seconds
[2026-01-02T19:21:05.328+0000] {processor.py:161} INFO - Started process (PID=1314) to work on /opt/airflow/dags/pakakumi_scraper.py
[2026-01-02T19:21:05.330+0000] {processor.py:830} INFO - Processing file /opt/airflow/dags/pakakumi_scraper.py for tasks to queue
[2026-01-02T19:21:05.333+0000] {logging_mixin.py:188} INFO - [2026-01-02T19:21:05.333+0000] {dagbag.py:540} INFO - Filling up the DagBag from /opt/airflow/dags/pakakumi_scraper.py
[2026-01-02T19:21:05.373+0000] {processor.py:840} INFO - DAG(s) 'pakakumi_scraper' retrieved from /opt/airflow/dags/pakakumi_scraper.py
[2026-01-02T19:21:05.417+0000] {logging_mixin.py:188} INFO - [2026-01-02T19:21:05.417+0000] {dag.py:3096} INFO - Sync 1 DAGs
[2026-01-02T19:21:05.462+0000] {logging_mixin.py:188} INFO - [2026-01-02T19:21:05.462+0000] {dag.py:3954} INFO - Setting next_dagrun for pakakumi_scraper to 2026-01-02 18:00:00+00:00, run_after=2026-01-02 19:00:00+00:00
[2026-01-02T19:21:05.490+0000] {processor.py:183} INFO - Processing /opt/airflow/dags/pakakumi_scraper.py took 0.172 seconds
[2026-01-02T19:21:35.631+0000] {processor.py:161} INFO - Started process (PID=1319) to work on /opt/airflow/dags/pakakumi_scraper.py
[2026-01-02T19:21:35.633+0000] {processor.py:830} INFO - Processing file /opt/airflow/dags/pakakumi_scraper.py for tasks to queue
[2026-01-02T19:21:35.638+0000] {logging_mixin.py:188} INFO - [2026-01-02T19:21:35.637+0000] {dagbag.py:540} INFO - Filling up the DagBag from /opt/airflow/dags/pakakumi_scraper.py
[2026-01-02T19:21:35.667+0000] {processor.py:840} INFO - DAG(s) 'pakakumi_scraper' retrieved from /opt/airflow/dags/pakakumi_scraper.py
[2026-01-02T19:21:35.713+0000] {logging_mixin.py:188} INFO - [2026-01-02T19:21:35.712+0000] {dag.py:3096} INFO - Sync 1 DAGs
[2026-01-02T19:21:35.751+0000] {logging_mixin.py:188} INFO - [2026-01-02T19:21:35.750+0000] {dag.py:3954} INFO - Setting next_dagrun for pakakumi_scraper to 2026-01-02 18:00:00+00:00, run_after=2026-01-02 19:00:00+00:00
[2026-01-02T19:21:35.778+0000] {processor.py:183} INFO - Processing /opt/airflow/dags/pakakumi_scraper.py took 0.159 seconds
[2026-01-02T19:22:05.890+0000] {processor.py:161} INFO - Started process (PID=1324) to work on /opt/airflow/dags/pakakumi_scraper.py
[2026-01-02T19:22:05.892+0000] {processor.py:830} INFO - Processing file /opt/airflow/dags/pakakumi_scraper.py for tasks to queue
[2026-01-02T19:22:05.897+0000] {logging_mixin.py:188} INFO - [2026-01-02T19:22:05.896+0000] {dagbag.py:540} INFO - Filling up the DagBag from /opt/airflow/dags/pakakumi_scraper.py
[2026-01-02T19:22:05.926+0000] {processor.py:840} INFO - DAG(s) 'pakakumi_scraper' retrieved from /opt/airflow/dags/pakakumi_scraper.py
[2026-01-02T19:22:05.968+0000] {logging_mixin.py:188} INFO - [2026-01-02T19:22:05.968+0000] {dag.py:3096} INFO - Sync 1 DAGs
[2026-01-02T19:22:06.003+0000] {logging_mixin.py:188} INFO - [2026-01-02T19:22:06.003+0000] {dag.py:3954} INFO - Setting next_dagrun for pakakumi_scraper to 2026-01-02 18:00:00+00:00, run_after=2026-01-02 19:00:00+00:00
[2026-01-02T19:22:06.030+0000] {processor.py:183} INFO - Processing /opt/airflow/dags/pakakumi_scraper.py took 0.153 seconds
[2026-01-02T19:22:36.180+0000] {processor.py:161} INFO - Started process (PID=1329) to work on /opt/airflow/dags/pakakumi_scraper.py
[2026-01-02T19:22:36.182+0000] {processor.py:830} INFO - Processing file /opt/airflow/dags/pakakumi_scraper.py for tasks to queue
[2026-01-02T19:22:36.185+0000] {logging_mixin.py:188} INFO - [2026-01-02T19:22:36.184+0000] {dagbag.py:540} INFO - Filling up the DagBag from /opt/airflow/dags/pakakumi_scraper.py
[2026-01-02T19:22:36.233+0000] {processor.py:840} INFO - DAG(s) 'pakakumi_scraper' retrieved from /opt/airflow/dags/pakakumi_scraper.py
[2026-01-02T19:22:36.277+0000] {logging_mixin.py:188} INFO - [2026-01-02T19:22:36.276+0000] {dag.py:3096} INFO - Sync 1 DAGs
[2026-01-02T19:22:36.328+0000] {logging_mixin.py:188} INFO - [2026-01-02T19:22:36.328+0000] {dag.py:3954} INFO - Setting next_dagrun for pakakumi_scraper to 2026-01-02 18:00:00+00:00, run_after=2026-01-02 19:00:00+00:00
[2026-01-02T19:22:36.365+0000] {processor.py:183} INFO - Processing /opt/airflow/dags/pakakumi_scraper.py took 0.195 seconds
[2026-01-02T19:23:06.457+0000] {processor.py:161} INFO - Started process (PID=1334) to work on /opt/airflow/dags/pakakumi_scraper.py
[2026-01-02T19:23:06.459+0000] {processor.py:830} INFO - Processing file /opt/airflow/dags/pakakumi_scraper.py for tasks to queue
[2026-01-02T19:23:06.462+0000] {logging_mixin.py:188} INFO - [2026-01-02T19:23:06.462+0000] {dagbag.py:540} INFO - Filling up the DagBag from /opt/airflow/dags/pakakumi_scraper.py
[2026-01-02T19:23:06.509+0000] {processor.py:840} INFO - DAG(s) 'pakakumi_scraper' retrieved from /opt/airflow/dags/pakakumi_scraper.py
[2026-01-02T19:23:06.560+0000] {logging_mixin.py:188} INFO - [2026-01-02T19:23:06.560+0000] {dag.py:3096} INFO - Sync 1 DAGs
[2026-01-02T19:23:06.602+0000] {logging_mixin.py:188} INFO - [2026-01-02T19:23:06.602+0000] {dag.py:3954} INFO - Setting next_dagrun for pakakumi_scraper to 2026-01-02 18:00:00+00:00, run_after=2026-01-02 19:00:00+00:00
[2026-01-02T19:23:06.633+0000] {processor.py:183} INFO - Processing /opt/airflow/dags/pakakumi_scraper.py took 0.188 seconds
[2026-01-02T19:23:36.787+0000] {processor.py:161} INFO - Started process (PID=1339) to work on /opt/airflow/dags/pakakumi_scraper.py
[2026-01-02T19:23:36.788+0000] {processor.py:830} INFO - Processing file /opt/airflow/dags/pakakumi_scraper.py for tasks to queue
[2026-01-02T19:23:36.791+0000] {logging_mixin.py:188} INFO - [2026-01-02T19:23:36.791+0000] {dagbag.py:540} INFO - Filling up the DagBag from /opt/airflow/dags/pakakumi_scraper.py
[2026-01-02T19:23:36.823+0000] {processor.py:840} INFO - DAG(s) 'pakakumi_scraper' retrieved from /opt/airflow/dags/pakakumi_scraper.py
[2026-01-02T19:23:36.867+0000] {logging_mixin.py:188} INFO - [2026-01-02T19:23:36.866+0000] {dag.py:3096} INFO - Sync 1 DAGs
[2026-01-02T19:23:36.906+0000] {logging_mixin.py:188} INFO - [2026-01-02T19:23:36.906+0000] {dag.py:3954} INFO - Setting next_dagrun for pakakumi_scraper to 2026-01-02 18:00:00+00:00, run_after=2026-01-02 19:00:00+00:00
[2026-01-02T19:23:36.938+0000] {processor.py:183} INFO - Processing /opt/airflow/dags/pakakumi_scraper.py took 0.163 seconds
[2026-01-02T19:24:07.014+0000] {processor.py:161} INFO - Started process (PID=1344) to work on /opt/airflow/dags/pakakumi_scraper.py
[2026-01-02T19:24:07.016+0000] {processor.py:830} INFO - Processing file /opt/airflow/dags/pakakumi_scraper.py for tasks to queue
[2026-01-02T19:24:07.019+0000] {logging_mixin.py:188} INFO - [2026-01-02T19:24:07.018+0000] {dagbag.py:540} INFO - Filling up the DagBag from /opt/airflow/dags/pakakumi_scraper.py
[2026-01-02T19:24:07.048+0000] {processor.py:840} INFO - DAG(s) 'pakakumi_scraper' retrieved from /opt/airflow/dags/pakakumi_scraper.py
[2026-01-02T19:24:07.095+0000] {logging_mixin.py:188} INFO - [2026-01-02T19:24:07.095+0000] {dag.py:3096} INFO - Sync 1 DAGs
[2026-01-02T19:24:07.134+0000] {logging_mixin.py:188} INFO - [2026-01-02T19:24:07.134+0000] {dag.py:3954} INFO - Setting next_dagrun for pakakumi_scraper to 2026-01-02 18:00:00+00:00, run_after=2026-01-02 19:00:00+00:00
[2026-01-02T19:24:07.160+0000] {processor.py:183} INFO - Processing /opt/airflow/dags/pakakumi_scraper.py took 0.158 seconds
[2026-01-02T19:24:37.349+0000] {processor.py:161} INFO - Started process (PID=1349) to work on /opt/airflow/dags/pakakumi_scraper.py
[2026-01-02T19:24:37.350+0000] {processor.py:830} INFO - Processing file /opt/airflow/dags/pakakumi_scraper.py for tasks to queue
[2026-01-02T19:24:37.353+0000] {logging_mixin.py:188} INFO - [2026-01-02T19:24:37.353+0000] {dagbag.py:540} INFO - Filling up the DagBag from /opt/airflow/dags/pakakumi_scraper.py
[2026-01-02T19:24:37.381+0000] {processor.py:840} INFO - DAG(s) 'pakakumi_scraper' retrieved from /opt/airflow/dags/pakakumi_scraper.py
[2026-01-02T19:24:37.433+0000] {logging_mixin.py:188} INFO - [2026-01-02T19:24:37.433+0000] {dag.py:3096} INFO - Sync 1 DAGs
[2026-01-02T19:24:37.472+0000] {logging_mixin.py:188} INFO - [2026-01-02T19:24:37.472+0000] {dag.py:3954} INFO - Setting next_dagrun for pakakumi_scraper to 2026-01-02 18:00:00+00:00, run_after=2026-01-02 19:00:00+00:00
[2026-01-02T19:24:37.500+0000] {processor.py:183} INFO - Processing /opt/airflow/dags/pakakumi_scraper.py took 0.163 seconds
[2026-01-02T19:25:07.600+0000] {processor.py:161} INFO - Started process (PID=1354) to work on /opt/airflow/dags/pakakumi_scraper.py
[2026-01-02T19:25:07.602+0000] {processor.py:830} INFO - Processing file /opt/airflow/dags/pakakumi_scraper.py for tasks to queue
[2026-01-02T19:25:07.605+0000] {logging_mixin.py:188} INFO - [2026-01-02T19:25:07.604+0000] {dagbag.py:540} INFO - Filling up the DagBag from /opt/airflow/dags/pakakumi_scraper.py
[2026-01-02T19:25:07.633+0000] {processor.py:840} INFO - DAG(s) 'pakakumi_scraper' retrieved from /opt/airflow/dags/pakakumi_scraper.py
[2026-01-02T19:25:07.681+0000] {logging_mixin.py:188} INFO - [2026-01-02T19:25:07.681+0000] {dag.py:3096} INFO - Sync 1 DAGs
[2026-01-02T19:25:07.720+0000] {logging_mixin.py:188} INFO - [2026-01-02T19:25:07.720+0000] {dag.py:3954} INFO - Setting next_dagrun for pakakumi_scraper to 2026-01-02 18:00:00+00:00, run_after=2026-01-02 19:00:00+00:00
[2026-01-02T19:25:07.750+0000] {processor.py:183} INFO - Processing /opt/airflow/dags/pakakumi_scraper.py took 0.160 seconds
[2026-01-02T19:25:38.049+0000] {processor.py:161} INFO - Started process (PID=1359) to work on /opt/airflow/dags/pakakumi_scraper.py
[2026-01-02T19:25:38.050+0000] {processor.py:830} INFO - Processing file /opt/airflow/dags/pakakumi_scraper.py for tasks to queue
[2026-01-02T19:25:38.054+0000] {logging_mixin.py:188} INFO - [2026-01-02T19:25:38.053+0000] {dagbag.py:540} INFO - Filling up the DagBag from /opt/airflow/dags/pakakumi_scraper.py
[2026-01-02T19:25:38.105+0000] {processor.py:840} INFO - DAG(s) 'pakakumi_scraper' retrieved from /opt/airflow/dags/pakakumi_scraper.py
[2026-01-02T19:25:38.155+0000] {logging_mixin.py:188} INFO - [2026-01-02T19:25:38.154+0000] {dag.py:3096} INFO - Sync 1 DAGs
[2026-01-02T19:25:38.190+0000] {logging_mixin.py:188} INFO - [2026-01-02T19:25:38.190+0000] {dag.py:3954} INFO - Setting next_dagrun for pakakumi_scraper to 2026-01-02 18:00:00+00:00, run_after=2026-01-02 19:00:00+00:00
[2026-01-02T19:25:38.216+0000] {processor.py:183} INFO - Processing /opt/airflow/dags/pakakumi_scraper.py took 0.177 seconds
[2026-01-02T19:26:08.428+0000] {processor.py:161} INFO - Started process (PID=1364) to work on /opt/airflow/dags/pakakumi_scraper.py
[2026-01-02T19:26:08.429+0000] {processor.py:830} INFO - Processing file /opt/airflow/dags/pakakumi_scraper.py for tasks to queue
[2026-01-02T19:26:08.433+0000] {logging_mixin.py:188} INFO - [2026-01-02T19:26:08.432+0000] {dagbag.py:540} INFO - Filling up the DagBag from /opt/airflow/dags/pakakumi_scraper.py
[2026-01-02T19:26:08.462+0000] {processor.py:840} INFO - DAG(s) 'pakakumi_scraper' retrieved from /opt/airflow/dags/pakakumi_scraper.py
[2026-01-02T19:26:08.508+0000] {logging_mixin.py:188} INFO - [2026-01-02T19:26:08.508+0000] {dag.py:3096} INFO - Sync 1 DAGs
[2026-01-02T19:26:08.543+0000] {logging_mixin.py:188} INFO - [2026-01-02T19:26:08.543+0000] {dag.py:3954} INFO - Setting next_dagrun for pakakumi_scraper to 2026-01-02 18:00:00+00:00, run_after=2026-01-02 19:00:00+00:00
[2026-01-02T19:26:08.572+0000] {processor.py:183} INFO - Processing /opt/airflow/dags/pakakumi_scraper.py took 0.155 seconds
[2026-01-02T19:26:38.810+0000] {processor.py:161} INFO - Started process (PID=1369) to work on /opt/airflow/dags/pakakumi_scraper.py
[2026-01-02T19:26:38.811+0000] {processor.py:830} INFO - Processing file /opt/airflow/dags/pakakumi_scraper.py for tasks to queue
[2026-01-02T19:26:38.815+0000] {logging_mixin.py:188} INFO - [2026-01-02T19:26:38.814+0000] {dagbag.py:540} INFO - Filling up the DagBag from /opt/airflow/dags/pakakumi_scraper.py
[2026-01-02T19:26:38.843+0000] {processor.py:840} INFO - DAG(s) 'pakakumi_scraper' retrieved from /opt/airflow/dags/pakakumi_scraper.py
[2026-01-02T19:26:38.887+0000] {logging_mixin.py:188} INFO - [2026-01-02T19:26:38.887+0000] {dag.py:3096} INFO - Sync 1 DAGs
[2026-01-02T19:26:38.924+0000] {logging_mixin.py:188} INFO - [2026-01-02T19:26:38.924+0000] {dag.py:3954} INFO - Setting next_dagrun for pakakumi_scraper to 2026-01-02 18:00:00+00:00, run_after=2026-01-02 19:00:00+00:00
[2026-01-02T19:26:38.954+0000] {processor.py:183} INFO - Processing /opt/airflow/dags/pakakumi_scraper.py took 0.154 seconds
[2026-01-02T19:27:09.164+0000] {processor.py:161} INFO - Started process (PID=1374) to work on /opt/airflow/dags/pakakumi_scraper.py
[2026-01-02T19:27:09.165+0000] {processor.py:830} INFO - Processing file /opt/airflow/dags/pakakumi_scraper.py for tasks to queue
[2026-01-02T19:27:09.168+0000] {logging_mixin.py:188} INFO - [2026-01-02T19:27:09.168+0000] {dagbag.py:540} INFO - Filling up the DagBag from /opt/airflow/dags/pakakumi_scraper.py
[2026-01-02T19:27:09.199+0000] {processor.py:840} INFO - DAG(s) 'pakakumi_scraper' retrieved from /opt/airflow/dags/pakakumi_scraper.py
[2026-01-02T19:27:09.243+0000] {logging_mixin.py:188} INFO - [2026-01-02T19:27:09.243+0000] {dag.py:3096} INFO - Sync 1 DAGs
[2026-01-02T19:27:09.277+0000] {logging_mixin.py:188} INFO - [2026-01-02T19:27:09.277+0000] {dag.py:3954} INFO - Setting next_dagrun for pakakumi_scraper to 2026-01-02 18:00:00+00:00, run_after=2026-01-02 19:00:00+00:00
[2026-01-02T19:27:09.306+0000] {processor.py:183} INFO - Processing /opt/airflow/dags/pakakumi_scraper.py took 0.152 seconds
[2026-01-02T19:27:39.556+0000] {processor.py:161} INFO - Started process (PID=1379) to work on /opt/airflow/dags/pakakumi_scraper.py
[2026-01-02T19:27:39.557+0000] {processor.py:830} INFO - Processing file /opt/airflow/dags/pakakumi_scraper.py for tasks to queue
[2026-01-02T19:27:39.561+0000] {logging_mixin.py:188} INFO - [2026-01-02T19:27:39.560+0000] {dagbag.py:540} INFO - Filling up the DagBag from /opt/airflow/dags/pakakumi_scraper.py
[2026-01-02T19:27:39.590+0000] {processor.py:840} INFO - DAG(s) 'pakakumi_scraper' retrieved from /opt/airflow/dags/pakakumi_scraper.py
[2026-01-02T19:27:39.641+0000] {logging_mixin.py:188} INFO - [2026-01-02T19:27:39.640+0000] {dag.py:3096} INFO - Sync 1 DAGs
[2026-01-02T19:27:39.675+0000] {logging_mixin.py:188} INFO - [2026-01-02T19:27:39.674+0000] {dag.py:3954} INFO - Setting next_dagrun for pakakumi_scraper to 2026-01-02 18:00:00+00:00, run_after=2026-01-02 19:00:00+00:00
[2026-01-02T19:27:39.703+0000] {processor.py:183} INFO - Processing /opt/airflow/dags/pakakumi_scraper.py took 0.158 seconds
[2026-01-02T19:28:09.942+0000] {processor.py:161} INFO - Started process (PID=1384) to work on /opt/airflow/dags/pakakumi_scraper.py
[2026-01-02T19:28:09.944+0000] {processor.py:830} INFO - Processing file /opt/airflow/dags/pakakumi_scraper.py for tasks to queue
[2026-01-02T19:28:09.947+0000] {logging_mixin.py:188} INFO - [2026-01-02T19:28:09.946+0000] {dagbag.py:540} INFO - Filling up the DagBag from /opt/airflow/dags/pakakumi_scraper.py
[2026-01-02T19:28:09.983+0000] {processor.py:840} INFO - DAG(s) 'pakakumi_scraper' retrieved from /opt/airflow/dags/pakakumi_scraper.py
[2026-01-02T19:28:10.030+0000] {logging_mixin.py:188} INFO - [2026-01-02T19:28:10.030+0000] {dag.py:3096} INFO - Sync 1 DAGs
[2026-01-02T19:28:10.068+0000] {logging_mixin.py:188} INFO - [2026-01-02T19:28:10.068+0000] {dag.py:3954} INFO - Setting next_dagrun for pakakumi_scraper to 2026-01-02 18:00:00+00:00, run_after=2026-01-02 19:00:00+00:00
[2026-01-02T19:28:10.098+0000] {processor.py:183} INFO - Processing /opt/airflow/dags/pakakumi_scraper.py took 0.175 seconds
[2026-01-02T19:28:40.317+0000] {processor.py:161} INFO - Started process (PID=1389) to work on /opt/airflow/dags/pakakumi_scraper.py
[2026-01-02T19:28:40.318+0000] {processor.py:830} INFO - Processing file /opt/airflow/dags/pakakumi_scraper.py for tasks to queue
[2026-01-02T19:28:40.322+0000] {logging_mixin.py:188} INFO - [2026-01-02T19:28:40.321+0000] {dagbag.py:540} INFO - Filling up the DagBag from /opt/airflow/dags/pakakumi_scraper.py
[2026-01-02T19:28:40.363+0000] {processor.py:840} INFO - DAG(s) 'pakakumi_scraper' retrieved from /opt/airflow/dags/pakakumi_scraper.py
[2026-01-02T19:28:40.422+0000] {logging_mixin.py:188} INFO - [2026-01-02T19:28:40.422+0000] {dag.py:3096} INFO - Sync 1 DAGs
[2026-01-02T19:28:40.459+0000] {logging_mixin.py:188} INFO - [2026-01-02T19:28:40.458+0000] {dag.py:3954} INFO - Setting next_dagrun for pakakumi_scraper to 2026-01-02 18:00:00+00:00, run_after=2026-01-02 19:00:00+00:00
[2026-01-02T19:28:40.491+0000] {processor.py:183} INFO - Processing /opt/airflow/dags/pakakumi_scraper.py took 0.187 seconds
[2026-01-02T19:29:10.837+0000] {processor.py:161} INFO - Started process (PID=1394) to work on /opt/airflow/dags/pakakumi_scraper.py
[2026-01-02T19:29:10.839+0000] {processor.py:830} INFO - Processing file /opt/airflow/dags/pakakumi_scraper.py for tasks to queue
[2026-01-02T19:29:10.842+0000] {logging_mixin.py:188} INFO - [2026-01-02T19:29:10.842+0000] {dagbag.py:540} INFO - Filling up the DagBag from /opt/airflow/dags/pakakumi_scraper.py
[2026-01-02T19:29:10.876+0000] {processor.py:840} INFO - DAG(s) 'pakakumi_scraper' retrieved from /opt/airflow/dags/pakakumi_scraper.py
[2026-01-02T19:29:10.928+0000] {logging_mixin.py:188} INFO - [2026-01-02T19:29:10.928+0000] {dag.py:3096} INFO - Sync 1 DAGs
[2026-01-02T19:29:10.967+0000] {logging_mixin.py:188} INFO - [2026-01-02T19:29:10.966+0000] {dag.py:3954} INFO - Setting next_dagrun for pakakumi_scraper to 2026-01-02 18:00:00+00:00, run_after=2026-01-02 19:00:00+00:00
[2026-01-02T19:29:10.995+0000] {processor.py:183} INFO - Processing /opt/airflow/dags/pakakumi_scraper.py took 0.170 seconds
[2026-01-02T19:29:41.211+0000] {processor.py:161} INFO - Started process (PID=1399) to work on /opt/airflow/dags/pakakumi_scraper.py
[2026-01-02T19:29:41.213+0000] {processor.py:830} INFO - Processing file /opt/airflow/dags/pakakumi_scraper.py for tasks to queue
[2026-01-02T19:29:41.218+0000] {logging_mixin.py:188} INFO - [2026-01-02T19:29:41.217+0000] {dagbag.py:540} INFO - Filling up the DagBag from /opt/airflow/dags/pakakumi_scraper.py
[2026-01-02T19:29:41.246+0000] {processor.py:840} INFO - DAG(s) 'pakakumi_scraper' retrieved from /opt/airflow/dags/pakakumi_scraper.py
[2026-01-02T19:29:41.296+0000] {logging_mixin.py:188} INFO - [2026-01-02T19:29:41.296+0000] {dag.py:3096} INFO - Sync 1 DAGs
[2026-01-02T19:29:41.335+0000] {logging_mixin.py:188} INFO - [2026-01-02T19:29:41.334+0000] {dag.py:3954} INFO - Setting next_dagrun for pakakumi_scraper to 2026-01-02 18:00:00+00:00, run_after=2026-01-02 19:00:00+00:00
[2026-01-02T19:29:41.364+0000] {processor.py:183} INFO - Processing /opt/airflow/dags/pakakumi_scraper.py took 0.168 seconds
[2026-01-02T19:30:11.561+0000] {processor.py:161} INFO - Started process (PID=1404) to work on /opt/airflow/dags/pakakumi_scraper.py
[2026-01-02T19:30:11.562+0000] {processor.py:830} INFO - Processing file /opt/airflow/dags/pakakumi_scraper.py for tasks to queue
[2026-01-02T19:30:11.566+0000] {logging_mixin.py:188} INFO - [2026-01-02T19:30:11.566+0000] {dagbag.py:540} INFO - Filling up the DagBag from /opt/airflow/dags/pakakumi_scraper.py
[2026-01-02T19:30:11.592+0000] {processor.py:840} INFO - DAG(s) 'pakakumi_scraper' retrieved from /opt/airflow/dags/pakakumi_scraper.py
[2026-01-02T19:30:11.641+0000] {logging_mixin.py:188} INFO - [2026-01-02T19:30:11.640+0000] {dag.py:3096} INFO - Sync 1 DAGs
[2026-01-02T19:30:11.687+0000] {logging_mixin.py:188} INFO - [2026-01-02T19:30:11.686+0000] {dag.py:3954} INFO - Setting next_dagrun for pakakumi_scraper to 2026-01-02 18:00:00+00:00, run_after=2026-01-02 19:00:00+00:00
[2026-01-02T19:30:11.730+0000] {processor.py:183} INFO - Processing /opt/airflow/dags/pakakumi_scraper.py took 0.181 seconds
[2026-01-02T19:30:41.875+0000] {processor.py:161} INFO - Started process (PID=1409) to work on /opt/airflow/dags/pakakumi_scraper.py
[2026-01-02T19:30:41.878+0000] {processor.py:830} INFO - Processing file /opt/airflow/dags/pakakumi_scraper.py for tasks to queue
[2026-01-02T19:30:41.883+0000] {logging_mixin.py:188} INFO - [2026-01-02T19:30:41.882+0000] {dagbag.py:540} INFO - Filling up the DagBag from /opt/airflow/dags/pakakumi_scraper.py
[2026-01-02T19:30:41.919+0000] {processor.py:840} INFO - DAG(s) 'pakakumi_scraper' retrieved from /opt/airflow/dags/pakakumi_scraper.py
[2026-01-02T19:30:41.962+0000] {logging_mixin.py:188} INFO - [2026-01-02T19:30:41.962+0000] {dag.py:3096} INFO - Sync 1 DAGs
[2026-01-02T19:30:41.999+0000] {logging_mixin.py:188} INFO - [2026-01-02T19:30:41.999+0000] {dag.py:3954} INFO - Setting next_dagrun for pakakumi_scraper to 2026-01-02 18:00:00+00:00, run_after=2026-01-02 19:00:00+00:00
[2026-01-02T19:30:42.037+0000] {processor.py:183} INFO - Processing /opt/airflow/dags/pakakumi_scraper.py took 0.179 seconds
[2026-01-02T19:31:12.128+0000] {processor.py:161} INFO - Started process (PID=1414) to work on /opt/airflow/dags/pakakumi_scraper.py
[2026-01-02T19:31:12.130+0000] {processor.py:830} INFO - Processing file /opt/airflow/dags/pakakumi_scraper.py for tasks to queue
[2026-01-02T19:31:12.133+0000] {logging_mixin.py:188} INFO - [2026-01-02T19:31:12.132+0000] {dagbag.py:540} INFO - Filling up the DagBag from /opt/airflow/dags/pakakumi_scraper.py
[2026-01-02T19:31:12.166+0000] {processor.py:840} INFO - DAG(s) 'pakakumi_scraper' retrieved from /opt/airflow/dags/pakakumi_scraper.py
[2026-01-02T19:31:12.227+0000] {logging_mixin.py:188} INFO - [2026-01-02T19:31:12.226+0000] {dag.py:3096} INFO - Sync 1 DAGs
[2026-01-02T19:31:12.275+0000] {logging_mixin.py:188} INFO - [2026-01-02T19:31:12.275+0000] {dag.py:3954} INFO - Setting next_dagrun for pakakumi_scraper to 2026-01-02 18:00:00+00:00, run_after=2026-01-02 19:00:00+00:00
[2026-01-02T19:31:12.318+0000] {processor.py:183} INFO - Processing /opt/airflow/dags/pakakumi_scraper.py took 0.201 seconds
[2026-01-02T19:31:42.448+0000] {processor.py:161} INFO - Started process (PID=1419) to work on /opt/airflow/dags/pakakumi_scraper.py
[2026-01-02T19:31:42.449+0000] {processor.py:830} INFO - Processing file /opt/airflow/dags/pakakumi_scraper.py for tasks to queue
[2026-01-02T19:31:42.455+0000] {logging_mixin.py:188} INFO - [2026-01-02T19:31:42.454+0000] {dagbag.py:540} INFO - Filling up the DagBag from /opt/airflow/dags/pakakumi_scraper.py
[2026-01-02T19:31:42.487+0000] {processor.py:840} INFO - DAG(s) 'pakakumi_scraper' retrieved from /opt/airflow/dags/pakakumi_scraper.py
[2026-01-02T19:31:42.537+0000] {logging_mixin.py:188} INFO - [2026-01-02T19:31:42.537+0000] {dag.py:3096} INFO - Sync 1 DAGs
[2026-01-02T19:31:42.571+0000] {logging_mixin.py:188} INFO - [2026-01-02T19:31:42.571+0000] {dag.py:3954} INFO - Setting next_dagrun for pakakumi_scraper to 2026-01-02 18:00:00+00:00, run_after=2026-01-02 19:00:00+00:00
[2026-01-02T19:31:42.596+0000] {processor.py:183} INFO - Processing /opt/airflow/dags/pakakumi_scraper.py took 0.165 seconds
[2026-01-02T19:32:12.814+0000] {processor.py:161} INFO - Started process (PID=1424) to work on /opt/airflow/dags/pakakumi_scraper.py
[2026-01-02T19:32:12.815+0000] {processor.py:830} INFO - Processing file /opt/airflow/dags/pakakumi_scraper.py for tasks to queue
[2026-01-02T19:32:12.819+0000] {logging_mixin.py:188} INFO - [2026-01-02T19:32:12.819+0000] {dagbag.py:540} INFO - Filling up the DagBag from /opt/airflow/dags/pakakumi_scraper.py
[2026-01-02T19:32:12.846+0000] {processor.py:840} INFO - DAG(s) 'pakakumi_scraper' retrieved from /opt/airflow/dags/pakakumi_scraper.py
[2026-01-02T19:32:12.904+0000] {logging_mixin.py:188} INFO - [2026-01-02T19:32:12.904+0000] {dag.py:3096} INFO - Sync 1 DAGs
[2026-01-02T19:32:12.941+0000] {logging_mixin.py:188} INFO - [2026-01-02T19:32:12.941+0000] {dag.py:3954} INFO - Setting next_dagrun for pakakumi_scraper to 2026-01-02 18:00:00+00:00, run_after=2026-01-02 19:00:00+00:00
[2026-01-02T19:32:12.967+0000] {processor.py:183} INFO - Processing /opt/airflow/dags/pakakumi_scraper.py took 0.162 seconds
[2026-01-02T19:32:43.172+0000] {processor.py:161} INFO - Started process (PID=1429) to work on /opt/airflow/dags/pakakumi_scraper.py
[2026-01-02T19:32:43.174+0000] {processor.py:830} INFO - Processing file /opt/airflow/dags/pakakumi_scraper.py for tasks to queue
[2026-01-02T19:32:43.179+0000] {logging_mixin.py:188} INFO - [2026-01-02T19:32:43.178+0000] {dagbag.py:540} INFO - Filling up the DagBag from /opt/airflow/dags/pakakumi_scraper.py
[2026-01-02T19:32:43.208+0000] {processor.py:840} INFO - DAG(s) 'pakakumi_scraper' retrieved from /opt/airflow/dags/pakakumi_scraper.py
[2026-01-02T19:32:43.269+0000] {logging_mixin.py:188} INFO - [2026-01-02T19:32:43.269+0000] {dag.py:3096} INFO - Sync 1 DAGs
[2026-01-02T19:32:43.311+0000] {logging_mixin.py:188} INFO - [2026-01-02T19:32:43.310+0000] {dag.py:3954} INFO - Setting next_dagrun for pakakumi_scraper to 2026-01-02 18:00:00+00:00, run_after=2026-01-02 19:00:00+00:00
[2026-01-02T19:32:43.340+0000] {processor.py:183} INFO - Processing /opt/airflow/dags/pakakumi_scraper.py took 0.177 seconds
[2026-01-02T19:33:13.648+0000] {processor.py:161} INFO - Started process (PID=1434) to work on /opt/airflow/dags/pakakumi_scraper.py
[2026-01-02T19:33:13.650+0000] {processor.py:830} INFO - Processing file /opt/airflow/dags/pakakumi_scraper.py for tasks to queue
[2026-01-02T19:33:13.653+0000] {logging_mixin.py:188} INFO - [2026-01-02T19:33:13.653+0000] {dagbag.py:540} INFO - Filling up the DagBag from /opt/airflow/dags/pakakumi_scraper.py
[2026-01-02T19:33:13.701+0000] {processor.py:840} INFO - DAG(s) 'pakakumi_scraper' retrieved from /opt/airflow/dags/pakakumi_scraper.py
[2026-01-02T19:33:13.748+0000] {logging_mixin.py:188} INFO - [2026-01-02T19:33:13.748+0000] {dag.py:3096} INFO - Sync 1 DAGs
[2026-01-02T19:33:13.788+0000] {logging_mixin.py:188} INFO - [2026-01-02T19:33:13.787+0000] {dag.py:3954} INFO - Setting next_dagrun for pakakumi_scraper to 2026-01-02 18:00:00+00:00, run_after=2026-01-02 19:00:00+00:00
[2026-01-02T19:33:13.821+0000] {processor.py:183} INFO - Processing /opt/airflow/dags/pakakumi_scraper.py took 0.184 seconds
[2026-01-02T19:33:44.038+0000] {processor.py:161} INFO - Started process (PID=1439) to work on /opt/airflow/dags/pakakumi_scraper.py
[2026-01-02T19:33:44.040+0000] {processor.py:830} INFO - Processing file /opt/airflow/dags/pakakumi_scraper.py for tasks to queue
[2026-01-02T19:33:44.045+0000] {logging_mixin.py:188} INFO - [2026-01-02T19:33:44.044+0000] {dagbag.py:540} INFO - Filling up the DagBag from /opt/airflow/dags/pakakumi_scraper.py
[2026-01-02T19:33:44.081+0000] {processor.py:840} INFO - DAG(s) 'pakakumi_scraper' retrieved from /opt/airflow/dags/pakakumi_scraper.py
[2026-01-02T19:33:44.142+0000] {logging_mixin.py:188} INFO - [2026-01-02T19:33:44.141+0000] {dag.py:3096} INFO - Sync 1 DAGs
[2026-01-02T19:33:44.187+0000] {logging_mixin.py:188} INFO - [2026-01-02T19:33:44.186+0000] {dag.py:3954} INFO - Setting next_dagrun for pakakumi_scraper to 2026-01-02 18:00:00+00:00, run_after=2026-01-02 19:00:00+00:00
[2026-01-02T19:33:44.219+0000] {processor.py:183} INFO - Processing /opt/airflow/dags/pakakumi_scraper.py took 0.194 seconds
[2026-01-02T19:34:14.463+0000] {processor.py:161} INFO - Started process (PID=1444) to work on /opt/airflow/dags/pakakumi_scraper.py
[2026-01-02T19:34:14.465+0000] {processor.py:830} INFO - Processing file /opt/airflow/dags/pakakumi_scraper.py for tasks to queue
[2026-01-02T19:34:14.469+0000] {logging_mixin.py:188} INFO - [2026-01-02T19:34:14.468+0000] {dagbag.py:540} INFO - Filling up the DagBag from /opt/airflow/dags/pakakumi_scraper.py
[2026-01-02T19:34:14.498+0000] {processor.py:840} INFO - DAG(s) 'pakakumi_scraper' retrieved from /opt/airflow/dags/pakakumi_scraper.py
[2026-01-02T19:34:14.544+0000] {logging_mixin.py:188} INFO - [2026-01-02T19:34:14.544+0000] {dag.py:3096} INFO - Sync 1 DAGs
[2026-01-02T19:34:14.583+0000] {logging_mixin.py:188} INFO - [2026-01-02T19:34:14.583+0000] {dag.py:3954} INFO - Setting next_dagrun for pakakumi_scraper to 2026-01-02 18:00:00+00:00, run_after=2026-01-02 19:00:00+00:00
[2026-01-02T19:34:14.614+0000] {processor.py:183} INFO - Processing /opt/airflow/dags/pakakumi_scraper.py took 0.162 seconds
[2026-01-02T19:34:44.865+0000] {processor.py:161} INFO - Started process (PID=1449) to work on /opt/airflow/dags/pakakumi_scraper.py
[2026-01-02T19:34:44.867+0000] {processor.py:830} INFO - Processing file /opt/airflow/dags/pakakumi_scraper.py for tasks to queue
[2026-01-02T19:34:44.871+0000] {logging_mixin.py:188} INFO - [2026-01-02T19:34:44.870+0000] {dagbag.py:540} INFO - Filling up the DagBag from /opt/airflow/dags/pakakumi_scraper.py
[2026-01-02T19:34:44.903+0000] {processor.py:840} INFO - DAG(s) 'pakakumi_scraper' retrieved from /opt/airflow/dags/pakakumi_scraper.py
[2026-01-02T19:34:44.952+0000] {logging_mixin.py:188} INFO - [2026-01-02T19:34:44.951+0000] {dag.py:3096} INFO - Sync 1 DAGs
[2026-01-02T19:34:44.992+0000] {logging_mixin.py:188} INFO - [2026-01-02T19:34:44.991+0000] {dag.py:3954} INFO - Setting next_dagrun for pakakumi_scraper to 2026-01-02 18:00:00+00:00, run_after=2026-01-02 19:00:00+00:00
[2026-01-02T19:34:45.022+0000] {processor.py:183} INFO - Processing /opt/airflow/dags/pakakumi_scraper.py took 0.168 seconds
[2026-01-02T19:35:15.107+0000] {processor.py:161} INFO - Started process (PID=1454) to work on /opt/airflow/dags/pakakumi_scraper.py
[2026-01-02T19:35:15.109+0000] {processor.py:830} INFO - Processing file /opt/airflow/dags/pakakumi_scraper.py for tasks to queue
[2026-01-02T19:35:15.114+0000] {logging_mixin.py:188} INFO - [2026-01-02T19:35:15.113+0000] {dagbag.py:540} INFO - Filling up the DagBag from /opt/airflow/dags/pakakumi_scraper.py
[2026-01-02T19:35:15.143+0000] {processor.py:840} INFO - DAG(s) 'pakakumi_scraper' retrieved from /opt/airflow/dags/pakakumi_scraper.py
[2026-01-02T19:35:15.195+0000] {logging_mixin.py:188} INFO - [2026-01-02T19:35:15.194+0000] {dag.py:3096} INFO - Sync 1 DAGs
[2026-01-02T19:35:15.240+0000] {logging_mixin.py:188} INFO - [2026-01-02T19:35:15.240+0000] {dag.py:3954} INFO - Setting next_dagrun for pakakumi_scraper to 2026-01-02 18:00:00+00:00, run_after=2026-01-02 19:00:00+00:00
[2026-01-02T19:35:15.275+0000] {processor.py:183} INFO - Processing /opt/airflow/dags/pakakumi_scraper.py took 0.182 seconds
[2026-01-02T19:35:45.433+0000] {processor.py:161} INFO - Started process (PID=1459) to work on /opt/airflow/dags/pakakumi_scraper.py
[2026-01-02T19:35:45.435+0000] {processor.py:830} INFO - Processing file /opt/airflow/dags/pakakumi_scraper.py for tasks to queue
[2026-01-02T19:35:45.441+0000] {logging_mixin.py:188} INFO - [2026-01-02T19:35:45.440+0000] {dagbag.py:540} INFO - Filling up the DagBag from /opt/airflow/dags/pakakumi_scraper.py
[2026-01-02T19:35:45.472+0000] {processor.py:840} INFO - DAG(s) 'pakakumi_scraper' retrieved from /opt/airflow/dags/pakakumi_scraper.py
[2026-01-02T19:35:45.517+0000] {logging_mixin.py:188} INFO - [2026-01-02T19:35:45.517+0000] {dag.py:3096} INFO - Sync 1 DAGs
[2026-01-02T19:35:45.556+0000] {logging_mixin.py:188} INFO - [2026-01-02T19:35:45.556+0000] {dag.py:3954} INFO - Setting next_dagrun for pakakumi_scraper to 2026-01-02 18:00:00+00:00, run_after=2026-01-02 19:00:00+00:00
[2026-01-02T19:35:45.586+0000] {processor.py:183} INFO - Processing /opt/airflow/dags/pakakumi_scraper.py took 0.163 seconds
[2026-01-02T19:36:15.688+0000] {processor.py:161} INFO - Started process (PID=1464) to work on /opt/airflow/dags/pakakumi_scraper.py
[2026-01-02T19:36:15.690+0000] {processor.py:830} INFO - Processing file /opt/airflow/dags/pakakumi_scraper.py for tasks to queue
[2026-01-02T19:36:15.695+0000] {logging_mixin.py:188} INFO - [2026-01-02T19:36:15.694+0000] {dagbag.py:540} INFO - Filling up the DagBag from /opt/airflow/dags/pakakumi_scraper.py
[2026-01-02T19:36:15.734+0000] {processor.py:840} INFO - DAG(s) 'pakakumi_scraper' retrieved from /opt/airflow/dags/pakakumi_scraper.py
[2026-01-02T19:36:15.788+0000] {logging_mixin.py:188} INFO - [2026-01-02T19:36:15.787+0000] {dag.py:3096} INFO - Sync 1 DAGs
[2026-01-02T19:36:15.832+0000] {logging_mixin.py:188} INFO - [2026-01-02T19:36:15.831+0000] {dag.py:3954} INFO - Setting next_dagrun for pakakumi_scraper to 2026-01-02 18:00:00+00:00, run_after=2026-01-02 19:00:00+00:00
[2026-01-02T19:36:15.867+0000] {processor.py:183} INFO - Processing /opt/airflow/dags/pakakumi_scraper.py took 0.190 seconds
[2026-01-02T19:36:46.001+0000] {processor.py:161} INFO - Started process (PID=1469) to work on /opt/airflow/dags/pakakumi_scraper.py
[2026-01-02T19:36:46.004+0000] {processor.py:830} INFO - Processing file /opt/airflow/dags/pakakumi_scraper.py for tasks to queue
[2026-01-02T19:36:46.010+0000] {logging_mixin.py:188} INFO - [2026-01-02T19:36:46.010+0000] {dagbag.py:540} INFO - Filling up the DagBag from /opt/airflow/dags/pakakumi_scraper.py
[2026-01-02T19:36:46.044+0000] {processor.py:840} INFO - DAG(s) 'pakakumi_scraper' retrieved from /opt/airflow/dags/pakakumi_scraper.py
[2026-01-02T19:36:46.093+0000] {logging_mixin.py:188} INFO - [2026-01-02T19:36:46.092+0000] {dag.py:3096} INFO - Sync 1 DAGs
[2026-01-02T19:36:46.137+0000] {logging_mixin.py:188} INFO - [2026-01-02T19:36:46.136+0000] {dag.py:3954} INFO - Setting next_dagrun for pakakumi_scraper to 2026-01-02 18:00:00+00:00, run_after=2026-01-02 19:00:00+00:00
[2026-01-02T19:36:46.171+0000] {processor.py:183} INFO - Processing /opt/airflow/dags/pakakumi_scraper.py took 0.185 seconds
[2026-01-02T19:37:16.273+0000] {processor.py:161} INFO - Started process (PID=1474) to work on /opt/airflow/dags/pakakumi_scraper.py
[2026-01-02T19:37:16.275+0000] {processor.py:830} INFO - Processing file /opt/airflow/dags/pakakumi_scraper.py for tasks to queue
[2026-01-02T19:37:16.279+0000] {logging_mixin.py:188} INFO - [2026-01-02T19:37:16.279+0000] {dagbag.py:540} INFO - Filling up the DagBag from /opt/airflow/dags/pakakumi_scraper.py
[2026-01-02T19:37:16.332+0000] {processor.py:840} INFO - DAG(s) 'pakakumi_scraper' retrieved from /opt/airflow/dags/pakakumi_scraper.py
[2026-01-02T19:37:16.383+0000] {logging_mixin.py:188} INFO - [2026-01-02T19:37:16.383+0000] {dag.py:3096} INFO - Sync 1 DAGs
[2026-01-02T19:37:16.435+0000] {logging_mixin.py:188} INFO - [2026-01-02T19:37:16.435+0000] {dag.py:3954} INFO - Setting next_dagrun for pakakumi_scraper to 2026-01-02 18:00:00+00:00, run_after=2026-01-02 19:00:00+00:00
[2026-01-02T19:37:16.467+0000] {processor.py:183} INFO - Processing /opt/airflow/dags/pakakumi_scraper.py took 0.204 seconds
[2026-01-02T19:37:46.602+0000] {processor.py:161} INFO - Started process (PID=1479) to work on /opt/airflow/dags/pakakumi_scraper.py
[2026-01-02T19:37:46.605+0000] {processor.py:830} INFO - Processing file /opt/airflow/dags/pakakumi_scraper.py for tasks to queue
[2026-01-02T19:37:46.613+0000] {logging_mixin.py:188} INFO - [2026-01-02T19:37:46.612+0000] {dagbag.py:540} INFO - Filling up the DagBag from /opt/airflow/dags/pakakumi_scraper.py
[2026-01-02T19:37:46.669+0000] {processor.py:840} INFO - DAG(s) 'pakakumi_scraper' retrieved from /opt/airflow/dags/pakakumi_scraper.py
[2026-01-02T19:37:46.739+0000] {logging_mixin.py:188} INFO - [2026-01-02T19:37:46.738+0000] {dag.py:3096} INFO - Sync 1 DAGs
[2026-01-02T19:37:46.777+0000] {logging_mixin.py:188} INFO - [2026-01-02T19:37:46.776+0000] {dag.py:3954} INFO - Setting next_dagrun for pakakumi_scraper to 2026-01-02 18:00:00+00:00, run_after=2026-01-02 19:00:00+00:00
[2026-01-02T19:37:46.801+0000] {processor.py:183} INFO - Processing /opt/airflow/dags/pakakumi_scraper.py took 0.221 seconds
[2026-01-02T19:38:16.907+0000] {processor.py:161} INFO - Started process (PID=1484) to work on /opt/airflow/dags/pakakumi_scraper.py
[2026-01-02T19:38:16.909+0000] {processor.py:830} INFO - Processing file /opt/airflow/dags/pakakumi_scraper.py for tasks to queue
[2026-01-02T19:38:16.912+0000] {logging_mixin.py:188} INFO - [2026-01-02T19:38:16.911+0000] {dagbag.py:540} INFO - Filling up the DagBag from /opt/airflow/dags/pakakumi_scraper.py
[2026-01-02T19:38:16.949+0000] {processor.py:840} INFO - DAG(s) 'pakakumi_scraper' retrieved from /opt/airflow/dags/pakakumi_scraper.py
[2026-01-02T19:38:16.998+0000] {logging_mixin.py:188} INFO - [2026-01-02T19:38:16.997+0000] {dag.py:3096} INFO - Sync 1 DAGs
[2026-01-02T19:38:17.040+0000] {logging_mixin.py:188} INFO - [2026-01-02T19:38:17.040+0000] {dag.py:3954} INFO - Setting next_dagrun for pakakumi_scraper to 2026-01-02 18:00:00+00:00, run_after=2026-01-02 19:00:00+00:00
[2026-01-02T19:38:17.071+0000] {processor.py:183} INFO - Processing /opt/airflow/dags/pakakumi_scraper.py took 0.174 seconds
[2026-01-02T19:38:47.203+0000] {processor.py:161} INFO - Started process (PID=1489) to work on /opt/airflow/dags/pakakumi_scraper.py
[2026-01-02T19:38:47.205+0000] {processor.py:830} INFO - Processing file /opt/airflow/dags/pakakumi_scraper.py for tasks to queue
[2026-01-02T19:38:47.209+0000] {logging_mixin.py:188} INFO - [2026-01-02T19:38:47.208+0000] {dagbag.py:540} INFO - Filling up the DagBag from /opt/airflow/dags/pakakumi_scraper.py
[2026-01-02T19:38:47.238+0000] {processor.py:840} INFO - DAG(s) 'pakakumi_scraper' retrieved from /opt/airflow/dags/pakakumi_scraper.py
[2026-01-02T19:38:47.283+0000] {logging_mixin.py:188} INFO - [2026-01-02T19:38:47.282+0000] {dag.py:3096} INFO - Sync 1 DAGs
[2026-01-02T19:38:47.317+0000] {logging_mixin.py:188} INFO - [2026-01-02T19:38:47.317+0000] {dag.py:3954} INFO - Setting next_dagrun for pakakumi_scraper to 2026-01-02 18:00:00+00:00, run_after=2026-01-02 19:00:00+00:00
[2026-01-02T19:38:47.345+0000] {processor.py:183} INFO - Processing /opt/airflow/dags/pakakumi_scraper.py took 0.152 seconds
[2026-01-02T19:39:17.495+0000] {processor.py:161} INFO - Started process (PID=1494) to work on /opt/airflow/dags/pakakumi_scraper.py
[2026-01-02T19:39:17.497+0000] {processor.py:830} INFO - Processing file /opt/airflow/dags/pakakumi_scraper.py for tasks to queue
[2026-01-02T19:39:17.500+0000] {logging_mixin.py:188} INFO - [2026-01-02T19:39:17.499+0000] {dagbag.py:540} INFO - Filling up the DagBag from /opt/airflow/dags/pakakumi_scraper.py
[2026-01-02T19:39:17.527+0000] {processor.py:840} INFO - DAG(s) 'pakakumi_scraper' retrieved from /opt/airflow/dags/pakakumi_scraper.py
[2026-01-02T19:39:17.570+0000] {logging_mixin.py:188} INFO - [2026-01-02T19:39:17.570+0000] {dag.py:3096} INFO - Sync 1 DAGs
[2026-01-02T19:39:17.605+0000] {logging_mixin.py:188} INFO - [2026-01-02T19:39:17.605+0000] {dag.py:3954} INFO - Setting next_dagrun for pakakumi_scraper to 2026-01-02 18:00:00+00:00, run_after=2026-01-02 19:00:00+00:00
[2026-01-02T19:39:17.632+0000] {processor.py:183} INFO - Processing /opt/airflow/dags/pakakumi_scraper.py took 0.147 seconds
[2026-01-02T19:39:47.784+0000] {processor.py:161} INFO - Started process (PID=1499) to work on /opt/airflow/dags/pakakumi_scraper.py
[2026-01-02T19:39:47.785+0000] {processor.py:830} INFO - Processing file /opt/airflow/dags/pakakumi_scraper.py for tasks to queue
[2026-01-02T19:39:47.790+0000] {logging_mixin.py:188} INFO - [2026-01-02T19:39:47.789+0000] {dagbag.py:540} INFO - Filling up the DagBag from /opt/airflow/dags/pakakumi_scraper.py
[2026-01-02T19:39:47.824+0000] {processor.py:840} INFO - DAG(s) 'pakakumi_scraper' retrieved from /opt/airflow/dags/pakakumi_scraper.py
[2026-01-02T19:39:47.877+0000] {logging_mixin.py:188} INFO - [2026-01-02T19:39:47.876+0000] {dag.py:3096} INFO - Sync 1 DAGs
[2026-01-02T19:39:47.930+0000] {logging_mixin.py:188} INFO - [2026-01-02T19:39:47.930+0000] {dag.py:3954} INFO - Setting next_dagrun for pakakumi_scraper to 2026-01-02 18:00:00+00:00, run_after=2026-01-02 19:00:00+00:00
[2026-01-02T19:39:47.962+0000] {processor.py:183} INFO - Processing /opt/airflow/dags/pakakumi_scraper.py took 0.190 seconds
[2026-01-02T19:40:18.027+0000] {processor.py:161} INFO - Started process (PID=1504) to work on /opt/airflow/dags/pakakumi_scraper.py
[2026-01-02T19:40:18.028+0000] {processor.py:830} INFO - Processing file /opt/airflow/dags/pakakumi_scraper.py for tasks to queue
[2026-01-02T19:40:18.032+0000] {logging_mixin.py:188} INFO - [2026-01-02T19:40:18.032+0000] {dagbag.py:540} INFO - Filling up the DagBag from /opt/airflow/dags/pakakumi_scraper.py
[2026-01-02T19:40:18.061+0000] {processor.py:840} INFO - DAG(s) 'pakakumi_scraper' retrieved from /opt/airflow/dags/pakakumi_scraper.py
[2026-01-02T19:40:18.108+0000] {logging_mixin.py:188} INFO - [2026-01-02T19:40:18.108+0000] {dag.py:3096} INFO - Sync 1 DAGs
[2026-01-02T19:40:18.143+0000] {logging_mixin.py:188} INFO - [2026-01-02T19:40:18.143+0000] {dag.py:3954} INFO - Setting next_dagrun for pakakumi_scraper to 2026-01-02 18:00:00+00:00, run_after=2026-01-02 19:00:00+00:00
[2026-01-02T19:40:18.170+0000] {processor.py:183} INFO - Processing /opt/airflow/dags/pakakumi_scraper.py took 0.154 seconds
[2026-01-02T19:40:48.284+0000] {processor.py:161} INFO - Started process (PID=1509) to work on /opt/airflow/dags/pakakumi_scraper.py
[2026-01-02T19:40:48.286+0000] {processor.py:830} INFO - Processing file /opt/airflow/dags/pakakumi_scraper.py for tasks to queue
[2026-01-02T19:40:48.290+0000] {logging_mixin.py:188} INFO - [2026-01-02T19:40:48.289+0000] {dagbag.py:540} INFO - Filling up the DagBag from /opt/airflow/dags/pakakumi_scraper.py
[2026-01-02T19:40:48.317+0000] {processor.py:840} INFO - DAG(s) 'pakakumi_scraper' retrieved from /opt/airflow/dags/pakakumi_scraper.py
[2026-01-02T19:40:48.361+0000] {logging_mixin.py:188} INFO - [2026-01-02T19:40:48.361+0000] {dag.py:3096} INFO - Sync 1 DAGs
[2026-01-02T19:40:48.399+0000] {logging_mixin.py:188} INFO - [2026-01-02T19:40:48.399+0000] {dag.py:3954} INFO - Setting next_dagrun for pakakumi_scraper to 2026-01-02 18:00:00+00:00, run_after=2026-01-02 19:00:00+00:00
[2026-01-02T19:40:48.425+0000] {processor.py:183} INFO - Processing /opt/airflow/dags/pakakumi_scraper.py took 0.151 seconds
[2026-01-02T19:41:18.584+0000] {processor.py:161} INFO - Started process (PID=1514) to work on /opt/airflow/dags/pakakumi_scraper.py
[2026-01-02T19:41:18.585+0000] {processor.py:830} INFO - Processing file /opt/airflow/dags/pakakumi_scraper.py for tasks to queue
[2026-01-02T19:41:18.589+0000] {logging_mixin.py:188} INFO - [2026-01-02T19:41:18.589+0000] {dagbag.py:540} INFO - Filling up the DagBag from /opt/airflow/dags/pakakumi_scraper.py
[2026-01-02T19:41:18.631+0000] {processor.py:840} INFO - DAG(s) 'pakakumi_scraper' retrieved from /opt/airflow/dags/pakakumi_scraper.py
[2026-01-02T19:41:18.674+0000] {logging_mixin.py:188} INFO - [2026-01-02T19:41:18.674+0000] {dag.py:3096} INFO - Sync 1 DAGs
[2026-01-02T19:41:18.716+0000] {logging_mixin.py:188} INFO - [2026-01-02T19:41:18.716+0000] {dag.py:3954} INFO - Setting next_dagrun for pakakumi_scraper to 2026-01-02 18:00:00+00:00, run_after=2026-01-02 19:00:00+00:00
[2026-01-02T19:41:18.760+0000] {processor.py:183} INFO - Processing /opt/airflow/dags/pakakumi_scraper.py took 0.188 seconds
[2026-01-02T19:41:48.998+0000] {processor.py:161} INFO - Started process (PID=1519) to work on /opt/airflow/dags/pakakumi_scraper.py
[2026-01-02T19:41:49.000+0000] {processor.py:830} INFO - Processing file /opt/airflow/dags/pakakumi_scraper.py for tasks to queue
[2026-01-02T19:41:49.004+0000] {logging_mixin.py:188} INFO - [2026-01-02T19:41:49.004+0000] {dagbag.py:540} INFO - Filling up the DagBag from /opt/airflow/dags/pakakumi_scraper.py
[2026-01-02T19:41:49.038+0000] {processor.py:840} INFO - DAG(s) 'pakakumi_scraper' retrieved from /opt/airflow/dags/pakakumi_scraper.py
[2026-01-02T19:41:49.096+0000] {logging_mixin.py:188} INFO - [2026-01-02T19:41:49.095+0000] {dag.py:3096} INFO - Sync 1 DAGs
[2026-01-02T19:41:49.139+0000] {logging_mixin.py:188} INFO - [2026-01-02T19:41:49.139+0000] {dag.py:3954} INFO - Setting next_dagrun for pakakumi_scraper to 2026-01-02 18:00:00+00:00, run_after=2026-01-02 19:00:00+00:00
[2026-01-02T19:41:49.169+0000] {processor.py:183} INFO - Processing /opt/airflow/dags/pakakumi_scraper.py took 0.187 seconds
[2026-01-02T19:42:19.230+0000] {processor.py:161} INFO - Started process (PID=1524) to work on /opt/airflow/dags/pakakumi_scraper.py
[2026-01-02T19:42:19.232+0000] {processor.py:830} INFO - Processing file /opt/airflow/dags/pakakumi_scraper.py for tasks to queue
[2026-01-02T19:42:19.235+0000] {logging_mixin.py:188} INFO - [2026-01-02T19:42:19.234+0000] {dagbag.py:540} INFO - Filling up the DagBag from /opt/airflow/dags/pakakumi_scraper.py
[2026-01-02T19:42:19.266+0000] {processor.py:840} INFO - DAG(s) 'pakakumi_scraper' retrieved from /opt/airflow/dags/pakakumi_scraper.py
[2026-01-02T19:42:19.315+0000] {logging_mixin.py:188} INFO - [2026-01-02T19:42:19.315+0000] {dag.py:3096} INFO - Sync 1 DAGs
[2026-01-02T19:42:19.353+0000] {logging_mixin.py:188} INFO - [2026-01-02T19:42:19.353+0000] {dag.py:3954} INFO - Setting next_dagrun for pakakumi_scraper to 2026-01-02 18:00:00+00:00, run_after=2026-01-02 19:00:00+00:00
[2026-01-02T19:42:19.380+0000] {processor.py:183} INFO - Processing /opt/airflow/dags/pakakumi_scraper.py took 0.161 seconds
[2026-01-02T19:42:49.667+0000] {processor.py:161} INFO - Started process (PID=1529) to work on /opt/airflow/dags/pakakumi_scraper.py
[2026-01-02T19:42:49.671+0000] {processor.py:830} INFO - Processing file /opt/airflow/dags/pakakumi_scraper.py for tasks to queue
[2026-01-02T19:42:49.677+0000] {logging_mixin.py:188} INFO - [2026-01-02T19:42:49.676+0000] {dagbag.py:540} INFO - Filling up the DagBag from /opt/airflow/dags/pakakumi_scraper.py
[2026-01-02T19:42:49.708+0000] {processor.py:840} INFO - DAG(s) 'pakakumi_scraper' retrieved from /opt/airflow/dags/pakakumi_scraper.py
[2026-01-02T19:42:49.757+0000] {logging_mixin.py:188} INFO - [2026-01-02T19:42:49.757+0000] {dag.py:3096} INFO - Sync 1 DAGs
[2026-01-02T19:42:49.794+0000] {logging_mixin.py:188} INFO - [2026-01-02T19:42:49.794+0000] {dag.py:3954} INFO - Setting next_dagrun for pakakumi_scraper to 2026-01-02 18:00:00+00:00, run_after=2026-01-02 19:00:00+00:00
[2026-01-02T19:42:49.818+0000] {processor.py:183} INFO - Processing /opt/airflow/dags/pakakumi_scraper.py took 0.168 seconds
[2026-01-02T19:43:20.027+0000] {processor.py:161} INFO - Started process (PID=1534) to work on /opt/airflow/dags/pakakumi_scraper.py
[2026-01-02T19:43:20.029+0000] {processor.py:830} INFO - Processing file /opt/airflow/dags/pakakumi_scraper.py for tasks to queue
[2026-01-02T19:43:20.032+0000] {logging_mixin.py:188} INFO - [2026-01-02T19:43:20.031+0000] {dagbag.py:540} INFO - Filling up the DagBag from /opt/airflow/dags/pakakumi_scraper.py
[2026-01-02T19:43:20.059+0000] {processor.py:840} INFO - DAG(s) 'pakakumi_scraper' retrieved from /opt/airflow/dags/pakakumi_scraper.py
[2026-01-02T19:43:20.103+0000] {logging_mixin.py:188} INFO - [2026-01-02T19:43:20.103+0000] {dag.py:3096} INFO - Sync 1 DAGs
[2026-01-02T19:43:20.149+0000] {logging_mixin.py:188} INFO - [2026-01-02T19:43:20.148+0000] {dag.py:3954} INFO - Setting next_dagrun for pakakumi_scraper to 2026-01-02 18:00:00+00:00, run_after=2026-01-02 19:00:00+00:00
[2026-01-02T19:43:20.183+0000] {processor.py:183} INFO - Processing /opt/airflow/dags/pakakumi_scraper.py took 0.166 seconds
[2026-01-02T19:43:50.390+0000] {processor.py:161} INFO - Started process (PID=1539) to work on /opt/airflow/dags/pakakumi_scraper.py
[2026-01-02T19:43:50.392+0000] {processor.py:830} INFO - Processing file /opt/airflow/dags/pakakumi_scraper.py for tasks to queue
[2026-01-02T19:43:50.395+0000] {logging_mixin.py:188} INFO - [2026-01-02T19:43:50.394+0000] {dagbag.py:540} INFO - Filling up the DagBag from /opt/airflow/dags/pakakumi_scraper.py
[2026-01-02T19:43:50.424+0000] {processor.py:840} INFO - DAG(s) 'pakakumi_scraper' retrieved from /opt/airflow/dags/pakakumi_scraper.py
[2026-01-02T19:43:50.469+0000] {logging_mixin.py:188} INFO - [2026-01-02T19:43:50.468+0000] {dag.py:3096} INFO - Sync 1 DAGs
[2026-01-02T19:43:50.511+0000] {logging_mixin.py:188} INFO - [2026-01-02T19:43:50.510+0000] {dag.py:3954} INFO - Setting next_dagrun for pakakumi_scraper to 2026-01-02 18:00:00+00:00, run_after=2026-01-02 19:00:00+00:00
[2026-01-02T19:43:50.542+0000] {processor.py:183} INFO - Processing /opt/airflow/dags/pakakumi_scraper.py took 0.161 seconds
[2026-01-02T19:44:20.748+0000] {processor.py:161} INFO - Started process (PID=1544) to work on /opt/airflow/dags/pakakumi_scraper.py
[2026-01-02T19:44:20.750+0000] {processor.py:830} INFO - Processing file /opt/airflow/dags/pakakumi_scraper.py for tasks to queue
[2026-01-02T19:44:20.753+0000] {logging_mixin.py:188} INFO - [2026-01-02T19:44:20.752+0000] {dagbag.py:540} INFO - Filling up the DagBag from /opt/airflow/dags/pakakumi_scraper.py
[2026-01-02T19:44:20.783+0000] {processor.py:840} INFO - DAG(s) 'pakakumi_scraper' retrieved from /opt/airflow/dags/pakakumi_scraper.py
[2026-01-02T19:44:20.827+0000] {logging_mixin.py:188} INFO - [2026-01-02T19:44:20.827+0000] {dag.py:3096} INFO - Sync 1 DAGs
[2026-01-02T19:44:20.868+0000] {logging_mixin.py:188} INFO - [2026-01-02T19:44:20.868+0000] {dag.py:3954} INFO - Setting next_dagrun for pakakumi_scraper to 2026-01-02 18:00:00+00:00, run_after=2026-01-02 19:00:00+00:00
[2026-01-02T19:44:20.898+0000] {processor.py:183} INFO - Processing /opt/airflow/dags/pakakumi_scraper.py took 0.160 seconds
[2026-01-02T19:44:51.108+0000] {processor.py:161} INFO - Started process (PID=1549) to work on /opt/airflow/dags/pakakumi_scraper.py
[2026-01-02T19:44:51.110+0000] {processor.py:830} INFO - Processing file /opt/airflow/dags/pakakumi_scraper.py for tasks to queue
[2026-01-02T19:44:51.113+0000] {logging_mixin.py:188} INFO - [2026-01-02T19:44:51.112+0000] {dagbag.py:540} INFO - Filling up the DagBag from /opt/airflow/dags/pakakumi_scraper.py
[2026-01-02T19:44:51.142+0000] {processor.py:840} INFO - DAG(s) 'pakakumi_scraper' retrieved from /opt/airflow/dags/pakakumi_scraper.py
[2026-01-02T19:44:51.185+0000] {logging_mixin.py:188} INFO - [2026-01-02T19:44:51.185+0000] {dag.py:3096} INFO - Sync 1 DAGs
[2026-01-02T19:44:51.221+0000] {logging_mixin.py:188} INFO - [2026-01-02T19:44:51.221+0000] {dag.py:3954} INFO - Setting next_dagrun for pakakumi_scraper to 2026-01-02 18:00:00+00:00, run_after=2026-01-02 19:00:00+00:00
[2026-01-02T19:44:51.251+0000] {processor.py:183} INFO - Processing /opt/airflow/dags/pakakumi_scraper.py took 0.154 seconds
[2026-01-02T19:45:21.322+0000] {processor.py:161} INFO - Started process (PID=1554) to work on /opt/airflow/dags/pakakumi_scraper.py
[2026-01-02T19:45:21.324+0000] {processor.py:830} INFO - Processing file /opt/airflow/dags/pakakumi_scraper.py for tasks to queue
[2026-01-02T19:45:21.327+0000] {logging_mixin.py:188} INFO - [2026-01-02T19:45:21.326+0000] {dagbag.py:540} INFO - Filling up the DagBag from /opt/airflow/dags/pakakumi_scraper.py
[2026-01-02T19:45:21.355+0000] {processor.py:840} INFO - DAG(s) 'pakakumi_scraper' retrieved from /opt/airflow/dags/pakakumi_scraper.py
[2026-01-02T19:45:21.402+0000] {logging_mixin.py:188} INFO - [2026-01-02T19:45:21.402+0000] {dag.py:3096} INFO - Sync 1 DAGs
[2026-01-02T19:45:21.439+0000] {logging_mixin.py:188} INFO - [2026-01-02T19:45:21.439+0000] {dag.py:3954} INFO - Setting next_dagrun for pakakumi_scraper to 2026-01-02 18:00:00+00:00, run_after=2026-01-02 19:00:00+00:00
[2026-01-02T19:45:21.466+0000] {processor.py:183} INFO - Processing /opt/airflow/dags/pakakumi_scraper.py took 0.153 seconds
[2026-01-02T19:45:51.642+0000] {processor.py:161} INFO - Started process (PID=1559) to work on /opt/airflow/dags/pakakumi_scraper.py
[2026-01-02T19:45:51.643+0000] {processor.py:830} INFO - Processing file /opt/airflow/dags/pakakumi_scraper.py for tasks to queue
[2026-01-02T19:45:51.646+0000] {logging_mixin.py:188} INFO - [2026-01-02T19:45:51.646+0000] {dagbag.py:540} INFO - Filling up the DagBag from /opt/airflow/dags/pakakumi_scraper.py
[2026-01-02T19:45:51.672+0000] {processor.py:840} INFO - DAG(s) 'pakakumi_scraper' retrieved from /opt/airflow/dags/pakakumi_scraper.py
[2026-01-02T19:45:51.713+0000] {logging_mixin.py:188} INFO - [2026-01-02T19:45:51.712+0000] {dag.py:3096} INFO - Sync 1 DAGs
[2026-01-02T19:45:51.748+0000] {logging_mixin.py:188} INFO - [2026-01-02T19:45:51.748+0000] {dag.py:3954} INFO - Setting next_dagrun for pakakumi_scraper to 2026-01-02 18:00:00+00:00, run_after=2026-01-02 19:00:00+00:00
[2026-01-02T19:45:51.776+0000] {processor.py:183} INFO - Processing /opt/airflow/dags/pakakumi_scraper.py took 0.143 seconds
[2026-01-02T19:46:21.839+0000] {processor.py:161} INFO - Started process (PID=1564) to work on /opt/airflow/dags/pakakumi_scraper.py
[2026-01-02T19:46:21.841+0000] {processor.py:830} INFO - Processing file /opt/airflow/dags/pakakumi_scraper.py for tasks to queue
[2026-01-02T19:46:21.844+0000] {logging_mixin.py:188} INFO - [2026-01-02T19:46:21.843+0000] {dagbag.py:540} INFO - Filling up the DagBag from /opt/airflow/dags/pakakumi_scraper.py
[2026-01-02T19:46:21.876+0000] {processor.py:840} INFO - DAG(s) 'pakakumi_scraper' retrieved from /opt/airflow/dags/pakakumi_scraper.py
[2026-01-02T19:46:21.920+0000] {logging_mixin.py:188} INFO - [2026-01-02T19:46:21.920+0000] {dag.py:3096} INFO - Sync 1 DAGs
[2026-01-02T19:46:21.954+0000] {logging_mixin.py:188} INFO - [2026-01-02T19:46:21.954+0000] {dag.py:3954} INFO - Setting next_dagrun for pakakumi_scraper to 2026-01-02 18:00:00+00:00, run_after=2026-01-02 19:00:00+00:00
[2026-01-02T19:46:21.983+0000] {processor.py:183} INFO - Processing /opt/airflow/dags/pakakumi_scraper.py took 0.154 seconds
[2026-01-02T19:46:52.147+0000] {processor.py:161} INFO - Started process (PID=1569) to work on /opt/airflow/dags/pakakumi_scraper.py
[2026-01-02T19:46:52.149+0000] {processor.py:830} INFO - Processing file /opt/airflow/dags/pakakumi_scraper.py for tasks to queue
[2026-01-02T19:46:52.151+0000] {logging_mixin.py:188} INFO - [2026-01-02T19:46:52.151+0000] {dagbag.py:540} INFO - Filling up the DagBag from /opt/airflow/dags/pakakumi_scraper.py
[2026-01-02T19:46:52.179+0000] {processor.py:840} INFO - DAG(s) 'pakakumi_scraper' retrieved from /opt/airflow/dags/pakakumi_scraper.py
[2026-01-02T19:46:52.220+0000] {logging_mixin.py:188} INFO - [2026-01-02T19:46:52.219+0000] {dag.py:3096} INFO - Sync 1 DAGs
[2026-01-02T19:46:52.253+0000] {logging_mixin.py:188} INFO - [2026-01-02T19:46:52.253+0000] {dag.py:3954} INFO - Setting next_dagrun for pakakumi_scraper to 2026-01-02 18:00:00+00:00, run_after=2026-01-02 19:00:00+00:00
[2026-01-02T19:46:52.280+0000] {processor.py:183} INFO - Processing /opt/airflow/dags/pakakumi_scraper.py took 0.143 seconds
[2026-01-02T19:47:22.389+0000] {processor.py:161} INFO - Started process (PID=1574) to work on /opt/airflow/dags/pakakumi_scraper.py
[2026-01-02T19:47:22.391+0000] {processor.py:830} INFO - Processing file /opt/airflow/dags/pakakumi_scraper.py for tasks to queue
[2026-01-02T19:47:22.395+0000] {logging_mixin.py:188} INFO - [2026-01-02T19:47:22.395+0000] {dagbag.py:540} INFO - Filling up the DagBag from /opt/airflow/dags/pakakumi_scraper.py
[2026-01-02T19:47:22.429+0000] {processor.py:840} INFO - DAG(s) 'pakakumi_scraper' retrieved from /opt/airflow/dags/pakakumi_scraper.py
[2026-01-02T19:47:22.497+0000] {logging_mixin.py:188} INFO - [2026-01-02T19:47:22.497+0000] {dag.py:3096} INFO - Sync 1 DAGs
[2026-01-02T19:47:22.562+0000] {logging_mixin.py:188} INFO - [2026-01-02T19:47:22.562+0000] {dag.py:3954} INFO - Setting next_dagrun for pakakumi_scraper to 2026-01-02 18:00:00+00:00, run_after=2026-01-02 19:00:00+00:00
[2026-01-02T19:47:22.596+0000] {processor.py:183} INFO - Processing /opt/airflow/dags/pakakumi_scraper.py took 0.222 seconds
[2026-01-02T19:47:52.669+0000] {processor.py:161} INFO - Started process (PID=1579) to work on /opt/airflow/dags/pakakumi_scraper.py
[2026-01-02T19:47:52.672+0000] {processor.py:830} INFO - Processing file /opt/airflow/dags/pakakumi_scraper.py for tasks to queue
[2026-01-02T19:47:52.675+0000] {logging_mixin.py:188} INFO - [2026-01-02T19:47:52.674+0000] {dagbag.py:540} INFO - Filling up the DagBag from /opt/airflow/dags/pakakumi_scraper.py
[2026-01-02T19:47:52.705+0000] {processor.py:840} INFO - DAG(s) 'pakakumi_scraper' retrieved from /opt/airflow/dags/pakakumi_scraper.py
[2026-01-02T19:47:52.755+0000] {logging_mixin.py:188} INFO - [2026-01-02T19:47:52.755+0000] {dag.py:3096} INFO - Sync 1 DAGs
[2026-01-02T19:47:52.789+0000] {logging_mixin.py:188} INFO - [2026-01-02T19:47:52.789+0000] {dag.py:3954} INFO - Setting next_dagrun for pakakumi_scraper to 2026-01-02 18:00:00+00:00, run_after=2026-01-02 19:00:00+00:00
[2026-01-02T19:47:52.821+0000] {processor.py:183} INFO - Processing /opt/airflow/dags/pakakumi_scraper.py took 0.170 seconds
[2026-01-02T19:48:22.982+0000] {processor.py:161} INFO - Started process (PID=1584) to work on /opt/airflow/dags/pakakumi_scraper.py
[2026-01-02T19:48:22.984+0000] {processor.py:830} INFO - Processing file /opt/airflow/dags/pakakumi_scraper.py for tasks to queue
[2026-01-02T19:48:22.987+0000] {logging_mixin.py:188} INFO - [2026-01-02T19:48:22.986+0000] {dagbag.py:540} INFO - Filling up the DagBag from /opt/airflow/dags/pakakumi_scraper.py
[2026-01-02T19:48:23.014+0000] {processor.py:840} INFO - DAG(s) 'pakakumi_scraper' retrieved from /opt/airflow/dags/pakakumi_scraper.py
[2026-01-02T19:48:23.057+0000] {logging_mixin.py:188} INFO - [2026-01-02T19:48:23.056+0000] {dag.py:3096} INFO - Sync 1 DAGs
[2026-01-02T19:48:23.092+0000] {logging_mixin.py:188} INFO - [2026-01-02T19:48:23.091+0000] {dag.py:3954} INFO - Setting next_dagrun for pakakumi_scraper to 2026-01-02 18:00:00+00:00, run_after=2026-01-02 19:00:00+00:00
[2026-01-02T19:48:23.120+0000] {processor.py:183} INFO - Processing /opt/airflow/dags/pakakumi_scraper.py took 0.148 seconds
[2026-01-02T19:48:53.205+0000] {processor.py:161} INFO - Started process (PID=1589) to work on /opt/airflow/dags/pakakumi_scraper.py
[2026-01-02T19:48:53.206+0000] {processor.py:830} INFO - Processing file /opt/airflow/dags/pakakumi_scraper.py for tasks to queue
[2026-01-02T19:48:53.209+0000] {logging_mixin.py:188} INFO - [2026-01-02T19:48:53.209+0000] {dagbag.py:540} INFO - Filling up the DagBag from /opt/airflow/dags/pakakumi_scraper.py
[2026-01-02T19:48:53.237+0000] {processor.py:840} INFO - DAG(s) 'pakakumi_scraper' retrieved from /opt/airflow/dags/pakakumi_scraper.py
[2026-01-02T19:48:53.280+0000] {logging_mixin.py:188} INFO - [2026-01-02T19:48:53.279+0000] {dag.py:3096} INFO - Sync 1 DAGs
[2026-01-02T19:48:53.316+0000] {logging_mixin.py:188} INFO - [2026-01-02T19:48:53.316+0000] {dag.py:3954} INFO - Setting next_dagrun for pakakumi_scraper to 2026-01-02 18:00:00+00:00, run_after=2026-01-02 19:00:00+00:00
[2026-01-02T19:48:53.343+0000] {processor.py:183} INFO - Processing /opt/airflow/dags/pakakumi_scraper.py took 0.149 seconds
[2026-01-02T19:49:23.515+0000] {processor.py:161} INFO - Started process (PID=1594) to work on /opt/airflow/dags/pakakumi_scraper.py
[2026-01-02T19:49:23.517+0000] {processor.py:830} INFO - Processing file /opt/airflow/dags/pakakumi_scraper.py for tasks to queue
[2026-01-02T19:49:23.520+0000] {logging_mixin.py:188} INFO - [2026-01-02T19:49:23.519+0000] {dagbag.py:540} INFO - Filling up the DagBag from /opt/airflow/dags/pakakumi_scraper.py
[2026-01-02T19:49:23.557+0000] {processor.py:840} INFO - DAG(s) 'pakakumi_scraper' retrieved from /opt/airflow/dags/pakakumi_scraper.py
[2026-01-02T19:49:23.600+0000] {logging_mixin.py:188} INFO - [2026-01-02T19:49:23.600+0000] {dag.py:3096} INFO - Sync 1 DAGs
[2026-01-02T19:49:23.641+0000] {logging_mixin.py:188} INFO - [2026-01-02T19:49:23.641+0000] {dag.py:3954} INFO - Setting next_dagrun for pakakumi_scraper to 2026-01-02 18:00:00+00:00, run_after=2026-01-02 19:00:00+00:00
[2026-01-02T19:49:23.671+0000] {processor.py:183} INFO - Processing /opt/airflow/dags/pakakumi_scraper.py took 0.166 seconds
[2026-01-02T19:49:53.729+0000] {processor.py:161} INFO - Started process (PID=1599) to work on /opt/airflow/dags/pakakumi_scraper.py
[2026-01-02T19:49:53.731+0000] {processor.py:830} INFO - Processing file /opt/airflow/dags/pakakumi_scraper.py for tasks to queue
[2026-01-02T19:49:53.734+0000] {logging_mixin.py:188} INFO - [2026-01-02T19:49:53.733+0000] {dagbag.py:540} INFO - Filling up the DagBag from /opt/airflow/dags/pakakumi_scraper.py
[2026-01-02T19:49:53.765+0000] {processor.py:840} INFO - DAG(s) 'pakakumi_scraper' retrieved from /opt/airflow/dags/pakakumi_scraper.py
[2026-01-02T19:49:53.809+0000] {logging_mixin.py:188} INFO - [2026-01-02T19:49:53.809+0000] {dag.py:3096} INFO - Sync 1 DAGs
[2026-01-02T19:49:53.844+0000] {logging_mixin.py:188} INFO - [2026-01-02T19:49:53.844+0000] {dag.py:3954} INFO - Setting next_dagrun for pakakumi_scraper to 2026-01-02 18:00:00+00:00, run_after=2026-01-02 19:00:00+00:00
[2026-01-02T19:49:53.874+0000] {processor.py:183} INFO - Processing /opt/airflow/dags/pakakumi_scraper.py took 0.156 seconds
[2026-01-02T19:50:24.115+0000] {processor.py:161} INFO - Started process (PID=1604) to work on /opt/airflow/dags/pakakumi_scraper.py
[2026-01-02T19:50:24.117+0000] {processor.py:830} INFO - Processing file /opt/airflow/dags/pakakumi_scraper.py for tasks to queue
[2026-01-02T19:50:24.120+0000] {logging_mixin.py:188} INFO - [2026-01-02T19:50:24.119+0000] {dagbag.py:540} INFO - Filling up the DagBag from /opt/airflow/dags/pakakumi_scraper.py
[2026-01-02T19:50:24.148+0000] {processor.py:840} INFO - DAG(s) 'pakakumi_scraper' retrieved from /opt/airflow/dags/pakakumi_scraper.py
[2026-01-02T19:50:24.196+0000] {logging_mixin.py:188} INFO - [2026-01-02T19:50:24.196+0000] {dag.py:3096} INFO - Sync 1 DAGs
[2026-01-02T19:50:24.230+0000] {logging_mixin.py:188} INFO - [2026-01-02T19:50:24.230+0000] {dag.py:3954} INFO - Setting next_dagrun for pakakumi_scraper to 2026-01-02 18:00:00+00:00, run_after=2026-01-02 19:00:00+00:00
[2026-01-02T19:50:24.260+0000] {processor.py:183} INFO - Processing /opt/airflow/dags/pakakumi_scraper.py took 0.155 seconds
[2026-01-02T19:50:54.454+0000] {processor.py:161} INFO - Started process (PID=1609) to work on /opt/airflow/dags/pakakumi_scraper.py
[2026-01-02T19:50:54.456+0000] {processor.py:830} INFO - Processing file /opt/airflow/dags/pakakumi_scraper.py for tasks to queue
[2026-01-02T19:50:54.458+0000] {logging_mixin.py:188} INFO - [2026-01-02T19:50:54.458+0000] {dagbag.py:540} INFO - Filling up the DagBag from /opt/airflow/dags/pakakumi_scraper.py
[2026-01-02T19:50:54.486+0000] {processor.py:840} INFO - DAG(s) 'pakakumi_scraper' retrieved from /opt/airflow/dags/pakakumi_scraper.py
[2026-01-02T19:50:54.533+0000] {logging_mixin.py:188} INFO - [2026-01-02T19:50:54.533+0000] {dag.py:3096} INFO - Sync 1 DAGs
[2026-01-02T19:50:54.566+0000] {logging_mixin.py:188} INFO - [2026-01-02T19:50:54.566+0000] {dag.py:3954} INFO - Setting next_dagrun for pakakumi_scraper to 2026-01-02 18:00:00+00:00, run_after=2026-01-02 19:00:00+00:00
[2026-01-02T19:50:54.605+0000] {processor.py:183} INFO - Processing /opt/airflow/dags/pakakumi_scraper.py took 0.161 seconds
[2026-01-02T19:51:24.826+0000] {processor.py:161} INFO - Started process (PID=1614) to work on /opt/airflow/dags/pakakumi_scraper.py
[2026-01-02T19:51:24.828+0000] {processor.py:830} INFO - Processing file /opt/airflow/dags/pakakumi_scraper.py for tasks to queue
[2026-01-02T19:51:24.831+0000] {logging_mixin.py:188} INFO - [2026-01-02T19:51:24.830+0000] {dagbag.py:540} INFO - Filling up the DagBag from /opt/airflow/dags/pakakumi_scraper.py
[2026-01-02T19:51:24.858+0000] {processor.py:840} INFO - DAG(s) 'pakakumi_scraper' retrieved from /opt/airflow/dags/pakakumi_scraper.py
[2026-01-02T19:51:24.902+0000] {logging_mixin.py:188} INFO - [2026-01-02T19:51:24.901+0000] {dag.py:3096} INFO - Sync 1 DAGs
[2026-01-02T19:51:24.935+0000] {logging_mixin.py:188} INFO - [2026-01-02T19:51:24.935+0000] {dag.py:3954} INFO - Setting next_dagrun for pakakumi_scraper to 2026-01-02 18:00:00+00:00, run_after=2026-01-02 19:00:00+00:00
[2026-01-02T19:51:24.961+0000] {processor.py:183} INFO - Processing /opt/airflow/dags/pakakumi_scraper.py took 0.145 seconds
[2026-01-02T19:51:55.168+0000] {processor.py:161} INFO - Started process (PID=1619) to work on /opt/airflow/dags/pakakumi_scraper.py
[2026-01-02T19:51:55.170+0000] {processor.py:830} INFO - Processing file /opt/airflow/dags/pakakumi_scraper.py for tasks to queue
[2026-01-02T19:51:55.173+0000] {logging_mixin.py:188} INFO - [2026-01-02T19:51:55.172+0000] {dagbag.py:540} INFO - Filling up the DagBag from /opt/airflow/dags/pakakumi_scraper.py
[2026-01-02T19:51:55.201+0000] {processor.py:840} INFO - DAG(s) 'pakakumi_scraper' retrieved from /opt/airflow/dags/pakakumi_scraper.py
[2026-01-02T19:51:55.245+0000] {logging_mixin.py:188} INFO - [2026-01-02T19:51:55.245+0000] {dag.py:3096} INFO - Sync 1 DAGs
[2026-01-02T19:51:55.278+0000] {logging_mixin.py:188} INFO - [2026-01-02T19:51:55.278+0000] {dag.py:3954} INFO - Setting next_dagrun for pakakumi_scraper to 2026-01-02 18:00:00+00:00, run_after=2026-01-02 19:00:00+00:00
[2026-01-02T19:51:55.303+0000] {processor.py:183} INFO - Processing /opt/airflow/dags/pakakumi_scraper.py took 0.144 seconds
[2026-01-02T19:52:25.355+0000] {processor.py:161} INFO - Started process (PID=1624) to work on /opt/airflow/dags/pakakumi_scraper.py
[2026-01-02T19:52:25.357+0000] {processor.py:830} INFO - Processing file /opt/airflow/dags/pakakumi_scraper.py for tasks to queue
[2026-01-02T19:52:25.360+0000] {logging_mixin.py:188} INFO - [2026-01-02T19:52:25.360+0000] {dagbag.py:540} INFO - Filling up the DagBag from /opt/airflow/dags/pakakumi_scraper.py
[2026-01-02T19:52:25.390+0000] {processor.py:840} INFO - DAG(s) 'pakakumi_scraper' retrieved from /opt/airflow/dags/pakakumi_scraper.py
[2026-01-02T19:52:25.433+0000] {logging_mixin.py:188} INFO - [2026-01-02T19:52:25.432+0000] {dag.py:3096} INFO - Sync 1 DAGs
[2026-01-02T19:52:25.468+0000] {logging_mixin.py:188} INFO - [2026-01-02T19:52:25.467+0000] {dag.py:3954} INFO - Setting next_dagrun for pakakumi_scraper to 2026-01-02 18:00:00+00:00, run_after=2026-01-02 19:00:00+00:00
[2026-01-02T19:52:25.497+0000] {processor.py:183} INFO - Processing /opt/airflow/dags/pakakumi_scraper.py took 0.152 seconds
[2026-01-02T19:52:55.695+0000] {processor.py:161} INFO - Started process (PID=1629) to work on /opt/airflow/dags/pakakumi_scraper.py
[2026-01-02T19:52:55.697+0000] {processor.py:830} INFO - Processing file /opt/airflow/dags/pakakumi_scraper.py for tasks to queue
[2026-01-02T19:52:55.700+0000] {logging_mixin.py:188} INFO - [2026-01-02T19:52:55.699+0000] {dagbag.py:540} INFO - Filling up the DagBag from /opt/airflow/dags/pakakumi_scraper.py
[2026-01-02T19:52:55.728+0000] {processor.py:840} INFO - DAG(s) 'pakakumi_scraper' retrieved from /opt/airflow/dags/pakakumi_scraper.py
[2026-01-02T19:52:55.769+0000] {logging_mixin.py:188} INFO - [2026-01-02T19:52:55.768+0000] {dag.py:3096} INFO - Sync 1 DAGs
[2026-01-02T19:52:55.803+0000] {logging_mixin.py:188} INFO - [2026-01-02T19:52:55.803+0000] {dag.py:3954} INFO - Setting next_dagrun for pakakumi_scraper to 2026-01-02 18:00:00+00:00, run_after=2026-01-02 19:00:00+00:00
[2026-01-02T19:52:55.830+0000] {processor.py:183} INFO - Processing /opt/airflow/dags/pakakumi_scraper.py took 0.144 seconds
[2026-01-02T19:53:25.898+0000] {processor.py:161} INFO - Started process (PID=1634) to work on /opt/airflow/dags/pakakumi_scraper.py
[2026-01-02T19:53:25.900+0000] {processor.py:830} INFO - Processing file /opt/airflow/dags/pakakumi_scraper.py for tasks to queue
[2026-01-02T19:53:25.903+0000] {logging_mixin.py:188} INFO - [2026-01-02T19:53:25.902+0000] {dagbag.py:540} INFO - Filling up the DagBag from /opt/airflow/dags/pakakumi_scraper.py
[2026-01-02T19:53:25.939+0000] {processor.py:840} INFO - DAG(s) 'pakakumi_scraper' retrieved from /opt/airflow/dags/pakakumi_scraper.py
[2026-01-02T19:53:25.982+0000] {logging_mixin.py:188} INFO - [2026-01-02T19:53:25.982+0000] {dag.py:3096} INFO - Sync 1 DAGs
[2026-01-02T19:53:26.017+0000] {logging_mixin.py:188} INFO - [2026-01-02T19:53:26.016+0000] {dag.py:3954} INFO - Setting next_dagrun for pakakumi_scraper to 2026-01-02 18:00:00+00:00, run_after=2026-01-02 19:00:00+00:00
[2026-01-02T19:53:26.042+0000] {processor.py:183} INFO - Processing /opt/airflow/dags/pakakumi_scraper.py took 0.154 seconds
[2026-01-02T19:53:56.206+0000] {processor.py:161} INFO - Started process (PID=1639) to work on /opt/airflow/dags/pakakumi_scraper.py
[2026-01-02T19:53:56.208+0000] {processor.py:830} INFO - Processing file /opt/airflow/dags/pakakumi_scraper.py for tasks to queue
[2026-01-02T19:53:56.211+0000] {logging_mixin.py:188} INFO - [2026-01-02T19:53:56.210+0000] {dagbag.py:540} INFO - Filling up the DagBag from /opt/airflow/dags/pakakumi_scraper.py
[2026-01-02T19:53:56.239+0000] {processor.py:840} INFO - DAG(s) 'pakakumi_scraper' retrieved from /opt/airflow/dags/pakakumi_scraper.py
[2026-01-02T19:53:56.280+0000] {logging_mixin.py:188} INFO - [2026-01-02T19:53:56.279+0000] {dag.py:3096} INFO - Sync 1 DAGs
[2026-01-02T19:53:56.314+0000] {logging_mixin.py:188} INFO - [2026-01-02T19:53:56.314+0000] {dag.py:3954} INFO - Setting next_dagrun for pakakumi_scraper to 2026-01-02 18:00:00+00:00, run_after=2026-01-02 19:00:00+00:00
[2026-01-02T19:53:56.342+0000] {processor.py:183} INFO - Processing /opt/airflow/dags/pakakumi_scraper.py took 0.145 seconds
[2026-01-02T19:54:26.419+0000] {processor.py:161} INFO - Started process (PID=1644) to work on /opt/airflow/dags/pakakumi_scraper.py
[2026-01-02T19:54:26.421+0000] {processor.py:830} INFO - Processing file /opt/airflow/dags/pakakumi_scraper.py for tasks to queue
[2026-01-02T19:54:26.424+0000] {logging_mixin.py:188} INFO - [2026-01-02T19:54:26.424+0000] {dagbag.py:540} INFO - Filling up the DagBag from /opt/airflow/dags/pakakumi_scraper.py
[2026-01-02T19:54:26.461+0000] {processor.py:840} INFO - DAG(s) 'pakakumi_scraper' retrieved from /opt/airflow/dags/pakakumi_scraper.py
[2026-01-02T19:54:26.504+0000] {logging_mixin.py:188} INFO - [2026-01-02T19:54:26.503+0000] {dag.py:3096} INFO - Sync 1 DAGs
[2026-01-02T19:54:26.538+0000] {logging_mixin.py:188} INFO - [2026-01-02T19:54:26.538+0000] {dag.py:3954} INFO - Setting next_dagrun for pakakumi_scraper to 2026-01-02 18:00:00+00:00, run_after=2026-01-02 19:00:00+00:00
[2026-01-02T19:54:26.572+0000] {processor.py:183} INFO - Processing /opt/airflow/dags/pakakumi_scraper.py took 0.162 seconds
[2026-01-02T19:54:56.781+0000] {processor.py:161} INFO - Started process (PID=1649) to work on /opt/airflow/dags/pakakumi_scraper.py
[2026-01-02T19:54:56.782+0000] {processor.py:830} INFO - Processing file /opt/airflow/dags/pakakumi_scraper.py for tasks to queue
[2026-01-02T19:54:56.785+0000] {logging_mixin.py:188} INFO - [2026-01-02T19:54:56.785+0000] {dagbag.py:540} INFO - Filling up the DagBag from /opt/airflow/dags/pakakumi_scraper.py
[2026-01-02T19:54:56.813+0000] {processor.py:840} INFO - DAG(s) 'pakakumi_scraper' retrieved from /opt/airflow/dags/pakakumi_scraper.py
[2026-01-02T19:54:56.856+0000] {logging_mixin.py:188} INFO - [2026-01-02T19:54:56.856+0000] {dag.py:3096} INFO - Sync 1 DAGs
[2026-01-02T19:54:56.891+0000] {logging_mixin.py:188} INFO - [2026-01-02T19:54:56.891+0000] {dag.py:3954} INFO - Setting next_dagrun for pakakumi_scraper to 2026-01-02 18:00:00+00:00, run_after=2026-01-02 19:00:00+00:00
[2026-01-02T19:54:56.922+0000] {processor.py:183} INFO - Processing /opt/airflow/dags/pakakumi_scraper.py took 0.152 seconds
[2026-01-02T19:55:26.981+0000] {processor.py:161} INFO - Started process (PID=1654) to work on /opt/airflow/dags/pakakumi_scraper.py
[2026-01-02T19:55:26.983+0000] {processor.py:830} INFO - Processing file /opt/airflow/dags/pakakumi_scraper.py for tasks to queue
[2026-01-02T19:55:26.986+0000] {logging_mixin.py:188} INFO - [2026-01-02T19:55:26.986+0000] {dagbag.py:540} INFO - Filling up the DagBag from /opt/airflow/dags/pakakumi_scraper.py
[2026-01-02T19:55:27.015+0000] {processor.py:840} INFO - DAG(s) 'pakakumi_scraper' retrieved from /opt/airflow/dags/pakakumi_scraper.py
[2026-01-02T19:55:27.058+0000] {logging_mixin.py:188} INFO - [2026-01-02T19:55:27.058+0000] {dag.py:3096} INFO - Sync 1 DAGs
[2026-01-02T19:55:27.095+0000] {logging_mixin.py:188} INFO - [2026-01-02T19:55:27.095+0000] {dag.py:3954} INFO - Setting next_dagrun for pakakumi_scraper to 2026-01-02 18:00:00+00:00, run_after=2026-01-02 19:00:00+00:00
[2026-01-02T19:55:27.126+0000] {processor.py:183} INFO - Processing /opt/airflow/dags/pakakumi_scraper.py took 0.155 seconds
[2026-01-02T19:55:57.327+0000] {processor.py:161} INFO - Started process (PID=1659) to work on /opt/airflow/dags/pakakumi_scraper.py
[2026-01-02T19:55:57.328+0000] {processor.py:830} INFO - Processing file /opt/airflow/dags/pakakumi_scraper.py for tasks to queue
[2026-01-02T19:55:57.331+0000] {logging_mixin.py:188} INFO - [2026-01-02T19:55:57.331+0000] {dagbag.py:540} INFO - Filling up the DagBag from /opt/airflow/dags/pakakumi_scraper.py
[2026-01-02T19:55:57.358+0000] {processor.py:840} INFO - DAG(s) 'pakakumi_scraper' retrieved from /opt/airflow/dags/pakakumi_scraper.py
[2026-01-02T19:55:57.398+0000] {logging_mixin.py:188} INFO - [2026-01-02T19:55:57.398+0000] {dag.py:3096} INFO - Sync 1 DAGs
[2026-01-02T19:55:57.431+0000] {logging_mixin.py:188} INFO - [2026-01-02T19:55:57.431+0000] {dag.py:3954} INFO - Setting next_dagrun for pakakumi_scraper to 2026-01-02 18:00:00+00:00, run_after=2026-01-02 19:00:00+00:00
[2026-01-02T19:55:57.457+0000] {processor.py:183} INFO - Processing /opt/airflow/dags/pakakumi_scraper.py took 0.139 seconds
[2026-01-02T19:56:27.520+0000] {processor.py:161} INFO - Started process (PID=1664) to work on /opt/airflow/dags/pakakumi_scraper.py
[2026-01-02T19:56:27.522+0000] {processor.py:830} INFO - Processing file /opt/airflow/dags/pakakumi_scraper.py for tasks to queue
[2026-01-02T19:56:27.525+0000] {logging_mixin.py:188} INFO - [2026-01-02T19:56:27.524+0000] {dagbag.py:540} INFO - Filling up the DagBag from /opt/airflow/dags/pakakumi_scraper.py
[2026-01-02T19:56:27.553+0000] {processor.py:840} INFO - DAG(s) 'pakakumi_scraper' retrieved from /opt/airflow/dags/pakakumi_scraper.py
[2026-01-02T19:56:27.596+0000] {logging_mixin.py:188} INFO - [2026-01-02T19:56:27.596+0000] {dag.py:3096} INFO - Sync 1 DAGs
[2026-01-02T19:56:27.630+0000] {logging_mixin.py:188} INFO - [2026-01-02T19:56:27.630+0000] {dag.py:3954} INFO - Setting next_dagrun for pakakumi_scraper to 2026-01-02 18:00:00+00:00, run_after=2026-01-02 19:00:00+00:00
[2026-01-02T19:56:27.655+0000] {processor.py:183} INFO - Processing /opt/airflow/dags/pakakumi_scraper.py took 0.144 seconds
[2026-01-02T19:56:57.838+0000] {processor.py:161} INFO - Started process (PID=1669) to work on /opt/airflow/dags/pakakumi_scraper.py
[2026-01-02T19:56:57.839+0000] {processor.py:830} INFO - Processing file /opt/airflow/dags/pakakumi_scraper.py for tasks to queue
[2026-01-02T19:56:57.843+0000] {logging_mixin.py:188} INFO - [2026-01-02T19:56:57.842+0000] {dagbag.py:540} INFO - Filling up the DagBag from /opt/airflow/dags/pakakumi_scraper.py
[2026-01-02T19:56:57.872+0000] {processor.py:840} INFO - DAG(s) 'pakakumi_scraper' retrieved from /opt/airflow/dags/pakakumi_scraper.py
[2026-01-02T19:56:57.916+0000] {logging_mixin.py:188} INFO - [2026-01-02T19:56:57.916+0000] {dag.py:3096} INFO - Sync 1 DAGs
[2026-01-02T19:56:57.953+0000] {logging_mixin.py:188} INFO - [2026-01-02T19:56:57.953+0000] {dag.py:3954} INFO - Setting next_dagrun for pakakumi_scraper to 2026-01-02 18:00:00+00:00, run_after=2026-01-02 19:00:00+00:00
[2026-01-02T19:56:57.979+0000] {processor.py:183} INFO - Processing /opt/airflow/dags/pakakumi_scraper.py took 0.152 seconds
[2026-01-02T19:57:28.045+0000] {processor.py:161} INFO - Started process (PID=1674) to work on /opt/airflow/dags/pakakumi_scraper.py
[2026-01-02T19:57:28.047+0000] {processor.py:830} INFO - Processing file /opt/airflow/dags/pakakumi_scraper.py for tasks to queue
[2026-01-02T19:57:28.049+0000] {logging_mixin.py:188} INFO - [2026-01-02T19:57:28.049+0000] {dagbag.py:540} INFO - Filling up the DagBag from /opt/airflow/dags/pakakumi_scraper.py
[2026-01-02T19:57:28.079+0000] {processor.py:840} INFO - DAG(s) 'pakakumi_scraper' retrieved from /opt/airflow/dags/pakakumi_scraper.py
[2026-01-02T19:57:28.122+0000] {logging_mixin.py:188} INFO - [2026-01-02T19:57:28.122+0000] {dag.py:3096} INFO - Sync 1 DAGs
[2026-01-02T19:57:28.156+0000] {logging_mixin.py:188} INFO - [2026-01-02T19:57:28.156+0000] {dag.py:3954} INFO - Setting next_dagrun for pakakumi_scraper to 2026-01-02 18:00:00+00:00, run_after=2026-01-02 19:00:00+00:00
[2026-01-02T19:57:28.185+0000] {processor.py:183} INFO - Processing /opt/airflow/dags/pakakumi_scraper.py took 0.150 seconds
[2026-01-02T19:57:58.361+0000] {processor.py:161} INFO - Started process (PID=1679) to work on /opt/airflow/dags/pakakumi_scraper.py
[2026-01-02T19:57:58.362+0000] {processor.py:830} INFO - Processing file /opt/airflow/dags/pakakumi_scraper.py for tasks to queue
[2026-01-02T19:57:58.365+0000] {logging_mixin.py:188} INFO - [2026-01-02T19:57:58.365+0000] {dagbag.py:540} INFO - Filling up the DagBag from /opt/airflow/dags/pakakumi_scraper.py
[2026-01-02T19:57:58.393+0000] {processor.py:840} INFO - DAG(s) 'pakakumi_scraper' retrieved from /opt/airflow/dags/pakakumi_scraper.py
[2026-01-02T19:57:58.435+0000] {logging_mixin.py:188} INFO - [2026-01-02T19:57:58.435+0000] {dag.py:3096} INFO - Sync 1 DAGs
[2026-01-02T19:57:58.470+0000] {logging_mixin.py:188} INFO - [2026-01-02T19:57:58.469+0000] {dag.py:3954} INFO - Setting next_dagrun for pakakumi_scraper to 2026-01-02 18:00:00+00:00, run_after=2026-01-02 19:00:00+00:00
[2026-01-02T19:57:58.496+0000] {processor.py:183} INFO - Processing /opt/airflow/dags/pakakumi_scraper.py took 0.145 seconds
[2026-01-02T19:58:28.559+0000] {processor.py:161} INFO - Started process (PID=1684) to work on /opt/airflow/dags/pakakumi_scraper.py
[2026-01-02T19:58:28.561+0000] {processor.py:830} INFO - Processing file /opt/airflow/dags/pakakumi_scraper.py for tasks to queue
[2026-01-02T19:58:28.564+0000] {logging_mixin.py:188} INFO - [2026-01-02T19:58:28.564+0000] {dagbag.py:540} INFO - Filling up the DagBag from /opt/airflow/dags/pakakumi_scraper.py
[2026-01-02T19:58:28.593+0000] {processor.py:840} INFO - DAG(s) 'pakakumi_scraper' retrieved from /opt/airflow/dags/pakakumi_scraper.py
[2026-01-02T19:58:28.637+0000] {logging_mixin.py:188} INFO - [2026-01-02T19:58:28.637+0000] {dag.py:3096} INFO - Sync 1 DAGs
[2026-01-02T19:58:28.674+0000] {logging_mixin.py:188} INFO - [2026-01-02T19:58:28.674+0000] {dag.py:3954} INFO - Setting next_dagrun for pakakumi_scraper to 2026-01-02 18:00:00+00:00, run_after=2026-01-02 19:00:00+00:00
[2026-01-02T19:58:28.703+0000] {processor.py:183} INFO - Processing /opt/airflow/dags/pakakumi_scraper.py took 0.153 seconds
[2026-01-02T19:58:58.883+0000] {processor.py:161} INFO - Started process (PID=1689) to work on /opt/airflow/dags/pakakumi_scraper.py
[2026-01-02T19:58:58.885+0000] {processor.py:830} INFO - Processing file /opt/airflow/dags/pakakumi_scraper.py for tasks to queue
[2026-01-02T19:58:58.887+0000] {logging_mixin.py:188} INFO - [2026-01-02T19:58:58.887+0000] {dagbag.py:540} INFO - Filling up the DagBag from /opt/airflow/dags/pakakumi_scraper.py
[2026-01-02T19:58:58.916+0000] {processor.py:840} INFO - DAG(s) 'pakakumi_scraper' retrieved from /opt/airflow/dags/pakakumi_scraper.py
[2026-01-02T19:58:58.969+0000] {logging_mixin.py:188} INFO - [2026-01-02T19:58:58.969+0000] {dag.py:3096} INFO - Sync 1 DAGs
[2026-01-02T19:58:59.004+0000] {logging_mixin.py:188} INFO - [2026-01-02T19:58:59.004+0000] {dag.py:3954} INFO - Setting next_dagrun for pakakumi_scraper to 2026-01-02 18:00:00+00:00, run_after=2026-01-02 19:00:00+00:00
[2026-01-02T19:58:59.032+0000] {processor.py:183} INFO - Processing /opt/airflow/dags/pakakumi_scraper.py took 0.159 seconds
[2026-01-02T19:59:29.095+0000] {processor.py:161} INFO - Started process (PID=1694) to work on /opt/airflow/dags/pakakumi_scraper.py
[2026-01-02T19:59:29.097+0000] {processor.py:830} INFO - Processing file /opt/airflow/dags/pakakumi_scraper.py for tasks to queue
[2026-01-02T19:59:29.099+0000] {logging_mixin.py:188} INFO - [2026-01-02T19:59:29.099+0000] {dagbag.py:540} INFO - Filling up the DagBag from /opt/airflow/dags/pakakumi_scraper.py
[2026-01-02T19:59:29.127+0000] {processor.py:840} INFO - DAG(s) 'pakakumi_scraper' retrieved from /opt/airflow/dags/pakakumi_scraper.py
[2026-01-02T19:59:29.171+0000] {logging_mixin.py:188} INFO - [2026-01-02T19:59:29.171+0000] {dag.py:3096} INFO - Sync 1 DAGs
[2026-01-02T19:59:29.207+0000] {logging_mixin.py:188} INFO - [2026-01-02T19:59:29.207+0000] {dag.py:3954} INFO - Setting next_dagrun for pakakumi_scraper to 2026-01-02 18:00:00+00:00, run_after=2026-01-02 19:00:00+00:00
[2026-01-02T19:59:29.235+0000] {processor.py:183} INFO - Processing /opt/airflow/dags/pakakumi_scraper.py took 0.150 seconds
[2026-01-02T19:59:59.454+0000] {processor.py:161} INFO - Started process (PID=1699) to work on /opt/airflow/dags/pakakumi_scraper.py
[2026-01-02T19:59:59.455+0000] {processor.py:830} INFO - Processing file /opt/airflow/dags/pakakumi_scraper.py for tasks to queue
[2026-01-02T19:59:59.459+0000] {logging_mixin.py:188} INFO - [2026-01-02T19:59:59.458+0000] {dagbag.py:540} INFO - Filling up the DagBag from /opt/airflow/dags/pakakumi_scraper.py
[2026-01-02T19:59:59.488+0000] {processor.py:840} INFO - DAG(s) 'pakakumi_scraper' retrieved from /opt/airflow/dags/pakakumi_scraper.py
[2026-01-02T19:59:59.535+0000] {logging_mixin.py:188} INFO - [2026-01-02T19:59:59.535+0000] {dag.py:3096} INFO - Sync 1 DAGs
[2026-01-02T19:59:59.574+0000] {logging_mixin.py:188} INFO - [2026-01-02T19:59:59.573+0000] {dag.py:3954} INFO - Setting next_dagrun for pakakumi_scraper to 2026-01-02 18:00:00+00:00, run_after=2026-01-02 19:00:00+00:00
[2026-01-02T19:59:59.603+0000] {processor.py:183} INFO - Processing /opt/airflow/dags/pakakumi_scraper.py took 0.158 seconds
[2026-01-02T20:00:29.664+0000] {processor.py:161} INFO - Started process (PID=1704) to work on /opt/airflow/dags/pakakumi_scraper.py
[2026-01-02T20:00:29.665+0000] {processor.py:830} INFO - Processing file /opt/airflow/dags/pakakumi_scraper.py for tasks to queue
[2026-01-02T20:00:29.668+0000] {logging_mixin.py:188} INFO - [2026-01-02T20:00:29.668+0000] {dagbag.py:540} INFO - Filling up the DagBag from /opt/airflow/dags/pakakumi_scraper.py
[2026-01-02T20:00:29.696+0000] {processor.py:840} INFO - DAG(s) 'pakakumi_scraper' retrieved from /opt/airflow/dags/pakakumi_scraper.py
[2026-01-02T20:00:29.739+0000] {logging_mixin.py:188} INFO - [2026-01-02T20:00:29.739+0000] {dag.py:3096} INFO - Sync 1 DAGs
[2026-01-02T20:00:29.772+0000] {logging_mixin.py:188} INFO - [2026-01-02T20:00:29.772+0000] {dag.py:3954} INFO - Setting next_dagrun for pakakumi_scraper to 2026-01-02 19:00:00+00:00, run_after=2026-01-02 20:00:00+00:00
[2026-01-02T20:00:29.802+0000] {processor.py:183} INFO - Processing /opt/airflow/dags/pakakumi_scraper.py took 0.147 seconds
[2026-01-02T20:00:59.994+0000] {processor.py:161} INFO - Started process (PID=1709) to work on /opt/airflow/dags/pakakumi_scraper.py
[2026-01-02T20:00:59.995+0000] {processor.py:830} INFO - Processing file /opt/airflow/dags/pakakumi_scraper.py for tasks to queue
[2026-01-02T20:00:59.998+0000] {logging_mixin.py:188} INFO - [2026-01-02T20:00:59.998+0000] {dagbag.py:540} INFO - Filling up the DagBag from /opt/airflow/dags/pakakumi_scraper.py
[2026-01-02T20:01:00.028+0000] {processor.py:840} INFO - DAG(s) 'pakakumi_scraper' retrieved from /opt/airflow/dags/pakakumi_scraper.py
[2026-01-02T20:01:00.069+0000] {logging_mixin.py:188} INFO - [2026-01-02T20:01:00.069+0000] {dag.py:3096} INFO - Sync 1 DAGs
[2026-01-02T20:01:00.105+0000] {logging_mixin.py:188} INFO - [2026-01-02T20:01:00.105+0000] {dag.py:3954} INFO - Setting next_dagrun for pakakumi_scraper to 2026-01-02 19:00:00+00:00, run_after=2026-01-02 20:00:00+00:00
[2026-01-02T20:01:00.137+0000] {processor.py:183} INFO - Processing /opt/airflow/dags/pakakumi_scraper.py took 0.152 seconds
[2026-01-02T20:01:30.228+0000] {processor.py:161} INFO - Started process (PID=1714) to work on /opt/airflow/dags/pakakumi_scraper.py
[2026-01-02T20:01:30.230+0000] {processor.py:830} INFO - Processing file /opt/airflow/dags/pakakumi_scraper.py for tasks to queue
[2026-01-02T20:01:30.235+0000] {logging_mixin.py:188} INFO - [2026-01-02T20:01:30.235+0000] {dagbag.py:540} INFO - Filling up the DagBag from /opt/airflow/dags/pakakumi_scraper.py
[2026-01-02T20:01:30.271+0000] {processor.py:840} INFO - DAG(s) 'pakakumi_scraper' retrieved from /opt/airflow/dags/pakakumi_scraper.py
[2026-01-02T20:01:30.331+0000] {logging_mixin.py:188} INFO - [2026-01-02T20:01:30.330+0000] {dag.py:3096} INFO - Sync 1 DAGs
[2026-01-02T20:01:30.386+0000] {logging_mixin.py:188} INFO - [2026-01-02T20:01:30.386+0000] {dag.py:3954} INFO - Setting next_dagrun for pakakumi_scraper to 2026-01-02 19:00:00+00:00, run_after=2026-01-02 20:00:00+00:00
[2026-01-02T20:01:30.429+0000] {processor.py:183} INFO - Processing /opt/airflow/dags/pakakumi_scraper.py took 0.214 seconds
[2026-01-02T20:02:00.527+0000] {processor.py:161} INFO - Started process (PID=1719) to work on /opt/airflow/dags/pakakumi_scraper.py
[2026-01-02T20:02:00.529+0000] {processor.py:830} INFO - Processing file /opt/airflow/dags/pakakumi_scraper.py for tasks to queue
[2026-01-02T20:02:00.535+0000] {logging_mixin.py:188} INFO - [2026-01-02T20:02:00.534+0000] {dagbag.py:540} INFO - Filling up the DagBag from /opt/airflow/dags/pakakumi_scraper.py
[2026-01-02T20:02:00.570+0000] {processor.py:840} INFO - DAG(s) 'pakakumi_scraper' retrieved from /opt/airflow/dags/pakakumi_scraper.py
[2026-01-02T20:02:00.619+0000] {logging_mixin.py:188} INFO - [2026-01-02T20:02:00.619+0000] {dag.py:3096} INFO - Sync 1 DAGs
[2026-01-02T20:02:00.659+0000] {logging_mixin.py:188} INFO - [2026-01-02T20:02:00.659+0000] {dag.py:3954} INFO - Setting next_dagrun for pakakumi_scraper to 2026-01-02 19:00:00+00:00, run_after=2026-01-02 20:00:00+00:00
[2026-01-02T20:02:00.697+0000] {processor.py:183} INFO - Processing /opt/airflow/dags/pakakumi_scraper.py took 0.186 seconds
[2026-01-02T20:02:30.830+0000] {processor.py:161} INFO - Started process (PID=1724) to work on /opt/airflow/dags/pakakumi_scraper.py
[2026-01-02T20:02:30.832+0000] {processor.py:830} INFO - Processing file /opt/airflow/dags/pakakumi_scraper.py for tasks to queue
[2026-01-02T20:02:30.835+0000] {logging_mixin.py:188} INFO - [2026-01-02T20:02:30.835+0000] {dagbag.py:540} INFO - Filling up the DagBag from /opt/airflow/dags/pakakumi_scraper.py
[2026-01-02T20:02:30.863+0000] {processor.py:840} INFO - DAG(s) 'pakakumi_scraper' retrieved from /opt/airflow/dags/pakakumi_scraper.py
[2026-01-02T20:02:30.905+0000] {logging_mixin.py:188} INFO - [2026-01-02T20:02:30.905+0000] {dag.py:3096} INFO - Sync 1 DAGs
[2026-01-02T20:02:30.950+0000] {logging_mixin.py:188} INFO - [2026-01-02T20:02:30.949+0000] {dag.py:3954} INFO - Setting next_dagrun for pakakumi_scraper to 2026-01-02 19:00:00+00:00, run_after=2026-01-02 20:00:00+00:00
[2026-01-02T20:02:30.977+0000] {processor.py:183} INFO - Processing /opt/airflow/dags/pakakumi_scraper.py took 0.158 seconds
[2026-01-02T20:03:01.074+0000] {processor.py:161} INFO - Started process (PID=1729) to work on /opt/airflow/dags/pakakumi_scraper.py
[2026-01-02T20:03:01.076+0000] {processor.py:830} INFO - Processing file /opt/airflow/dags/pakakumi_scraper.py for tasks to queue
[2026-01-02T20:03:01.079+0000] {logging_mixin.py:188} INFO - [2026-01-02T20:03:01.078+0000] {dagbag.py:540} INFO - Filling up the DagBag from /opt/airflow/dags/pakakumi_scraper.py
[2026-01-02T20:03:01.109+0000] {processor.py:840} INFO - DAG(s) 'pakakumi_scraper' retrieved from /opt/airflow/dags/pakakumi_scraper.py
[2026-01-02T20:03:01.156+0000] {logging_mixin.py:188} INFO - [2026-01-02T20:03:01.155+0000] {dag.py:3096} INFO - Sync 1 DAGs
[2026-01-02T20:03:01.189+0000] {logging_mixin.py:188} INFO - [2026-01-02T20:03:01.189+0000] {dag.py:3954} INFO - Setting next_dagrun for pakakumi_scraper to 2026-01-02 19:00:00+00:00, run_after=2026-01-02 20:00:00+00:00
[2026-01-02T20:03:01.217+0000] {processor.py:183} INFO - Processing /opt/airflow/dags/pakakumi_scraper.py took 0.154 seconds
